    0 Error(s)
Test run for /fix/evidence/V1-RMD-399/probes/AuthorizationProbes/bin/Release/net8.0/ALKAROS.Audit.AuthorizationProbes.dll (.NETCoreApp,Version=v8.0)
A total of 1 test files matched the specified pattern.
/fix/evidence/V1-RMD-399/probes/AuthorizationProbes/bin/Release/net8.0/ALKAROS.Audit.AuthorizationProbes.dll
[xUnit.net 00:00:00.00] xUnit.net VSTest Adapter v2.8.2+699d445a1a (64-bit .NET 8.0.30)
[xUnit.net 00:00:00.12]   Discovering: ALKAROS.Audit.AuthorizationProbes
[xUnit.net 00:00:00.19]   Discovered:  ALKAROS.Audit.AuthorizationProbes
[xUnit.net 00:00:00.19]   Starting:    ALKAROS.Audit.AuthorizationProbes
warn: Microsoft.AspNetCore.Hosting.Diagnostics[15]
      Overriding HTTP_PORTS '8080' and HTTPS_PORTS ''. Binding to values defined by URLS instead 'http://127.0.0.1:0'.
info: Microsoft.Hosting.Lifetime[14]
      Now listening on: http://127.0.0.1:42937
info: Microsoft.Hosting.Lifetime[0]
      Application started. Press Ctrl+C to shut down.
info: Microsoft.Hosting.Lifetime[0]
      Hosting environment: Production
info: Microsoft.Hosting.Lifetime[0]
      Content root path: /fix/evidence/V1-RMD-399/probes/AuthorizationProbes/bin/Release/net8.0
info: Microsoft.AspNetCore.Hosting.Diagnostics[1]
      Request starting HTTP/1.1 POST http://127.0.0.1:42937/api/v1/auth/login - application/json;+charset=utf-8 116
info: Microsoft.AspNetCore.Routing.EndpointMiddleware[0]
      Executing endpoint 'HTTP: POST /api/v1/auth/login'
info: Microsoft.AspNetCore.Http.Result.OkObjectResult[1]
      Setting HTTP status code 200.
info: Microsoft.AspNetCore.Http.Result.OkObjectResult[3]
      Writing value of type '<>f__AnonymousType3`6' as Json.
info: Microsoft.AspNetCore.Routing.EndpointMiddleware[1]
      Executed endpoint 'HTTP: POST /api/v1/auth/login'
info: Microsoft.AspNetCore.Hosting.Diagnostics[2]
      Request finished HTTP/1.1 POST https://127.0.0.1:42937/api/v1/auth/login - 200 - application/json;+charset=utf-8 2087.1671ms
info: Microsoft.AspNetCore.Hosting.Diagnostics[1]
      Request starting HTTP/1.1 POST http://127.0.0.1:42937/api/v1/auth/login - application/json;+charset=utf-8 116
info: Microsoft.AspNetCore.Routing.EndpointMiddleware[0]
      Executing endpoint 'HTTP: POST /api/v1/auth/login'
info: Microsoft.AspNetCore.Http.Result.OkObjectResult[1]
      Setting HTTP status code 200.
info: Microsoft.AspNetCore.Http.Result.OkObjectResult[3]
      Writing value of type '<>f__AnonymousType3`6' as Json.
info: Microsoft.AspNetCore.Routing.EndpointMiddleware[1]
      Executed endpoint 'HTTP: POST /api/v1/auth/login'
info: Microsoft.AspNetCore.Hosting.Diagnostics[2]
      Request finished HTTP/1.1 POST https://127.0.0.1:42937/api/v1/auth/login - 200 - application/json;+charset=utf-8 452.3993ms
info: Microsoft.AspNetCore.Hosting.Diagnostics[1]
      Request starting HTTP/1.1 GET http://127.0.0.1:42937/api/v1/auth/session?terminalId=8c888e94-88d8-4f79-82d1-ac8b527e53ad - - -
info: Microsoft.AspNetCore.Routing.EndpointMiddleware[0]
      Executing endpoint 'HTTP: GET /api/v1/auth/session'
info: Microsoft.AspNetCore.Http.Result.OkObjectResult[1]
      Setting HTTP status code 200.
info: Microsoft.AspNetCore.Http.Result.OkObjectResult[3]
      Writing value of type '<>f__AnonymousType4`5' as Json.
info: Microsoft.AspNetCore.Routing.EndpointMiddleware[1]
      Executed endpoint 'HTTP: GET /api/v1/auth/session'
info: Microsoft.AspNetCore.Hosting.Diagnostics[2]
      Request finished HTTP/1.1 GET https://127.0.0.1:42937/api/v1/auth/session?terminalId=8c888e94-88d8-4f79-82d1-ac8b527e53ad - 200 - application/json;+charset=utf-8 19.6149ms
info: Microsoft.AspNetCore.Hosting.Diagnostics[1]
      Request starting HTTP/1.1 POST http://127.0.0.1:42937/api/v1/management/security/users/27d880cf-f5b6-473a-910e-f8c375e13ebc/revoke-sessions - application/json;+charset=utf-8 2
info: Microsoft.AspNetCore.Routing.EndpointMiddleware[0]
      Executing endpoint 'HTTP: POST /api/v1/management/security/users/{userId:guid}/revoke-sessions'
info: Microsoft.AspNetCore.Http.Result.OkObjectResult[1]
      Setting HTTP status code 200.
info: Microsoft.AspNetCore.Http.Result.OkObjectResult[3]
      Writing value of type 'RevokeSessionsResultV1' as Json.
info: Microsoft.AspNetCore.Routing.EndpointMiddleware[1]
      Executed endpoint 'HTTP: POST /api/v1/management/security/users/{userId:guid}/revoke-sessions'
info: Microsoft.AspNetCore.Hosting.Diagnostics[2]
      Request finished HTTP/1.1 POST https://127.0.0.1:42937/api/v1/management/security/users/27d880cf-f5b6-473a-910e-f8c375e13ebc/revoke-sessions - 200 - application/json;+charset=utf-8 245.4418ms
info: Microsoft.AspNetCore.Hosting.Diagnostics[1]
      Request starting HTTP/1.1 GET http://127.0.0.1:42937/api/v1/auth/session?terminalId=8c888e94-88d8-4f79-82d1-ac8b527e53ad - - -
info: Microsoft.AspNetCore.Routing.EndpointMiddleware[0]
      Executing endpoint 'HTTP: GET /api/v1/auth/session'
info: Microsoft.AspNetCore.Routing.EndpointMiddleware[1]
      Executed endpoint 'HTTP: GET /api/v1/auth/session'
info: Microsoft.AspNetCore.Hosting.Diagnostics[2]
      Request finished HTTP/1.1 GET https://127.0.0.1:42937/api/v1/auth/session?terminalId=8c888e94-88d8-4f79-82d1-ac8b527e53ad - 401 - application/json;+charset=utf-8 10.3295ms
  Passed ALKAROS.Audit.AuthorizationProbes.AuthorizationProbes.A5ManagerRevokeSessionsEndsVictimSessionOnNextRequest [3 s]
  Standard Output Messages:
 revoke-sessions by a real manager login: 200


  Passed ALKAROS.Audit.AuthorizationProbes.AuthorizationProbes.C4DelegationCanBeCreatedThroughSomeRoute [1 s]
  Standard Output Messages:
 delegation-creating routes: [/api/v1/management/authorization/delegations]


info: Microsoft.AspNetCore.Hosting.Diagnostics[1]
      Request starting HTTP/1.1 POST http://127.0.0.1:42937/api/v1/auth/logout?terminalId=a89624d4-c6ab-4363-be21-ca3b0d803f35 - application/json;+charset=utf-8 2
info: Microsoft.AspNetCore.Routing.EndpointMiddleware[0]
      Executing endpoint 'HTTP: POST /api/v1/auth/logout'
info: Microsoft.AspNetCore.Http.Result.NoContentResult[1]
      Setting HTTP status code 204.
info: Microsoft.AspNetCore.Routing.EndpointMiddleware[1]
      Executed endpoint 'HTTP: POST /api/v1/auth/logout'
info: Microsoft.AspNetCore.Hosting.Diagnostics[2]
      Request finished HTTP/1.1 POST https://127.0.0.1:42937/api/v1/auth/logout?terminalId=a89624d4-c6ab-4363-be21-ca3b0d803f35 - 204 - - 11.1976ms
info: Microsoft.AspNetCore.Hosting.Diagnostics[1]
      Request starting HTTP/1.1 POST http://127.0.0.1:42937/api/v1/auth/pin?terminalId=e687548d-a0bc-4701-b749-87ff24a164a4 - application/json;+charset=utf-8 2
info: Microsoft.AspNetCore.Routing.EndpointMiddleware[0]
      Executing endpoint 'HTTP: POST /api/v1/auth/pin'
info: Microsoft.AspNetCore.Http.Result.BadRequestObjectResult[1]
      Setting HTTP status code 400.
info: Microsoft.AspNetCore.Http.Result.BadRequestObjectResult[3]
      Writing value of type '<>f__AnonymousType5`1' as Json.
info: Microsoft.AspNetCore.Routing.EndpointMiddleware[1]
      Executed endpoint 'HTTP: POST /api/v1/auth/pin'
info: Microsoft.AspNetCore.Hosting.Diagnostics[2]
      Request finished HTTP/1.1 POST https://127.0.0.1:42937/api/v1/auth/pin?terminalId=e687548d-a0bc-4701-b749-87ff24a164a4 - 400 - application/json;+charset=utf-8 7.7151ms
info: Microsoft.AspNetCore.Hosting.Diagnostics[1]
      Request starting HTTP/1.1 POST http://127.0.0.1:42937/api/v1/auth/unlock?terminalId=e358af0a-5cc5-490a-8cc5-6b092b1c3d11 - application/json;+charset=utf-8 2
info: Microsoft.AspNetCore.Routing.EndpointMiddleware[0]
      Executing endpoint 'HTTP: POST /api/v1/auth/unlock'
info: Microsoft.AspNetCore.Http.Result.BadRequestObjectResult[1]
      Setting HTTP status code 400.
info: Microsoft.AspNetCore.Http.Result.BadRequestObjectResult[3]
      Writing value of type '<>f__AnonymousType5`1' as Json.
info: Microsoft.AspNetCore.Routing.EndpointMiddleware[1]
      Executed endpoint 'HTTP: POST /api/v1/auth/unlock'
info: Microsoft.AspNetCore.Hosting.Diagnostics[2]
      Request finished HTTP/1.1 POST https://127.0.0.1:42937/api/v1/auth/unlock?terminalId=e358af0a-5cc5-490a-8cc5-6b092b1c3d11 - 400 - application/json;+charset=utf-8 5.5763ms
info: Microsoft.AspNetCore.Hosting.Diagnostics[1]
      Request starting HTTP/1.1 POST http://127.0.0.1:42937/api/v1/management/authorization/behavioural-tightenings/61451eb7-9e2e-4cab-90b3-c992f6527a8a/clear?terminalId=5a1ba7f5-d81e-4034-b633-aadfe7682132 - application/json;+charset=utf-8 2
info: Microsoft.AspNetCore.Routing.EndpointMiddleware[0]
      Executing endpoint 'HTTP: POST /api/v1/management/authorization/behavioural-tightenings/{tighteningId:guid}/clear'
info: Microsoft.AspNetCore.Http.Result.JsonResult[1]
      Setting HTTP status code 403.
info: Microsoft.AspNetCore.Http.Result.JsonResult[3]
      Writing value of type 'AuthorizationDecisionErrorEnvelopeV1' as Json.
info: Microsoft.AspNetCore.Routing.EndpointMiddleware[1]
      Executed endpoint 'HTTP: POST /api/v1/management/authorization/behavioural-tightenings/{tighteningId:guid}/clear'
info: Microsoft.AspNetCore.Hosting.Diagnostics[2]
      Request finished HTTP/1.1 POST https://127.0.0.1:42937/api/v1/management/authorization/behavioural-tightenings/61451eb7-9e2e-4cab-90b3-c992f6527a8a/clear?terminalId=5a1ba7f5-d81e-4034-b633-aadfe7682132 - 403 - application/json;+charset=utf-8 24.2017ms
info: Microsoft.AspNetCore.Hosting.Diagnostics[1]
      Request starting HTTP/1.1 POST http://127.0.0.1:42937/api/v1/management/authorization/delegations?terminalId=1587f176-da34-47e7-990a-ba7d1449b6e2 - application/json;+charset=utf-8 2
info: Microsoft.AspNetCore.Routing.EndpointMiddleware[0]
      Executing endpoint 'HTTP: POST /api/v1/management/authorization/delegations'
info: Microsoft.AspNetCore.Http.Result.JsonResult[1]
      Setting HTTP status code 403.
info: Microsoft.AspNetCore.Http.Result.JsonResult[3]
      Writing value of type 'AuthorizationDecisionErrorEnvelopeV1' as Json.
info: Microsoft.AspNetCore.Routing.EndpointMiddleware[1]
      Executed endpoint 'HTTP: POST /api/v1/management/authorization/delegations'
info: Microsoft.AspNetCore.Hosting.Diagnostics[2]
      Request finished HTTP/1.1 POST https://127.0.0.1:42937/api/v1/management/authorization/delegations?terminalId=1587f176-da34-47e7-990a-ba7d1449b6e2 - 403 - application/json;+charset=utf-8 10.7948ms
info: Microsoft.AspNetCore.Hosting.Diagnostics[1]
      Request starting HTTP/1.1 POST http://127.0.0.1:42937/api/v1/management/authorization/delegations/6af7c96b-239a-425d-8c9d-7ef6656fd4d6/revoke?terminalId=9dfe5c3a-ae48-424c-8149-4e806972880c - application/json;+charset=utf-8 2
info: Microsoft.AspNetCore.Routing.EndpointMiddleware[0]
      Executing endpoint 'HTTP: POST /api/v1/management/authorization/delegations/{delegationId:guid}/revoke'
info: Microsoft.AspNetCore.Http.Result.JsonResult[1]
      Setting HTTP status code 403.
info: Microsoft.AspNetCore.Http.Result.JsonResult[3]
      Writing value of type 'AuthorizationDecisionErrorEnvelopeV1' as Json.
info: Microsoft.AspNetCore.Routing.EndpointMiddleware[1]
      Executed endpoint 'HTTP: POST /api/v1/management/authorization/delegations/{delegationId:guid}/revoke'
info: Microsoft.AspNetCore.Hosting.Diagnostics[2]
      Request finished HTTP/1.1 POST https://127.0.0.1:42937/api/v1/management/authorization/delegations/6af7c96b-239a-425d-8c9d-7ef6656fd4d6/revoke?terminalId=9dfe5c3a-ae48-424c-8149-4e806972880c - 403 - application/json;+charset=utf-8 6.9616ms
info: Microsoft.AspNetCore.Hosting.Diagnostics[1]
      Request starting HTTP/1.1 POST http://127.0.0.1:42937/api/v1/management/authorization/grants/dadeb29c-67b5-4e6b-bd8e-728fa69cdd5d/approve?terminalId=d6aaa599-4391-4d7c-833d-2414367263f8 - application/json;+charset=utf-8 2
info: Microsoft.AspNetCore.Routing.EndpointMiddleware[0]
      Executing endpoint 'HTTP: POST /api/v1/management/authorization/grants/{grantId:guid}/approve'
info: Microsoft.AspNetCore.Http.Result.JsonResult[1]
      Setting HTTP status code 403.
info: Microsoft.AspNetCore.Http.Result.JsonResult[3]
      Writing value of type 'AuthorizationDecisionErrorEnvelopeV1' as Json.
info: Microsoft.AspNetCore.Routing.EndpointMiddleware[1]
      Executed endpoint 'HTTP: POST /api/v1/management/authorization/grants/{grantId:guid}/approve'
info: Microsoft.AspNetCore.Hosting.Diagnostics[2]
      Request finished HTTP/1.1 POST https://127.0.0.1:42937/api/v1/management/authorization/grants/dadeb29c-67b5-4e6b-bd8e-728fa69cdd5d/approve?terminalId=d6aaa599-4391-4d7c-833d-2414367263f8 - 403 - application/json;+charset=utf-8 4.4670ms
info: Microsoft.AspNetCore.Hosting.Diagnostics[1]
      Request starting HTTP/1.1 POST http://127.0.0.1:42937/api/v1/management/authorization/grants/04506509-38da-4f02-9f06-ac48291b7e37/deny?terminalId=3e893d27-0ba8-4c9c-9289-2d24b1ebae5b - application/json;+charset=utf-8 2
info: Microsoft.AspNetCore.Routing.EndpointMiddleware[0]
      Executing endpoint 'HTTP: POST /api/v1/management/authorization/grants/{grantId:guid}/deny'
info: Microsoft.AspNetCore.Http.Result.JsonResult[1]
      Setting HTTP status code 403.
info: Microsoft.AspNetCore.Http.Result.JsonResult[3]
      Writing value of type 'AuthorizationDecisionErrorEnvelopeV1' as Json.
info: Microsoft.AspNetCore.Routing.EndpointMiddleware[1]
      Executed endpoint 'HTTP: POST /api/v1/management/authorization/grants/{grantId:guid}/deny'
info: Microsoft.AspNetCore.Hosting.Diagnostics[2]
      Request finished HTTP/1.1 POST https://127.0.0.1:42937/api/v1/management/authorization/grants/04506509-38da-4f02-9f06-ac48291b7e37/deny?terminalId=3e893d27-0ba8-4c9c-9289-2d24b1ebae5b - 403 - application/json;+charset=utf-8 5.0307ms
info: Microsoft.AspNetCore.Hosting.Diagnostics[1]
      Request starting HTTP/1.1 PUT http://127.0.0.1:42937/api/v1/management/business-identity/logo?terminalId=3b4fc2ca-a514-4b4a-9b79-939179c6aed9 - application/json;+charset=utf-8 2
info: Microsoft.AspNetCore.Routing.EndpointMiddleware[0]
      Executing endpoint 'HTTP: GET, POST, PUT, PATCH, DELETE, OPTIONS /api/{**path}'
info: Microsoft.AspNetCore.Http.Result.JsonResult[1]
      Setting HTTP status code 404.
info: Microsoft.AspNetCore.Http.Result.JsonResult[3]
      Writing value of type 'ApiErrorEnvelope' as Json.
info: Microsoft.AspNetCore.Routing.EndpointMiddleware[1]
      Executed endpoint 'HTTP: GET, POST, PUT, PATCH, DELETE, OPTIONS /api/{**path}'
info: Microsoft.AspNetCore.Hosting.Diagnostics[2]
      Request finished HTTP/1.1 PUT https://127.0.0.1:42937/api/v1/management/business-identity/logo?terminalId=3b4fc2ca-a514-4b4a-9b79-939179c6aed9 - 404 - application/json;+charset=utf-8 2.0996ms
info: Microsoft.AspNetCore.Hosting.Diagnostics[1]
      Request starting HTTP/1.1 DELETE http://127.0.0.1:42937/api/v1/management/business-identity/logo?terminalId=0e1e21b7-d12f-4a3d-9eac-443b86fc8eb8 - application/json;+charset=utf-8 2
info: Microsoft.AspNetCore.Routing.EndpointMiddleware[0]
      Executing endpoint 'HTTP: DELETE /api/v1/management/business-identity/logo'
info: Microsoft.AspNetCore.Http.Result.JsonResult[1]
      Setting HTTP status code 403.
info: Microsoft.AspNetCore.Http.Result.JsonResult[3]
      Writing value of type 'SettingsApiErrorEnvelopeV1' as Json.
info: Microsoft.AspNetCore.Routing.EndpointMiddleware[1]
      Executed endpoint 'HTTP: DELETE /api/v1/management/business-identity/logo'
info: Microsoft.AspNetCore.Hosting.Diagnostics[2]
      Request finished HTTP/1.1 DELETE https://127.0.0.1:42937/api/v1/management/business-identity/logo?terminalId=0e1e21b7-d12f-4a3d-9eac-443b86fc8eb8 - 403 - application/json;+charset=utf-8 13.3380ms
info: Microsoft.AspNetCore.Hosting.Diagnostics[1]
      Request starting HTTP/1.1 POST http://127.0.0.1:42937/api/v1/management/catalog/categories?terminalId=a8b4602d-c145-43b8-960f-d2ba5c9f557d - application/json;+charset=utf-8 2
info: Microsoft.AspNetCore.Routing.EndpointMiddleware[0]
      Executing endpoint 'HTTP: POST /api/v1/management/catalog/categories'
info: Microsoft.AspNetCore.Http.Result.JsonResult[1]
      Setting HTTP status code 403.
info: Microsoft.AspNetCore.Http.Result.JsonResult[3]
      Writing value of type 'CatalogApiErrorEnvelopeV1' as Json.
info: Microsoft.AspNetCore.Routing.EndpointMiddleware[1]
      Executed endpoint 'HTTP: POST /api/v1/management/catalog/categories'
info: Microsoft.AspNetCore.Hosting.Diagnostics[2]
      Request finished HTTP/1.1 POST https://127.0.0.1:42937/api/v1/management/catalog/categories?terminalId=a8b4602d-c145-43b8-960f-d2ba5c9f557d - 403 - application/json;+charset=utf-8 12.7436ms
info: Microsoft.AspNetCore.Hosting.Diagnostics[1]
      Request starting HTTP/1.1 POST http://127.0.0.1:42937/api/v1/management/catalog/modifier-groups?terminalId=8068b257-50d2-4538-9675-62b16c100a30 - application/json;+charset=utf-8 2
info: Microsoft.AspNetCore.Routing.EndpointMiddleware[0]
      Executing endpoint 'HTTP: POST /api/v1/management/catalog/modifier-groups'
info: Microsoft.AspNetCore.Http.Result.JsonResult[1]
      Setting HTTP status code 403.
info: Microsoft.AspNetCore.Http.Result.JsonResult[3]
      Writing value of type 'CatalogApiErrorEnvelopeV1' as Json.
info: Microsoft.AspNetCore.Routing.EndpointMiddleware[1]
      Executed endpoint 'HTTP: POST /api/v1/management/catalog/modifier-groups'
info: Microsoft.AspNetCore.Hosting.Diagnostics[2]
      Request finished HTTP/1.1 POST https://127.0.0.1:42937/api/v1/management/catalog/modifier-groups?terminalId=8068b257-50d2-4538-9675-62b16c100a30 - 403 - application/json;+charset=utf-8 9.2479ms
info: Microsoft.AspNetCore.Hosting.Diagnostics[1]
      Request starting HTTP/1.1 POST http://127.0.0.1:42937/api/v1/management/catalog/modifiers?terminalId=89acab5f-c7a6-49b2-9f54-7cbc17ede12f - application/json;+charset=utf-8 2
info: Microsoft.AspNetCore.Routing.EndpointMiddleware[0]
      Executing endpoint 'HTTP: POST /api/v1/management/catalog/modifiers'
info: Microsoft.AspNetCore.Http.Result.JsonResult[1]
      Setting HTTP status code 403.
info: Microsoft.AspNetCore.Http.Result.JsonResult[3]
      Writing value of type 'CatalogApiErrorEnvelopeV1' as Json.
info: Microsoft.AspNetCore.Routing.EndpointMiddleware[1]
      Executed endpoint 'HTTP: POST /api/v1/management/catalog/modifiers'
info: Microsoft.AspNetCore.Hosting.Diagnostics[2]
      Request finished HTTP/1.1 POST https://127.0.0.1:42937/api/v1/management/catalog/modifiers?terminalId=89acab5f-c7a6-49b2-9f54-7cbc17ede12f - 403 - application/json;+charset=utf-8 8.1779ms
info: Microsoft.AspNetCore.Hosting.Diagnostics[1]
      Request starting HTTP/1.1 POST http://127.0.0.1:42937/api/v1/management/catalog/prices?terminalId=50e37529-9d7c-489f-944a-f671127d5583 - application/json;+charset=utf-8 2
info: Microsoft.AspNetCore.Routing.EndpointMiddleware[0]
      Executing endpoint 'HTTP: POST /api/v1/management/catalog/prices'
info: Microsoft.AspNetCore.Http.Result.JsonResult[1]
      Setting HTTP status code 403.
info: Microsoft.AspNetCore.Http.Result.JsonResult[3]
      Writing value of type 'CatalogApiErrorEnvelopeV1' as Json.
info: Microsoft.AspNetCore.Routing.EndpointMiddleware[1]
      Executed endpoint 'HTTP: POST /api/v1/management/catalog/prices'
info: Microsoft.AspNetCore.Hosting.Diagnostics[2]
      Request finished HTTP/1.1 POST https://127.0.0.1:42937/api/v1/management/catalog/prices?terminalId=50e37529-9d7c-489f-944a-f671127d5583 - 403 - application/json;+charset=utf-8 5.8656ms
info: Microsoft.AspNetCore.Hosting.Diagnostics[1]
      Request starting HTTP/1.1 POST http://127.0.0.1:42937/api/v1/management/catalog/product-modifier-assignments?terminalId=a7ca432e-604e-4ed7-98d1-43022438fdae - application/json;+charset=utf-8 2
info: Microsoft.AspNetCore.Routing.EndpointMiddleware[0]
      Executing endpoint 'HTTP: POST /api/v1/management/catalog/product-modifier-assignments'
info: Microsoft.AspNetCore.Http.Result.JsonResult[1]
      Setting HTTP status code 403.
info: Microsoft.AspNetCore.Http.Result.JsonResult[3]
      Writing value of type 'CatalogApiErrorEnvelopeV1' as Json.
info: Microsoft.AspNetCore.Routing.EndpointMiddleware[1]
      Executed endpoint 'HTTP: POST /api/v1/management/catalog/product-modifier-assignments'
info: Microsoft.AspNetCore.Hosting.Diagnostics[2]
      Request finished HTTP/1.1 POST https://127.0.0.1:42937/api/v1/management/catalog/product-modifier-assignments?terminalId=a7ca432e-604e-4ed7-98d1-43022438fdae - 403 - application/json;+charset=utf-8 5.8223ms
info: Microsoft.AspNetCore.Hosting.Diagnostics[1]
      Request starting HTTP/1.1 POST http://127.0.0.1:42937/api/v1/management/catalog/products?terminalId=586693d7-79fd-47cc-b412-30772784b143 - application/json;+charset=utf-8 2
info: Microsoft.AspNetCore.Routing.EndpointMiddleware[0]
      Executing endpoint 'HTTP: POST /api/v1/management/catalog/products'
info: Microsoft.AspNetCore.Http.Result.JsonResult[1]
      Setting HTTP status code 403.
info: Microsoft.AspNetCore.Http.Result.JsonResult[3]
      Writing value of type 'CatalogApiErrorEnvelopeV1' as Json.
info: Microsoft.AspNetCore.Routing.EndpointMiddleware[1]
      Executed endpoint 'HTTP: POST /api/v1/management/catalog/products'
info: Microsoft.AspNetCore.Hosting.Diagnostics[2]
      Request finished HTTP/1.1 POST https://127.0.0.1:42937/api/v1/management/catalog/products?terminalId=586693d7-79fd-47cc-b412-30772784b143 - 403 - application/json;+charset=utf-8 6.3243ms
info: Microsoft.AspNetCore.Hosting.Diagnostics[1]
      Request starting HTTP/1.1 POST http://127.0.0.1:42937/api/v1/management/catalog/products/cc4f12b4-bf98-4c54-997d-a0d38a70d0b7/availability?terminalId=118b2f41-87b1-4871-9ee6-cfce789dd956 - application/json;+charset=utf-8 2
info: Microsoft.AspNetCore.Routing.EndpointMiddleware[0]
      Executing endpoint 'HTTP: POST /api/v1/management/catalog/products/{productId:guid}/availability'
info: Microsoft.AspNetCore.Http.Result.JsonResult[1]
      Setting HTTP status code 403.
info: Microsoft.AspNetCore.Http.Result.JsonResult[3]
      Writing value of type 'CatalogApiErrorEnvelopeV1' as Json.
info: Microsoft.AspNetCore.Routing.EndpointMiddleware[1]
      Executed endpoint 'HTTP: POST /api/v1/management/catalog/products/{productId:guid}/availability'
info: Microsoft.AspNetCore.Hosting.Diagnostics[2]
      Request finished HTTP/1.1 POST https://127.0.0.1:42937/api/v1/management/catalog/products/cc4f12b4-bf98-4c54-997d-a0d38a70d0b7/availability?terminalId=118b2f41-87b1-4871-9ee6-cfce789dd956 - 403 - application/json;+charset=utf-8 6.1789ms
info: Microsoft.AspNetCore.Hosting.Diagnostics[1]
      Request starting HTTP/1.1 POST http://127.0.0.1:42937/api/v1/management/catalog/products/c4124446-4237-484c-986c-ef91c91d84f4/prep-time?terminalId=9b6ef595-53f6-4cfa-84f2-2d09bba5beb9 - application/json;+charset=utf-8 2
info: Microsoft.AspNetCore.Routing.EndpointMiddleware[0]
      Executing endpoint 'HTTP: POST /api/v1/management/catalog/products/{productId:guid}/prep-time'
info: Microsoft.AspNetCore.Http.Result.JsonResult[1]
      Setting HTTP status code 403.
info: Microsoft.AspNetCore.Http.Result.JsonResult[3]
      Writing value of type 'CatalogApiErrorEnvelopeV1' as Json.
info: Microsoft.AspNetCore.Routing.EndpointMiddleware[1]
      Executed endpoint 'HTTP: POST /api/v1/management/catalog/products/{productId:guid}/prep-time'
info: Microsoft.AspNetCore.Hosting.Diagnostics[2]
      Request finished HTTP/1.1 POST https://127.0.0.1:42937/api/v1/management/catalog/products/c4124446-4237-484c-986c-ef91c91d84f4/prep-time?terminalId=9b6ef595-53f6-4cfa-84f2-2d09bba5beb9 - 403 - application/json;+charset=utf-8 7.0565ms
info: Microsoft.AspNetCore.Hosting.Diagnostics[1]
      Request starting HTTP/1.1 POST http://127.0.0.1:42937/api/v1/management/catalog/tax-profiles?terminalId=55ad04a9-56cb-4069-8320-e865b982b8fd - application/json;+charset=utf-8 2
info: Microsoft.AspNetCore.Routing.EndpointMiddleware[0]
      Executing endpoint 'HTTP: POST /api/v1/management/catalog/tax-profiles'
info: Microsoft.AspNetCore.Http.Result.JsonResult[1]
      Setting HTTP status code 403.
info: Microsoft.AspNetCore.Http.Result.JsonResult[3]
      Writing value of type 'CatalogApiErrorEnvelopeV1' as Json.
info: Microsoft.AspNetCore.Routing.EndpointMiddleware[1]
      Executed endpoint 'HTTP: POST /api/v1/management/catalog/tax-profiles'
info: Microsoft.AspNetCore.Hosting.Diagnostics[2]
      Request finished HTTP/1.1 POST https://127.0.0.1:42937/api/v1/management/catalog/tax-profiles?terminalId=55ad04a9-56cb-4069-8320-e865b982b8fd - 403 - application/json;+charset=utf-8 7.4455ms
info: Microsoft.AspNetCore.Hosting.Diagnostics[1]
      Request starting HTTP/1.1 PUT http://127.0.0.1:42937/api/v1/management/customer-display/screensaver?terminalId=a709590c-0d22-46b3-b648-42b1d5c8bc96 - application/json;+charset=utf-8 2
info: Microsoft.AspNetCore.Routing.EndpointMiddleware[0]
      Executing endpoint 'HTTP: GET, POST, PUT, PATCH, DELETE, OPTIONS /api/{**path}'
info: Microsoft.AspNetCore.Http.Result.JsonResult[1]
      Setting HTTP status code 404.
info: Microsoft.AspNetCore.Http.Result.JsonResult[3]
      Writing value of type 'ApiErrorEnvelope' as Json.
info: Microsoft.AspNetCore.Routing.EndpointMiddleware[1]
      Executed endpoint 'HTTP: GET, POST, PUT, PATCH, DELETE, OPTIONS /api/{**path}'
info: Microsoft.AspNetCore.Hosting.Diagnostics[2]
      Request finished HTTP/1.1 PUT https://127.0.0.1:42937/api/v1/management/customer-display/screensaver?terminalId=a709590c-0d22-46b3-b648-42b1d5c8bc96 - 404 - application/json;+charset=utf-8 0.9904ms
info: Microsoft.AspNetCore.Hosting.Diagnostics[1]
      Request starting HTTP/1.1 DELETE http://127.0.0.1:42937/api/v1/management/customer-display/screensaver?terminalId=b32b1bd3-3f4b-440f-9966-aa97fbee69ad - application/json;+charset=utf-8 2
info: Microsoft.AspNetCore.Routing.EndpointMiddleware[0]
      Executing endpoint 'HTTP: DELETE /api/v1/management/customer-display/screensaver'
info: Microsoft.AspNetCore.Http.Result.JsonResult[1]
      Setting HTTP status code 403.
info: Microsoft.AspNetCore.Http.Result.JsonResult[3]
      Writing value of type 'CatalogApiErrorEnvelopeV1' as Json.
info: Microsoft.AspNetCore.Routing.EndpointMiddleware[1]
      Executed endpoint 'HTTP: DELETE /api/v1/management/customer-display/screensaver'
info: Microsoft.AspNetCore.Hosting.Diagnostics[2]
      Request finished HTTP/1.1 DELETE https://127.0.0.1:42937/api/v1/management/customer-display/screensaver?terminalId=b32b1bd3-3f4b-440f-9966-aa97fbee69ad - 403 - application/json;+charset=utf-8 6.6300ms
info: Microsoft.AspNetCore.Hosting.Diagnostics[1]
      Request starting HTTP/1.1 POST http://127.0.0.1:42937/api/v1/management/inventory/modifiers/56c23b96-876c-4d0d-bf50-ea662ed3785e/stock-mappings?terminalId=9a83ef8c-ef29-45c6-af47-b090ffda844e - application/json;+charset=utf-8 2
info: Microsoft.AspNetCore.Routing.EndpointMiddleware[0]
      Executing endpoint 'HTTP: POST /api/v1/management/inventory/modifiers/{modifierId:guid}/stock-mappings'
info: Microsoft.AspNetCore.Http.Result.JsonResult[1]
      Setting HTTP status code 403.
info: Microsoft.AspNetCore.Http.Result.JsonResult[3]
      Writing value of type 'StockMasterApiErrorEnvelopeV1' as Json.
info: Microsoft.AspNetCore.Routing.EndpointMiddleware[1]
      Executed endpoint 'HTTP: POST /api/v1/management/inventory/modifiers/{modifierId:guid}/stock-mappings'
info: Microsoft.AspNetCore.Hosting.Diagnostics[2]
      Request finished HTTP/1.1 POST https://127.0.0.1:42937/api/v1/management/inventory/modifiers/56c23b96-876c-4d0d-bf50-ea662ed3785e/stock-mappings?terminalId=9a83ef8c-ef29-45c6-af47-b090ffda844e - 403 - application/json;+charset=utf-8 17.9066ms
info: Microsoft.AspNetCore.Hosting.Diagnostics[1]
      Request starting HTTP/1.1 DELETE http://127.0.0.1:42937/api/v1/management/inventory/modifiers/89cb759c-8642-4602-9014-7255155118b0/stock-mappings/353d7443-520d-416e-b470-c9d2a6bf7e50?terminalId=f5dee5a2-899f-4a30-8a7a-beca20062101 - application/json;+charset=utf-8 2
info: Microsoft.AspNetCore.Routing.EndpointMiddleware[0]
      Executing endpoint 'HTTP: DELETE /api/v1/management/inventory/modifiers/{modifierId:guid}/stock-mappings/{stockItemId:guid}'
info: Microsoft.AspNetCore.Http.Result.JsonResult[1]
      Setting HTTP status code 403.
info: Microsoft.AspNetCore.Http.Result.JsonResult[3]
      Writing value of type 'StockMasterApiErrorEnvelopeV1' as Json.
info: Microsoft.AspNetCore.Routing.EndpointMiddleware[1]
      Executed endpoint 'HTTP: DELETE /api/v1/management/inventory/modifiers/{modifierId:guid}/stock-mappings/{stockItemId:guid}'
info: Microsoft.AspNetCore.Hosting.Diagnostics[2]
      Request finished HTTP/1.1 DELETE https://127.0.0.1:42937/api/v1/management/inventory/modifiers/89cb759c-8642-4602-9014-7255155118b0/stock-mappings/353d7443-520d-416e-b470-c9d2a6bf7e50?terminalId=f5dee5a2-899f-4a30-8a7a-beca20062101 - 403 - application/json;+charset=utf-8 7.0786ms
info: Microsoft.AspNetCore.Hosting.Diagnostics[1]
      Request starting HTTP/1.1 POST http://127.0.0.1:42937/api/v1/management/inventory/products/8b0bf141-4671-4c63-af21-d7a3032aabf2/stock-mappings?terminalId=da08c234-8b73-473c-bac5-6833cb74ce67 - application/json;+charset=utf-8 2
info: Microsoft.AspNetCore.Routing.EndpointMiddleware[0]
      Executing endpoint 'HTTP: POST /api/v1/management/inventory/products/{productId:guid}/stock-mappings'
info: Microsoft.AspNetCore.Http.Result.JsonResult[1]
      Setting HTTP status code 403.
info: Microsoft.AspNetCore.Http.Result.JsonResult[3]
      Writing value of type 'StockMasterApiErrorEnvelopeV1' as Json.
info: Microsoft.AspNetCore.Routing.EndpointMiddleware[1]
      Executed endpoint 'HTTP: POST /api/v1/management/inventory/products/{productId:guid}/stock-mappings'
info: Microsoft.AspNetCore.Hosting.Diagnostics[2]
      Request finished HTTP/1.1 POST https://127.0.0.1:42937/api/v1/management/inventory/products/8b0bf141-4671-4c63-af21-d7a3032aabf2/stock-mappings?terminalId=da08c234-8b73-473c-bac5-6833cb74ce67 - 403 - application/json;+charset=utf-8 7.8755ms
info: Microsoft.AspNetCore.Hosting.Diagnostics[1]
      Request starting HTTP/1.1 DELETE http://127.0.0.1:42937/api/v1/management/inventory/products/5bd64ceb-d0ff-441a-8b0f-78958146475e/stock-mappings/0646514f-904a-41a9-bd80-700c1ce9d2a8?terminalId=d54347c0-3ebb-4e40-9a32-ce4e8d40b7dd - application/json;+charset=utf-8 2
info: Microsoft.AspNetCore.Routing.EndpointMiddleware[0]
      Executing endpoint 'HTTP: DELETE /api/v1/management/inventory/products/{productId:guid}/stock-mappings/{stockItemId:guid}'
info: Microsoft.AspNetCore.Http.Result.JsonResult[1]
      Setting HTTP status code 403.
info: Microsoft.AspNetCore.Http.Result.JsonResult[3]
      Writing value of type 'StockMasterApiErrorEnvelopeV1' as Json.
info: Microsoft.AspNetCore.Routing.EndpointMiddleware[1]
      Executed endpoint 'HTTP: DELETE /api/v1/management/inventory/products/{productId:guid}/stock-mappings/{stockItemId:guid}'
info: Microsoft.AspNetCore.Hosting.Diagnostics[2]
      Request finished HTTP/1.1 DELETE https://127.0.0.1:42937/api/v1/management/inventory/products/5bd64ceb-d0ff-441a-8b0f-78958146475e/stock-mappings/0646514f-904a-41a9-bd80-700c1ce9d2a8?terminalId=d54347c0-3ebb-4e40-9a32-ce4e8d40b7dd - 403 - application/json;+charset=utf-8 5.0936ms
info: Microsoft.AspNetCore.Hosting.Diagnostics[1]
      Request starting HTTP/1.1 POST http://127.0.0.1:42937/api/v1/management/inventory/stock-items?terminalId=4a4b1a14-2652-4d65-88e2-e7d1e46faf13 - application/json;+charset=utf-8 2
info: Microsoft.AspNetCore.Routing.EndpointMiddleware[0]
      Executing endpoint 'HTTP: POST /api/v1/management/inventory/stock-items'
info: Microsoft.AspNetCore.Http.Result.JsonResult[1]
      Setting HTTP status code 403.
info: Microsoft.AspNetCore.Http.Result.JsonResult[3]
      Writing value of type 'StockMasterApiErrorEnvelopeV1' as Json.
info: Microsoft.AspNetCore.Routing.EndpointMiddleware[1]
      Executed endpoint 'HTTP: POST /api/v1/management/inventory/stock-items'
info: Microsoft.AspNetCore.Hosting.Diagnostics[2]
      Request finished HTTP/1.1 POST https://127.0.0.1:42937/api/v1/management/inventory/stock-items?terminalId=4a4b1a14-2652-4d65-88e2-e7d1e46faf13 - 403 - application/json;+charset=utf-8 8.3736ms
info: Microsoft.AspNetCore.Hosting.Diagnostics[1]
      Request starting HTTP/1.1 POST http://127.0.0.1:42937/api/v1/management/inventory/stock-items/1eaea916-48ea-4d1c-b29c-d96d181140d9/physical-counts?terminalId=8ee6fa6f-ce81-4123-a92d-ebe5218972b0 - application/json;+charset=utf-8 2
info: Microsoft.AspNetCore.Routing.EndpointMiddleware[0]
      Executing endpoint 'HTTP: POST /api/v1/management/inventory/stock-items/{stockItemId:guid}/physical-counts'
info: Microsoft.AspNetCore.Http.Result.JsonResult[1]
      Setting HTTP status code 403.
info: Microsoft.AspNetCore.Http.Result.JsonResult[3]
      Writing value of type 'StockMasterApiErrorEnvelopeV1' as Json.
info: Microsoft.AspNetCore.Routing.EndpointMiddleware[1]
      Executed endpoint 'HTTP: POST /api/v1/management/inventory/stock-items/{stockItemId:guid}/physical-counts'
info: Microsoft.AspNetCore.Hosting.Diagnostics[2]
      Request finished HTTP/1.1 POST https://127.0.0.1:42937/api/v1/management/inventory/stock-items/1eaea916-48ea-4d1c-b29c-d96d181140d9/physical-counts?terminalId=8ee6fa6f-ce81-4123-a92d-ebe5218972b0 - 403 - application/json;+charset=utf-8 9.6275ms
info: Microsoft.AspNetCore.Hosting.Diagnostics[1]
      Request starting HTTP/1.1 PUT http://127.0.0.1:42937/api/v1/management/inventory/stock-items/9f01db32-996b-4730-b5c9-4824c53257e4/reorder-point?terminalId=fdb6c063-9210-4ae3-a9b7-75d43bae06f9 - application/json;+charset=utf-8 2
info: Microsoft.AspNetCore.Routing.EndpointMiddleware[0]
      Executing endpoint 'HTTP: PUT /api/v1/management/inventory/stock-items/{stockItemId:guid}/reorder-point'
info: Microsoft.AspNetCore.Http.Result.JsonResult[1]
      Setting HTTP status code 403.
info: Microsoft.AspNetCore.Http.Result.JsonResult[3]
      Writing value of type 'StockMasterApiErrorEnvelopeV1' as Json.
info: Microsoft.AspNetCore.Routing.EndpointMiddleware[1]
      Executed endpoint 'HTTP: PUT /api/v1/management/inventory/stock-items/{stockItemId:guid}/reorder-point'
info: Microsoft.AspNetCore.Hosting.Diagnostics[2]
      Request finished HTTP/1.1 PUT https://127.0.0.1:42937/api/v1/management/inventory/stock-items/9f01db32-996b-4730-b5c9-4824c53257e4/reorder-point?terminalId=fdb6c063-9210-4ae3-a9b7-75d43bae06f9 - 403 - application/json;+charset=utf-8 8.1674ms
info: Microsoft.AspNetCore.Hosting.Diagnostics[1]
      Request starting HTTP/1.1 POST http://127.0.0.1:42937/api/v1/management/inventory/stock-items/3244cd76-8a15-4a7f-a45a-a70624be0190/waste?terminalId=d197b8e3-2e3e-4387-b984-48097af37ace - application/json;+charset=utf-8 2
info: Microsoft.AspNetCore.Routing.EndpointMiddleware[0]
      Executing endpoint 'HTTP: POST /api/v1/management/inventory/stock-items/{stockItemId:guid}/waste'
info: Microsoft.AspNetCore.Http.Result.JsonResult[1]
      Setting HTTP status code 403.
info: Microsoft.AspNetCore.Http.Result.JsonResult[3]
      Writing value of type 'StockMasterApiErrorEnvelopeV1' as Json.
info: Microsoft.AspNetCore.Routing.EndpointMiddleware[1]
      Executed endpoint 'HTTP: POST /api/v1/management/inventory/stock-items/{stockItemId:guid}/waste'
info: Microsoft.AspNetCore.Hosting.Diagnostics[2]
      Request finished HTTP/1.1 POST https://127.0.0.1:42937/api/v1/management/inventory/stock-items/3244cd76-8a15-4a7f-a45a-a70624be0190/waste?terminalId=d197b8e3-2e3e-4387-b984-48097af37ace - 403 - application/json;+charset=utf-8 6.7520ms
info: Microsoft.AspNetCore.Hosting.Diagnostics[1]
      Request starting HTTP/1.1 POST http://127.0.0.1:42937/api/v1/management/inventory/stock-locations?terminalId=f95e3b05-12b0-47b5-a872-571b672d1d1a - application/json;+charset=utf-8 2
info: Microsoft.AspNetCore.Routing.EndpointMiddleware[0]
      Executing endpoint 'HTTP: POST /api/v1/management/inventory/stock-locations'
info: Microsoft.AspNetCore.Http.Result.JsonResult[1]
      Setting HTTP status code 403.
info: Microsoft.AspNetCore.Http.Result.JsonResult[3]
      Writing value of type 'StockMasterApiErrorEnvelopeV1' as Json.
info: Microsoft.AspNetCore.Routing.EndpointMiddleware[1]
      Executed endpoint 'HTTP: POST /api/v1/management/inventory/stock-locations'
info: Microsoft.AspNetCore.Hosting.Diagnostics[2]
      Request finished HTTP/1.1 POST https://127.0.0.1:42937/api/v1/management/inventory/stock-locations?terminalId=f95e3b05-12b0-47b5-a872-571b672d1d1a - 403 - application/json;+charset=utf-8 7.4434ms
info: Microsoft.AspNetCore.Hosting.Diagnostics[1]
      Request starting HTTP/1.1 POST http://127.0.0.1:42937/api/v1/management/menus-and-specials/daily-menus?terminalId=8075647f-7ff8-4b8d-95c8-82269231f81a - application/json;+charset=utf-8 2
info: Microsoft.AspNetCore.Routing.EndpointMiddleware[0]
      Executing endpoint 'HTTP: POST /api/v1/management/menus-and-specials/daily-menus'
info: Microsoft.AspNetCore.Http.Result.JsonResult[1]
      Setting HTTP status code 403.
info: Microsoft.AspNetCore.Http.Result.JsonResult[3]
      Writing value of type 'MenuApiErrorEnvelopeV1' as Json.
info: Microsoft.AspNetCore.Routing.EndpointMiddleware[1]
      Executed endpoint 'HTTP: POST /api/v1/management/menus-and-specials/daily-menus'
info: Microsoft.AspNetCore.Hosting.Diagnostics[2]
      Request finished HTTP/1.1 POST https://127.0.0.1:42937/api/v1/management/menus-and-specials/daily-menus?terminalId=8075647f-7ff8-4b8d-95c8-82269231f81a - 403 - application/json;+charset=utf-8 18.7016ms
info: Microsoft.AspNetCore.Hosting.Diagnostics[1]
      Request starting HTTP/1.1 PUT http://127.0.0.1:42937/api/v1/management/menus-and-specials/daily-menus/items/79860534-3019-4138-ad19-993643e088cd/planned-portions?terminalId=c4412598-2bad-4c35-a6c1-4114634ca8a5 - application/json;+charset=utf-8 2
info: Microsoft.AspNetCore.Routing.EndpointMiddleware[0]
      Executing endpoint 'HTTP: PUT /api/v1/management/menus-and-specials/daily-menus/items/{dailyMenuItemId:guid}/planned-portions'
info: Microsoft.AspNetCore.Http.Result.JsonResult[1]
      Setting HTTP status code 403.
info: Microsoft.AspNetCore.Http.Result.JsonResult[3]
      Writing value of type 'MenuApiErrorEnvelopeV1' as Json.
info: Microsoft.AspNetCore.Routing.EndpointMiddleware[1]
      Executed endpoint 'HTTP: PUT /api/v1/management/menus-and-specials/daily-menus/items/{dailyMenuItemId:guid}/planned-portions'
info: Microsoft.AspNetCore.Hosting.Diagnostics[2]
      Request finished HTTP/1.1 PUT https://127.0.0.1:42937/api/v1/management/menus-and-specials/daily-menus/items/79860534-3019-4138-ad19-993643e088cd/planned-portions?terminalId=c4412598-2bad-4c35-a6c1-4114634ca8a5 - 403 - application/json;+charset=utf-8 10.3956ms
info: Microsoft.AspNetCore.Hosting.Diagnostics[1]
      Request starting HTTP/1.1 PUT http://127.0.0.1:42937/api/v1/management/menus-and-specials/daily-menus/items/70577409-9e4f-4400-b0a1-7c33825f8293/price?terminalId=08fd2365-6933-4c73-808f-861aad8c89f6 - application/json;+charset=utf-8 2
info: Microsoft.AspNetCore.Routing.EndpointMiddleware[0]
      Executing endpoint 'HTTP: PUT /api/v1/management/menus-and-specials/daily-menus/items/{dailyMenuItemId:guid}/price'
info: Microsoft.AspNetCore.Http.Result.JsonResult[1]
      Setting HTTP status code 403.
info: Microsoft.AspNetCore.Http.Result.JsonResult[3]
      Writing value of type 'MenuApiErrorEnvelopeV1' as Json.
info: Microsoft.AspNetCore.Routing.EndpointMiddleware[1]
      Executed endpoint 'HTTP: PUT /api/v1/management/menus-and-specials/daily-menus/items/{dailyMenuItemId:guid}/price'
info: Microsoft.AspNetCore.Hosting.Diagnostics[2]
      Request finished HTTP/1.1 PUT https://127.0.0.1:42937/api/v1/management/menus-and-specials/daily-menus/items/70577409-9e4f-4400-b0a1-7c33825f8293/price?terminalId=08fd2365-6933-4c73-808f-861aad8c89f6 - 403 - application/json;+charset=utf-8 8.6712ms
info: Microsoft.AspNetCore.Hosting.Diagnostics[1]
      Request starting HTTP/1.1 PUT http://127.0.0.1:42937/api/v1/management/menus-and-specials/daily-menus/items/99791d82-e987-486f-be8d-f253db77a8c7/status?terminalId=1cc7d4fe-8ec3-48f6-bb39-09453c4624ba - application/json;+charset=utf-8 2
info: Microsoft.AspNetCore.Routing.EndpointMiddleware[0]
      Executing endpoint 'HTTP: PUT /api/v1/management/menus-and-specials/daily-menus/items/{dailyMenuItemId:guid}/status'
info: Microsoft.AspNetCore.Http.Result.JsonResult[1]
      Setting HTTP status code 403.
info: Microsoft.AspNetCore.Http.Result.JsonResult[3]
      Writing value of type 'MenuApiErrorEnvelopeV1' as Json.
info: Microsoft.AspNetCore.Routing.EndpointMiddleware[1]
      Executed endpoint 'HTTP: PUT /api/v1/management/menus-and-specials/daily-menus/items/{dailyMenuItemId:guid}/status'
info: Microsoft.AspNetCore.Hosting.Diagnostics[2]
      Request finished HTTP/1.1 PUT https://127.0.0.1:42937/api/v1/management/menus-and-specials/daily-menus/items/99791d82-e987-486f-be8d-f253db77a8c7/status?terminalId=1cc7d4fe-8ec3-48f6-bb39-09453c4624ba - 403 - application/json;+charset=utf-8 7.7272ms
info: Microsoft.AspNetCore.Hosting.Diagnostics[1]
      Request starting HTTP/1.1 POST http://127.0.0.1:42937/api/v1/management/menus-and-specials/daily-menus/f94d50b6-0c65-4d10-81ad-612601d411a4/close?terminalId=dc60e17a-3c94-47d7-9988-5d40f392d54b - application/json;+charset=utf-8 2
info: Microsoft.AspNetCore.Routing.EndpointMiddleware[0]
      Executing endpoint 'HTTP: POST /api/v1/management/menus-and-specials/daily-menus/{dailyMenuId:guid}/close'
info: Microsoft.AspNetCore.Http.Result.JsonResult[1]
      Setting HTTP status code 403.
info: Microsoft.AspNetCore.Http.Result.JsonResult[3]
      Writing value of type 'MenuApiErrorEnvelopeV1' as Json.
info: Microsoft.AspNetCore.Routing.EndpointMiddleware[1]
      Executed endpoint 'HTTP: POST /api/v1/management/menus-and-specials/daily-menus/{dailyMenuId:guid}/close'
info: Microsoft.AspNetCore.Hosting.Diagnostics[2]
      Request finished HTTP/1.1 POST https://127.0.0.1:42937/api/v1/management/menus-and-specials/daily-menus/f94d50b6-0c65-4d10-81ad-612601d411a4/close?terminalId=dc60e17a-3c94-47d7-9988-5d40f392d54b - 403 - application/json;+charset=utf-8 7.8857ms
info: Microsoft.AspNetCore.Hosting.Diagnostics[1]
      Request starting HTTP/1.1 POST http://127.0.0.1:42937/api/v1/management/menus-and-specials/daily-menus/21dab45d-fed0-410a-a8cf-5829e432fa47/items?terminalId=413f4c0a-6393-4e21-ba8c-ef437d1bfe31 - application/json;+charset=utf-8 2
info: Microsoft.AspNetCore.Routing.EndpointMiddleware[0]
      Executing endpoint 'HTTP: POST /api/v1/management/menus-and-specials/daily-menus/{dailyMenuId:guid}/items'
info: Microsoft.AspNetCore.Http.Result.JsonResult[1]
      Setting HTTP status code 403.
info: Microsoft.AspNetCore.Http.Result.JsonResult[3]
      Writing value of type 'MenuApiErrorEnvelopeV1' as Json.
info: Microsoft.AspNetCore.Routing.EndpointMiddleware[1]
      Executed endpoint 'HTTP: POST /api/v1/management/menus-and-specials/daily-menus/{dailyMenuId:guid}/items'
info: Microsoft.AspNetCore.Hosting.Diagnostics[2]
      Request finished HTTP/1.1 POST https://127.0.0.1:42937/api/v1/management/menus-and-specials/daily-menus/21dab45d-fed0-410a-a8cf-5829e432fa47/items?terminalId=413f4c0a-6393-4e21-ba8c-ef437d1bfe31 - 403 - application/json;+charset=utf-8 6.7103ms
info: Microsoft.AspNetCore.Hosting.Diagnostics[1]
      Request starting HTTP/1.1 POST http://127.0.0.1:42937/api/v1/management/menus-and-specials/daily-menus/61105183-6411-450e-a3a9-1a8d08054713/open?terminalId=783b6219-1906-4963-bb0f-081782b0b423 - application/json;+charset=utf-8 2
info: Microsoft.AspNetCore.Routing.EndpointMiddleware[0]
      Executing endpoint 'HTTP: POST /api/v1/management/menus-and-specials/daily-menus/{dailyMenuId:guid}/open'
info: Microsoft.AspNetCore.Http.Result.JsonResult[1]
      Setting HTTP status code 403.
info: Microsoft.AspNetCore.Http.Result.JsonResult[3]
      Writing value of type 'MenuApiErrorEnvelopeV1' as Json.
info: Microsoft.AspNetCore.Routing.EndpointMiddleware[1]
      Executed endpoint 'HTTP: POST /api/v1/management/menus-and-specials/daily-menus/{dailyMenuId:guid}/open'
info: Microsoft.AspNetCore.Hosting.Diagnostics[2]
      Request finished HTTP/1.1 POST https://127.0.0.1:42937/api/v1/management/menus-and-specials/daily-menus/61105183-6411-450e-a3a9-1a8d08054713/open?terminalId=783b6219-1906-4963-bb0f-081782b0b423 - 403 - application/json;+charset=utf-8 6.2052ms
info: Microsoft.AspNetCore.Hosting.Diagnostics[1]
      Request starting HTTP/1.1 POST http://127.0.0.1:42937/api/v1/management/menus-and-specials/menus?terminalId=69e5907b-d725-4a6e-a469-84617586c08f - application/json;+charset=utf-8 2
info: Microsoft.AspNetCore.Routing.EndpointMiddleware[0]
      Executing endpoint 'HTTP: POST /api/v1/management/menus-and-specials/menus'
info: Microsoft.AspNetCore.Http.Result.JsonResult[1]
      Setting HTTP status code 403.
info: Microsoft.AspNetCore.Http.Result.JsonResult[3]
      Writing value of type 'MenuApiErrorEnvelopeV1' as Json.
info: Microsoft.AspNetCore.Routing.EndpointMiddleware[1]
      Executed endpoint 'HTTP: POST /api/v1/management/menus-and-specials/menus'
info: Microsoft.AspNetCore.Hosting.Diagnostics[2]
      Request finished HTTP/1.1 POST https://127.0.0.1:42937/api/v1/management/menus-and-specials/menus?terminalId=69e5907b-d725-4a6e-a469-84617586c08f - 403 - application/json;+charset=utf-8 6.7871ms
info: Microsoft.AspNetCore.Hosting.Diagnostics[1]
      Request starting HTTP/1.1 PUT http://127.0.0.1:42937/api/v1/management/menus-and-specials/menus/29b7fcad-db01-454a-87ed-94d44b37fd27?terminalId=7e5507d6-4e21-4238-af69-f4516861f68a - application/json;+charset=utf-8 2
info: Microsoft.AspNetCore.Routing.EndpointMiddleware[0]
      Executing endpoint 'HTTP: PUT /api/v1/management/menus-and-specials/menus/{menuId:guid}'
info: Microsoft.AspNetCore.Http.Result.JsonResult[1]
      Setting HTTP status code 403.
info: Microsoft.AspNetCore.Http.Result.JsonResult[3]
      Writing value of type 'MenuApiErrorEnvelopeV1' as Json.
info: Microsoft.AspNetCore.Routing.EndpointMiddleware[1]
      Executed endpoint 'HTTP: PUT /api/v1/management/menus-and-specials/menus/{menuId:guid}'
info: Microsoft.AspNetCore.Hosting.Diagnostics[2]
      Request finished HTTP/1.1 PUT https://127.0.0.1:42937/api/v1/management/menus-and-specials/menus/29b7fcad-db01-454a-87ed-94d44b37fd27?terminalId=7e5507d6-4e21-4238-af69-f4516861f68a - 403 - application/json;+charset=utf-8 7.3347ms
info: Microsoft.AspNetCore.Hosting.Diagnostics[1]
      Request starting HTTP/1.1 POST http://127.0.0.1:42937/api/v1/management/menus-and-specials/menus/ccede0e7-63e7-4ef5-a390-71ef0c0ab5eb/items?terminalId=ad9f7b68-64de-40ee-9b36-dc81f22037d8 - application/json;+charset=utf-8 2
info: Microsoft.AspNetCore.Routing.EndpointMiddleware[0]
      Executing endpoint 'HTTP: POST /api/v1/management/menus-and-specials/menus/{menuId:guid}/items'
info: Microsoft.AspNetCore.Http.Result.JsonResult[1]
      Setting HTTP status code 403.
info: Microsoft.AspNetCore.Http.Result.JsonResult[3]
      Writing value of type 'MenuApiErrorEnvelopeV1' as Json.
info: Microsoft.AspNetCore.Routing.EndpointMiddleware[1]
      Executed endpoint 'HTTP: POST /api/v1/management/menus-and-specials/menus/{menuId:guid}/items'
info: Microsoft.AspNetCore.Hosting.Diagnostics[2]
      Request finished HTTP/1.1 POST https://127.0.0.1:42937/api/v1/management/menus-and-specials/menus/ccede0e7-63e7-4ef5-a390-71ef0c0ab5eb/items?terminalId=ad9f7b68-64de-40ee-9b36-dc81f22037d8 - 403 - application/json;+charset=utf-8 8.8153ms
info: Microsoft.AspNetCore.Hosting.Diagnostics[1]
      Request starting HTTP/1.1 POST http://127.0.0.1:42937/api/v1/management/menus-and-specials/menus/f61389ec-d750-4fd6-949d-005a01ad33b0/items/reorder?terminalId=ef7b1761-5c87-40f9-ac83-2d446a011775 - application/json;+charset=utf-8 2
info: Microsoft.AspNetCore.Routing.EndpointMiddleware[0]
      Executing endpoint 'HTTP: POST /api/v1/management/menus-and-specials/menus/{menuId:guid}/items/reorder'
info: Microsoft.AspNetCore.Http.Result.JsonResult[1]
      Setting HTTP status code 403.
info: Microsoft.AspNetCore.Http.Result.JsonResult[3]
      Writing value of type 'MenuApiErrorEnvelopeV1' as Json.
info: Microsoft.AspNetCore.Routing.EndpointMiddleware[1]
      Executed endpoint 'HTTP: POST /api/v1/management/menus-and-specials/menus/{menuId:guid}/items/reorder'
info: Microsoft.AspNetCore.Hosting.Diagnostics[2]
      Request finished HTTP/1.1 POST https://127.0.0.1:42937/api/v1/management/menus-and-specials/menus/f61389ec-d750-4fd6-949d-005a01ad33b0/items/reorder?terminalId=ef7b1761-5c87-40f9-ac83-2d446a011775 - 403 - application/json;+charset=utf-8 6.9953ms
info: Microsoft.AspNetCore.Hosting.Diagnostics[1]
      Request starting HTTP/1.1 PUT http://127.0.0.1:42937/api/v1/management/menus-and-specials/menus/ceec44fe-642e-44a7-b4fd-b4757a392233/items/de5421a6-58dc-4987-9bbb-58599e07c997?terminalId=c9db5ecf-070f-4052-b028-bbb2380692e9 - application/json;+charset=utf-8 2
info: Microsoft.AspNetCore.Routing.EndpointMiddleware[0]
      Executing endpoint 'HTTP: PUT /api/v1/management/menus-and-specials/menus/{menuId:guid}/items/{menuItemId:guid}'
info: Microsoft.AspNetCore.Http.Result.JsonResult[1]
      Setting HTTP status code 403.
info: Microsoft.AspNetCore.Http.Result.JsonResult[3]
      Writing value of type 'MenuApiErrorEnvelopeV1' as Json.
info: Microsoft.AspNetCore.Routing.EndpointMiddleware[1]
      Executed endpoint 'HTTP: PUT /api/v1/management/menus-and-specials/menus/{menuId:guid}/items/{menuItemId:guid}'
info: Microsoft.AspNetCore.Hosting.Diagnostics[2]
      Request finished HTTP/1.1 PUT https://127.0.0.1:42937/api/v1/management/menus-and-specials/menus/ceec44fe-642e-44a7-b4fd-b4757a392233/items/de5421a6-58dc-4987-9bbb-58599e07c997?terminalId=c9db5ecf-070f-4052-b028-bbb2380692e9 - 403 - application/json;+charset=utf-8 8.0442ms
info: Microsoft.AspNetCore.Hosting.Diagnostics[1]
      Request starting HTTP/1.1 POST http://127.0.0.1:42937/api/v1/management/observability/alerts/raise?terminalId=3be7004b-b045-41be-8b1c-fd9d7dabf3a9 - application/json;+charset=utf-8 2
info: Microsoft.AspNetCore.Routing.EndpointMiddleware[0]
      Executing endpoint 'HTTP: POST /api/v1/management/observability/alerts/raise'
info: Microsoft.AspNetCore.Http.Result.JsonResult[1]
      Setting HTTP status code 403.
info: Microsoft.AspNetCore.Http.Result.JsonResult[3]
      Writing value of type 'ObservabilityApiErrorEnvelopeV1' as Json.
info: Microsoft.AspNetCore.Routing.EndpointMiddleware[1]
      Executed endpoint 'HTTP: POST /api/v1/management/observability/alerts/raise'
info: Microsoft.AspNetCore.Hosting.Diagnostics[2]
      Request finished HTTP/1.1 POST https://127.0.0.1:42937/api/v1/management/observability/alerts/raise?terminalId=3be7004b-b045-41be-8b1c-fd9d7dabf3a9 - 403 - application/json;+charset=utf-8 17.0362ms
info: Microsoft.AspNetCore.Hosting.Diagnostics[1]
      Request starting HTTP/1.1 POST http://127.0.0.1:42937/api/v1/management/observability/alerts/0780a788-9e0b-4096-9e4a-5828a8c0520e/acknowledge?terminalId=4ee43e3d-dfa7-4012-b40a-906aa4b2a745 - application/json;+charset=utf-8 2
info: Microsoft.AspNetCore.Routing.EndpointMiddleware[0]
      Executing endpoint 'HTTP: POST /api/v1/management/observability/alerts/{alertId:guid}/acknowledge'
info: Microsoft.AspNetCore.Http.Result.JsonResult[1]
      Setting HTTP status code 403.
info: Microsoft.AspNetCore.Http.Result.JsonResult[3]
      Writing value of type 'ObservabilityApiErrorEnvelopeV1' as Json.
info: Microsoft.AspNetCore.Routing.EndpointMiddleware[1]
      Executed endpoint 'HTTP: POST /api/v1/management/observability/alerts/{alertId:guid}/acknowledge'
info: Microsoft.AspNetCore.Hosting.Diagnostics[2]
      Request finished HTTP/1.1 POST https://127.0.0.1:42937/api/v1/management/observability/alerts/0780a788-9e0b-4096-9e4a-5828a8c0520e/acknowledge?terminalId=4ee43e3d-dfa7-4012-b40a-906aa4b2a745 - 403 - application/json;+charset=utf-8 11.7155ms
info: Microsoft.AspNetCore.Hosting.Diagnostics[1]
      Request starting HTTP/1.1 POST http://127.0.0.1:42937/api/v1/management/observability/alerts/312eb17a-0205-48e8-83ad-e7f53651bca0/escalate?terminalId=fe24f4ee-13b6-453b-84ed-b0637e67da11 - application/json;+charset=utf-8 2
info: Microsoft.AspNetCore.Routing.EndpointMiddleware[0]
      Executing endpoint 'HTTP: POST /api/v1/management/observability/alerts/{alertId:guid}/escalate'
info: Microsoft.AspNetCore.Http.Result.JsonResult[1]
      Setting HTTP status code 403.
info: Microsoft.AspNetCore.Http.Result.JsonResult[3]
      Writing value of type 'ObservabilityApiErrorEnvelopeV1' as Json.
info: Microsoft.AspNetCore.Routing.EndpointMiddleware[1]
      Executed endpoint 'HTTP: POST /api/v1/management/observability/alerts/{alertId:guid}/escalate'
info: Microsoft.AspNetCore.Hosting.Diagnostics[2]
      Request finished HTTP/1.1 POST https://127.0.0.1:42937/api/v1/management/observability/alerts/312eb17a-0205-48e8-83ad-e7f53651bca0/escalate?terminalId=fe24f4ee-13b6-453b-84ed-b0637e67da11 - 403 - application/json;+charset=utf-8 8.6266ms
info: Microsoft.AspNetCore.Hosting.Diagnostics[1]
      Request starting HTTP/1.1 POST http://127.0.0.1:42937/api/v1/management/observability/alerts/37416666-95d2-4692-b1c3-215a86e85347/resolve?terminalId=c77e404a-d671-427b-9bd1-16b66b8be44f - application/json;+charset=utf-8 2
info: Microsoft.AspNetCore.Routing.EndpointMiddleware[0]
      Executing endpoint 'HTTP: POST /api/v1/management/observability/alerts/{alertId:guid}/resolve'
info: Microsoft.AspNetCore.Http.Result.JsonResult[1]
      Setting HTTP status code 403.
info: Microsoft.AspNetCore.Http.Result.JsonResult[3]
      Writing value of type 'ObservabilityApiErrorEnvelopeV1' as Json.
info: Microsoft.AspNetCore.Routing.EndpointMiddleware[1]
      Executed endpoint 'HTTP: POST /api/v1/management/observability/alerts/{alertId:guid}/resolve'
info: Microsoft.AspNetCore.Hosting.Diagnostics[2]
      Request finished HTTP/1.1 POST https://127.0.0.1:42937/api/v1/management/observability/alerts/37416666-95d2-4692-b1c3-215a86e85347/resolve?terminalId=c77e404a-d671-427b-9bd1-16b66b8be44f - 403 - application/json;+charset=utf-8 7.5153ms
info: Microsoft.AspNetCore.Hosting.Diagnostics[1]
      Request starting HTTP/1.1 POST http://127.0.0.1:42937/api/v1/management/observability/alerts/58a79b30-835e-4b41-be23-e0bdd4453175/suppress?terminalId=2b739b63-4cc6-449f-bbea-ebff08bb39c8 - application/json;+charset=utf-8 2
info: Microsoft.AspNetCore.Routing.EndpointMiddleware[0]
      Executing endpoint 'HTTP: POST /api/v1/management/observability/alerts/{alertId:guid}/suppress'
info: Microsoft.AspNetCore.Http.Result.JsonResult[1]
      Setting HTTP status code 403.
info: Microsoft.AspNetCore.Http.Result.JsonResult[3]
      Writing value of type 'ObservabilityApiErrorEnvelopeV1' as Json.
info: Microsoft.AspNetCore.Routing.EndpointMiddleware[1]
      Executed endpoint 'HTTP: POST /api/v1/management/observability/alerts/{alertId:guid}/suppress'
info: Microsoft.AspNetCore.Hosting.Diagnostics[2]
      Request finished HTTP/1.1 POST https://127.0.0.1:42937/api/v1/management/observability/alerts/58a79b30-835e-4b41-be23-e0bdd4453175/suppress?terminalId=2b739b63-4cc6-449f-bbea-ebff08bb39c8 - 403 - application/json;+charset=utf-8 6.3811ms
info: Microsoft.AspNetCore.Hosting.Diagnostics[1]
      Request starting HTTP/1.1 POST http://127.0.0.1:42937/api/v1/management/observability/health-checks?terminalId=4b375d8d-5deb-45d6-9ead-088e7a09444a - application/json;+charset=utf-8 2
info: Microsoft.AspNetCore.Routing.EndpointMiddleware[0]
      Executing endpoint 'HTTP: POST /api/v1/management/observability/health-checks'
info: Microsoft.AspNetCore.Http.Result.JsonResult[1]
      Setting HTTP status code 403.
info: Microsoft.AspNetCore.Http.Result.JsonResult[3]
      Writing value of type 'ObservabilityApiErrorEnvelopeV1' as Json.
info: Microsoft.AspNetCore.Routing.EndpointMiddleware[1]
      Executed endpoint 'HTTP: POST /api/v1/management/observability/health-checks'
info: Microsoft.AspNetCore.Hosting.Diagnostics[2]
      Request finished HTTP/1.1 POST https://127.0.0.1:42937/api/v1/management/observability/health-checks?terminalId=4b375d8d-5deb-45d6-9ead-088e7a09444a - 403 - application/json;+charset=utf-8 8.8901ms
info: Microsoft.AspNetCore.Hosting.Diagnostics[1]
      Request starting HTTP/1.1 POST http://127.0.0.1:42937/api/v1/management/payments/reconciliation-scan?terminalId=90a1d824-2ce1-4d44-8aaf-c020d846ac4c - application/json;+charset=utf-8 2
info: Microsoft.AspNetCore.Routing.EndpointMiddleware[0]
      Executing endpoint 'HTTP: POST /api/v1/management/payments/reconciliation-scan'
info: Microsoft.AspNetCore.Http.Result.JsonResult[1]
      Setting HTTP status code 403.
info: Microsoft.AspNetCore.Http.Result.JsonResult[3]
      Writing value of type 'ReconciliationCaseApiErrorEnvelopeV1' as Json.
info: Microsoft.AspNetCore.Routing.EndpointMiddleware[1]
      Executed endpoint 'HTTP: POST /api/v1/management/payments/reconciliation-scan'
info: Microsoft.AspNetCore.Hosting.Diagnostics[2]
      Request finished HTTP/1.1 POST https://127.0.0.1:42937/api/v1/management/payments/reconciliation-scan?terminalId=90a1d824-2ce1-4d44-8aaf-c020d846ac4c - 403 - application/json;+charset=utf-8 16.9047ms
info: Microsoft.AspNetCore.Hosting.Diagnostics[1]
      Request starting HTTP/1.1 POST http://127.0.0.1:42937/api/v1/management/production/batches?terminalId=07360fff-576e-44db-a4dd-d46713c1359b - application/json;+charset=utf-8 2
info: Microsoft.AspNetCore.Routing.EndpointMiddleware[0]
      Executing endpoint 'HTTP: POST /api/v1/management/production/batches'
info: Microsoft.AspNetCore.Http.Result.JsonResult[1]
      Setting HTTP status code 403.
info: Microsoft.AspNetCore.Http.Result.JsonResult[3]
      Writing value of type 'ProductionApiErrorEnvelopeV1' as Json.
info: Microsoft.AspNetCore.Routing.EndpointMiddleware[1]
      Executed endpoint 'HTTP: POST /api/v1/management/production/batches'
info: Microsoft.AspNetCore.Hosting.Diagnostics[2]
      Request finished HTTP/1.1 POST https://127.0.0.1:42937/api/v1/management/production/batches?terminalId=07360fff-576e-44db-a4dd-d46713c1359b - 403 - application/json;+charset=utf-8 15.0033ms
info: Microsoft.AspNetCore.Hosting.Diagnostics[1]
      Request starting HTTP/1.1 POST http://127.0.0.1:42937/api/v1/management/production/batches/1fbd7acf-bcaf-4dc0-aaec-f19a9d3efc6a/cancel?terminalId=55976551-8f62-43ac-a928-0edc7d60996b - application/json;+charset=utf-8 2
info: Microsoft.AspNetCore.Routing.EndpointMiddleware[0]
      Executing endpoint 'HTTP: POST /api/v1/management/production/batches/{batchId:guid}/cancel'
info: Microsoft.AspNetCore.Http.Result.JsonResult[1]
      Setting HTTP status code 403.
info: Microsoft.AspNetCore.Http.Result.JsonResult[3]
      Writing value of type 'ProductionApiErrorEnvelopeV1' as Json.
info: Microsoft.AspNetCore.Routing.EndpointMiddleware[1]
      Executed endpoint 'HTTP: POST /api/v1/management/production/batches/{batchId:guid}/cancel'
info: Microsoft.AspNetCore.Hosting.Diagnostics[2]
      Request finished HTTP/1.1 POST https://127.0.0.1:42937/api/v1/management/production/batches/1fbd7acf-bcaf-4dc0-aaec-f19a9d3efc6a/cancel?terminalId=55976551-8f62-43ac-a928-0edc7d60996b - 403 - application/json;+charset=utf-8 6.0839ms
info: Microsoft.AspNetCore.Hosting.Diagnostics[1]
      Request starting HTTP/1.1 POST http://127.0.0.1:42937/api/v1/management/production/batches/06daa32e-299c-46cd-9b77-787b377f144e/complete?terminalId=138ec84a-57ad-446e-b41a-32f75cfaf0d6 - application/json;+charset=utf-8 2
info: Microsoft.AspNetCore.Routing.EndpointMiddleware[0]
      Executing endpoint 'HTTP: POST /api/v1/management/production/batches/{batchId:guid}/complete'
info: Microsoft.AspNetCore.Http.Result.JsonResult[1]
      Setting HTTP status code 403.
info: Microsoft.AspNetCore.Http.Result.JsonResult[3]
      Writing value of type 'ProductionApiErrorEnvelopeV1' as Json.
info: Microsoft.AspNetCore.Routing.EndpointMiddleware[1]
      Executed endpoint 'HTTP: POST /api/v1/management/production/batches/{batchId:guid}/complete'
info: Microsoft.AspNetCore.Hosting.Diagnostics[2]
      Request finished HTTP/1.1 POST https://127.0.0.1:42937/api/v1/management/production/batches/06daa32e-299c-46cd-9b77-787b377f144e/complete?terminalId=138ec84a-57ad-446e-b41a-32f75cfaf0d6 - 403 - application/json;+charset=utf-8 9.0052ms
info: Microsoft.AspNetCore.Hosting.Diagnostics[1]
      Request starting HTTP/1.1 PUT http://127.0.0.1:42937/api/v1/management/production/batches/728f5ae5-4339-48c9-96c0-0b24dfe4e260/recipe-version?terminalId=bc43f7f7-8144-4c56-bb7c-af535f4be16a - application/json;+charset=utf-8 2
info: Microsoft.AspNetCore.Routing.EndpointMiddleware[0]
      Executing endpoint 'HTTP: PUT /api/v1/management/production/batches/{batchId:guid}/recipe-version'
info: Microsoft.AspNetCore.Http.Result.JsonResult[1]
      Setting HTTP status code 403.
info: Microsoft.AspNetCore.Http.Result.JsonResult[3]
      Writing value of type 'ProductionApiErrorEnvelopeV1' as Json.
info: Microsoft.AspNetCore.Routing.EndpointMiddleware[1]
      Executed endpoint 'HTTP: PUT /api/v1/management/production/batches/{batchId:guid}/recipe-version'
info: Microsoft.AspNetCore.Hosting.Diagnostics[2]
      Request finished HTTP/1.1 PUT https://127.0.0.1:42937/api/v1/management/production/batches/728f5ae5-4339-48c9-96c0-0b24dfe4e260/recipe-version?terminalId=bc43f7f7-8144-4c56-bb7c-af535f4be16a - 403 - application/json;+charset=utf-8 6.5974ms
info: Microsoft.AspNetCore.Hosting.Diagnostics[1]
      Request starting HTTP/1.1 POST http://127.0.0.1:42937/api/v1/management/production/batches/17174a62-b342-48ab-b6ed-b2cf129afb3a/start?terminalId=667e167e-e91a-41e5-a3b5-be6d1154b061 - application/json;+charset=utf-8 2
info: Microsoft.AspNetCore.Routing.EndpointMiddleware[0]
      Executing endpoint 'HTTP: POST /api/v1/management/production/batches/{batchId:guid}/start'
info: Microsoft.AspNetCore.Http.Result.JsonResult[1]
      Setting HTTP status code 403.
info: Microsoft.AspNetCore.Http.Result.JsonResult[3]
      Writing value of type 'ProductionApiErrorEnvelopeV1' as Json.
info: Microsoft.AspNetCore.Routing.EndpointMiddleware[1]
      Executed endpoint 'HTTP: POST /api/v1/management/production/batches/{batchId:guid}/start'
info: Microsoft.AspNetCore.Hosting.Diagnostics[2]
      Request finished HTTP/1.1 POST https://127.0.0.1:42937/api/v1/management/production/batches/17174a62-b342-48ab-b6ed-b2cf129afb3a/start?terminalId=667e167e-e91a-41e5-a3b5-be6d1154b061 - 403 - application/json;+charset=utf-8 6.8922ms
info: Microsoft.AspNetCore.Hosting.Diagnostics[1]
      Request starting HTTP/1.1 POST http://127.0.0.1:42937/api/v1/management/purchasing/purchase-orders?terminalId=cf1ea77f-3c0e-441f-84c2-270f35ab24c7 - application/json;+charset=utf-8 2
info: Microsoft.AspNetCore.Routing.EndpointMiddleware[0]
      Executing endpoint 'HTTP: POST /api/v1/management/purchasing/purchase-orders'
info: Microsoft.AspNetCore.Http.Result.JsonResult[1]
      Setting HTTP status code 403.
info: Microsoft.AspNetCore.Http.Result.JsonResult[3]
      Writing value of type 'PurchasingApiErrorEnvelopeV1' as Json.
info: Microsoft.AspNetCore.Routing.EndpointMiddleware[1]
      Executed endpoint 'HTTP: POST /api/v1/management/purchasing/purchase-orders'
info: Microsoft.AspNetCore.Hosting.Diagnostics[2]
      Request finished HTTP/1.1 POST https://127.0.0.1:42937/api/v1/management/purchasing/purchase-orders?terminalId=cf1ea77f-3c0e-441f-84c2-270f35ab24c7 - 403 - application/json;+charset=utf-8 18.2449ms
info: Microsoft.AspNetCore.Hosting.Diagnostics[1]
      Request starting HTTP/1.1 POST http://127.0.0.1:42937/api/v1/management/purchasing/purchase-orders/52404c26-e5a7-423e-afae-8af8b4bc1fd1/cancel?terminalId=1b9b4f22-18ad-4212-91ab-f7c3ea954cb7 - application/json;+charset=utf-8 2
info: Microsoft.AspNetCore.Routing.EndpointMiddleware[0]
      Executing endpoint 'HTTP: POST /api/v1/management/purchasing/purchase-orders/{orderId:guid}/cancel'
info: Microsoft.AspNetCore.Http.Result.JsonResult[1]
      Setting HTTP status code 403.
info: Microsoft.AspNetCore.Http.Result.JsonResult[3]
      Writing value of type 'PurchasingApiErrorEnvelopeV1' as Json.
info: Microsoft.AspNetCore.Routing.EndpointMiddleware[1]
      Executed endpoint 'HTTP: POST /api/v1/management/purchasing/purchase-orders/{orderId:guid}/cancel'
info: Microsoft.AspNetCore.Hosting.Diagnostics[2]
      Request finished HTTP/1.1 POST https://127.0.0.1:42937/api/v1/management/purchasing/purchase-orders/52404c26-e5a7-423e-afae-8af8b4bc1fd1/cancel?terminalId=1b9b4f22-18ad-4212-91ab-f7c3ea954cb7 - 403 - application/json;+charset=utf-8 8.7316ms
info: Microsoft.AspNetCore.Hosting.Diagnostics[1]
      Request starting HTTP/1.1 POST http://127.0.0.1:42937/api/v1/management/purchasing/purchase-orders/7450667e-b0d3-4e32-b5d7-6ecaa4a45225/receipts?terminalId=c581379b-f46b-457b-af12-f6efca369ee1 - application/json;+charset=utf-8 2
info: Microsoft.AspNetCore.Routing.EndpointMiddleware[0]
      Executing endpoint 'HTTP: POST /api/v1/management/purchasing/purchase-orders/{orderId:guid}/receipts'
info: Microsoft.AspNetCore.Http.Result.JsonResult[1]
      Setting HTTP status code 403.
info: Microsoft.AspNetCore.Http.Result.JsonResult[3]
      Writing value of type 'PurchasingApiErrorEnvelopeV1' as Json.
info: Microsoft.AspNetCore.Routing.EndpointMiddleware[1]
      Executed endpoint 'HTTP: POST /api/v1/management/purchasing/purchase-orders/{orderId:guid}/receipts'
info: Microsoft.AspNetCore.Hosting.Diagnostics[2]
      Request finished HTTP/1.1 POST https://127.0.0.1:42937/api/v1/management/purchasing/purchase-orders/7450667e-b0d3-4e32-b5d7-6ecaa4a45225/receipts?terminalId=c581379b-f46b-457b-af12-f6efca369ee1 - 403 - application/json;+charset=utf-8 10.6546ms
info: Microsoft.AspNetCore.Hosting.Diagnostics[1]
      Request starting HTTP/1.1 POST http://127.0.0.1:42937/api/v1/management/purchasing/purchase-orders/04a5d04e-e57b-48c6-8e1b-6e859e1b5566/submit?terminalId=472c2239-673c-49be-86e3-d5778f3b6bb5 - application/json;+charset=utf-8 2
info: Microsoft.AspNetCore.Routing.EndpointMiddleware[0]
      Executing endpoint 'HTTP: POST /api/v1/management/purchasing/purchase-orders/{orderId:guid}/submit'
info: Microsoft.AspNetCore.Http.Result.JsonResult[1]
      Setting HTTP status code 403.
info: Microsoft.AspNetCore.Http.Result.JsonResult[3]
      Writing value of type 'PurchasingApiErrorEnvelopeV1' as Json.
info: Microsoft.AspNetCore.Routing.EndpointMiddleware[1]
      Executed endpoint 'HTTP: POST /api/v1/management/purchasing/purchase-orders/{orderId:guid}/submit'
info: Microsoft.AspNetCore.Hosting.Diagnostics[2]
      Request finished HTTP/1.1 POST https://127.0.0.1:42937/api/v1/management/purchasing/purchase-orders/04a5d04e-e57b-48c6-8e1b-6e859e1b5566/submit?terminalId=472c2239-673c-49be-86e3-d5778f3b6bb5 - 403 - application/json;+charset=utf-8 5.7436ms
info: Microsoft.AspNetCore.Hosting.Diagnostics[1]
      Request starting HTTP/1.1 POST http://127.0.0.1:42937/api/v1/management/purchasing/suppliers?terminalId=768ccdae-28ce-4768-8626-24da092902a9 - application/json;+charset=utf-8 2
info: Microsoft.AspNetCore.Routing.EndpointMiddleware[0]
      Executing endpoint 'HTTP: POST /api/v1/management/purchasing/suppliers'
info: Microsoft.AspNetCore.Http.Result.JsonResult[1]
      Setting HTTP status code 403.
info: Microsoft.AspNetCore.Http.Result.JsonResult[3]
      Writing value of type 'PurchasingApiErrorEnvelopeV1' as Json.
info: Microsoft.AspNetCore.Routing.EndpointMiddleware[1]
      Executed endpoint 'HTTP: POST /api/v1/management/purchasing/suppliers'
info: Microsoft.AspNetCore.Hosting.Diagnostics[2]
      Request finished HTTP/1.1 POST https://127.0.0.1:42937/api/v1/management/purchasing/suppliers?terminalId=768ccdae-28ce-4768-8626-24da092902a9 - 403 - application/json;+charset=utf-8 8.3357ms
info: Microsoft.AspNetCore.Hosting.Diagnostics[1]
      Request starting HTTP/1.1 PUT http://127.0.0.1:42937/api/v1/management/purchasing/suppliers/2e5a64c0-076d-425e-bc2b-920fd0ed54cb?terminalId=caddfe89-0b1b-4a81-973a-dbc9fef7d99b - application/json;+charset=utf-8 2
info: Microsoft.AspNetCore.Routing.EndpointMiddleware[0]
      Executing endpoint 'HTTP: PUT /api/v1/management/purchasing/suppliers/{supplierId:guid}'
info: Microsoft.AspNetCore.Http.Result.JsonResult[1]
      Setting HTTP status code 403.
info: Microsoft.AspNetCore.Http.Result.JsonResult[3]
      Writing value of type 'PurchasingApiErrorEnvelopeV1' as Json.
info: Microsoft.AspNetCore.Routing.EndpointMiddleware[1]
      Executed endpoint 'HTTP: PUT /api/v1/management/purchasing/suppliers/{supplierId:guid}'
info: Microsoft.AspNetCore.Hosting.Diagnostics[2]
      Request finished HTTP/1.1 PUT https://127.0.0.1:42937/api/v1/management/purchasing/suppliers/2e5a64c0-076d-425e-bc2b-920fd0ed54cb?terminalId=caddfe89-0b1b-4a81-973a-dbc9fef7d99b - 403 - application/json;+charset=utf-8 9.0773ms
info: Microsoft.AspNetCore.Hosting.Diagnostics[1]
      Request starting HTTP/1.1 POST http://127.0.0.1:42937/api/v1/management/purchasing/suppliers/6e1c9053-32fc-4d1e-a0b8-0b835d1506c0/activate?terminalId=f6cf9c4b-5c44-4d2b-9adc-ccabedbb5287 - application/json;+charset=utf-8 2
info: Microsoft.AspNetCore.Routing.EndpointMiddleware[0]
      Executing endpoint 'HTTP: POST /api/v1/management/purchasing/suppliers/{supplierId:guid}/activate'
info: Microsoft.AspNetCore.Http.Result.JsonResult[1]
      Setting HTTP status code 403.
info: Microsoft.AspNetCore.Http.Result.JsonResult[3]
      Writing value of type 'PurchasingApiErrorEnvelopeV1' as Json.
info: Microsoft.AspNetCore.Routing.EndpointMiddleware[1]
      Executed endpoint 'HTTP: POST /api/v1/management/purchasing/suppliers/{supplierId:guid}/activate'
info: Microsoft.AspNetCore.Hosting.Diagnostics[2]
      Request finished HTTP/1.1 POST https://127.0.0.1:42937/api/v1/management/purchasing/suppliers/6e1c9053-32fc-4d1e-a0b8-0b835d1506c0/activate?terminalId=f6cf9c4b-5c44-4d2b-9adc-ccabedbb5287 - 403 - application/json;+charset=utf-8 7.5760ms
info: Microsoft.AspNetCore.Hosting.Diagnostics[1]
      Request starting HTTP/1.1 POST http://127.0.0.1:42937/api/v1/management/purchasing/suppliers/daa108ac-d51e-4b9a-b8ed-c68d7cd061b1/deactivate?terminalId=e4f92a14-4edb-47f0-aa59-478f1a40fbb9 - application/json;+charset=utf-8 2
info: Microsoft.AspNetCore.Routing.EndpointMiddleware[0]
      Executing endpoint 'HTTP: POST /api/v1/management/purchasing/suppliers/{supplierId:guid}/deactivate'
info: Microsoft.AspNetCore.Http.Result.JsonResult[1]
      Setting HTTP status code 403.
info: Microsoft.AspNetCore.Http.Result.JsonResult[3]
      Writing value of type 'PurchasingApiErrorEnvelopeV1' as Json.
info: Microsoft.AspNetCore.Routing.EndpointMiddleware[1]
      Executed endpoint 'HTTP: POST /api/v1/management/purchasing/suppliers/{supplierId:guid}/deactivate'
info: Microsoft.AspNetCore.Hosting.Diagnostics[2]
      Request finished HTTP/1.1 POST https://127.0.0.1:42937/api/v1/management/purchasing/suppliers/daa108ac-d51e-4b9a-b8ed-c68d7cd061b1/deactivate?terminalId=e4f92a14-4edb-47f0-aa59-478f1a40fbb9 - 403 - application/json;+charset=utf-8 7.3958ms
info: Microsoft.AspNetCore.Hosting.Diagnostics[1]
      Request starting HTTP/1.1 POST http://127.0.0.1:42937/api/v1/management/recipes/?terminalId=3e3ae577-26a4-49af-9d6c-cbd32d7a679c - application/json;+charset=utf-8 2
info: Microsoft.AspNetCore.Routing.EndpointMiddleware[0]
      Executing endpoint 'HTTP: POST /api/v1/management/recipes/'
info: Microsoft.AspNetCore.Http.Result.JsonResult[1]
      Setting HTTP status code 403.
info: Microsoft.AspNetCore.Http.Result.JsonResult[3]
      Writing value of type '<>f__AnonymousType5`1' as Json.
info: Microsoft.AspNetCore.Routing.EndpointMiddleware[1]
      Executed endpoint 'HTTP: POST /api/v1/management/recipes/'
info: Microsoft.AspNetCore.Hosting.Diagnostics[2]
      Request finished HTTP/1.1 POST https://127.0.0.1:42937/api/v1/management/recipes/?terminalId=3e3ae577-26a4-49af-9d6c-cbd32d7a679c - 403 - application/json;+charset=utf-8 10.6438ms
info: Microsoft.AspNetCore.Hosting.Diagnostics[1]
      Request starting HTTP/1.1 POST http://127.0.0.1:42937/api/v1/management/recipes/products/69dfa451-c6a7-4f21-86a1-84c7702963d3/mapping?terminalId=b87ba75e-9808-4d4a-aa60-2c94ef151db5 - application/json;+charset=utf-8 2
info: Microsoft.AspNetCore.Routing.EndpointMiddleware[0]
      Executing endpoint 'HTTP: POST /api/v1/management/recipes/products/{productId:guid}/mapping'
info: Microsoft.AspNetCore.Http.Result.JsonResult[1]
      Setting HTTP status code 403.
info: Microsoft.AspNetCore.Http.Result.JsonResult[3]
      Writing value of type '<>f__AnonymousType5`1' as Json.
info: Microsoft.AspNetCore.Routing.EndpointMiddleware[1]
      Executed endpoint 'HTTP: POST /api/v1/management/recipes/products/{productId:guid}/mapping'
info: Microsoft.AspNetCore.Hosting.Diagnostics[2]
      Request finished HTTP/1.1 POST https://127.0.0.1:42937/api/v1/management/recipes/products/69dfa451-c6a7-4f21-86a1-84c7702963d3/mapping?terminalId=b87ba75e-9808-4d4a-aa60-2c94ef151db5 - 403 - application/json;+charset=utf-8 8.4227ms
info: Microsoft.AspNetCore.Hosting.Diagnostics[1]
      Request starting HTTP/1.1 DELETE http://127.0.0.1:42937/api/v1/management/recipes/products/f56eca5c-3772-4178-b6a7-571e4940df1f/mapping?terminalId=7e98b649-c14c-4dcd-ac2b-ff3dbadee27b - application/json;+charset=utf-8 2
info: Microsoft.AspNetCore.Routing.EndpointMiddleware[0]
      Executing endpoint 'HTTP: DELETE /api/v1/management/recipes/products/{productId:guid}/mapping'
info: Microsoft.AspNetCore.Http.Result.JsonResult[1]
      Setting HTTP status code 403.
info: Microsoft.AspNetCore.Http.Result.JsonResult[3]
      Writing value of type '<>f__AnonymousType5`1' as Json.
info: Microsoft.AspNetCore.Routing.EndpointMiddleware[1]
      Executed endpoint 'HTTP: DELETE /api/v1/management/recipes/products/{productId:guid}/mapping'
info: Microsoft.AspNetCore.Hosting.Diagnostics[2]
      Request finished HTTP/1.1 DELETE https://127.0.0.1:42937/api/v1/management/recipes/products/f56eca5c-3772-4178-b6a7-571e4940df1f/mapping?terminalId=7e98b649-c14c-4dcd-ac2b-ff3dbadee27b - 403 - application/json;+charset=utf-8 7.0607ms
info: Microsoft.AspNetCore.Hosting.Diagnostics[1]
      Request starting HTTP/1.1 POST http://127.0.0.1:42937/api/v1/management/recipes/unit-conversions?terminalId=a35d0087-6ae5-4c82-8408-23a067b10b62 - application/json;+charset=utf-8 2
info: Microsoft.AspNetCore.Routing.EndpointMiddleware[0]
      Executing endpoint 'HTTP: POST /api/v1/management/recipes/unit-conversions'
info: Microsoft.AspNetCore.Http.Result.JsonResult[1]
      Setting HTTP status code 403.
info: Microsoft.AspNetCore.Http.Result.JsonResult[3]
      Writing value of type '<>f__AnonymousType5`1' as Json.
info: Microsoft.AspNetCore.Routing.EndpointMiddleware[1]
      Executed endpoint 'HTTP: POST /api/v1/management/recipes/unit-conversions'
info: Microsoft.AspNetCore.Hosting.Diagnostics[2]
      Request finished HTTP/1.1 POST https://127.0.0.1:42937/api/v1/management/recipes/unit-conversions?terminalId=a35d0087-6ae5-4c82-8408-23a067b10b62 - 403 - application/json;+charset=utf-8 6.6738ms
info: Microsoft.AspNetCore.Hosting.Diagnostics[1]
      Request starting HTTP/1.1 POST http://127.0.0.1:42937/api/v1/management/recipes/versions/1b7fda3d-1056-421c-83a7-4cb91ec62387/ingredients?terminalId=15d3acf4-6b8a-4f8d-9429-26acfaa06258 - application/json;+charset=utf-8 2
info: Microsoft.AspNetCore.Routing.EndpointMiddleware[0]
      Executing endpoint 'HTTP: POST /api/v1/management/recipes/versions/{versionId:guid}/ingredients'
info: Microsoft.AspNetCore.Http.Result.JsonResult[1]
      Setting HTTP status code 403.
info: Microsoft.AspNetCore.Http.Result.JsonResult[3]
      Writing value of type '<>f__AnonymousType5`1' as Json.
info: Microsoft.AspNetCore.Routing.EndpointMiddleware[1]
      Executed endpoint 'HTTP: POST /api/v1/management/recipes/versions/{versionId:guid}/ingredients'
info: Microsoft.AspNetCore.Hosting.Diagnostics[2]
      Request finished HTTP/1.1 POST https://127.0.0.1:42937/api/v1/management/recipes/versions/1b7fda3d-1056-421c-83a7-4cb91ec62387/ingredients?terminalId=15d3acf4-6b8a-4f8d-9429-26acfaa06258 - 403 - application/json;+charset=utf-8 6.6768ms
info: Microsoft.AspNetCore.Hosting.Diagnostics[1]
      Request starting HTTP/1.1 DELETE http://127.0.0.1:42937/api/v1/management/recipes/versions/c1c01d0d-8ff9-44cb-8647-2273d9e2e6ed/ingredients/5217cc97-1c6a-4320-8e48-f44c3ba019be?terminalId=3244f7f5-1a04-48fd-befb-2c44da220c47 - application/json;+charset=utf-8 2
info: Microsoft.AspNetCore.Routing.EndpointMiddleware[0]
      Executing endpoint 'HTTP: DELETE /api/v1/management/recipes/versions/{versionId:guid}/ingredients/{ingredientItemId:guid}'
info: Microsoft.AspNetCore.Http.Result.JsonResult[1]
      Setting HTTP status code 403.
info: Microsoft.AspNetCore.Http.Result.JsonResult[3]
      Writing value of type '<>f__AnonymousType5`1' as Json.
info: Microsoft.AspNetCore.Routing.EndpointMiddleware[1]
      Executed endpoint 'HTTP: DELETE /api/v1/management/recipes/versions/{versionId:guid}/ingredients/{ingredientItemId:guid}'
info: Microsoft.AspNetCore.Hosting.Diagnostics[2]
      Request finished HTTP/1.1 DELETE https://127.0.0.1:42937/api/v1/management/recipes/versions/c1c01d0d-8ff9-44cb-8647-2273d9e2e6ed/ingredients/5217cc97-1c6a-4320-8e48-f44c3ba019be?terminalId=3244f7f5-1a04-48fd-befb-2c44da220c47 - 403 - application/json;+charset=utf-8 6.6873ms
info: Microsoft.AspNetCore.Hosting.Diagnostics[1]
      Request starting HTTP/1.1 POST http://127.0.0.1:42937/api/v1/management/recipes/versions/94585f42-8f03-4896-afcf-7721547d9851/lock?terminalId=36bfad0d-9fa1-4b57-9c5f-061dbac762fb - application/json;+charset=utf-8 2
info: Microsoft.AspNetCore.Routing.EndpointMiddleware[0]
      Executing endpoint 'HTTP: POST /api/v1/management/recipes/versions/{versionId:guid}/lock'
info: Microsoft.AspNetCore.Http.Result.JsonResult[1]
      Setting HTTP status code 403.
info: Microsoft.AspNetCore.Http.Result.JsonResult[3]
      Writing value of type '<>f__AnonymousType5`1' as Json.
info: Microsoft.AspNetCore.Routing.EndpointMiddleware[1]
      Executed endpoint 'HTTP: POST /api/v1/management/recipes/versions/{versionId:guid}/lock'
info: Microsoft.AspNetCore.Hosting.Diagnostics[2]
      Request finished HTTP/1.1 POST https://127.0.0.1:42937/api/v1/management/recipes/versions/94585f42-8f03-4896-afcf-7721547d9851/lock?terminalId=36bfad0d-9fa1-4b57-9c5f-061dbac762fb - 403 - application/json;+charset=utf-8 4.6786ms
info: Microsoft.AspNetCore.Hosting.Diagnostics[1]
      Request starting HTTP/1.1 POST http://127.0.0.1:42937/api/v1/management/recipes/76715537-5857-47f4-814a-4e830049ea6a/versions?terminalId=0d5f9558-d16f-4a12-84a6-4ae942386fbb - application/json;+charset=utf-8 2
info: Microsoft.AspNetCore.Routing.EndpointMiddleware[0]
      Executing endpoint 'HTTP: POST /api/v1/management/recipes/{recipeId:guid}/versions'
info: Microsoft.AspNetCore.Http.Result.JsonResult[1]
      Setting HTTP status code 403.
info: Microsoft.AspNetCore.Http.Result.JsonResult[3]
      Writing value of type '<>f__AnonymousType5`1' as Json.
info: Microsoft.AspNetCore.Routing.EndpointMiddleware[1]
      Executed endpoint 'HTTP: POST /api/v1/management/recipes/{recipeId:guid}/versions'
info: Microsoft.AspNetCore.Hosting.Diagnostics[2]
      Request finished HTTP/1.1 POST https://127.0.0.1:42937/api/v1/management/recipes/76715537-5857-47f4-814a-4e830049ea6a/versions?terminalId=0d5f9558-d16f-4a12-84a6-4ae942386fbb - 403 - application/json;+charset=utf-8 9.1348ms
info: Microsoft.AspNetCore.Hosting.Diagnostics[1]
      Request starting HTTP/1.1 POST http://127.0.0.1:42937/api/v1/management/recipes/a68d88d7-c049-4b57-9bb3-23f1788983ab/versions/next?terminalId=60da60ba-85b4-4a52-9dc5-2e5ec63bc2e4 - application/json;+charset=utf-8 2
info: Microsoft.AspNetCore.Routing.EndpointMiddleware[0]
      Executing endpoint 'HTTP: POST /api/v1/management/recipes/{recipeId:guid}/versions/next'
info: Microsoft.AspNetCore.Http.Result.JsonResult[1]
      Setting HTTP status code 403.
info: Microsoft.AspNetCore.Http.Result.JsonResult[3]
      Writing value of type '<>f__AnonymousType5`1' as Json.
info: Microsoft.AspNetCore.Routing.EndpointMiddleware[1]
      Executed endpoint 'HTTP: POST /api/v1/management/recipes/{recipeId:guid}/versions/next'
info: Microsoft.AspNetCore.Hosting.Diagnostics[2]
      Request finished HTTP/1.1 POST https://127.0.0.1:42937/api/v1/management/recipes/a68d88d7-c049-4b57-9bb3-23f1788983ab/versions/next?terminalId=60da60ba-85b4-4a52-9dc5-2e5ec63bc2e4 - 403 - application/json;+charset=utf-8 6.2962ms
info: Microsoft.AspNetCore.Hosting.Diagnostics[1]
      Request starting HTTP/1.1 POST http://127.0.0.1:42937/api/v1/management/recipes/7c700bd4-3b34-453f-86d3-14cafbd8cbb8/versions/1/activate?terminalId=34df3011-ac1f-4bd3-826b-1ea8bd36d596 - application/json;+charset=utf-8 2
info: Microsoft.AspNetCore.Routing.EndpointMiddleware[0]
      Executing endpoint 'HTTP: POST /api/v1/management/recipes/{recipeId:guid}/versions/{versionNumber:int}/activate'
info: Microsoft.AspNetCore.Http.Result.JsonResult[1]
      Setting HTTP status code 403.
info: Microsoft.AspNetCore.Http.Result.JsonResult[3]
      Writing value of type '<>f__AnonymousType5`1' as Json.
info: Microsoft.AspNetCore.Routing.EndpointMiddleware[1]
      Executed endpoint 'HTTP: POST /api/v1/management/recipes/{recipeId:guid}/versions/{versionNumber:int}/activate'
info: Microsoft.AspNetCore.Hosting.Diagnostics[2]
      Request finished HTTP/1.1 POST https://127.0.0.1:42937/api/v1/management/recipes/7c700bd4-3b34-453f-86d3-14cafbd8cbb8/versions/1/activate?terminalId=34df3011-ac1f-4bd3-826b-1ea8bd36d596 - 403 - application/json;+charset=utf-8 5.3132ms
info: Microsoft.AspNetCore.Hosting.Diagnostics[1]
      Request starting HTTP/1.1 POST http://127.0.0.1:42937/api/v1/management/recipes/ba00b80c-ecdb-4d16-87c0-373933acfe1e/cost-snapshots/?terminalId=c9149998-b7d7-4f12-a686-24d849cf087b - application/json;+charset=utf-8 2
info: Microsoft.AspNetCore.Routing.EndpointMiddleware[0]
      Executing endpoint 'HTTP: POST /api/v1/management/recipes/{recipeVersionId:guid}/cost-snapshots/'
info: Microsoft.AspNetCore.Http.Result.JsonResult[1]
      Setting HTTP status code 403.
info: Microsoft.AspNetCore.Http.Result.JsonResult[3]
      Writing value of type 'RecipeCostSnapshotApiErrorEnvelopeV1' as Json.
info: Microsoft.AspNetCore.Routing.EndpointMiddleware[1]
      Executed endpoint 'HTTP: POST /api/v1/management/recipes/{recipeVersionId:guid}/cost-snapshots/'
info: Microsoft.AspNetCore.Hosting.Diagnostics[2]
      Request finished HTTP/1.1 POST https://127.0.0.1:42937/api/v1/management/recipes/ba00b80c-ecdb-4d16-87c0-373933acfe1e/cost-snapshots/?terminalId=c9149998-b7d7-4f12-a686-24d849cf087b - 403 - application/json;+charset=utf-8 15.1487ms
info: Microsoft.AspNetCore.Hosting.Diagnostics[1]
      Request starting HTTP/1.1 POST http://127.0.0.1:42937/api/v1/management/reconciliation/cases/?terminalId=7db96d4b-b6c8-43ee-8f52-ecd3e5eacddc - application/json;+charset=utf-8 2
info: Microsoft.AspNetCore.Routing.EndpointMiddleware[0]
      Executing endpoint 'HTTP: POST /api/v1/management/reconciliation/cases/'
info: Microsoft.AspNetCore.Http.Result.JsonResult[1]
      Setting HTTP status code 403.
info: Microsoft.AspNetCore.Http.Result.JsonResult[3]
      Writing value of type 'ReconciliationCaseApiErrorEnvelopeV1' as Json.
info: Microsoft.AspNetCore.Routing.EndpointMiddleware[1]
      Executed endpoint 'HTTP: POST /api/v1/management/reconciliation/cases/'
info: Microsoft.AspNetCore.Hosting.Diagnostics[2]
      Request finished HTTP/1.1 POST https://127.0.0.1:42937/api/v1/management/reconciliation/cases/?terminalId=7db96d4b-b6c8-43ee-8f52-ecd3e5eacddc - 403 - application/json;+charset=utf-8 11.7289ms
info: Microsoft.AspNetCore.Hosting.Diagnostics[1]
      Request starting HTTP/1.1 POST http://127.0.0.1:42937/api/v1/management/reconciliation/cases/8d71d2ce-5e43-4030-8df4-8b7fe97f7220/notes?terminalId=37b9105e-2ec8-4a7f-aa7e-3ea039c2433b - application/json;+charset=utf-8 2
info: Microsoft.AspNetCore.Routing.EndpointMiddleware[0]
      Executing endpoint 'HTTP: POST /api/v1/management/reconciliation/cases/{caseId:guid}/notes'
info: Microsoft.AspNetCore.Http.Result.JsonResult[1]
      Setting HTTP status code 403.
info: Microsoft.AspNetCore.Http.Result.JsonResult[3]
      Writing value of type 'ReconciliationCaseApiErrorEnvelopeV1' as Json.
info: Microsoft.AspNetCore.Routing.EndpointMiddleware[1]
      Executed endpoint 'HTTP: POST /api/v1/management/reconciliation/cases/{caseId:guid}/notes'
info: Microsoft.AspNetCore.Hosting.Diagnostics[2]
      Request finished HTTP/1.1 POST https://127.0.0.1:42937/api/v1/management/reconciliation/cases/8d71d2ce-5e43-4030-8df4-8b7fe97f7220/notes?terminalId=37b9105e-2ec8-4a7f-aa7e-3ea039c2433b - 403 - application/json;+charset=utf-8 6.9364ms
info: Microsoft.AspNetCore.Hosting.Diagnostics[1]
      Request starting HTTP/1.1 POST http://127.0.0.1:42937/api/v1/management/reconciliation/cases/24005c17-82de-4f5b-9c42-69aab95398db/transition?terminalId=470590a5-d8cf-41ca-b9bc-3eedb7bcda90 - application/json;+charset=utf-8 2
info: Microsoft.AspNetCore.Routing.EndpointMiddleware[0]
      Executing endpoint 'HTTP: POST /api/v1/management/reconciliation/cases/{caseId:guid}/transition'
info: Microsoft.AspNetCore.Http.Result.JsonResult[1]
      Setting HTTP status code 403.
info: Microsoft.AspNetCore.Http.Result.JsonResult[3]
      Writing value of type 'ReconciliationCaseApiErrorEnvelopeV1' as Json.
info: Microsoft.AspNetCore.Routing.EndpointMiddleware[1]
      Executed endpoint 'HTTP: POST /api/v1/management/reconciliation/cases/{caseId:guid}/transition'
info: Microsoft.AspNetCore.Hosting.Diagnostics[2]
      Request finished HTTP/1.1 POST https://127.0.0.1:42937/api/v1/management/reconciliation/cases/24005c17-82de-4f5b-9c42-69aab95398db/transition?terminalId=470590a5-d8cf-41ca-b9bc-3eedb7bcda90 - 403 - application/json;+charset=utf-8 7.1761ms
info: Microsoft.AspNetCore.Hosting.Diagnostics[1]
      Request starting HTTP/1.1 POST http://127.0.0.1:42937/api/v1/management/reconciliation/online-orders/cases/8933ebbd-ac6f-4786-b7d6-fc6e2a5ebfab/resolve?terminalId=1f5b8f8a-9768-45cb-ac60-d3fcdab0f9fb - application/json;+charset=utf-8 2
info: Microsoft.AspNetCore.Routing.EndpointMiddleware[0]
      Executing endpoint 'HTTP: POST /api/v1/management/reconciliation/online-orders/cases/{caseId:guid}/resolve'
info: Microsoft.AspNetCore.Http.Result.JsonResult[1]
      Setting HTTP status code 403.
info: Microsoft.AspNetCore.Http.Result.JsonResult[3]
      Writing value of type 'ReconciliationCaseApiErrorEnvelopeV1' as Json.
info: Microsoft.AspNetCore.Routing.EndpointMiddleware[1]
      Executed endpoint 'HTTP: POST /api/v1/management/reconciliation/online-orders/cases/{caseId:guid}/resolve'
info: Microsoft.AspNetCore.Hosting.Diagnostics[2]
      Request finished HTTP/1.1 POST https://127.0.0.1:42937/api/v1/management/reconciliation/online-orders/cases/8933ebbd-ac6f-4786-b7d6-fc6e2a5ebfab/resolve?terminalId=1f5b8f8a-9768-45cb-ac60-d3fcdab0f9fb - 403 - application/json;+charset=utf-8 7.2820ms
info: Microsoft.AspNetCore.Hosting.Diagnostics[1]
      Request starting HTTP/1.1 POST http://127.0.0.1:42937/api/v1/management/reconciliation/online-orders/cases/f4da560e-7041-48dd-a3a6-ab6ba4c87f8e/retry?terminalId=58946ae6-ffd5-46ea-8dc3-60ce5fea1cbf - application/json;+charset=utf-8 2
info: Microsoft.AspNetCore.Routing.EndpointMiddleware[0]
      Executing endpoint 'HTTP: POST /api/v1/management/reconciliation/online-orders/cases/{caseId:guid}/retry'
info: Microsoft.AspNetCore.Http.Result.JsonResult[1]
      Setting HTTP status code 403.
info: Microsoft.AspNetCore.Http.Result.JsonResult[3]
      Writing value of type 'ReconciliationCaseApiErrorEnvelopeV1' as Json.
info: Microsoft.AspNetCore.Routing.EndpointMiddleware[1]
      Executed endpoint 'HTTP: POST /api/v1/management/reconciliation/online-orders/cases/{caseId:guid}/retry'
info: Microsoft.AspNetCore.Hosting.Diagnostics[2]
      Request finished HTTP/1.1 POST https://127.0.0.1:42937/api/v1/management/reconciliation/online-orders/cases/f4da560e-7041-48dd-a3a6-ab6ba4c87f8e/retry?terminalId=58946ae6-ffd5-46ea-8dc3-60ce5fea1cbf - 403 - application/json;+charset=utf-8 5.7703ms
info: Microsoft.AspNetCore.Hosting.Diagnostics[1]
      Request starting HTTP/1.1 POST http://127.0.0.1:42937/api/v1/management/reconciliation/online-orders/scan?terminalId=de43bf68-0272-4268-a757-1df98fc89c19 - application/json;+charset=utf-8 2
info: Microsoft.AspNetCore.Routing.EndpointMiddleware[0]
      Executing endpoint 'HTTP: POST /api/v1/management/reconciliation/online-orders/scan'
info: Microsoft.AspNetCore.Http.Result.JsonResult[1]
      Setting HTTP status code 403.
info: Microsoft.AspNetCore.Http.Result.JsonResult[3]
      Writing value of type 'ReconciliationCaseApiErrorEnvelopeV1' as Json.
info: Microsoft.AspNetCore.Routing.EndpointMiddleware[1]
      Executed endpoint 'HTTP: POST /api/v1/management/reconciliation/online-orders/scan'
info: Microsoft.AspNetCore.Hosting.Diagnostics[2]
      Request finished HTTP/1.1 POST https://127.0.0.1:42937/api/v1/management/reconciliation/online-orders/scan?terminalId=de43bf68-0272-4268-a757-1df98fc89c19 - 403 - application/json;+charset=utf-8 5.2222ms
info: Microsoft.AspNetCore.Hosting.Diagnostics[1]
      Request starting HTTP/1.1 POST http://127.0.0.1:42937/api/v1/management/reporting/business-day/open?terminalId=6f9f6a93-9755-4591-a4d7-be36499b54c8 - application/json;+charset=utf-8 2
info: Microsoft.AspNetCore.Routing.EndpointMiddleware[0]
      Executing endpoint 'HTTP: POST /api/v1/management/reporting/business-day/open'
info: Microsoft.AspNetCore.Http.Result.JsonResult[1]
      Setting HTTP status code 403.
info: Microsoft.AspNetCore.Http.Result.JsonResult[3]
      Writing value of type 'EndOfDayApiErrorEnvelopeV1' as Json.
info: Microsoft.AspNetCore.Routing.EndpointMiddleware[1]
      Executed endpoint 'HTTP: POST /api/v1/management/reporting/business-day/open'
info: Microsoft.AspNetCore.Hosting.Diagnostics[2]
      Request finished HTTP/1.1 POST https://127.0.0.1:42937/api/v1/management/reporting/business-day/open?terminalId=6f9f6a93-9755-4591-a4d7-be36499b54c8 - 403 - application/json;+charset=utf-8 11.8068ms
info: Microsoft.AspNetCore.Hosting.Diagnostics[1]
      Request starting HTTP/1.1 POST http://127.0.0.1:42937/api/v1/management/reporting/business-day/2026-09-28/close?terminalId=6f19dee4-5bda-4283-961d-04d9d5c3f291 - application/json;+charset=utf-8 2
info: Microsoft.AspNetCore.Routing.EndpointMiddleware[0]
      Executing endpoint 'HTTP: POST /api/v1/management/reporting/business-day/{businessDate}/close'
info: Microsoft.AspNetCore.Http.Result.JsonResult[1]
      Setting HTTP status code 403.
info: Microsoft.AspNetCore.Http.Result.JsonResult[3]
      Writing value of type 'EndOfDayApiErrorEnvelopeV1' as Json.
info: Microsoft.AspNetCore.Routing.EndpointMiddleware[1]
      Executed endpoint 'HTTP: POST /api/v1/management/reporting/business-day/{businessDate}/close'
info: Microsoft.AspNetCore.Hosting.Diagnostics[2]
      Request finished HTTP/1.1 POST https://127.0.0.1:42937/api/v1/management/reporting/business-day/2026-09-28/close?terminalId=6f19dee4-5bda-4283-961d-04d9d5c3f291 - 403 - application/json;+charset=utf-8 8.4924ms
info: Microsoft.AspNetCore.Hosting.Diagnostics[1]
      Request starting HTTP/1.1 POST http://127.0.0.1:42937/api/v1/management/roles/permissions?terminalId=d9b51f8a-199d-44c4-8f83-1d132be79dc4 - application/json;+charset=utf-8 2
info: Microsoft.AspNetCore.Routing.EndpointMiddleware[0]
      Executing endpoint 'HTTP: POST /api/v1/management/roles/permissions'
info: Microsoft.AspNetCore.Http.Result.JsonResult[1]
      Setting HTTP status code 400.
info: Microsoft.AspNetCore.Http.Result.JsonResult[3]
      Writing value of type 'RoleManagementErrorEnvelopeV1' as Json.
info: Microsoft.AspNetCore.Routing.EndpointMiddleware[1]
      Executed endpoint 'HTTP: POST /api/v1/management/roles/permissions'
info: Microsoft.AspNetCore.Hosting.Diagnostics[2]
      Request finished HTTP/1.1 POST https://127.0.0.1:42937/api/v1/management/roles/permissions?terminalId=d9b51f8a-199d-44c4-8f83-1d132be79dc4 - 400 - application/json;+charset=utf-8 13.3547ms
info: Microsoft.AspNetCore.Hosting.Diagnostics[1]
      Request starting HTTP/1.1 POST http://127.0.0.1:42937/api/v1/management/roles/roles?terminalId=6735a7b3-7aa3-492d-a8c0-2e43a6fae9f0 - application/json;+charset=utf-8 2
info: Microsoft.AspNetCore.Routing.EndpointMiddleware[0]
      Executing endpoint 'HTTP: POST /api/v1/management/roles/roles'
info: Microsoft.AspNetCore.Http.Result.JsonResult[1]
      Setting HTTP status code 400.
info: Microsoft.AspNetCore.Http.Result.JsonResult[3]
      Writing value of type 'RoleManagementErrorEnvelopeV1' as Json.
info: Microsoft.AspNetCore.Routing.EndpointMiddleware[1]
      Executed endpoint 'HTTP: POST /api/v1/management/roles/roles'
info: Microsoft.AspNetCore.Hosting.Diagnostics[2]
      Request finished HTTP/1.1 POST https://127.0.0.1:42937/api/v1/management/roles/roles?terminalId=6735a7b3-7aa3-492d-a8c0-2e43a6fae9f0 - 400 - application/json;+charset=utf-8 6.5245ms
info: Microsoft.AspNetCore.Hosting.Diagnostics[1]
      Request starting HTTP/1.1 POST http://127.0.0.1:42937/api/v1/management/roles/roles/2297949b-4bcd-41db-be5c-d9fb89a2aed1/permissions?terminalId=8cb1c2b6-716a-4b1e-88a6-cab5b1b9a80b - application/json;+charset=utf-8 2
info: Microsoft.AspNetCore.Routing.EndpointMiddleware[0]
      Executing endpoint 'HTTP: POST /api/v1/management/roles/roles/{roleId:guid}/permissions'
info: Microsoft.AspNetCore.Http.Result.JsonResult[1]
      Setting HTTP status code 400.
info: Microsoft.AspNetCore.Http.Result.JsonResult[3]
      Writing value of type 'RoleManagementErrorEnvelopeV1' as Json.
info: Microsoft.AspNetCore.Routing.EndpointMiddleware[1]
      Executed endpoint 'HTTP: POST /api/v1/management/roles/roles/{roleId:guid}/permissions'
info: Microsoft.AspNetCore.Hosting.Diagnostics[2]
      Request finished HTTP/1.1 POST https://127.0.0.1:42937/api/v1/management/roles/roles/2297949b-4bcd-41db-be5c-d9fb89a2aed1/permissions?terminalId=8cb1c2b6-716a-4b1e-88a6-cab5b1b9a80b - 400 - application/json;+charset=utf-8 7.9640ms
info: Microsoft.AspNetCore.Hosting.Diagnostics[1]
      Request starting HTTP/1.1 DELETE http://127.0.0.1:42937/api/v1/management/roles/roles/0f894805-6c1f-488d-869d-c9096b47cf08/permissions/probe?terminalId=54d0c7d8-9176-4bb6-a1a0-8483700c4be8 - application/json;+charset=utf-8 2
info: Microsoft.AspNetCore.Routing.EndpointMiddleware[0]
      Executing endpoint 'HTTP: DELETE /api/v1/management/roles/roles/{roleId:guid}/permissions/{permissionCode}'
info: Microsoft.AspNetCore.Http.Result.JsonResult[1]
      Setting HTTP status code 403.
info: Microsoft.AspNetCore.Http.Result.JsonResult[3]
      Writing value of type 'RoleManagementErrorEnvelopeV1' as Json.
info: Microsoft.AspNetCore.Routing.EndpointMiddleware[1]
      Executed endpoint 'HTTP: DELETE /api/v1/management/roles/roles/{roleId:guid}/permissions/{permissionCode}'
info: Microsoft.AspNetCore.Hosting.Diagnostics[2]
      Request finished HTTP/1.1 DELETE https://127.0.0.1:42937/api/v1/management/roles/roles/0f894805-6c1f-488d-869d-c9096b47cf08/permissions/probe?terminalId=54d0c7d8-9176-4bb6-a1a0-8483700c4be8 - 403 - application/json;+charset=utf-8 10.0300ms
info: Microsoft.AspNetCore.Hosting.Diagnostics[1]
      Request starting HTTP/1.1 POST http://127.0.0.1:42937/api/v1/management/roles/roles/8efa4a30-c5fd-4801-b560-2b0dd9958379/users/01dfa48a-0ed6-4581-896e-fa941657e4de?terminalId=5e2ca273-f371-4e5b-84af-3b3b7c3e613c - application/json;+charset=utf-8 2
info: Microsoft.AspNetCore.Routing.EndpointMiddleware[0]
      Executing endpoint 'HTTP: POST /api/v1/management/roles/roles/{roleId:guid}/users/{userId:guid}'
info: Microsoft.AspNetCore.Http.Result.JsonResult[1]
      Setting HTTP status code 403.
info: Microsoft.AspNetCore.Http.Result.JsonResult[3]
      Writing value of type 'RoleManagementErrorEnvelopeV1' as Json.
info: Microsoft.AspNetCore.Routing.EndpointMiddleware[1]
      Executed endpoint 'HTTP: POST /api/v1/management/roles/roles/{roleId:guid}/users/{userId:guid}'
info: Microsoft.AspNetCore.Hosting.Diagnostics[2]
      Request finished HTTP/1.1 POST https://127.0.0.1:42937/api/v1/management/roles/roles/8efa4a30-c5fd-4801-b560-2b0dd9958379/users/01dfa48a-0ed6-4581-896e-fa941657e4de?terminalId=5e2ca273-f371-4e5b-84af-3b3b7c3e613c - 403 - application/json;+charset=utf-8 10.6913ms
info: Microsoft.AspNetCore.Hosting.Diagnostics[1]
      Request starting HTTP/1.1 DELETE http://127.0.0.1:42937/api/v1/management/roles/roles/03897f55-ffef-484a-b9d6-4d48e64c986f/users/f7d02d0d-d5b6-4033-8557-13db7009a73f?terminalId=1cd760c3-ae68-4f6e-b85f-ed8171284182 - application/json;+charset=utf-8 2
info: Microsoft.AspNetCore.Routing.EndpointMiddleware[0]
      Executing endpoint 'HTTP: DELETE /api/v1/management/roles/roles/{roleId:guid}/users/{userId:guid}'
info: Microsoft.AspNetCore.Http.Result.JsonResult[1]
      Setting HTTP status code 403.
info: Microsoft.AspNetCore.Http.Result.JsonResult[3]
      Writing value of type 'RoleManagementErrorEnvelopeV1' as Json.
info: Microsoft.AspNetCore.Routing.EndpointMiddleware[1]
      Executed endpoint 'HTTP: DELETE /api/v1/management/roles/roles/{roleId:guid}/users/{userId:guid}'
info: Microsoft.AspNetCore.Hosting.Diagnostics[2]
      Request finished HTTP/1.1 DELETE https://127.0.0.1:42937/api/v1/management/roles/roles/03897f55-ffef-484a-b9d6-4d48e64c986f/users/f7d02d0d-d5b6-4033-8557-13db7009a73f?terminalId=1cd760c3-ae68-4f6e-b85f-ed8171284182 - 403 - application/json;+charset=utf-8 11.3726ms
info: Microsoft.AspNetCore.Hosting.Diagnostics[1]
      Request starting HTTP/1.1 POST http://127.0.0.1:42937/api/v1/management/security/diagnostic-bundle?terminalId=f47004e7-fa27-41ea-9b04-6c73047f3c00 - application/json;+charset=utf-8 2
info: Microsoft.AspNetCore.Routing.EndpointMiddleware[0]
      Executing endpoint 'HTTP: POST /api/v1/management/security/diagnostic-bundle'
info: Microsoft.AspNetCore.Http.Result.JsonResult[1]
      Setting HTTP status code 403.
info: Microsoft.AspNetCore.Http.Result.JsonResult[3]
      Writing value of type 'SecurityAdministrationApiErrorEnvelopeV1' as Json.
info: Microsoft.AspNetCore.Routing.EndpointMiddleware[1]
      Executed endpoint 'HTTP: POST /api/v1/management/security/diagnostic-bundle'
info: Microsoft.AspNetCore.Hosting.Diagnostics[2]
      Request finished HTTP/1.1 POST https://127.0.0.1:42937/api/v1/management/security/diagnostic-bundle?terminalId=f47004e7-fa27-41ea-9b04-6c73047f3c00 - 403 - application/json;+charset=utf-8 15.8961ms
info: Microsoft.AspNetCore.Hosting.Diagnostics[1]
      Request starting HTTP/1.1 POST http://127.0.0.1:42937/api/v1/management/security/maintenance/jobs/probe/run?terminalId=69e1d43c-f8f7-4dcb-bebe-8244d8ba2e16 - application/json;+charset=utf-8 2
info: Microsoft.AspNetCore.Routing.EndpointMiddleware[0]
      Executing endpoint 'HTTP: POST /api/v1/management/security/maintenance/jobs/{name}/run'
info: Microsoft.AspNetCore.Http.Result.JsonResult[1]
      Setting HTTP status code 403.
info: Microsoft.AspNetCore.Http.Result.JsonResult[3]
      Writing value of type 'SecurityAdministrationApiErrorEnvelopeV1' as Json.
info: Microsoft.AspNetCore.Routing.EndpointMiddleware[1]
      Executed endpoint 'HTTP: POST /api/v1/management/security/maintenance/jobs/{name}/run'
info: Microsoft.AspNetCore.Hosting.Diagnostics[2]
      Request finished HTTP/1.1 POST https://127.0.0.1:42937/api/v1/management/security/maintenance/jobs/probe/run?terminalId=69e1d43c-f8f7-4dcb-bebe-8244d8ba2e16 - 403 - application/json;+charset=utf-8 5.9900ms
info: Microsoft.AspNetCore.Hosting.Diagnostics[1]
      Request starting HTTP/1.1 POST http://127.0.0.1:42937/api/v1/management/security/orders/close-settled?terminalId=95579419-43e8-4feb-ae2c-69d15115ce40 - application/json;+charset=utf-8 2
info: Microsoft.AspNetCore.Routing.EndpointMiddleware[0]
      Executing endpoint 'HTTP: POST /api/v1/management/security/orders/close-settled'
info: Microsoft.AspNetCore.Http.Result.JsonResult[1]
      Setting HTTP status code 403.
info: Microsoft.AspNetCore.Http.Result.JsonResult[3]
      Writing value of type 'SecurityAdministrationApiErrorEnvelopeV1' as Json.
info: Microsoft.AspNetCore.Routing.EndpointMiddleware[1]
      Executed endpoint 'HTTP: POST /api/v1/management/security/orders/close-settled'
info: Microsoft.AspNetCore.Hosting.Diagnostics[2]
      Request finished HTTP/1.1 POST https://127.0.0.1:42937/api/v1/management/security/orders/close-settled?terminalId=95579419-43e8-4feb-ae2c-69d15115ce40 - 403 - application/json;+charset=utf-8 6.3180ms
info: Microsoft.AspNetCore.Hosting.Diagnostics[1]
      Request starting HTTP/1.1 POST http://127.0.0.1:42937/api/v1/management/security/outbox/dead-letters/9e8b4b1b-99cc-4079-8589-fc21446b19d0/requeue?terminalId=4f94927e-0b54-4ab3-9ad6-9202fc9fb47f - application/json;+charset=utf-8 2
info: Microsoft.AspNetCore.Routing.EndpointMiddleware[0]
      Executing endpoint 'HTTP: POST /api/v1/management/security/outbox/dead-letters/{id:guid}/requeue'
info: Microsoft.AspNetCore.Http.Result.JsonResult[1]
      Setting HTTP status code 403.
info: Microsoft.AspNetCore.Http.Result.JsonResult[3]
      Writing value of type 'SecurityAdministrationApiErrorEnvelopeV1' as Json.
info: Microsoft.AspNetCore.Routing.EndpointMiddleware[1]
      Executed endpoint 'HTTP: POST /api/v1/management/security/outbox/dead-letters/{id:guid}/requeue'
info: Microsoft.AspNetCore.Hosting.Diagnostics[2]
      Request finished HTTP/1.1 POST https://127.0.0.1:42937/api/v1/management/security/outbox/dead-letters/9e8b4b1b-99cc-4079-8589-fc21446b19d0/requeue?terminalId=4f94927e-0b54-4ab3-9ad6-9202fc9fb47f - 403 - application/json;+charset=utf-8 5.1913ms
info: Microsoft.AspNetCore.Hosting.Diagnostics[1]
      Request starting HTTP/1.1 POST http://127.0.0.1:42937/api/v1/management/security/secrets/probe/rotation/initialize?terminalId=cb6d3e5a-2fc8-4021-8eb9-7b6376f2ef28 - application/json;+charset=utf-8 2
info: Microsoft.AspNetCore.Routing.EndpointMiddleware[0]
      Executing endpoint 'HTTP: POST /api/v1/management/security/secrets/{name}/rotation/initialize'
info: Microsoft.AspNetCore.Http.Result.JsonResult[1]
      Setting HTTP status code 403.
info: Microsoft.AspNetCore.Http.Result.JsonResult[3]
      Writing value of type 'SecurityAdministrationApiErrorEnvelopeV1' as Json.
info: Microsoft.AspNetCore.Routing.EndpointMiddleware[1]
      Executed endpoint 'HTTP: POST /api/v1/management/security/secrets/{name}/rotation/initialize'
info: Microsoft.AspNetCore.Hosting.Diagnostics[2]
      Request finished HTTP/1.1 POST https://127.0.0.1:42937/api/v1/management/security/secrets/probe/rotation/initialize?terminalId=cb6d3e5a-2fc8-4021-8eb9-7b6376f2ef28 - 403 - application/json;+charset=utf-8 6.2278ms
info: Microsoft.AspNetCore.Hosting.Diagnostics[1]
      Request starting HTTP/1.1 POST http://127.0.0.1:42937/api/v1/management/security/secrets/probe/rotation/revoke?terminalId=0e0359b4-5a1a-454a-9b35-14d7b57d4785 - application/json;+charset=utf-8 2
info: Microsoft.AspNetCore.Routing.EndpointMiddleware[0]
      Executing endpoint 'HTTP: POST /api/v1/management/security/secrets/{name}/rotation/revoke'
info: Microsoft.AspNetCore.Http.Result.JsonResult[1]
      Setting HTTP status code 403.
info: Microsoft.AspNetCore.Http.Result.JsonResult[3]
      Writing value of type 'SecurityAdministrationApiErrorEnvelopeV1' as Json.
info: Microsoft.AspNetCore.Routing.EndpointMiddleware[1]
      Executed endpoint 'HTTP: POST /api/v1/management/security/secrets/{name}/rotation/revoke'
info: Microsoft.AspNetCore.Hosting.Diagnostics[2]
      Request finished HTTP/1.1 POST https://127.0.0.1:42937/api/v1/management/security/secrets/probe/rotation/revoke?terminalId=0e0359b4-5a1a-454a-9b35-14d7b57d4785 - 403 - application/json;+charset=utf-8 7.5345ms
info: Microsoft.AspNetCore.Hosting.Diagnostics[1]
      Request starting HTTP/1.1 POST http://127.0.0.1:42937/api/v1/management/security/secrets/probe/rotation/rollback?terminalId=36f5fbed-a15c-473f-bd03-fde755fd53e7 - application/json;+charset=utf-8 2
info: Microsoft.AspNetCore.Routing.EndpointMiddleware[0]
      Executing endpoint 'HTTP: POST /api/v1/management/security/secrets/{name}/rotation/rollback'
info: Microsoft.AspNetCore.Http.Result.JsonResult[1]
      Setting HTTP status code 403.
info: Microsoft.AspNetCore.Http.Result.JsonResult[3]
      Writing value of type 'SecurityAdministrationApiErrorEnvelopeV1' as Json.
info: Microsoft.AspNetCore.Routing.EndpointMiddleware[1]
      Executed endpoint 'HTTP: POST /api/v1/management/security/secrets/{name}/rotation/rollback'
info: Microsoft.AspNetCore.Hosting.Diagnostics[2]
      Request finished HTTP/1.1 POST https://127.0.0.1:42937/api/v1/management/security/secrets/probe/rotation/rollback?terminalId=36f5fbed-a15c-473f-bd03-fde755fd53e7 - 403 - application/json;+charset=utf-8 5.2441ms
info: Microsoft.AspNetCore.Hosting.Diagnostics[1]
      Request starting HTTP/1.1 POST http://127.0.0.1:42937/api/v1/management/security/secrets/probe/rotation/rotate?terminalId=58faac03-3ecf-4087-8571-bc57b85cf074 - application/json;+charset=utf-8 2
info: Microsoft.AspNetCore.Routing.EndpointMiddleware[0]
      Executing endpoint 'HTTP: POST /api/v1/management/security/secrets/{name}/rotation/rotate'
info: Microsoft.AspNetCore.Http.Result.JsonResult[1]
      Setting HTTP status code 403.
info: Microsoft.AspNetCore.Http.Result.JsonResult[3]
      Writing value of type 'SecurityAdministrationApiErrorEnvelopeV1' as Json.
info: Microsoft.AspNetCore.Routing.EndpointMiddleware[1]
      Executed endpoint 'HTTP: POST /api/v1/management/security/secrets/{name}/rotation/rotate'
info: Microsoft.AspNetCore.Hosting.Diagnostics[2]
      Request finished HTTP/1.1 POST https://127.0.0.1:42937/api/v1/management/security/secrets/probe/rotation/rotate?terminalId=58faac03-3ecf-4087-8571-bc57b85cf074 - 403 - application/json;+charset=utf-8 5.8467ms
info: Microsoft.AspNetCore.Hosting.Diagnostics[1]
      Request starting HTTP/1.1 POST http://127.0.0.1:42937/api/v1/management/security/users/d2364711-99ec-4d86-b876-94aeabef58fe/deactivate?terminalId=ab213e58-aa4f-4366-86cb-da8a572c8c86 - application/json;+charset=utf-8 2
info: Microsoft.AspNetCore.Routing.EndpointMiddleware[0]
      Executing endpoint 'HTTP: POST /api/v1/management/security/users/{userId:guid}/deactivate'
info: Microsoft.AspNetCore.Http.Result.JsonResult[1]
      Setting HTTP status code 403.
info: Microsoft.AspNetCore.Http.Result.JsonResult[3]
      Writing value of type 'SecurityAdministrationApiErrorEnvelopeV1' as Json.
info: Microsoft.AspNetCore.Routing.EndpointMiddleware[1]
      Executed endpoint 'HTTP: POST /api/v1/management/security/users/{userId:guid}/deactivate'
info: Microsoft.AspNetCore.Hosting.Diagnostics[2]
      Request finished HTTP/1.1 POST https://127.0.0.1:42937/api/v1/management/security/users/d2364711-99ec-4d86-b876-94aeabef58fe/deactivate?terminalId=ab213e58-aa4f-4366-86cb-da8a572c8c86 - 403 - application/json;+charset=utf-8 7.3935ms
info: Microsoft.AspNetCore.Hosting.Diagnostics[1]
      Request starting HTTP/1.1 POST http://127.0.0.1:42937/api/v1/management/security/users/76c60887-2868-4f2d-8155-7e026ea850b7/force-unlock?terminalId=f3b60a59-1419-45a7-b1ed-e3d0b04df178 - application/json;+charset=utf-8 2
info: Microsoft.AspNetCore.Routing.EndpointMiddleware[0]
      Executing endpoint 'HTTP: POST /api/v1/management/security/users/{userId:guid}/force-unlock'
info: Microsoft.AspNetCore.Http.Result.JsonResult[1]
      Setting HTTP status code 403.
info: Microsoft.AspNetCore.Http.Result.JsonResult[3]
      Writing value of type 'SecurityAdministrationApiErrorEnvelopeV1' as Json.
info: Microsoft.AspNetCore.Routing.EndpointMiddleware[1]
      Executed endpoint 'HTTP: POST /api/v1/management/security/users/{userId:guid}/force-unlock'
info: Microsoft.AspNetCore.Hosting.Diagnostics[2]
      Request finished HTTP/1.1 POST https://127.0.0.1:42937/api/v1/management/security/users/76c60887-2868-4f2d-8155-7e026ea850b7/force-unlock?terminalId=f3b60a59-1419-45a7-b1ed-e3d0b04df178 - 403 - application/json;+charset=utf-8 6.1285ms
info: Microsoft.AspNetCore.Hosting.Diagnostics[1]
      Request starting HTTP/1.1 POST http://127.0.0.1:42937/api/v1/management/security/users/4e7157cc-8d01-4088-b865-fd001c83ef34/reactivate?terminalId=8eebb3a3-ef34-4303-a26e-bde9bb1058fb - application/json;+charset=utf-8 2
info: Microsoft.AspNetCore.Routing.EndpointMiddleware[0]
      Executing endpoint 'HTTP: POST /api/v1/management/security/users/{userId:guid}/reactivate'
info: Microsoft.AspNetCore.Http.Result.JsonResult[1]
      Setting HTTP status code 403.
info: Microsoft.AspNetCore.Http.Result.JsonResult[3]
      Writing value of type 'SecurityAdministrationApiErrorEnvelopeV1' as Json.
info: Microsoft.AspNetCore.Routing.EndpointMiddleware[1]
      Executed endpoint 'HTTP: POST /api/v1/management/security/users/{userId:guid}/reactivate'
info: Microsoft.AspNetCore.Hosting.Diagnostics[2]
      Request finished HTTP/1.1 POST https://127.0.0.1:42937/api/v1/management/security/users/4e7157cc-8d01-4088-b865-fd001c83ef34/reactivate?terminalId=8eebb3a3-ef34-4303-a26e-bde9bb1058fb - 403 - application/json;+charset=utf-8 4.9232ms
info: Microsoft.AspNetCore.Hosting.Diagnostics[1]
      Request starting HTTP/1.1 POST http://127.0.0.1:42937/api/v1/management/security/users/9b091bc8-5fde-4d80-bfb1-99b026aa8b26/revoke-sessions?terminalId=b0061005-7277-4ace-820f-7a5810a29c19 - application/json;+charset=utf-8 2
info: Microsoft.AspNetCore.Routing.EndpointMiddleware[0]
      Executing endpoint 'HTTP: POST /api/v1/management/security/users/{userId:guid}/revoke-sessions'
info: Microsoft.AspNetCore.Http.Result.JsonResult[1]
      Setting HTTP status code 403.
info: Microsoft.AspNetCore.Http.Result.JsonResult[3]
      Writing value of type 'SecurityAdministrationApiErrorEnvelopeV1' as Json.
info: Microsoft.AspNetCore.Routing.EndpointMiddleware[1]
      Executed endpoint 'HTTP: POST /api/v1/management/security/users/{userId:guid}/revoke-sessions'
info: Microsoft.AspNetCore.Hosting.Diagnostics[2]
      Request finished HTTP/1.1 POST https://127.0.0.1:42937/api/v1/management/security/users/9b091bc8-5fde-4d80-bfb1-99b026aa8b26/revoke-sessions?terminalId=b0061005-7277-4ace-820f-7a5810a29c19 - 403 - application/json;+charset=utf-8 5.5685ms
info: Microsoft.AspNetCore.Hosting.Diagnostics[1]
      Request starting HTTP/1.1 PUT http://127.0.0.1:42937/api/v1/management/settings/probe?terminalId=b2895175-769a-4b0f-ae5f-dce09bd19702 - application/json;+charset=utf-8 2
info: Microsoft.AspNetCore.Routing.EndpointMiddleware[0]
      Executing endpoint 'HTTP: PUT /api/v1/management/settings/{key}'
info: Microsoft.AspNetCore.Http.Result.JsonResult[1]
      Setting HTTP status code 403.
info: Microsoft.AspNetCore.Http.Result.JsonResult[3]
      Writing value of type 'SettingsApiErrorEnvelopeV1' as Json.
info: Microsoft.AspNetCore.Routing.EndpointMiddleware[1]
      Executed endpoint 'HTTP: PUT /api/v1/management/settings/{key}'
info: Microsoft.AspNetCore.Hosting.Diagnostics[2]
      Request finished HTTP/1.1 PUT https://127.0.0.1:42937/api/v1/management/settings/probe?terminalId=b2895175-769a-4b0f-ae5f-dce09bd19702 - 403 - application/json;+charset=utf-8 7.3560ms
info: Microsoft.AspNetCore.Hosting.Diagnostics[1]
      Request starting HTTP/1.1 DELETE http://127.0.0.1:42937/api/v1/management/settings/probe?terminalId=2c73e713-9589-4b28-8514-03e4a2af8b0b - application/json;+charset=utf-8 2
info: Microsoft.AspNetCore.Routing.EndpointMiddleware[0]
      Executing endpoint 'HTTP: DELETE /api/v1/management/settings/{key}'
info: Microsoft.AspNetCore.Http.Result.JsonResult[1]
      Setting HTTP status code 403.
info: Microsoft.AspNetCore.Http.Result.JsonResult[3]
      Writing value of type 'SettingsApiErrorEnvelopeV1' as Json.
info: Microsoft.AspNetCore.Routing.EndpointMiddleware[1]
      Executed endpoint 'HTTP: DELETE /api/v1/management/settings/{key}'
info: Microsoft.AspNetCore.Hosting.Diagnostics[2]
      Request finished HTTP/1.1 DELETE https://127.0.0.1:42937/api/v1/management/settings/probe?terminalId=2c73e713-9589-4b28-8514-03e4a2af8b0b - 403 - application/json;+charset=utf-8 6.0124ms
info: Microsoft.AspNetCore.Hosting.Diagnostics[1]
      Request starting HTTP/1.1 POST http://127.0.0.1:42937/api/v1/management/users/?terminalId=b029a0ae-518f-414e-8c20-9ee05b660d93 - application/json;+charset=utf-8 2
info: Microsoft.AspNetCore.Routing.EndpointMiddleware[0]
      Executing endpoint 'HTTP: POST /api/v1/management/users/'
info: Microsoft.AspNetCore.Http.Result.JsonResult[1]
      Setting HTTP status code 400.
info: Microsoft.AspNetCore.Http.Result.JsonResult[3]
      Writing value of type 'RoleManagementErrorEnvelopeV1' as Json.
info: Microsoft.AspNetCore.Routing.EndpointMiddleware[1]
      Executed endpoint 'HTTP: POST /api/v1/management/users/'
info: Microsoft.AspNetCore.Hosting.Diagnostics[2]
      Request finished HTTP/1.1 POST https://127.0.0.1:42937/api/v1/management/users/?terminalId=b029a0ae-518f-414e-8c20-9ee05b660d93 - 400 - application/json;+charset=utf-8 4.7385ms
info: Microsoft.AspNetCore.Hosting.Diagnostics[1]
      Request starting HTTP/1.1 POST http://127.0.0.1:42937/api/v1/terminals/91054ccf-7095-490b-84cc-b064ee69f466/billing/bills/from-order/d6e77d2c-9e6f-4662-8c8b-69c68d399df8?terminalId=91054ccf-7095-490b-84cc-b064ee69f466 - application/json;+charset=utf-8 2
info: Microsoft.AspNetCore.Routing.EndpointMiddleware[0]
      Executing endpoint 'HTTP: POST /api/v1/terminals/{terminalId:guid}/billing/bills/from-order/{orderId:guid}'
info: Microsoft.AspNetCore.Http.Result.JsonResult[1]
      Setting HTTP status code 403.
info: Microsoft.AspNetCore.Http.Result.JsonResult[3]
      Writing value of type 'BillingSplitErrorEnvelope' as Json.
info: Microsoft.AspNetCore.Routing.EndpointMiddleware[1]
      Executed endpoint 'HTTP: POST /api/v1/terminals/{terminalId:guid}/billing/bills/from-order/{orderId:guid}'
info: Microsoft.AspNetCore.Hosting.Diagnostics[2]
      Request finished HTTP/1.1 POST https://127.0.0.1:42937/api/v1/terminals/91054ccf-7095-490b-84cc-b064ee69f466/billing/bills/from-order/d6e77d2c-9e6f-4662-8c8b-69c68d399df8?terminalId=91054ccf-7095-490b-84cc-b064ee69f466 - 403 - application/json;+charset=utf-8 19.9388ms
info: Microsoft.AspNetCore.Hosting.Diagnostics[1]
      Request starting HTTP/1.1 POST http://127.0.0.1:42937/api/v1/terminals/2613d330-c9a1-407f-9fdc-568844adcac5/billing/bills/673477e8-41db-4171-a9e0-66731614d03f/discount?terminalId=2613d330-c9a1-407f-9fdc-568844adcac5 - application/json;+charset=utf-8 2
info: Microsoft.AspNetCore.Routing.EndpointMiddleware[0]
      Executing endpoint 'HTTP: POST /api/v1/terminals/{terminalId:guid}/billing/bills/{billId:guid}/discount'
info: Microsoft.AspNetCore.Http.Result.JsonResult[1]
      Setting HTTP status code 400.
info: Microsoft.AspNetCore.Http.Result.JsonResult[3]
      Writing value of type 'BillingSplitErrorEnvelope' as Json.
info: Microsoft.AspNetCore.Routing.EndpointMiddleware[1]
      Executed endpoint 'HTTP: POST /api/v1/terminals/{terminalId:guid}/billing/bills/{billId:guid}/discount'
info: Microsoft.AspNetCore.Hosting.Diagnostics[2]
      Request finished HTTP/1.1 POST https://127.0.0.1:42937/api/v1/terminals/2613d330-c9a1-407f-9fdc-568844adcac5/billing/bills/673477e8-41db-4171-a9e0-66731614d03f/discount?terminalId=2613d330-c9a1-407f-9fdc-568844adcac5 - 400 - application/json;+charset=utf-8 14.9748ms
info: Microsoft.AspNetCore.Hosting.Diagnostics[1]
      Request starting HTTP/1.1 PUT http://127.0.0.1:42937/api/v1/terminals/7ed60c27-ae54-4dfa-907e-a4ef6894c310/billing/bills/13a4be2a-7e22-4523-bb5b-db3d4d2e7625/split-design/amounts?terminalId=7ed60c27-ae54-4dfa-907e-a4ef6894c310 - application/json;+charset=utf-8 2
info: Microsoft.AspNetCore.Routing.EndpointMiddleware[0]
      Executing endpoint 'HTTP: PUT /api/v1/terminals/{terminalId:guid}/billing/bills/{billId:guid}/split-design/amounts'
info: Microsoft.AspNetCore.Http.Result.JsonResult[1]
      Setting HTTP status code 403.
info: Microsoft.AspNetCore.Http.Result.JsonResult[3]
      Writing value of type 'BillingSplitErrorEnvelope' as Json.
info: Microsoft.AspNetCore.Routing.EndpointMiddleware[1]
      Executed endpoint 'HTTP: PUT /api/v1/terminals/{terminalId:guid}/billing/bills/{billId:guid}/split-design/amounts'
info: Microsoft.AspNetCore.Hosting.Diagnostics[2]
      Request finished HTTP/1.1 PUT https://127.0.0.1:42937/api/v1/terminals/7ed60c27-ae54-4dfa-907e-a4ef6894c310/billing/bills/13a4be2a-7e22-4523-bb5b-db3d4d2e7625/split-design/amounts?terminalId=7ed60c27-ae54-4dfa-907e-a4ef6894c310 - 403 - application/json;+charset=utf-8 10.6100ms
info: Microsoft.AspNetCore.Hosting.Diagnostics[1]
      Request starting HTTP/1.1 POST http://127.0.0.1:42937/api/v1/terminals/3a6b7c80-1146-4cb1-8eb0-f25c32355bea/billing/bills/b0ae2f32-932e-470b-b43d-bea827392404/split-design/clear?terminalId=3a6b7c80-1146-4cb1-8eb0-f25c32355bea - application/json;+charset=utf-8 2
info: Microsoft.AspNetCore.Routing.EndpointMiddleware[0]
      Executing endpoint 'HTTP: POST /api/v1/terminals/{terminalId:guid}/billing/bills/{billId:guid}/split-design/clear'
info: Microsoft.AspNetCore.Http.Result.JsonResult[1]
      Setting HTTP status code 403.
info: Microsoft.AspNetCore.Http.Result.JsonResult[3]
      Writing value of type 'BillingSplitErrorEnvelope' as Json.
info: Microsoft.AspNetCore.Routing.EndpointMiddleware[1]
      Executed endpoint 'HTTP: POST /api/v1/terminals/{terminalId:guid}/billing/bills/{billId:guid}/split-design/clear'
info: Microsoft.AspNetCore.Hosting.Diagnostics[2]
      Request finished HTTP/1.1 POST https://127.0.0.1:42937/api/v1/terminals/3a6b7c80-1146-4cb1-8eb0-f25c32355bea/billing/bills/b0ae2f32-932e-470b-b43d-bea827392404/split-design/clear?terminalId=3a6b7c80-1146-4cb1-8eb0-f25c32355bea - 403 - application/json;+charset=utf-8 9.6948ms
info: Microsoft.AspNetCore.Hosting.Diagnostics[1]
      Request starting HTTP/1.1 PUT http://127.0.0.1:42937/api/v1/terminals/da6f98e3-1143-4053-b4b6-462bb5991fba/billing/bills/14ff5a8e-3fbb-4a2d-ad5d-ba660fe87b53/split-design/custom?terminalId=da6f98e3-1143-4053-b4b6-462bb5991fba - application/json;+charset=utf-8 2
info: Microsoft.AspNetCore.Routing.EndpointMiddleware[0]
      Executing endpoint 'HTTP: PUT /api/v1/terminals/{terminalId:guid}/billing/bills/{billId:guid}/split-design/custom'
info: Microsoft.AspNetCore.Http.Result.JsonResult[1]
      Setting HTTP status code 403.
info: Microsoft.AspNetCore.Http.Result.JsonResult[3]
      Writing value of type 'BillingSplitErrorEnvelope' as Json.
info: Microsoft.AspNetCore.Routing.EndpointMiddleware[1]
      Executed endpoint 'HTTP: PUT /api/v1/terminals/{terminalId:guid}/billing/bills/{billId:guid}/split-design/custom'
info: Microsoft.AspNetCore.Hosting.Diagnostics[2]
      Request finished HTTP/1.1 PUT https://127.0.0.1:42937/api/v1/terminals/da6f98e3-1143-4053-b4b6-462bb5991fba/billing/bills/14ff5a8e-3fbb-4a2d-ad5d-ba660fe87b53/split-design/custom?terminalId=da6f98e3-1143-4053-b4b6-462bb5991fba - 403 - application/json;+charset=utf-8 10.0956ms
info: Microsoft.AspNetCore.Hosting.Diagnostics[1]
      Request starting HTTP/1.1 PUT http://127.0.0.1:42937/api/v1/terminals/a46bf9f3-24a1-4113-91a3-c367ac961210/billing/bills/9653e9b2-9341-4d67-b07e-d73f3e6f215b/split-design/equal?terminalId=a46bf9f3-24a1-4113-91a3-c367ac961210 - application/json;+charset=utf-8 2
info: Microsoft.AspNetCore.Routing.EndpointMiddleware[0]
      Executing endpoint 'HTTP: PUT /api/v1/terminals/{terminalId:guid}/billing/bills/{billId:guid}/split-design/equal'
info: Microsoft.AspNetCore.Http.Result.JsonResult[1]
      Setting HTTP status code 403.
info: Microsoft.AspNetCore.Http.Result.JsonResult[3]
      Writing value of type 'BillingSplitErrorEnvelope' as Json.
info: Microsoft.AspNetCore.Routing.EndpointMiddleware[1]
      Executed endpoint 'HTTP: PUT /api/v1/terminals/{terminalId:guid}/billing/bills/{billId:guid}/split-design/equal'
info: Microsoft.AspNetCore.Hosting.Diagnostics[2]
      Request finished HTTP/1.1 PUT https://127.0.0.1:42937/api/v1/terminals/a46bf9f3-24a1-4113-91a3-c367ac961210/billing/bills/9653e9b2-9341-4d67-b07e-d73f3e6f215b/split-design/equal?terminalId=a46bf9f3-24a1-4113-91a3-c367ac961210 - 403 - application/json;+charset=utf-8 11.3128ms
info: Microsoft.AspNetCore.Hosting.Diagnostics[1]
      Request starting HTTP/1.1 PUT http://127.0.0.1:42937/api/v1/terminals/f6424689-bc5d-4ed8-bf5e-62d4f7742d32/billing/bills/deaec818-c6b1-4e66-b74b-b441086a1348/split-design/items?terminalId=f6424689-bc5d-4ed8-bf5e-62d4f7742d32 - application/json;+charset=utf-8 2
info: Microsoft.AspNetCore.Routing.EndpointMiddleware[0]
      Executing endpoint 'HTTP: PUT /api/v1/terminals/{terminalId:guid}/billing/bills/{billId:guid}/split-design/items'
info: Microsoft.AspNetCore.Http.Result.JsonResult[1]
      Setting HTTP status code 403.
info: Microsoft.AspNetCore.Http.Result.JsonResult[3]
      Writing value of type 'BillingSplitErrorEnvelope' as Json.
info: Microsoft.AspNetCore.Routing.EndpointMiddleware[1]
      Executed endpoint 'HTTP: PUT /api/v1/terminals/{terminalId:guid}/billing/bills/{billId:guid}/split-design/items'
info: Microsoft.AspNetCore.Hosting.Diagnostics[2]
      Request finished HTTP/1.1 PUT https://127.0.0.1:42937/api/v1/terminals/f6424689-bc5d-4ed8-bf5e-62d4f7742d32/billing/bills/deaec818-c6b1-4e66-b74b-b441086a1348/split-design/items?terminalId=f6424689-bc5d-4ed8-bf5e-62d4f7742d32 - 403 - application/json;+charset=utf-8 10.9877ms
info: Microsoft.AspNetCore.Hosting.Diagnostics[1]
      Request starting HTTP/1.1 POST http://127.0.0.1:42937/api/v1/terminals/73fdc273-ace9-47d5-946a-747a9d9e60c5/billing/bills/3c37e72d-dd3e-4ed8-bb55-d4ffb5c5dad6/tenders/?terminalId=73fdc273-ace9-47d5-946a-747a9d9e60c5 - application/json;+charset=utf-8 2
info: Microsoft.AspNetCore.Routing.EndpointMiddleware[0]
      Executing endpoint 'HTTP: POST /api/v1/terminals/{terminalId:guid}/billing/bills/{billId:guid}/tenders/'
info: Microsoft.AspNetCore.Routing.EndpointMiddleware[1]
      Executed endpoint 'HTTP: POST /api/v1/terminals/{terminalId:guid}/billing/bills/{billId:guid}/tenders/'
info: Microsoft.AspNetCore.Hosting.Diagnostics[2]
      Request finished HTTP/1.1 POST https://127.0.0.1:42937/api/v1/terminals/73fdc273-ace9-47d5-946a-747a9d9e60c5/billing/bills/3c37e72d-dd3e-4ed8-bb55-d4ffb5c5dad6/tenders/?terminalId=73fdc273-ace9-47d5-946a-747a9d9e60c5 - 403 - application/json;+charset=utf-8 17.9129ms
info: Microsoft.AspNetCore.Hosting.Diagnostics[1]
      Request starting HTTP/1.1 POST http://127.0.0.1:42937/api/v1/terminals/913324dc-707c-40f3-840d-c9ebb27dba29/billing/bills/3dd5d1e4-09f3-4b9c-a098-78dcfeb43513/tenders/confirmations/52bb83d9-2a1f-49f7-8204-eeb0182595aa/approve?terminalId=913324dc-707c-40f3-840d-c9ebb27dba29 - application/json;+charset=utf-8 2
info: Microsoft.AspNetCore.Routing.EndpointMiddleware[0]
      Executing endpoint 'HTTP: POST /api/v1/terminals/{terminalId:guid}/billing/bills/{billId:guid}/tenders/confirmations/{confirmationId:guid}/approve'
info: Microsoft.AspNetCore.Routing.EndpointMiddleware[1]
      Executed endpoint 'HTTP: POST /api/v1/terminals/{terminalId:guid}/billing/bills/{billId:guid}/tenders/confirmations/{confirmationId:guid}/approve'
info: Microsoft.AspNetCore.Hosting.Diagnostics[2]
      Request finished HTTP/1.1 POST https://127.0.0.1:42937/api/v1/terminals/913324dc-707c-40f3-840d-c9ebb27dba29/billing/bills/3dd5d1e4-09f3-4b9c-a098-78dcfeb43513/tenders/confirmations/52bb83d9-2a1f-49f7-8204-eeb0182595aa/approve?terminalId=913324dc-707c-40f3-840d-c9ebb27dba29 - 403 - application/json;+charset=utf-8 9.9115ms
info: Microsoft.AspNetCore.Hosting.Diagnostics[1]
      Request starting HTTP/1.1 POST http://127.0.0.1:42937/api/v1/terminals/eadec7a6-4c83-4982-ba61-fb680e88dd43/billing/bills/a00d6898-58d3-4416-a7f3-de0c8b35a71f/tenders/confirmations/c708cf31-15fa-45d9-b02c-d7e529f8a5c7/reject?terminalId=eadec7a6-4c83-4982-ba61-fb680e88dd43 - application/json;+charset=utf-8 2
info: Microsoft.AspNetCore.Routing.EndpointMiddleware[0]
      Executing endpoint 'HTTP: POST /api/v1/terminals/{terminalId:guid}/billing/bills/{billId:guid}/tenders/confirmations/{confirmationId:guid}/reject'
info: Microsoft.AspNetCore.Routing.EndpointMiddleware[1]
      Executed endpoint 'HTTP: POST /api/v1/terminals/{terminalId:guid}/billing/bills/{billId:guid}/tenders/confirmations/{confirmationId:guid}/reject'
info: Microsoft.AspNetCore.Hosting.Diagnostics[2]
      Request finished HTTP/1.1 POST https://127.0.0.1:42937/api/v1/terminals/eadec7a6-4c83-4982-ba61-fb680e88dd43/billing/bills/a00d6898-58d3-4416-a7f3-de0c8b35a71f/tenders/confirmations/c708cf31-15fa-45d9-b02c-d7e529f8a5c7/reject?terminalId=eadec7a6-4c83-4982-ba61-fb680e88dd43 - 403 - application/json;+charset=utf-8 8.8667ms
info: Microsoft.AspNetCore.Hosting.Diagnostics[1]
      Request starting HTTP/1.1 POST http://127.0.0.1:42937/api/v1/terminals/d1e2df07-c7ff-41da-8c79-bf66e7593414/billing/bills/f4b45fa7-62c2-4dbc-8d05-d5197d2e297b/tenders/unsettled/4e0763c3-fda7-449d-80af-eeec48cb3b93/card-charged?terminalId=d1e2df07-c7ff-41da-8c79-bf66e7593414 - application/json;+charset=utf-8 2
info: Microsoft.AspNetCore.Routing.EndpointMiddleware[0]
      Executing endpoint 'HTTP: POST /api/v1/terminals/{terminalId:guid}/billing/bills/{billId:guid}/tenders/unsettled/{paymentId:guid}/card-charged'
info: Microsoft.AspNetCore.Routing.EndpointMiddleware[1]
      Executed endpoint 'HTTP: POST /api/v1/terminals/{terminalId:guid}/billing/bills/{billId:guid}/tenders/unsettled/{paymentId:guid}/card-charged'
info: Microsoft.AspNetCore.Hosting.Diagnostics[2]
      Request finished HTTP/1.1 POST https://127.0.0.1:42937/api/v1/terminals/d1e2df07-c7ff-41da-8c79-bf66e7593414/billing/bills/f4b45fa7-62c2-4dbc-8d05-d5197d2e297b/tenders/unsettled/4e0763c3-fda7-449d-80af-eeec48cb3b93/card-charged?terminalId=d1e2df07-c7ff-41da-8c79-bf66e7593414 - 403 - application/json;+charset=utf-8 9.4701ms
info: Microsoft.AspNetCore.Hosting.Diagnostics[1]
      Request starting HTTP/1.1 POST http://127.0.0.1:42937/api/v1/terminals/61bce8ec-6197-4f01-99bd-20e5f3ef373c/billing/bills/04fc3ccb-e926-44ac-8ba0-6ce60ea358de/tenders/unsettled/7fe0879d-8393-483f-a948-553012cc654e/not-charged?terminalId=61bce8ec-6197-4f01-99bd-20e5f3ef373c - application/json;+charset=utf-8 2
info: Microsoft.AspNetCore.Routing.EndpointMiddleware[0]
      Executing endpoint 'HTTP: POST /api/v1/terminals/{terminalId:guid}/billing/bills/{billId:guid}/tenders/unsettled/{paymentId:guid}/not-charged'
info: Microsoft.AspNetCore.Routing.EndpointMiddleware[1]
      Executed endpoint 'HTTP: POST /api/v1/terminals/{terminalId:guid}/billing/bills/{billId:guid}/tenders/unsettled/{paymentId:guid}/not-charged'
info: Microsoft.AspNetCore.Hosting.Diagnostics[2]
      Request finished HTTP/1.1 POST https://127.0.0.1:42937/api/v1/terminals/61bce8ec-6197-4f01-99bd-20e5f3ef373c/billing/bills/04fc3ccb-e926-44ac-8ba0-6ce60ea358de/tenders/unsettled/7fe0879d-8393-483f-a948-553012cc654e/not-charged?terminalId=61bce8ec-6197-4f01-99bd-20e5f3ef373c - 403 - application/json;+charset=utf-8 9.5359ms
info: Microsoft.AspNetCore.Hosting.Diagnostics[1]
      Request starting HTTP/1.1 POST http://127.0.0.1:42937/api/v1/terminals/92c766d5-a626-4ddc-886f-8d8abbd6ffb2/billing/bills/ad06f985-5755-4929-bfb6-2196bed6e64d/tip?terminalId=92c766d5-a626-4ddc-886f-8d8abbd6ffb2 - application/json;+charset=utf-8 2
info: Microsoft.AspNetCore.Routing.EndpointMiddleware[0]
      Executing endpoint 'HTTP: POST /api/v1/terminals/{terminalId:guid}/billing/bills/{billId:guid}/tip'
info: Microsoft.AspNetCore.Http.Result.JsonResult[1]
      Setting HTTP status code 403.
info: Microsoft.AspNetCore.Http.Result.JsonResult[3]
      Writing value of type 'BillingSplitErrorEnvelope' as Json.
info: Microsoft.AspNetCore.Routing.EndpointMiddleware[1]
      Executed endpoint 'HTTP: POST /api/v1/terminals/{terminalId:guid}/billing/bills/{billId:guid}/tip'
info: Microsoft.AspNetCore.Hosting.Diagnostics[2]
      Request finished HTTP/1.1 POST https://127.0.0.1:42937/api/v1/terminals/92c766d5-a626-4ddc-886f-8d8abbd6ffb2/billing/bills/ad06f985-5755-4929-bfb6-2196bed6e64d/tip?terminalId=92c766d5-a626-4ddc-886f-8d8abbd6ffb2 - 403 - application/json;+charset=utf-8 9.3937ms
info: Microsoft.AspNetCore.Hosting.Diagnostics[1]
      Request starting HTTP/1.1 POST http://127.0.0.1:42937/api/v1/terminals/bef3be7e-ecb3-4e26-9bd7-364d76a94a90/cash-sessions/?terminalId=bef3be7e-ecb3-4e26-9bd7-364d76a94a90 - application/json;+charset=utf-8 2
info: Microsoft.AspNetCore.Routing.EndpointMiddleware[0]
      Executing endpoint 'HTTP: POST /api/v1/terminals/{terminalId:guid}/cash-sessions/'
info: Microsoft.AspNetCore.Routing.EndpointMiddleware[1]
      Executed endpoint 'HTTP: POST /api/v1/terminals/{terminalId:guid}/cash-sessions/'
info: Microsoft.AspNetCore.Hosting.Diagnostics[2]
      Request finished HTTP/1.1 POST https://127.0.0.1:42937/api/v1/terminals/bef3be7e-ecb3-4e26-9bd7-364d76a94a90/cash-sessions/?terminalId=bef3be7e-ecb3-4e26-9bd7-364d76a94a90 - 403 - application/json;+charset=utf-8 9.3711ms
info: Microsoft.AspNetCore.Hosting.Diagnostics[1]
      Request starting HTTP/1.1 POST http://127.0.0.1:42937/api/v1/terminals/c86580e7-e086-476e-a6a9-c8bf77154d26/cash-sessions/c5f6ffb4-0120-4c1d-bca5-7a4aecf53baf/cash-movements?terminalId=c86580e7-e086-476e-a6a9-c8bf77154d26 - application/json;+charset=utf-8 2
info: Microsoft.AspNetCore.Routing.EndpointMiddleware[0]
      Executing endpoint 'HTTP: POST /api/v1/terminals/{terminalId:guid}/cash-sessions/{cashSessionId:guid}/cash-movements'
info: Microsoft.AspNetCore.Routing.EndpointMiddleware[1]
      Executed endpoint 'HTTP: POST /api/v1/terminals/{terminalId:guid}/cash-sessions/{cashSessionId:guid}/cash-movements'
info: Microsoft.AspNetCore.Hosting.Diagnostics[2]
      Request finished HTTP/1.1 POST https://127.0.0.1:42937/api/v1/terminals/c86580e7-e086-476e-a6a9-c8bf77154d26/cash-sessions/c5f6ffb4-0120-4c1d-bca5-7a4aecf53baf/cash-movements?terminalId=c86580e7-e086-476e-a6a9-c8bf77154d26 - 403 - application/json;+charset=utf-8 8.5493ms
info: Microsoft.AspNetCore.Hosting.Diagnostics[1]
      Request starting HTTP/1.1 POST http://127.0.0.1:42937/api/v1/terminals/c8ec5613-d672-4df2-a6b8-b6588037410d/cash-sessions/5ecbdbee-64ee-4dc9-8140-b2693367792c/cash-tender?terminalId=c8ec5613-d672-4df2-a6b8-b6588037410d - application/json;+charset=utf-8 2
info: Microsoft.AspNetCore.Routing.EndpointMiddleware[0]
      Executing endpoint 'HTTP: POST /api/v1/terminals/{terminalId:guid}/cash-sessions/{cashSessionId:guid}/cash-tender'
info: Microsoft.AspNetCore.Routing.EndpointMiddleware[1]
      Executed endpoint 'HTTP: POST /api/v1/terminals/{terminalId:guid}/cash-sessions/{cashSessionId:guid}/cash-tender'
info: Microsoft.AspNetCore.Hosting.Diagnostics[2]
      Request finished HTTP/1.1 POST https://127.0.0.1:42937/api/v1/terminals/c8ec5613-d672-4df2-a6b8-b6588037410d/cash-sessions/5ecbdbee-64ee-4dc9-8140-b2693367792c/cash-tender?terminalId=c8ec5613-d672-4df2-a6b8-b6588037410d - 403 - application/json;+charset=utf-8 11.4372ms
info: Microsoft.AspNetCore.Hosting.Diagnostics[1]
      Request starting HTTP/1.1 POST http://127.0.0.1:42937/api/v1/terminals/f41b27cb-0ddd-4440-aab7-75bf7243f29a/cash-sessions/dc4037f8-1a4e-43bf-8b9c-b2e4162bf54f/close?terminalId=f41b27cb-0ddd-4440-aab7-75bf7243f29a - application/json;+charset=utf-8 2
info: Microsoft.AspNetCore.Routing.EndpointMiddleware[0]
      Executing endpoint 'HTTP: POST /api/v1/terminals/{terminalId:guid}/cash-sessions/{cashSessionId:guid}/close'
info: Microsoft.AspNetCore.Routing.EndpointMiddleware[1]
      Executed endpoint 'HTTP: POST /api/v1/terminals/{terminalId:guid}/cash-sessions/{cashSessionId:guid}/close'
info: Microsoft.AspNetCore.Hosting.Diagnostics[2]
      Request finished HTTP/1.1 POST https://127.0.0.1:42937/api/v1/terminals/f41b27cb-0ddd-4440-aab7-75bf7243f29a/cash-sessions/dc4037f8-1a4e-43bf-8b9c-b2e4162bf54f/close?terminalId=f41b27cb-0ddd-4440-aab7-75bf7243f29a - 403 - application/json;+charset=utf-8 9.3732ms
info: Microsoft.AspNetCore.Hosting.Diagnostics[1]
      Request starting HTTP/1.1 POST http://127.0.0.1:42937/api/v1/terminals/0eea292c-e5d1-4ea5-a688-f6fe14e3b867/cash-sessions/a92f1a4d-25c6-42b2-bdd8-849c3c754c62/counts?terminalId=0eea292c-e5d1-4ea5-a688-f6fe14e3b867 - application/json;+charset=utf-8 2
info: Microsoft.AspNetCore.Routing.EndpointMiddleware[0]
      Executing endpoint 'HTTP: POST /api/v1/terminals/{terminalId:guid}/cash-sessions/{cashSessionId:guid}/counts'
info: Microsoft.AspNetCore.Routing.EndpointMiddleware[1]
      Executed endpoint 'HTTP: POST /api/v1/terminals/{terminalId:guid}/cash-sessions/{cashSessionId:guid}/counts'
info: Microsoft.AspNetCore.Hosting.Diagnostics[2]
      Request finished HTTP/1.1 POST https://127.0.0.1:42937/api/v1/terminals/0eea292c-e5d1-4ea5-a688-f6fe14e3b867/cash-sessions/a92f1a4d-25c6-42b2-bdd8-849c3c754c62/counts?terminalId=0eea292c-e5d1-4ea5-a688-f6fe14e3b867 - 403 - application/json;+charset=utf-8 8.0862ms
info: Microsoft.AspNetCore.Hosting.Diagnostics[1]
      Request starting HTTP/1.1 POST http://127.0.0.1:42937/api/v1/terminals/b6a9419f-7d45-441d-b804-7b20553c3c12/cash-sessions/67b0d63b-6131-4909-99ea-3bd8f123e551/reconcile?terminalId=b6a9419f-7d45-441d-b804-7b20553c3c12 - application/json;+charset=utf-8 2
info: Microsoft.AspNetCore.Routing.EndpointMiddleware[0]
      Executing endpoint 'HTTP: POST /api/v1/terminals/{terminalId:guid}/cash-sessions/{cashSessionId:guid}/reconcile'
info: Microsoft.AspNetCore.Routing.EndpointMiddleware[1]
      Executed endpoint 'HTTP: POST /api/v1/terminals/{terminalId:guid}/cash-sessions/{cashSessionId:guid}/reconcile'
info: Microsoft.AspNetCore.Hosting.Diagnostics[2]
      Request finished HTTP/1.1 POST https://127.0.0.1:42937/api/v1/terminals/b6a9419f-7d45-441d-b804-7b20553c3c12/cash-sessions/67b0d63b-6131-4909-99ea-3bd8f123e551/reconcile?terminalId=b6a9419f-7d45-441d-b804-7b20553c3c12 - 403 - application/json;+charset=utf-8 8.1901ms
info: Microsoft.AspNetCore.Hosting.Diagnostics[1]
      Request starting HTTP/1.1 POST http://127.0.0.1:42937/api/v1/terminals/c93f189e-1ec6-428d-a64e-014fbb8e5719/cash-sessions/812675ef-eaa3-4f80-9cc8-9a15cd74d1e9/start-count?terminalId=c93f189e-1ec6-428d-a64e-014fbb8e5719 - application/json;+charset=utf-8 2
info: Microsoft.AspNetCore.Routing.EndpointMiddleware[0]
      Executing endpoint 'HTTP: POST /api/v1/terminals/{terminalId:guid}/cash-sessions/{cashSessionId:guid}/start-count'
info: Microsoft.AspNetCore.Routing.EndpointMiddleware[1]
      Executed endpoint 'HTTP: POST /api/v1/terminals/{terminalId:guid}/cash-sessions/{cashSessionId:guid}/start-count'
info: Microsoft.AspNetCore.Hosting.Diagnostics[2]
      Request finished HTTP/1.1 POST https://127.0.0.1:42937/api/v1/terminals/c93f189e-1ec6-428d-a64e-014fbb8e5719/cash-sessions/812675ef-eaa3-4f80-9cc8-9a15cd74d1e9/start-count?terminalId=c93f189e-1ec6-428d-a64e-014fbb8e5719 - 403 - application/json;+charset=utf-8 7.4057ms
info: Microsoft.AspNetCore.Hosting.Diagnostics[1]
      Request starting HTTP/1.1 POST http://127.0.0.1:42937/api/v1/terminals/ee77deed-d26c-44fc-ae65-343058ac7964/display-sessions/revoke?terminalId=ee77deed-d26c-44fc-ae65-343058ac7964 - application/json;+charset=utf-8 2
info: Microsoft.AspNetCore.Routing.EndpointMiddleware[0]
      Executing endpoint 'HTTP: POST /api/v1/terminals/{terminalId:guid}/display-sessions/revoke'
info: Microsoft.AspNetCore.Http.Result.OkObjectResult[1]
      Setting HTTP status code 200.
info: Microsoft.AspNetCore.Http.Result.OkObjectResult[3]
      Writing value of type '<>f__AnonymousType13`1' as Json.
info: Microsoft.AspNetCore.Routing.EndpointMiddleware[1]
      Executed endpoint 'HTTP: POST /api/v1/terminals/{terminalId:guid}/display-sessions/revoke'
info: Microsoft.AspNetCore.Hosting.Diagnostics[2]
      Request finished HTTP/1.1 POST https://127.0.0.1:42937/api/v1/terminals/ee77deed-d26c-44fc-ae65-343058ac7964/display-sessions/revoke?terminalId=ee77deed-d26c-44fc-ae65-343058ac7964 - 200 - application/json;+charset=utf-8 7.0738ms
info: Microsoft.AspNetCore.Hosting.Diagnostics[1]
      Request starting HTTP/1.1 POST http://127.0.0.1:42937/api/v1/terminals/69d0e9e1-ebba-471d-a172-7d1fbf1f9222/help-requests/?terminalId=69d0e9e1-ebba-471d-a172-7d1fbf1f9222 - application/json;+charset=utf-8 2
info: Microsoft.AspNetCore.Routing.EndpointMiddleware[0]
      Executing endpoint 'HTTP: POST /api/v1/terminals/{terminalId:guid}/help-requests/'
info: Microsoft.AspNetCore.Http.Result.BadRequestObjectResult[1]
      Setting HTTP status code 400.
info: Microsoft.AspNetCore.Http.Result.BadRequestObjectResult[3]
      Writing value of type '<>f__AnonymousType5`1' as Json.
info: Microsoft.AspNetCore.Routing.EndpointMiddleware[1]
      Executed endpoint 'HTTP: POST /api/v1/terminals/{terminalId:guid}/help-requests/'
info: Microsoft.AspNetCore.Hosting.Diagnostics[2]
      Request finished HTTP/1.1 POST https://127.0.0.1:42937/api/v1/terminals/69d0e9e1-ebba-471d-a172-7d1fbf1f9222/help-requests/?terminalId=69d0e9e1-ebba-471d-a172-7d1fbf1f9222 - 400 - application/json;+charset=utf-8 6.4805ms
info: Microsoft.AspNetCore.Hosting.Diagnostics[1]
      Request starting HTTP/1.1 POST http://127.0.0.1:42937/api/v1/terminals/ce78f562-be32-4690-a625-c545b7c7b121/kitchen-operations/deliveries/7c97b8cc-e73c-497c-a822-c9f74395d677/reprint-approval?terminalId=ce78f562-be32-4690-a625-c545b7c7b121 - application/json;+charset=utf-8 2
info: Microsoft.AspNetCore.Routing.EndpointMiddleware[0]
      Executing endpoint 'HTTP: POST /api/v1/terminals/{terminalId:guid}/kitchen-operations/deliveries/{deliveryId:guid}/reprint-approval'
info: Microsoft.AspNetCore.Http.Result.JsonResult[1]
      Setting HTTP status code 403.
info: Microsoft.AspNetCore.Http.Result.JsonResult[3]
      Writing value of type 'KitchenOperationsErrorEnvelopeV1' as Json.
info: Microsoft.AspNetCore.Routing.EndpointMiddleware[1]
      Executed endpoint 'HTTP: POST /api/v1/terminals/{terminalId:guid}/kitchen-operations/deliveries/{deliveryId:guid}/reprint-approval'
info: Microsoft.AspNetCore.Hosting.Diagnostics[2]
      Request finished HTTP/1.1 POST https://127.0.0.1:42937/api/v1/terminals/ce78f562-be32-4690-a625-c545b7c7b121/kitchen-operations/deliveries/7c97b8cc-e73c-497c-a822-c9f74395d677/reprint-approval?terminalId=ce78f562-be32-4690-a625-c545b7c7b121 - 403 - application/json;+charset=utf-8 19.7421ms
info: Microsoft.AspNetCore.Hosting.Diagnostics[1]
      Request starting HTTP/1.1 POST http://127.0.0.1:42937/api/v1/terminals/0f3538d4-2e7b-41a7-960d-6c2c04bdebe4/kitchen-operations/deliveries/d47b2a9c-1cc5-4629-bfd6-c89405f2b4d2/reprint-rejection?terminalId=0f3538d4-2e7b-41a7-960d-6c2c04bdebe4 - application/json;+charset=utf-8 2
info: Microsoft.AspNetCore.Routing.EndpointMiddleware[0]
      Executing endpoint 'HTTP: POST /api/v1/terminals/{terminalId:guid}/kitchen-operations/deliveries/{deliveryId:guid}/reprint-rejection'
info: Microsoft.AspNetCore.Http.Result.JsonResult[1]
      Setting HTTP status code 403.
info: Microsoft.AspNetCore.Http.Result.JsonResult[3]
      Writing value of type 'KitchenOperationsErrorEnvelopeV1' as Json.
info: Microsoft.AspNetCore.Routing.EndpointMiddleware[1]
      Executed endpoint 'HTTP: POST /api/v1/terminals/{terminalId:guid}/kitchen-operations/deliveries/{deliveryId:guid}/reprint-rejection'
info: Microsoft.AspNetCore.Hosting.Diagnostics[2]
      Request finished HTTP/1.1 POST https://127.0.0.1:42937/api/v1/terminals/0f3538d4-2e7b-41a7-960d-6c2c04bdebe4/kitchen-operations/deliveries/d47b2a9c-1cc5-4629-bfd6-c89405f2b4d2/reprint-rejection?terminalId=0f3538d4-2e7b-41a7-960d-6c2c04bdebe4 - 403 - application/json;+charset=utf-8 10.2907ms
info: Microsoft.AspNetCore.Hosting.Diagnostics[1]
      Request starting HTTP/1.1 POST http://127.0.0.1:42937/api/v1/terminals/332b86ad-5ef8-4b0c-b7c9-8169b0c7dfcb/kitchen-operations/operations/backups?terminalId=332b86ad-5ef8-4b0c-b7c9-8169b0c7dfcb - application/json;+charset=utf-8 2
info: Microsoft.AspNetCore.Routing.EndpointMiddleware[0]
      Executing endpoint 'HTTP: POST /api/v1/terminals/{terminalId:guid}/kitchen-operations/operations/backups'
info: Microsoft.AspNetCore.Http.Result.JsonResult[1]
      Setting HTTP status code 403.
info: Microsoft.AspNetCore.Http.Result.JsonResult[3]
      Writing value of type 'KitchenOperationsErrorEnvelopeV1' as Json.
info: Microsoft.AspNetCore.Routing.EndpointMiddleware[1]
      Executed endpoint 'HTTP: POST /api/v1/terminals/{terminalId:guid}/kitchen-operations/operations/backups'
info: Microsoft.AspNetCore.Hosting.Diagnostics[2]
      Request finished HTTP/1.1 POST https://127.0.0.1:42937/api/v1/terminals/332b86ad-5ef8-4b0c-b7c9-8169b0c7dfcb/kitchen-operations/operations/backups?terminalId=332b86ad-5ef8-4b0c-b7c9-8169b0c7dfcb - 403 - application/json;+charset=utf-8 12.5200ms
info: Microsoft.AspNetCore.Hosting.Diagnostics[1]
      Request starting HTTP/1.1 PUT http://127.0.0.1:42937/api/v1/terminals/c7363749-1496-4ce1-99e2-67f438773de2/kitchen-operations/printers/776a58ba-d22f-4b8e-9cbb-992b40477fae?terminalId=c7363749-1496-4ce1-99e2-67f438773de2 - application/json;+charset=utf-8 2
info: Microsoft.AspNetCore.Routing.EndpointMiddleware[0]
      Executing endpoint 'HTTP: PUT /api/v1/terminals/{terminalId:guid}/kitchen-operations/printers/{printerId:guid}'
info: Microsoft.AspNetCore.Http.Result.JsonResult[1]
      Setting HTTP status code 403.
info: Microsoft.AspNetCore.Http.Result.JsonResult[3]
      Writing value of type 'KitchenOperationsErrorEnvelopeV1' as Json.
info: Microsoft.AspNetCore.Routing.EndpointMiddleware[1]
      Executed endpoint 'HTTP: PUT /api/v1/terminals/{terminalId:guid}/kitchen-operations/printers/{printerId:guid}'
info: Microsoft.AspNetCore.Hosting.Diagnostics[2]
      Request finished HTTP/1.1 PUT https://127.0.0.1:42937/api/v1/terminals/c7363749-1496-4ce1-99e2-67f438773de2/kitchen-operations/printers/776a58ba-d22f-4b8e-9cbb-992b40477fae?terminalId=c7363749-1496-4ce1-99e2-67f438773de2 - 403 - application/json;+charset=utf-8 9.6565ms
info: Microsoft.AspNetCore.Hosting.Diagnostics[1]
      Request starting HTTP/1.1 POST http://127.0.0.1:42937/api/v1/terminals/2cd93e80-112f-44bf-8eaf-c75f24ca90cf/kitchen-operations/products/3018ce93-eea2-4c81-b550-1ed3d813e020/suspend?terminalId=2cd93e80-112f-44bf-8eaf-c75f24ca90cf - application/json;+charset=utf-8 2
info: Microsoft.AspNetCore.Routing.EndpointMiddleware[0]
      Executing endpoint 'HTTP: POST /api/v1/terminals/{terminalId:guid}/kitchen-operations/products/{productId:guid}/suspend'
info: Microsoft.AspNetCore.Http.Result.JsonResult[1]
      Setting HTTP status code 403.
info: Microsoft.AspNetCore.Http.Result.JsonResult[3]
      Writing value of type 'KitchenOperationsErrorEnvelopeV1' as Json.
info: Microsoft.AspNetCore.Routing.EndpointMiddleware[1]
      Executed endpoint 'HTTP: POST /api/v1/terminals/{terminalId:guid}/kitchen-operations/products/{productId:guid}/suspend'
info: Microsoft.AspNetCore.Hosting.Diagnostics[2]
      Request finished HTTP/1.1 POST https://127.0.0.1:42937/api/v1/terminals/2cd93e80-112f-44bf-8eaf-c75f24ca90cf/kitchen-operations/products/3018ce93-eea2-4c81-b550-1ed3d813e020/suspend?terminalId=2cd93e80-112f-44bf-8eaf-c75f24ca90cf - 403 - application/json;+charset=utf-8 10.9781ms
info: Microsoft.AspNetCore.Hosting.Diagnostics[1]
      Request starting HTTP/1.1 POST http://127.0.0.1:42937/api/v1/terminals/a45e8b29-2ed9-4a47-abad-e5372f1f1140/kitchen-operations/routes/8617181b-9358-4dfb-a0c9-966c4e12c317?terminalId=a45e8b29-2ed9-4a47-abad-e5372f1f1140 - application/json;+charset=utf-8 2
info: Microsoft.AspNetCore.Routing.EndpointMiddleware[0]
      Executing endpoint 'HTTP: POST /api/v1/terminals/{terminalId:guid}/kitchen-operations/routes/{routeId:guid}'
info: Microsoft.AspNetCore.Http.Result.JsonResult[1]
      Setting HTTP status code 403.
info: Microsoft.AspNetCore.Http.Result.JsonResult[3]
      Writing value of type 'KitchenOperationsErrorEnvelopeV1' as Json.
info: Microsoft.AspNetCore.Routing.EndpointMiddleware[1]
      Executed endpoint 'HTTP: POST /api/v1/terminals/{terminalId:guid}/kitchen-operations/routes/{routeId:guid}'
info: Microsoft.AspNetCore.Hosting.Diagnostics[2]
      Request finished HTTP/1.1 POST https://127.0.0.1:42937/api/v1/terminals/a45e8b29-2ed9-4a47-abad-e5372f1f1140/kitchen-operations/routes/8617181b-9358-4dfb-a0c9-966c4e12c317?terminalId=a45e8b29-2ed9-4a47-abad-e5372f1f1140 - 403 - application/json;+charset=utf-8 11.5177ms
info: Microsoft.AspNetCore.Hosting.Diagnostics[1]
      Request starting HTTP/1.1 PUT http://127.0.0.1:42937/api/v1/terminals/24959915-0637-4ce3-9bdf-13a7c76340a0/kitchen-operations/routes/36aafa6b-f862-496a-b059-91b9a8999a46?terminalId=24959915-0637-4ce3-9bdf-13a7c76340a0 - application/json;+charset=utf-8 2
info: Microsoft.AspNetCore.Routing.EndpointMiddleware[0]
      Executing endpoint 'HTTP: PUT /api/v1/terminals/{terminalId:guid}/kitchen-operations/routes/{routeId:guid}'
info: Microsoft.AspNetCore.Http.Result.JsonResult[1]
      Setting HTTP status code 403.
info: Microsoft.AspNetCore.Http.Result.JsonResult[3]
      Writing value of type 'KitchenOperationsErrorEnvelopeV1' as Json.
info: Microsoft.AspNetCore.Routing.EndpointMiddleware[1]
      Executed endpoint 'HTTP: PUT /api/v1/terminals/{terminalId:guid}/kitchen-operations/routes/{routeId:guid}'
info: Microsoft.AspNetCore.Hosting.Diagnostics[2]
      Request finished HTTP/1.1 PUT https://127.0.0.1:42937/api/v1/terminals/24959915-0637-4ce3-9bdf-13a7c76340a0/kitchen-operations/routes/36aafa6b-f862-496a-b059-91b9a8999a46?terminalId=24959915-0637-4ce3-9bdf-13a7c76340a0 - 403 - application/json;+charset=utf-8 9.1041ms
info: Microsoft.AspNetCore.Hosting.Diagnostics[1]
      Request starting HTTP/1.1 POST http://127.0.0.1:42937/api/v1/terminals/d229b1a6-a1de-469b-9e4a-83ff0be939c4/kitchen-operations/tickets/c20f62de-638c-4bc5-b2ea-7eb283ead01c/items/66d1f857-cd45-4795-b67a-2d662eb38d3b/transition?terminalId=d229b1a6-a1de-469b-9e4a-83ff0be939c4 - application/json;+charset=utf-8 2
info: Microsoft.AspNetCore.Routing.EndpointMiddleware[0]
      Executing endpoint 'HTTP: POST /api/v1/terminals/{terminalId:guid}/kitchen-operations/tickets/{ticketId:guid}/items/{itemId:guid}/transition'
info: Microsoft.AspNetCore.Http.Result.JsonResult[1]
      Setting HTTP status code 403.
info: Microsoft.AspNetCore.Http.Result.JsonResult[3]
      Writing value of type 'KitchenOperationsErrorEnvelopeV1' as Json.
info: Microsoft.AspNetCore.Routing.EndpointMiddleware[1]
      Executed endpoint 'HTTP: POST /api/v1/terminals/{terminalId:guid}/kitchen-operations/tickets/{ticketId:guid}/items/{itemId:guid}/transition'
info: Microsoft.AspNetCore.Hosting.Diagnostics[2]
      Request finished HTTP/1.1 POST https://127.0.0.1:42937/api/v1/terminals/d229b1a6-a1de-469b-9e4a-83ff0be939c4/kitchen-operations/tickets/c20f62de-638c-4bc5-b2ea-7eb283ead01c/items/66d1f857-cd45-4795-b67a-2d662eb38d3b/transition?terminalId=d229b1a6-a1de-469b-9e4a-83ff0be939c4 - 403 - application/json;+charset=utf-8 10.7230ms
info: Microsoft.AspNetCore.Hosting.Diagnostics[1]
      Request starting HTTP/1.1 POST http://127.0.0.1:42937/api/v1/terminals/eae32220-0c07-4901-8364-0254102283ea/kitchen-operations/tickets/e66294fe-a0a0-43df-aa41-472f1f7741d0/items/76617d9c-989e-4a6b-bf9d-c3d7773d580f/undo?terminalId=eae32220-0c07-4901-8364-0254102283ea - application/json;+charset=utf-8 2
info: Microsoft.AspNetCore.Routing.EndpointMiddleware[0]
      Executing endpoint 'HTTP: POST /api/v1/terminals/{terminalId:guid}/kitchen-operations/tickets/{ticketId:guid}/items/{itemId:guid}/undo'
info: Microsoft.AspNetCore.Http.Result.JsonResult[1]
      Setting HTTP status code 403.
info: Microsoft.AspNetCore.Http.Result.JsonResult[3]
      Writing value of type 'KitchenOperationsErrorEnvelopeV1' as Json.
info: Microsoft.AspNetCore.Routing.EndpointMiddleware[1]
      Executed endpoint 'HTTP: POST /api/v1/terminals/{terminalId:guid}/kitchen-operations/tickets/{ticketId:guid}/items/{itemId:guid}/undo'
info: Microsoft.AspNetCore.Hosting.Diagnostics[2]
      Request finished HTTP/1.1 POST https://127.0.0.1:42937/api/v1/terminals/eae32220-0c07-4901-8364-0254102283ea/kitchen-operations/tickets/e66294fe-a0a0-43df-aa41-472f1f7741d0/items/76617d9c-989e-4a6b-bf9d-c3d7773d580f/undo?terminalId=eae32220-0c07-4901-8364-0254102283ea - 403 - application/json;+charset=utf-8 13.1489ms
info: Microsoft.AspNetCore.Hosting.Diagnostics[1]
      Request starting HTTP/1.1 POST http://127.0.0.1:42937/api/v1/terminals/6650470d-c78e-418c-81bb-63c582d72718/kitchen-operations/tickets/2a132233-043d-485d-b6da-baf959a3590d/transition?terminalId=6650470d-c78e-418c-81bb-63c582d72718 - application/json;+charset=utf-8 2
info: Microsoft.AspNetCore.Routing.EndpointMiddleware[0]
      Executing endpoint 'HTTP: POST /api/v1/terminals/{terminalId:guid}/kitchen-operations/tickets/{ticketId:guid}/transition'
info: Microsoft.AspNetCore.Http.Result.JsonResult[1]
      Setting HTTP status code 403.
info: Microsoft.AspNetCore.Http.Result.JsonResult[3]
      Writing value of type 'KitchenOperationsErrorEnvelopeV1' as Json.
info: Microsoft.AspNetCore.Routing.EndpointMiddleware[1]
      Executed endpoint 'HTTP: POST /api/v1/terminals/{terminalId:guid}/kitchen-operations/tickets/{ticketId:guid}/transition'
info: Microsoft.AspNetCore.Hosting.Diagnostics[2]
      Request finished HTTP/1.1 POST https://127.0.0.1:42937/api/v1/terminals/6650470d-c78e-418c-81bb-63c582d72718/kitchen-operations/tickets/2a132233-043d-485d-b6da-baf959a3590d/transition?terminalId=6650470d-c78e-418c-81bb-63c582d72718 - 403 - application/json;+charset=utf-8 9.3971ms
info: Microsoft.AspNetCore.Hosting.Diagnostics[1]
      Request starting HTTP/1.1 POST http://127.0.0.1:42937/api/v1/terminals/a10b044c-9be1-49af-b31e-c91de758385e/offline-reconciliation/?terminalId=a10b044c-9be1-49af-b31e-c91de758385e - application/json;+charset=utf-8 2
info: Microsoft.AspNetCore.Routing.EndpointMiddleware[0]
      Executing endpoint 'HTTP: POST /api/v1/terminals/{terminalId:guid}/offline-reconciliation/'
info: Microsoft.AspNetCore.Http.Result.JsonResult[1]
      Setting HTTP status code 404.
info: Microsoft.AspNetCore.Http.Result.JsonResult[3]
      Writing value of type 'OfflineReconciliationErrorV1' as Json.
info: Microsoft.AspNetCore.Routing.EndpointMiddleware[1]
      Executed endpoint 'HTTP: POST /api/v1/terminals/{terminalId:guid}/offline-reconciliation/'
info: Microsoft.AspNetCore.Hosting.Diagnostics[2]
      Request finished HTTP/1.1 POST https://127.0.0.1:42937/api/v1/terminals/a10b044c-9be1-49af-b31e-c91de758385e/offline-reconciliation/?terminalId=a10b044c-9be1-49af-b31e-c91de758385e - 404 - application/json;+charset=utf-8 20.8269ms
info: Microsoft.AspNetCore.Hosting.Diagnostics[1]
      Request starting HTTP/1.1 PUT http://127.0.0.1:42937/api/v1/terminals/b4557bb4-bf23-4278-922e-3c0911278732/online-menu/probe/mappings/6e0f6405-cdf1-46dd-93d8-1d090e5224b6?terminalId=b4557bb4-bf23-4278-922e-3c0911278732 - application/json;+charset=utf-8 2
info: Microsoft.AspNetCore.Routing.EndpointMiddleware[0]
      Executing endpoint 'HTTP: PUT /api/v1/terminals/{terminalId:guid}/online-menu/{provider}/mappings/{productId:guid}'
info: Microsoft.AspNetCore.Http.Result.JsonResult[1]
      Setting HTTP status code 403.
info: Microsoft.AspNetCore.Http.Result.JsonResult[3]
      Writing value of type '<>f__AnonymousType5`1' as Json.
info: Microsoft.AspNetCore.Routing.EndpointMiddleware[1]
      Executed endpoint 'HTTP: PUT /api/v1/terminals/{terminalId:guid}/online-menu/{provider}/mappings/{productId:guid}'
info: Microsoft.AspNetCore.Hosting.Diagnostics[2]
      Request finished HTTP/1.1 PUT https://127.0.0.1:42937/api/v1/terminals/b4557bb4-bf23-4278-922e-3c0911278732/online-menu/probe/mappings/6e0f6405-cdf1-46dd-93d8-1d090e5224b6?terminalId=b4557bb4-bf23-4278-922e-3c0911278732 - 403 - application/json;+charset=utf-8 19.5578ms
info: Microsoft.AspNetCore.Hosting.Diagnostics[1]
      Request starting HTTP/1.1 DELETE http://127.0.0.1:42937/api/v1/terminals/dfc1f519-2751-4caa-bbe5-3807ab8e6439/online-menu/probe/mappings/84ce0c17-fd5b-4e43-9e17-41de57f5ba4f?terminalId=dfc1f519-2751-4caa-bbe5-3807ab8e6439 - application/json;+charset=utf-8 2
info: Microsoft.AspNetCore.Routing.EndpointMiddleware[0]
      Executing endpoint 'HTTP: DELETE /api/v1/terminals/{terminalId:guid}/online-menu/{provider}/mappings/{productId:guid}'
info: Microsoft.AspNetCore.Http.Result.JsonResult[1]
      Setting HTTP status code 403.
info: Microsoft.AspNetCore.Http.Result.JsonResult[3]
      Writing value of type '<>f__AnonymousType5`1' as Json.
info: Microsoft.AspNetCore.Routing.EndpointMiddleware[1]
      Executed endpoint 'HTTP: DELETE /api/v1/terminals/{terminalId:guid}/online-menu/{provider}/mappings/{productId:guid}'
info: Microsoft.AspNetCore.Hosting.Diagnostics[2]
      Request finished HTTP/1.1 DELETE https://127.0.0.1:42937/api/v1/terminals/dfc1f519-2751-4caa-bbe5-3807ab8e6439/online-menu/probe/mappings/84ce0c17-fd5b-4e43-9e17-41de57f5ba4f?terminalId=dfc1f519-2751-4caa-bbe5-3807ab8e6439 - 403 - application/json;+charset=utf-8 8.5740ms
info: Microsoft.AspNetCore.Hosting.Diagnostics[1]
      Request starting HTTP/1.1 POST http://127.0.0.1:42937/api/v1/terminals/5bba436e-84a4-47c0-a622-f8fa84f19fd0/online-operations/orders/3ae2eb1b-1d5d-4f9d-8c13-19f1027febe4/cancel?terminalId=5bba436e-84a4-47c0-a622-f8fa84f19fd0 - application/json;+charset=utf-8 2
info: Microsoft.AspNetCore.Routing.EndpointMiddleware[0]
      Executing endpoint 'HTTP: POST /api/v1/terminals/{terminalId:guid}/online-operations/orders/{orderId:guid}/cancel'
info: Microsoft.AspNetCore.Http.Result.JsonResult[1]
      Setting HTTP status code 403.
info: Microsoft.AspNetCore.Http.Result.JsonResult[3]
      Writing value of type '<>f__AnonymousType5`1' as Json.
info: Microsoft.AspNetCore.Routing.EndpointMiddleware[1]
      Executed endpoint 'HTTP: POST /api/v1/terminals/{terminalId:guid}/online-operations/orders/{orderId:guid}/cancel'
info: Microsoft.AspNetCore.Hosting.Diagnostics[2]
      Request finished HTTP/1.1 POST https://127.0.0.1:42937/api/v1/terminals/5bba436e-84a4-47c0-a622-f8fa84f19fd0/online-operations/orders/3ae2eb1b-1d5d-4f9d-8c13-19f1027febe4/cancel?terminalId=5bba436e-84a4-47c0-a622-f8fa84f19fd0 - 403 - application/json;+charset=utf-8 13.1930ms
info: Microsoft.AspNetCore.Hosting.Diagnostics[1]
      Request starting HTTP/1.1 POST http://127.0.0.1:42937/api/v1/terminals/6f1ec45a-a432-4c90-afc4-2d00ce39d073/online-operations/orders/841f8055-2eed-46b3-892d-4cfa5f39af15/hand-over?terminalId=6f1ec45a-a432-4c90-afc4-2d00ce39d073 - application/json;+charset=utf-8 2
info: Microsoft.AspNetCore.Routing.EndpointMiddleware[0]
      Executing endpoint 'HTTP: POST /api/v1/terminals/{terminalId:guid}/online-operations/orders/{orderId:guid}/hand-over'
info: Microsoft.AspNetCore.Http.Result.JsonResult[1]
      Setting HTTP status code 403.
info: Microsoft.AspNetCore.Http.Result.JsonResult[3]
      Writing value of type '<>f__AnonymousType5`1' as Json.
info: Microsoft.AspNetCore.Routing.EndpointMiddleware[1]
      Executed endpoint 'HTTP: POST /api/v1/terminals/{terminalId:guid}/online-operations/orders/{orderId:guid}/hand-over'
info: Microsoft.AspNetCore.Hosting.Diagnostics[2]
      Request finished HTTP/1.1 POST https://127.0.0.1:42937/api/v1/terminals/6f1ec45a-a432-4c90-afc4-2d00ce39d073/online-operations/orders/841f8055-2eed-46b3-892d-4cfa5f39af15/hand-over?terminalId=6f1ec45a-a432-4c90-afc4-2d00ce39d073 - 403 - application/json;+charset=utf-8 9.4286ms
info: Microsoft.AspNetCore.Hosting.Diagnostics[1]
      Request starting HTTP/1.1 POST http://127.0.0.1:42937/api/v1/terminals/2ecf012f-3794-4bd1-9ed9-3066b3aef3c9/online-ordering/catalog-publications/?terminalId=2ecf012f-3794-4bd1-9ed9-3066b3aef3c9 - application/json;+charset=utf-8 2
info: Microsoft.AspNetCore.Routing.EndpointMiddleware[0]
      Executing endpoint 'HTTP: POST /api/v1/terminals/{terminalId:guid}/online-ordering/catalog-publications/'
info: Microsoft.AspNetCore.Http.Result.JsonResult[1]
      Setting HTTP status code 403.
info: Microsoft.AspNetCore.Http.Result.JsonResult[3]
      Writing value of type '<>f__AnonymousType5`1' as Json.
info: Microsoft.AspNetCore.Routing.EndpointMiddleware[1]
      Executed endpoint 'HTTP: POST /api/v1/terminals/{terminalId:guid}/online-ordering/catalog-publications/'
info: Microsoft.AspNetCore.Hosting.Diagnostics[2]
      Request finished HTTP/1.1 POST https://127.0.0.1:42937/api/v1/terminals/2ecf012f-3794-4bd1-9ed9-3066b3aef3c9/online-ordering/catalog-publications/?terminalId=2ecf012f-3794-4bd1-9ed9-3066b3aef3c9 - 403 - application/json;+charset=utf-8 14.8821ms
info: Microsoft.AspNetCore.Hosting.Diagnostics[1]
      Request starting HTTP/1.1 PUT http://127.0.0.1:42937/api/v1/terminals/0ec9b116-66d2-4169-98cf-4a86753903d7/online-platform-credentials/probe?terminalId=0ec9b116-66d2-4169-98cf-4a86753903d7 - application/json;+charset=utf-8 2
info: Microsoft.AspNetCore.Routing.EndpointMiddleware[0]
      Executing endpoint 'HTTP: PUT /api/v1/terminals/{terminalId:guid}/online-platform-credentials/{provider}'
info: Microsoft.AspNetCore.Http.Result.JsonResult[1]
      Setting HTTP status code 403.
info: Microsoft.AspNetCore.Http.Result.JsonResult[3]
      Writing value of type '<>f__AnonymousType5`1' as Json.
info: Microsoft.AspNetCore.Routing.EndpointMiddleware[1]
      Executed endpoint 'HTTP: PUT /api/v1/terminals/{terminalId:guid}/online-platform-credentials/{provider}'
info: Microsoft.AspNetCore.Hosting.Diagnostics[2]
      Request finished HTTP/1.1 PUT https://127.0.0.1:42937/api/v1/terminals/0ec9b116-66d2-4169-98cf-4a86753903d7/online-platform-credentials/probe?terminalId=0ec9b116-66d2-4169-98cf-4a86753903d7 - 403 - application/json;+charset=utf-8 15.0270ms
info: Microsoft.AspNetCore.Hosting.Diagnostics[1]
      Request starting HTTP/1.1 POST http://127.0.0.1:42937/api/v1/terminals/37772728-76ba-4993-9a9a-7f1d7bb96190/online-problems/d5f37607-9896-4e4c-aace-599d11e0982e/resolve?terminalId=37772728-76ba-4993-9a9a-7f1d7bb96190 - application/json;+charset=utf-8 2
info: Microsoft.AspNetCore.Routing.EndpointMiddleware[0]
      Executing endpoint 'HTTP: POST /api/v1/terminals/{terminalId:guid}/online-problems/{caseId:guid}/resolve'
info: Microsoft.AspNetCore.Http.Result.JsonResult[1]
      Setting HTTP status code 403.
info: Microsoft.AspNetCore.Http.Result.JsonResult[3]
      Writing value of type '<>f__AnonymousType5`1' as Json.
info: Microsoft.AspNetCore.Routing.EndpointMiddleware[1]
      Executed endpoint 'HTTP: POST /api/v1/terminals/{terminalId:guid}/online-problems/{caseId:guid}/resolve'
info: Microsoft.AspNetCore.Hosting.Diagnostics[2]
      Request finished HTTP/1.1 POST https://127.0.0.1:42937/api/v1/terminals/37772728-76ba-4993-9a9a-7f1d7bb96190/online-problems/d5f37607-9896-4e4c-aace-599d11e0982e/resolve?terminalId=37772728-76ba-4993-9a9a-7f1d7bb96190 - 403 - application/json;+charset=utf-8 10.7086ms
info: Microsoft.AspNetCore.Hosting.Diagnostics[1]
      Request starting HTTP/1.1 POST http://127.0.0.1:42937/api/v1/terminals/e5097b3b-88e4-4691-8724-5b167261a209/online-problems/e6bf7bf6-f7a9-45f4-950f-68cfed7c906c/retry?terminalId=e5097b3b-88e4-4691-8724-5b167261a209 - application/json;+charset=utf-8 2
info: Microsoft.AspNetCore.Routing.EndpointMiddleware[0]
      Executing endpoint 'HTTP: POST /api/v1/terminals/{terminalId:guid}/online-problems/{caseId:guid}/retry'
info: Microsoft.AspNetCore.Http.Result.JsonResult[1]
      Setting HTTP status code 403.
info: Microsoft.AspNetCore.Http.Result.JsonResult[3]
      Writing value of type '<>f__AnonymousType5`1' as Json.
info: Microsoft.AspNetCore.Routing.EndpointMiddleware[1]
      Executed endpoint 'HTTP: POST /api/v1/terminals/{terminalId:guid}/online-problems/{caseId:guid}/retry'
info: Microsoft.AspNetCore.Hosting.Diagnostics[2]
      Request finished HTTP/1.1 POST https://127.0.0.1:42937/api/v1/terminals/e5097b3b-88e4-4691-8724-5b167261a209/online-problems/e6bf7bf6-f7a9-45f4-950f-68cfed7c906c/retry?terminalId=e5097b3b-88e4-4691-8724-5b167261a209 - 403 - application/json;+charset=utf-8 8.2466ms
info: Microsoft.AspNetCore.Hosting.Diagnostics[1]
      Request starting HTTP/1.1 PUT http://127.0.0.1:42937/api/v1/terminals/abc8da2c-1469-46a7-8f64-c52ac5990d94/online-store-status/probe?terminalId=abc8da2c-1469-46a7-8f64-c52ac5990d94 - application/json;+charset=utf-8 2
info: Microsoft.AspNetCore.Routing.EndpointMiddleware[0]
      Executing endpoint 'HTTP: PUT /api/v1/terminals/{terminalId:guid}/online-store-status/{provider}'
info: Microsoft.AspNetCore.Http.Result.JsonResult[1]
      Setting HTTP status code 403.
info: Microsoft.AspNetCore.Http.Result.JsonResult[3]
      Writing value of type '<>f__AnonymousType5`1' as Json.
info: Microsoft.AspNetCore.Routing.EndpointMiddleware[1]
      Executed endpoint 'HTTP: PUT /api/v1/terminals/{terminalId:guid}/online-store-status/{provider}'
info: Microsoft.AspNetCore.Hosting.Diagnostics[2]
      Request finished HTTP/1.1 PUT https://127.0.0.1:42937/api/v1/terminals/abc8da2c-1469-46a7-8f64-c52ac5990d94/online-store-status/probe?terminalId=abc8da2c-1469-46a7-8f64-c52ac5990d94 - 403 - application/json;+charset=utf-8 12.3419ms
info: Microsoft.AspNetCore.Hosting.Diagnostics[1]
      Request starting HTTP/1.1 POST http://127.0.0.1:42937/api/v1/terminals/7c6c29dc-d9ac-4d5e-9d55-eb15f1bdc95b/orders?terminalId=7c6c29dc-d9ac-4d5e-9d55-eb15f1bdc95b - application/json;+charset=utf-8 2
info: Microsoft.AspNetCore.Routing.EndpointMiddleware[0]
      Executing endpoint 'HTTP: POST /api/v1/terminals/{terminalId:guid}/orders'
info: Microsoft.AspNetCore.Routing.EndpointMiddleware[1]
      Executed endpoint 'HTTP: POST /api/v1/terminals/{terminalId:guid}/orders'
info: Microsoft.AspNetCore.Hosting.Diagnostics[2]
      Request finished HTTP/1.1 POST https://127.0.0.1:42937/api/v1/terminals/7c6c29dc-d9ac-4d5e-9d55-eb15f1bdc95b/orders?terminalId=7c6c29dc-d9ac-4d5e-9d55-eb15f1bdc95b - 403 - application/json;+charset=utf-8 8.4493ms
info: Microsoft.AspNetCore.Hosting.Diagnostics[1]
      Request starting HTTP/1.1 POST http://127.0.0.1:42937/api/v1/terminals/8c912703-cda8-4554-af34-5a94f9cc0c8f/orders/handoff-note/pop?terminalId=8c912703-cda8-4554-af34-5a94f9cc0c8f - application/json;+charset=utf-8 2
info: Microsoft.AspNetCore.Routing.EndpointMiddleware[0]
      Executing endpoint 'HTTP: POST /api/v1/terminals/{terminalId:guid}/orders/handoff-note/pop'
info: Microsoft.AspNetCore.Http.Result.NoContentResult[1]
      Setting HTTP status code 204.
info: Microsoft.AspNetCore.Routing.EndpointMiddleware[1]
      Executed endpoint 'HTTP: POST /api/v1/terminals/{terminalId:guid}/orders/handoff-note/pop'
info: Microsoft.AspNetCore.Hosting.Diagnostics[2]
      Request finished HTTP/1.1 POST https://127.0.0.1:42937/api/v1/terminals/8c912703-cda8-4554-af34-5a94f9cc0c8f/orders/handoff-note/pop?terminalId=8c912703-cda8-4554-af34-5a94f9cc0c8f - 204 - - 46.2820ms
info: Microsoft.AspNetCore.Hosting.Diagnostics[1]
      Request starting HTTP/1.1 POST http://127.0.0.1:42937/api/v1/terminals/d6dadd8b-0652-4ff7-9598-6b038d177e19/orders/table?terminalId=d6dadd8b-0652-4ff7-9598-6b038d177e19 - application/json;+charset=utf-8 2
info: Microsoft.AspNetCore.Routing.EndpointMiddleware[0]
      Executing endpoint 'HTTP: POST /api/v1/terminals/{terminalId:guid}/orders/table'
info: Microsoft.AspNetCore.Routing.EndpointMiddleware[1]
      Executed endpoint 'HTTP: POST /api/v1/terminals/{terminalId:guid}/orders/table'
info: Microsoft.AspNetCore.Hosting.Diagnostics[2]
      Request finished HTTP/1.1 POST https://127.0.0.1:42937/api/v1/terminals/d6dadd8b-0652-4ff7-9598-6b038d177e19/orders/table?terminalId=d6dadd8b-0652-4ff7-9598-6b038d177e19 - 403 - application/json;+charset=utf-8 10.6615ms
info: Microsoft.AspNetCore.Hosting.Diagnostics[1]
      Request starting HTTP/1.1 POST http://127.0.0.1:42937/api/v1/terminals/9afdfb3c-be2d-4f41-b397-23a146d84e6e/orders/table-draft?terminalId=9afdfb3c-be2d-4f41-b397-23a146d84e6e - application/json;+charset=utf-8 2
info: Microsoft.AspNetCore.Routing.EndpointMiddleware[0]
      Executing endpoint 'HTTP: POST /api/v1/terminals/{terminalId:guid}/orders/table-draft'
info: Microsoft.AspNetCore.Http.Result.JsonResult[1]
      Setting HTTP status code 403.
info: Microsoft.AspNetCore.Http.Result.JsonResult[3]
      Writing value of type '<>f__AnonymousType5`1' as Json.
info: Microsoft.AspNetCore.Routing.EndpointMiddleware[1]
      Executed endpoint 'HTTP: POST /api/v1/terminals/{terminalId:guid}/orders/table-draft'
info: Microsoft.AspNetCore.Hosting.Diagnostics[2]
      Request finished HTTP/1.1 POST https://127.0.0.1:42937/api/v1/terminals/9afdfb3c-be2d-4f41-b397-23a146d84e6e/orders/table-draft?terminalId=9afdfb3c-be2d-4f41-b397-23a146d84e6e - 403 - application/json;+charset=utf-8 13.8246ms
info: Microsoft.AspNetCore.Hosting.Diagnostics[1]
      Request starting HTTP/1.1 POST http://127.0.0.1:42937/api/v1/terminals/d463fa46-096f-4446-8378-422b0b78bc49/orders/transfer-server?terminalId=d463fa46-096f-4446-8378-422b0b78bc49 - application/json;+charset=utf-8 2
info: Microsoft.AspNetCore.Routing.EndpointMiddleware[0]
      Executing endpoint 'HTTP: POST /api/v1/terminals/{terminalId:guid}/orders/transfer-server'
info: Microsoft.AspNetCore.Http.Result.JsonResult[1]
      Setting HTTP status code 403.
info: Microsoft.AspNetCore.Http.Result.JsonResult[3]
      Writing value of type '<>f__AnonymousType5`1' as Json.
info: Microsoft.AspNetCore.Routing.EndpointMiddleware[1]
      Executed endpoint 'HTTP: POST /api/v1/terminals/{terminalId:guid}/orders/transfer-server'
info: Microsoft.AspNetCore.Hosting.Diagnostics[2]
      Request finished HTTP/1.1 POST https://127.0.0.1:42937/api/v1/terminals/d463fa46-096f-4446-8378-422b0b78bc49/orders/transfer-server?terminalId=d463fa46-096f-4446-8378-422b0b78bc49 - 403 - application/json;+charset=utf-8 9.4763ms
info: Microsoft.AspNetCore.Hosting.Diagnostics[1]
      Request starting HTTP/1.1 POST http://127.0.0.1:42937/api/v1/terminals/dbb85808-e9f6-426e-98cd-5f41f1e488eb/orders/f37c415b-ea4e-4b76-a46b-20620d904ee3/accept?terminalId=dbb85808-e9f6-426e-98cd-5f41f1e488eb - application/json;+charset=utf-8 2
info: Microsoft.AspNetCore.Routing.EndpointMiddleware[0]
      Executing endpoint 'HTTP: POST /api/v1/terminals/{terminalId:guid}/orders/{orderId:guid}/accept'
info: Microsoft.AspNetCore.Http.Result.JsonResult[1]
      Setting HTTP status code 403.
info: Microsoft.AspNetCore.Http.Result.JsonResult[3]
      Writing value of type '<>f__AnonymousType5`1' as Json.
info: Microsoft.AspNetCore.Routing.EndpointMiddleware[1]
      Executed endpoint 'HTTP: POST /api/v1/terminals/{terminalId:guid}/orders/{orderId:guid}/accept'
info: Microsoft.AspNetCore.Hosting.Diagnostics[2]
      Request finished HTTP/1.1 POST https://127.0.0.1:42937/api/v1/terminals/dbb85808-e9f6-426e-98cd-5f41f1e488eb/orders/f37c415b-ea4e-4b76-a46b-20620d904ee3/accept?terminalId=dbb85808-e9f6-426e-98cd-5f41f1e488eb - 403 - application/json;+charset=utf-8 8.2924ms
info: Microsoft.AspNetCore.Hosting.Diagnostics[1]
      Request starting HTTP/1.1 POST http://127.0.0.1:42937/api/v1/terminals/1345e86f-4d6a-4d73-99d0-3b66c739a913/orders/1cbe9558-1a55-4199-807e-beef20f585b9/fire-course?terminalId=1345e86f-4d6a-4d73-99d0-3b66c739a913 - application/json;+charset=utf-8 2
info: Microsoft.AspNetCore.Routing.EndpointMiddleware[0]
      Executing endpoint 'HTTP: POST /api/v1/terminals/{terminalId:guid}/orders/{orderId:guid}/fire-course'
info: Microsoft.AspNetCore.Http.Result.JsonResult[1]
      Setting HTTP status code 403.
info: Microsoft.AspNetCore.Http.Result.JsonResult[3]
      Writing value of type '<>f__AnonymousType5`1' as Json.
info: Microsoft.AspNetCore.Routing.EndpointMiddleware[1]
      Executed endpoint 'HTTP: POST /api/v1/terminals/{terminalId:guid}/orders/{orderId:guid}/fire-course'
info: Microsoft.AspNetCore.Hosting.Diagnostics[2]
      Request finished HTTP/1.1 POST https://127.0.0.1:42937/api/v1/terminals/1345e86f-4d6a-4d73-99d0-3b66c739a913/orders/1cbe9558-1a55-4199-807e-beef20f585b9/fire-course?terminalId=1345e86f-4d6a-4d73-99d0-3b66c739a913 - 403 - application/json;+charset=utf-8 15.0762ms
info: Microsoft.AspNetCore.Hosting.Diagnostics[1]
      Request starting HTTP/1.1 POST http://127.0.0.1:42937/api/v1/terminals/f26efc3f-a1a8-4c52-b882-75b32f5db124/orders/74613aa8-640a-43fe-a326-8c0ef4334e93/items?terminalId=f26efc3f-a1a8-4c52-b882-75b32f5db124 - application/json;+charset=utf-8 2
info: Microsoft.AspNetCore.Routing.EndpointMiddleware[0]
      Executing endpoint 'HTTP: POST /api/v1/terminals/{terminalId:guid}/orders/{orderId:guid}/items'
info: Microsoft.AspNetCore.Routing.EndpointMiddleware[1]
      Executed endpoint 'HTTP: POST /api/v1/terminals/{terminalId:guid}/orders/{orderId:guid}/items'
info: Microsoft.AspNetCore.Hosting.Diagnostics[2]
      Request finished HTTP/1.1 POST https://127.0.0.1:42937/api/v1/terminals/f26efc3f-a1a8-4c52-b882-75b32f5db124/orders/74613aa8-640a-43fe-a326-8c0ef4334e93/items?terminalId=f26efc3f-a1a8-4c52-b882-75b32f5db124 - 403 - application/json;+charset=utf-8 10.5364ms
info: Microsoft.AspNetCore.Hosting.Diagnostics[1]
      Request starting HTTP/1.1 PATCH http://127.0.0.1:42937/api/v1/terminals/79c22f0c-1475-43bd-978f-6463e7a67f1a/orders/042f25c2-0e3d-4679-9767-e2b763d4a66e/items/c17aac94-9346-4871-9436-f2771b0e2aca?terminalId=79c22f0c-1475-43bd-978f-6463e7a67f1a - application/json;+charset=utf-8 2
info: Microsoft.AspNetCore.Routing.EndpointMiddleware[0]
      Executing endpoint 'HTTP: PATCH /api/v1/terminals/{terminalId:guid}/orders/{orderId:guid}/items/{itemId:guid}'
info: Microsoft.AspNetCore.Routing.EndpointMiddleware[1]
      Executed endpoint 'HTTP: PATCH /api/v1/terminals/{terminalId:guid}/orders/{orderId:guid}/items/{itemId:guid}'
info: Microsoft.AspNetCore.Hosting.Diagnostics[2]
      Request finished HTTP/1.1 PATCH https://127.0.0.1:42937/api/v1/terminals/79c22f0c-1475-43bd-978f-6463e7a67f1a/orders/042f25c2-0e3d-4679-9767-e2b763d4a66e/items/c17aac94-9346-4871-9436-f2771b0e2aca?terminalId=79c22f0c-1475-43bd-978f-6463e7a67f1a - 403 - application/json;+charset=utf-8 9.9468ms
info: Microsoft.AspNetCore.Hosting.Diagnostics[1]
      Request starting HTTP/1.1 DELETE http://127.0.0.1:42937/api/v1/terminals/459d045b-0fc1-4f41-82cd-a4d3a7183d8d/orders/f4037026-3e1b-4866-b658-d5377edcdba1/items/a160d7c9-5b5e-4234-9eea-99a24af81064?terminalId=459d045b-0fc1-4f41-82cd-a4d3a7183d8d - application/json;+charset=utf-8 2
info: Microsoft.AspNetCore.Routing.EndpointMiddleware[0]
      Executing endpoint 'HTTP: DELETE /api/v1/terminals/{terminalId:guid}/orders/{orderId:guid}/items/{itemId:guid}'
info: Microsoft.AspNetCore.Routing.EndpointMiddleware[1]
      Executed endpoint 'HTTP: DELETE /api/v1/terminals/{terminalId:guid}/orders/{orderId:guid}/items/{itemId:guid}'
info: Microsoft.AspNetCore.Hosting.Diagnostics[2]
      Request finished HTTP/1.1 DELETE https://127.0.0.1:42937/api/v1/terminals/459d045b-0fc1-4f41-82cd-a4d3a7183d8d/orders/f4037026-3e1b-4866-b658-d5377edcdba1/items/a160d7c9-5b5e-4234-9eea-99a24af81064?terminalId=459d045b-0fc1-4f41-82cd-a4d3a7183d8d - 400 0 - 0.9297ms
info: Microsoft.AspNetCore.Hosting.Diagnostics[1]
      Request starting HTTP/1.1 POST http://127.0.0.1:42937/api/v1/terminals/977741cc-ce7d-4aec-94da-678fea13ecb8/orders/5f2dc074-5218-44d2-bd2d-0eb6639cbccc/items/229d4dbf-51fc-453b-b339-5a233b63c620/comp?terminalId=977741cc-ce7d-4aec-94da-678fea13ecb8 - application/json;+charset=utf-8 2
info: Microsoft.AspNetCore.Routing.EndpointMiddleware[0]
      Executing endpoint 'HTTP: POST /api/v1/terminals/{terminalId:guid}/orders/{orderId:guid}/items/{itemId:guid}/comp'
info: Microsoft.AspNetCore.Http.Result.JsonResult[1]
      Setting HTTP status code 400.
info: Microsoft.AspNetCore.Http.Result.JsonResult[3]
      Writing value of type '<>f__AnonymousType5`1' as Json.
info: Microsoft.AspNetCore.Routing.EndpointMiddleware[1]
      Executed endpoint 'HTTP: POST /api/v1/terminals/{terminalId:guid}/orders/{orderId:guid}/items/{itemId:guid}/comp'
info: Microsoft.AspNetCore.Hosting.Diagnostics[2]
      Request finished HTTP/1.1 POST https://127.0.0.1:42937/api/v1/terminals/977741cc-ce7d-4aec-94da-678fea13ecb8/orders/5f2dc074-5218-44d2-bd2d-0eb6639cbccc/items/229d4dbf-51fc-453b-b339-5a233b63c620/comp?terminalId=977741cc-ce7d-4aec-94da-678fea13ecb8 - 400 - application/json;+charset=utf-8 9.4330ms
info: Microsoft.AspNetCore.Hosting.Diagnostics[1]
      Request starting HTTP/1.1 POST http://127.0.0.1:42937/api/v1/terminals/68991ebf-4615-451a-ad58-99c68ca86321/orders/aee516dd-92e9-4509-a0e1-0c31606427fd/items/09f67aa5-1adf-4853-b4c6-ac67687ff50a/void?terminalId=68991ebf-4615-451a-ad58-99c68ca86321 - application/json;+charset=utf-8 2
info: Microsoft.AspNetCore.Routing.EndpointMiddleware[0]
      Executing endpoint 'HTTP: POST /api/v1/terminals/{terminalId:guid}/orders/{orderId:guid}/items/{itemId:guid}/void'
info: Microsoft.AspNetCore.Http.Result.JsonResult[1]
      Setting HTTP status code 403.
info: Microsoft.AspNetCore.Http.Result.JsonResult[3]
      Writing value of type '<>f__AnonymousType5`1' as Json.
info: Microsoft.AspNetCore.Routing.EndpointMiddleware[1]
      Executed endpoint 'HTTP: POST /api/v1/terminals/{terminalId:guid}/orders/{orderId:guid}/items/{itemId:guid}/void'
info: Microsoft.AspNetCore.Hosting.Diagnostics[2]
      Request finished HTTP/1.1 POST https://127.0.0.1:42937/api/v1/terminals/68991ebf-4615-451a-ad58-99c68ca86321/orders/aee516dd-92e9-4509-a0e1-0c31606427fd/items/09f67aa5-1adf-4853-b4c6-ac67687ff50a/void?terminalId=68991ebf-4615-451a-ad58-99c68ca86321 - 403 - application/json;+charset=utf-8 12.8381ms
info: Microsoft.AspNetCore.Hosting.Diagnostics[1]
      Request starting HTTP/1.1 POST http://127.0.0.1:42937/api/v1/terminals/bb133819-fedc-4bed-9d73-208854bdac88/orders/37b4b105-2224-48ef-b341-726a8937405f/items/b0955cdc-ffa5-40c1-a080-d78106b77d2a/void-sent?terminalId=bb133819-fedc-4bed-9d73-208854bdac88 - application/json;+charset=utf-8 2
info: Microsoft.AspNetCore.Routing.EndpointMiddleware[0]
      Executing endpoint 'HTTP: POST /api/v1/terminals/{terminalId:guid}/orders/{orderId:guid}/items/{itemId:guid}/void-sent'
info: Microsoft.AspNetCore.Http.Result.JsonResult[1]
      Setting HTTP status code 400.
info: Microsoft.AspNetCore.Http.Result.JsonResult[3]
      Writing value of type '<>f__AnonymousType5`1' as Json.
info: Microsoft.AspNetCore.Routing.EndpointMiddleware[1]
      Executed endpoint 'HTTP: POST /api/v1/terminals/{terminalId:guid}/orders/{orderId:guid}/items/{itemId:guid}/void-sent'
info: Microsoft.AspNetCore.Hosting.Diagnostics[2]
      Request finished HTTP/1.1 POST https://127.0.0.1:42937/api/v1/terminals/bb133819-fedc-4bed-9d73-208854bdac88/orders/37b4b105-2224-48ef-b341-726a8937405f/items/b0955cdc-ffa5-40c1-a080-d78106b77d2a/void-sent?terminalId=bb133819-fedc-4bed-9d73-208854bdac88 - 400 - application/json;+charset=utf-8 9.1066ms
info: Microsoft.AspNetCore.Hosting.Diagnostics[1]
      Request starting HTTP/1.1 POST http://127.0.0.1:42937/api/v1/terminals/6c54147a-979c-4660-80fd-299bff0ee855/orders/0ba90228-b286-4074-8352-3b1bf224cbe9/recall-from-cashier?terminalId=6c54147a-979c-4660-80fd-299bff0ee855 - application/json;+charset=utf-8 2
info: Microsoft.AspNetCore.Routing.EndpointMiddleware[0]
      Executing endpoint 'HTTP: POST /api/v1/terminals/{terminalId:guid}/orders/{orderId:guid}/recall-from-cashier'
info: Microsoft.AspNetCore.Http.Result.JsonResult[1]
      Setting HTTP status code 403.
info: Microsoft.AspNetCore.Http.Result.JsonResult[3]
      Writing value of type '<>f__AnonymousType5`1' as Json.
info: Microsoft.AspNetCore.Routing.EndpointMiddleware[1]
      Executed endpoint 'HTTP: POST /api/v1/terminals/{terminalId:guid}/orders/{orderId:guid}/recall-from-cashier'
info: Microsoft.AspNetCore.Hosting.Diagnostics[2]
      Request finished HTTP/1.1 POST https://127.0.0.1:42937/api/v1/terminals/6c54147a-979c-4660-80fd-299bff0ee855/orders/0ba90228-b286-4074-8352-3b1bf224cbe9/recall-from-cashier?terminalId=6c54147a-979c-4660-80fd-299bff0ee855 - 403 - application/json;+charset=utf-8 11.3205ms
info: Microsoft.AspNetCore.Hosting.Diagnostics[1]
      Request starting HTTP/1.1 POST http://127.0.0.1:42937/api/v1/terminals/0846d128-3107-4832-b0cd-dea69df494f2/orders/cfeea535-571f-49bc-9f56-407399ecd054/reject?terminalId=0846d128-3107-4832-b0cd-dea69df494f2 - application/json;+charset=utf-8 2
info: Microsoft.AspNetCore.Routing.EndpointMiddleware[0]
      Executing endpoint 'HTTP: POST /api/v1/terminals/{terminalId:guid}/orders/{orderId:guid}/reject'
info: Microsoft.AspNetCore.Http.Result.JsonResult[1]
      Setting HTTP status code 403.
info: Microsoft.AspNetCore.Http.Result.JsonResult[3]
      Writing value of type '<>f__AnonymousType5`1' as Json.
info: Microsoft.AspNetCore.Routing.EndpointMiddleware[1]
      Executed endpoint 'HTTP: POST /api/v1/terminals/{terminalId:guid}/orders/{orderId:guid}/reject'
info: Microsoft.AspNetCore.Hosting.Diagnostics[2]
      Request finished HTTP/1.1 POST https://127.0.0.1:42937/api/v1/terminals/0846d128-3107-4832-b0cd-dea69df494f2/orders/cfeea535-571f-49bc-9f56-407399ecd054/reject?terminalId=0846d128-3107-4832-b0cd-dea69df494f2 - 403 - application/json;+charset=utf-8 7.5182ms
info: Microsoft.AspNetCore.Hosting.Diagnostics[1]
      Request starting HTTP/1.1 POST http://127.0.0.1:42937/api/v1/terminals/d900809f-328c-47c6-935f-27b417c83b32/orders/c91fba63-cb05-4209-b8ec-6b2150315fd1/send-to-cashier?terminalId=d900809f-328c-47c6-935f-27b417c83b32 - application/json;+charset=utf-8 2
info: Microsoft.AspNetCore.Routing.EndpointMiddleware[0]
      Executing endpoint 'HTTP: POST /api/v1/terminals/{terminalId:guid}/orders/{orderId:guid}/send-to-cashier'
info: Microsoft.AspNetCore.Http.Result.JsonResult[1]
      Setting HTTP status code 403.
info: Microsoft.AspNetCore.Http.Result.JsonResult[3]
      Writing value of type '<>f__AnonymousType5`1' as Json.
info: Microsoft.AspNetCore.Routing.EndpointMiddleware[1]
      Executed endpoint 'HTTP: POST /api/v1/terminals/{terminalId:guid}/orders/{orderId:guid}/send-to-cashier'
info: Microsoft.AspNetCore.Hosting.Diagnostics[2]
      Request finished HTTP/1.1 POST https://127.0.0.1:42937/api/v1/terminals/d900809f-328c-47c6-935f-27b417c83b32/orders/c91fba63-cb05-4209-b8ec-6b2150315fd1/send-to-cashier?terminalId=d900809f-328c-47c6-935f-27b417c83b32 - 403 - application/json;+charset=utf-8 7.3622ms
info: Microsoft.AspNetCore.Hosting.Diagnostics[1]
      Request starting HTTP/1.1 POST http://127.0.0.1:42937/api/v1/terminals/074ac2a8-72f8-4e0c-ab28-144b9cf599e8/orders/6dc79045-36e3-4115-91e6-12ef0f2a6614/submit?terminalId=074ac2a8-72f8-4e0c-ab28-144b9cf599e8 - application/json;+charset=utf-8 2
info: Microsoft.AspNetCore.Routing.EndpointMiddleware[0]
      Executing endpoint 'HTTP: POST /api/v1/terminals/{terminalId:guid}/orders/{orderId:guid}/submit'
info: Microsoft.AspNetCore.Routing.EndpointMiddleware[1]
      Executed endpoint 'HTTP: POST /api/v1/terminals/{terminalId:guid}/orders/{orderId:guid}/submit'
info: Microsoft.AspNetCore.Hosting.Diagnostics[2]
      Request finished HTTP/1.1 POST https://127.0.0.1:42937/api/v1/terminals/074ac2a8-72f8-4e0c-ab28-144b9cf599e8/orders/6dc79045-36e3-4115-91e6-12ef0f2a6614/submit?terminalId=074ac2a8-72f8-4e0c-ab28-144b9cf599e8 - 403 - application/json;+charset=utf-8 7.6608ms
info: Microsoft.AspNetCore.Hosting.Diagnostics[1]
      Request starting HTTP/1.1 POST http://127.0.0.1:42937/api/v1/terminals/fcd270d8-3f88-4651-9e26-87a73424b4ae/orders/f688291e-bdfd-4f86-9153-47a885d3bce4/submit-draft?terminalId=fcd270d8-3f88-4651-9e26-87a73424b4ae - application/json;+charset=utf-8 2
info: Microsoft.AspNetCore.Routing.EndpointMiddleware[0]
      Executing endpoint 'HTTP: POST /api/v1/terminals/{terminalId:guid}/orders/{orderId:guid}/submit-draft'
info: Microsoft.AspNetCore.Http.Result.JsonResult[1]
      Setting HTTP status code 403.
info: Microsoft.AspNetCore.Http.Result.JsonResult[3]
      Writing value of type '<>f__AnonymousType5`1' as Json.
info: Microsoft.AspNetCore.Routing.EndpointMiddleware[1]
      Executed endpoint 'HTTP: POST /api/v1/terminals/{terminalId:guid}/orders/{orderId:guid}/submit-draft'
info: Microsoft.AspNetCore.Hosting.Diagnostics[2]
      Request finished HTTP/1.1 POST https://127.0.0.1:42937/api/v1/terminals/fcd270d8-3f88-4651-9e26-87a73424b4ae/orders/f688291e-bdfd-4f86-9153-47a885d3bce4/submit-draft?terminalId=fcd270d8-3f88-4651-9e26-87a73424b4ae - 403 - application/json;+charset=utf-8 10.8876ms
info: Microsoft.AspNetCore.Hosting.Diagnostics[1]
      Request starting HTTP/1.1 POST http://127.0.0.1:42937/api/v1/terminals/bffc8ea9-2d85-461f-b828-04703873320b/pairings/approve?terminalId=bffc8ea9-2d85-461f-b828-04703873320b - application/json;+charset=utf-8 2
info: Microsoft.AspNetCore.Routing.EndpointMiddleware[0]
      Executing endpoint 'HTTP: POST /api/v1/terminals/{terminalId:guid}/pairings/approve'
info: Microsoft.AspNetCore.Routing.EndpointMiddleware[1]
      Executed endpoint 'HTTP: POST /api/v1/terminals/{terminalId:guid}/pairings/approve'
info: Microsoft.AspNetCore.Hosting.Diagnostics[2]
      Request finished HTTP/1.1 POST https://127.0.0.1:42937/api/v1/terminals/bffc8ea9-2d85-461f-b828-04703873320b/pairings/approve?terminalId=bffc8ea9-2d85-461f-b828-04703873320b - 400 - application/json;+charset=utf-8 6.8390ms
info: Microsoft.AspNetCore.Hosting.Diagnostics[1]
      Request starting HTTP/1.1 POST http://127.0.0.1:42937/api/v1/terminals/b7ccd786-63c9-4c74-87a7-85128bec1313/push/subscriptions?terminalId=b7ccd786-63c9-4c74-87a7-85128bec1313 - application/json;+charset=utf-8 2
info: Microsoft.AspNetCore.Routing.EndpointMiddleware[0]
      Executing endpoint 'HTTP: POST /api/v1/terminals/{terminalId:guid}/push/subscriptions'
info: Microsoft.AspNetCore.Http.Result.BadRequestObjectResult[1]
      Setting HTTP status code 400.
info: Microsoft.AspNetCore.Http.Result.BadRequestObjectResult[3]
      Writing value of type '<>f__AnonymousType5`1' as Json.
info: Microsoft.AspNetCore.Routing.EndpointMiddleware[1]
      Executed endpoint 'HTTP: POST /api/v1/terminals/{terminalId:guid}/push/subscriptions'
info: Microsoft.AspNetCore.Hosting.Diagnostics[2]
      Request finished HTTP/1.1 POST https://127.0.0.1:42937/api/v1/terminals/b7ccd786-63c9-4c74-87a7-85128bec1313/push/subscriptions?terminalId=b7ccd786-63c9-4c74-87a7-85128bec1313 - 400 - application/json;+charset=utf-8 5.7250ms
info: Microsoft.AspNetCore.Hosting.Diagnostics[1]
      Request starting HTTP/1.1 DELETE http://127.0.0.1:42937/api/v1/terminals/b5f847eb-58b0-44c9-81d7-912cd67a7c76/push/subscriptions?terminalId=b5f847eb-58b0-44c9-81d7-912cd67a7c76 - application/json;+charset=utf-8 2
info: Microsoft.AspNetCore.Routing.EndpointMiddleware[0]
      Executing endpoint 'HTTP: DELETE /api/v1/terminals/{terminalId:guid}/push/subscriptions'
info: Microsoft.AspNetCore.Routing.EndpointMiddleware[1]
      Executed endpoint 'HTTP: DELETE /api/v1/terminals/{terminalId:guid}/push/subscriptions'
info: Microsoft.AspNetCore.Hosting.Diagnostics[2]
      Request finished HTTP/1.1 DELETE https://127.0.0.1:42937/api/v1/terminals/b5f847eb-58b0-44c9-81d7-912cd67a7c76/push/subscriptions?terminalId=b5f847eb-58b0-44c9-81d7-912cd67a7c76 - 400 0 - 2.1440ms
info: Microsoft.AspNetCore.Hosting.Diagnostics[1]
      Request starting HTTP/1.1 POST http://127.0.0.1:42937/api/v1/terminals/eeeac00a-d981-4e0b-99b9-c30f6bece16f/qnb-credential/?terminalId=eeeac00a-d981-4e0b-99b9-c30f6bece16f - application/json;+charset=utf-8 2
info: Microsoft.AspNetCore.Routing.EndpointMiddleware[0]
      Executing endpoint 'HTTP: POST /api/v1/terminals/{terminalId:guid}/qnb-credential/'
info: Microsoft.AspNetCore.Http.Result.JsonResult[1]
      Setting HTTP status code 403.
info: Microsoft.AspNetCore.Http.Result.JsonResult[3]
      Writing value of type '<>f__AnonymousType5`1' as Json.
info: Microsoft.AspNetCore.Routing.EndpointMiddleware[1]
      Executed endpoint 'HTTP: POST /api/v1/terminals/{terminalId:guid}/qnb-credential/'
info: Microsoft.AspNetCore.Hosting.Diagnostics[2]
      Request finished HTTP/1.1 POST https://127.0.0.1:42937/api/v1/terminals/eeeac00a-d981-4e0b-99b9-c30f6bece16f/qnb-credential/?terminalId=eeeac00a-d981-4e0b-99b9-c30f6bece16f - 403 - application/json;+charset=utf-8 13.7450ms
info: Microsoft.AspNetCore.Hosting.Diagnostics[1]
      Request starting HTTP/1.1 POST http://127.0.0.1:42937/api/v1/terminals/492a4438-fb93-43dd-a09e-94d1fc6fd7d7/qnb-credential/test-connection?terminalId=492a4438-fb93-43dd-a09e-94d1fc6fd7d7 - application/json;+charset=utf-8 2
info: Microsoft.AspNetCore.Routing.EndpointMiddleware[0]
      Executing endpoint 'HTTP: POST /api/v1/terminals/{terminalId:guid}/qnb-credential/test-connection'
info: Microsoft.AspNetCore.Http.Result.JsonResult[1]
      Setting HTTP status code 403.
info: Microsoft.AspNetCore.Http.Result.JsonResult[3]
      Writing value of type '<>f__AnonymousType5`1' as Json.
info: Microsoft.AspNetCore.Routing.EndpointMiddleware[1]
      Executed endpoint 'HTTP: POST /api/v1/terminals/{terminalId:guid}/qnb-credential/test-connection'
info: Microsoft.AspNetCore.Hosting.Diagnostics[2]
      Request finished HTTP/1.1 POST https://127.0.0.1:42937/api/v1/terminals/492a4438-fb93-43dd-a09e-94d1fc6fd7d7/qnb-credential/test-connection?terminalId=492a4438-fb93-43dd-a09e-94d1fc6fd7d7 - 403 - application/json;+charset=utf-8 8.4509ms
info: Microsoft.AspNetCore.Hosting.Diagnostics[1]
      Request starting HTTP/1.1 POST http://127.0.0.1:42937/api/v1/terminals/6655680b-71b6-45df-81db-d56b304c0571/relay-credential/?terminalId=6655680b-71b6-45df-81db-d56b304c0571 - application/json;+charset=utf-8 2
info: Microsoft.AspNetCore.Routing.EndpointMiddleware[0]
      Executing endpoint 'HTTP: POST /api/v1/terminals/{terminalId:guid}/relay-credential/'
info: Microsoft.AspNetCore.Http.Result.JsonResult[1]
      Setting HTTP status code 403.
info: Microsoft.AspNetCore.Http.Result.JsonResult[3]
      Writing value of type '<>f__AnonymousType5`1' as Json.
info: Microsoft.AspNetCore.Routing.EndpointMiddleware[1]
      Executed endpoint 'HTTP: POST /api/v1/terminals/{terminalId:guid}/relay-credential/'
info: Microsoft.AspNetCore.Hosting.Diagnostics[2]
      Request finished HTTP/1.1 POST https://127.0.0.1:42937/api/v1/terminals/6655680b-71b6-45df-81db-d56b304c0571/relay-credential/?terminalId=6655680b-71b6-45df-81db-d56b304c0571 - 403 - application/json;+charset=utf-8 12.0752ms
info: Microsoft.AspNetCore.Hosting.Diagnostics[1]
      Request starting HTTP/1.1 POST http://127.0.0.1:42937/api/v1/terminals/039aa688-cf6c-4ab3-9275-4db64fae1d82/relay-credential/provision?terminalId=039aa688-cf6c-4ab3-9275-4db64fae1d82 - application/json;+charset=utf-8 2
info: Microsoft.AspNetCore.Routing.EndpointMiddleware[0]
      Executing endpoint 'HTTP: POST /api/v1/terminals/{terminalId:guid}/relay-credential/provision'
info: Microsoft.AspNetCore.Http.Result.JsonResult[1]
      Setting HTTP status code 403.
info: Microsoft.AspNetCore.Http.Result.JsonResult[3]
      Writing value of type '<>f__AnonymousType5`1' as Json.
info: Microsoft.AspNetCore.Routing.EndpointMiddleware[1]
      Executed endpoint 'HTTP: POST /api/v1/terminals/{terminalId:guid}/relay-credential/provision'
info: Microsoft.AspNetCore.Hosting.Diagnostics[2]
      Request finished HTTP/1.1 POST https://127.0.0.1:42937/api/v1/terminals/039aa688-cf6c-4ab3-9275-4db64fae1d82/relay-credential/provision?terminalId=039aa688-cf6c-4ab3-9275-4db64fae1d82 - 403 - application/json;+charset=utf-8 10.4576ms
info: Microsoft.AspNetCore.Hosting.Diagnostics[1]
      Request starting HTTP/1.1 PUT http://127.0.0.1:42937/api/v1/terminals/d379e635-0dda-4b78-95e3-9b8edea8742b/table-management/floor-plans/08504405-1d67-4d54-b773-884489568b8c?terminalId=d379e635-0dda-4b78-95e3-9b8edea8742b - application/json;+charset=utf-8 2
info: Microsoft.AspNetCore.Routing.EndpointMiddleware[0]
      Executing endpoint 'HTTP: PUT /api/v1/terminals/{terminalId:guid}/table-management/floor-plans/{zoneId:guid}'
info: Microsoft.AspNetCore.Http.Result.JsonResult[1]
      Setting HTTP status code 403.
info: Microsoft.AspNetCore.Http.Result.JsonResult[3]
      Writing value of type 'TableManagementErrorEnvelope' as Json.
info: Microsoft.AspNetCore.Routing.EndpointMiddleware[1]
      Executed endpoint 'HTTP: PUT /api/v1/terminals/{terminalId:guid}/table-management/floor-plans/{zoneId:guid}'
info: Microsoft.AspNetCore.Hosting.Diagnostics[2]
      Request finished HTTP/1.1 PUT https://127.0.0.1:42937/api/v1/terminals/d379e635-0dda-4b78-95e3-9b8edea8742b/table-management/floor-plans/08504405-1d67-4d54-b773-884489568b8c?terminalId=d379e635-0dda-4b78-95e3-9b8edea8742b - 403 - application/json;+charset=utf-8 19.2113ms
info: Microsoft.AspNetCore.Hosting.Diagnostics[1]
      Request starting HTTP/1.1 POST http://127.0.0.1:42937/api/v1/terminals/ee83116a-3a90-4089-80d4-fc6ac1335d45/table-management/merges?terminalId=ee83116a-3a90-4089-80d4-fc6ac1335d45 - application/json;+charset=utf-8 2
info: Microsoft.AspNetCore.Routing.EndpointMiddleware[0]
      Executing endpoint 'HTTP: POST /api/v1/terminals/{terminalId:guid}/table-management/merges'
info: Microsoft.AspNetCore.Http.Result.JsonResult[1]
      Setting HTTP status code 403.
info: Microsoft.AspNetCore.Http.Result.JsonResult[3]
      Writing value of type 'TableManagementErrorEnvelope' as Json.
info: Microsoft.AspNetCore.Routing.EndpointMiddleware[1]
      Executed endpoint 'HTTP: POST /api/v1/terminals/{terminalId:guid}/table-management/merges'
info: Microsoft.AspNetCore.Hosting.Diagnostics[2]
      Request finished HTTP/1.1 POST https://127.0.0.1:42937/api/v1/terminals/ee83116a-3a90-4089-80d4-fc6ac1335d45/table-management/merges?terminalId=ee83116a-3a90-4089-80d4-fc6ac1335d45 - 403 - application/json;+charset=utf-8 11.7249ms
info: Microsoft.AspNetCore.Hosting.Diagnostics[1]
      Request starting HTTP/1.1 POST http://127.0.0.1:42937/api/v1/terminals/e8b70f0a-2400-4e59-af28-1b38978f2966/table-management/merges/87f8f359-bfb7-409d-b521-4f337d146ec3/unmerge?terminalId=e8b70f0a-2400-4e59-af28-1b38978f2966 - application/json;+charset=utf-8 2
info: Microsoft.AspNetCore.Routing.EndpointMiddleware[0]
      Executing endpoint 'HTTP: POST /api/v1/terminals/{terminalId:guid}/table-management/merges/{mergeGroupId:guid}/unmerge'
info: Microsoft.AspNetCore.Http.Result.JsonResult[1]
      Setting HTTP status code 403.
info: Microsoft.AspNetCore.Http.Result.JsonResult[3]
      Writing value of type 'TableManagementErrorEnvelope' as Json.
info: Microsoft.AspNetCore.Routing.EndpointMiddleware[1]
      Executed endpoint 'HTTP: POST /api/v1/terminals/{terminalId:guid}/table-management/merges/{mergeGroupId:guid}/unmerge'
info: Microsoft.AspNetCore.Hosting.Diagnostics[2]
      Request finished HTTP/1.1 POST https://127.0.0.1:42937/api/v1/terminals/e8b70f0a-2400-4e59-af28-1b38978f2966/table-management/merges/87f8f359-bfb7-409d-b521-4f337d146ec3/unmerge?terminalId=e8b70f0a-2400-4e59-af28-1b38978f2966 - 403 - application/json;+charset=utf-8 9.0344ms
info: Microsoft.AspNetCore.Hosting.Diagnostics[1]
      Request starting HTTP/1.1 POST http://127.0.0.1:42937/api/v1/terminals/e2a61203-c56f-412f-9121-e9f5103afb3e/table-management/reservations?terminalId=e2a61203-c56f-412f-9121-e9f5103afb3e - application/json;+charset=utf-8 2
info: Microsoft.AspNetCore.Routing.EndpointMiddleware[0]
      Executing endpoint 'HTTP: POST /api/v1/terminals/{terminalId:guid}/table-management/reservations'
info: Microsoft.AspNetCore.Http.Result.JsonResult[1]
      Setting HTTP status code 403.
info: Microsoft.AspNetCore.Http.Result.JsonResult[3]
      Writing value of type 'TableManagementErrorEnvelope' as Json.
info: Microsoft.AspNetCore.Routing.EndpointMiddleware[1]
      Executed endpoint 'HTTP: POST /api/v1/terminals/{terminalId:guid}/table-management/reservations'
info: Microsoft.AspNetCore.Hosting.Diagnostics[2]
      Request finished HTTP/1.1 POST https://127.0.0.1:42937/api/v1/terminals/e2a61203-c56f-412f-9121-e9f5103afb3e/table-management/reservations?terminalId=e2a61203-c56f-412f-9121-e9f5103afb3e - 403 - application/json;+charset=utf-8 9.9837ms
info: Microsoft.AspNetCore.Hosting.Diagnostics[1]
      Request starting HTTP/1.1 POST http://127.0.0.1:42937/api/v1/terminals/5d6a4dc1-add1-4a9e-bc56-3adbebf8fad0/table-management/reservations/dd431a53-4290-4491-b9fa-d503b38d5374/cancel?terminalId=5d6a4dc1-add1-4a9e-bc56-3adbebf8fad0 - application/json;+charset=utf-8 2
info: Microsoft.AspNetCore.Routing.EndpointMiddleware[0]
      Executing endpoint 'HTTP: POST /api/v1/terminals/{terminalId:guid}/table-management/reservations/{reservationId:guid}/cancel'
info: Microsoft.AspNetCore.Http.Result.JsonResult[1]
      Setting HTTP status code 403.
info: Microsoft.AspNetCore.Http.Result.JsonResult[3]
      Writing value of type 'TableManagementErrorEnvelope' as Json.
info: Microsoft.AspNetCore.Routing.EndpointMiddleware[1]
      Executed endpoint 'HTTP: POST /api/v1/terminals/{terminalId:guid}/table-management/reservations/{reservationId:guid}/cancel'
info: Microsoft.AspNetCore.Hosting.Diagnostics[2]
      Request finished HTTP/1.1 POST https://127.0.0.1:42937/api/v1/terminals/5d6a4dc1-add1-4a9e-bc56-3adbebf8fad0/table-management/reservations/dd431a53-4290-4491-b9fa-d503b38d5374/cancel?terminalId=5d6a4dc1-add1-4a9e-bc56-3adbebf8fad0 - 403 - application/json;+charset=utf-8 33.6500ms
info: Microsoft.AspNetCore.Hosting.Diagnostics[1]
      Request starting HTTP/1.1 POST http://127.0.0.1:42937/api/v1/terminals/6a048446-40d5-41fd-a562-f36d852b73d3/table-management/reservations/52fed059-7adc-4250-90c9-eb6ab8e5a8d8/claim?terminalId=6a048446-40d5-41fd-a562-f36d852b73d3 - application/json;+charset=utf-8 2
info: Microsoft.AspNetCore.Routing.EndpointMiddleware[0]
      Executing endpoint 'HTTP: POST /api/v1/terminals/{terminalId:guid}/table-management/reservations/{reservationId:guid}/claim'
info: Microsoft.AspNetCore.Http.Result.JsonResult[1]
      Setting HTTP status code 403.
info: Microsoft.AspNetCore.Http.Result.JsonResult[3]
      Writing value of type 'TableManagementErrorEnvelope' as Json.
info: Microsoft.AspNetCore.Routing.EndpointMiddleware[1]
      Executed endpoint 'HTTP: POST /api/v1/terminals/{terminalId:guid}/table-management/reservations/{reservationId:guid}/claim'
info: Microsoft.AspNetCore.Hosting.Diagnostics[2]
      Request finished HTTP/1.1 POST https://127.0.0.1:42937/api/v1/terminals/6a048446-40d5-41fd-a562-f36d852b73d3/table-management/reservations/52fed059-7adc-4250-90c9-eb6ab8e5a8d8/claim?terminalId=6a048446-40d5-41fd-a562-f36d852b73d3 - 403 - application/json;+charset=utf-8 12.1132ms
info: Microsoft.AspNetCore.Hosting.Diagnostics[1]
      Request starting HTTP/1.1 POST http://127.0.0.1:42937/api/v1/terminals/fb257e7e-472c-4056-a3c8-7c3c0134fdf2/table-management/reservations/0c2c5ddb-149e-4c83-9c93-dbb64e9cf565/expire?terminalId=fb257e7e-472c-4056-a3c8-7c3c0134fdf2 - application/json;+charset=utf-8 2
info: Microsoft.AspNetCore.Routing.EndpointMiddleware[0]
      Executing endpoint 'HTTP: POST /api/v1/terminals/{terminalId:guid}/table-management/reservations/{reservationId:guid}/expire'
info: Microsoft.AspNetCore.Http.Result.JsonResult[1]
      Setting HTTP status code 403.
info: Microsoft.AspNetCore.Http.Result.JsonResult[3]
      Writing value of type 'TableManagementErrorEnvelope' as Json.
info: Microsoft.AspNetCore.Routing.EndpointMiddleware[1]
      Executed endpoint 'HTTP: POST /api/v1/terminals/{terminalId:guid}/table-management/reservations/{reservationId:guid}/expire'
info: Microsoft.AspNetCore.Hosting.Diagnostics[2]
      Request finished HTTP/1.1 POST https://127.0.0.1:42937/api/v1/terminals/fb257e7e-472c-4056-a3c8-7c3c0134fdf2/table-management/reservations/0c2c5ddb-149e-4c83-9c93-dbb64e9cf565/expire?terminalId=fb257e7e-472c-4056-a3c8-7c3c0134fdf2 - 403 - application/json;+charset=utf-8 9.4149ms
info: Microsoft.AspNetCore.Hosting.Diagnostics[1]
      Request starting HTTP/1.1 POST http://127.0.0.1:42937/api/v1/terminals/1469d139-09ee-49b2-91e4-38a853134f06/table-management/tables?terminalId=1469d139-09ee-49b2-91e4-38a853134f06 - application/json;+charset=utf-8 2
info: Microsoft.AspNetCore.Routing.EndpointMiddleware[0]
      Executing endpoint 'HTTP: POST /api/v1/terminals/{terminalId:guid}/table-management/tables'
info: Microsoft.AspNetCore.Http.Result.JsonResult[1]
      Setting HTTP status code 403.
info: Microsoft.AspNetCore.Http.Result.JsonResult[3]
      Writing value of type 'TableManagementErrorEnvelope' as Json.
info: Microsoft.AspNetCore.Routing.EndpointMiddleware[1]
      Executed endpoint 'HTTP: POST /api/v1/terminals/{terminalId:guid}/table-management/tables'
info: Microsoft.AspNetCore.Hosting.Diagnostics[2]
      Request finished HTTP/1.1 POST https://127.0.0.1:42937/api/v1/terminals/1469d139-09ee-49b2-91e4-38a853134f06/table-management/tables?terminalId=1469d139-09ee-49b2-91e4-38a853134f06 - 403 - application/json;+charset=utf-8 8.2435ms
info: Microsoft.AspNetCore.Hosting.Diagnostics[1]
      Request starting HTTP/1.1 PUT http://127.0.0.1:42937/api/v1/terminals/85a492fe-0b64-40ea-823e-98576bb5dbdd/table-management/tables/2f1a7ffd-b6ed-4e82-bdbc-874750dde912?terminalId=85a492fe-0b64-40ea-823e-98576bb5dbdd - application/json;+charset=utf-8 2
info: Microsoft.AspNetCore.Routing.EndpointMiddleware[0]
      Executing endpoint 'HTTP: PUT /api/v1/terminals/{terminalId:guid}/table-management/tables/{tableId:guid}'
info: Microsoft.AspNetCore.Http.Result.JsonResult[1]
      Setting HTTP status code 403.
info: Microsoft.AspNetCore.Http.Result.JsonResult[3]
      Writing value of type 'TableManagementErrorEnvelope' as Json.
info: Microsoft.AspNetCore.Routing.EndpointMiddleware[1]
      Executed endpoint 'HTTP: PUT /api/v1/terminals/{terminalId:guid}/table-management/tables/{tableId:guid}'
info: Microsoft.AspNetCore.Hosting.Diagnostics[2]
      Request finished HTTP/1.1 PUT https://127.0.0.1:42937/api/v1/terminals/85a492fe-0b64-40ea-823e-98576bb5dbdd/table-management/tables/2f1a7ffd-b6ed-4e82-bdbc-874750dde912?terminalId=85a492fe-0b64-40ea-823e-98576bb5dbdd - 403 - application/json;+charset=utf-8 8.5307ms
info: Microsoft.AspNetCore.Hosting.Diagnostics[1]
      Request starting HTTP/1.1 POST http://127.0.0.1:42937/api/v1/terminals/6a577998-0db0-4b52-aa2c-f4a35fb9d485/table-management/tables/521b5a96-ded5-42f6-a256-18668b696a79/status?terminalId=6a577998-0db0-4b52-aa2c-f4a35fb9d485 - application/json;+charset=utf-8 2
info: Microsoft.AspNetCore.Routing.EndpointMiddleware[0]
      Executing endpoint 'HTTP: POST /api/v1/terminals/{terminalId:guid}/table-management/tables/{tableId:guid}/status'
info: Microsoft.AspNetCore.Http.Result.JsonResult[1]
      Setting HTTP status code 403.
info: Microsoft.AspNetCore.Http.Result.JsonResult[3]
      Writing value of type 'TableManagementErrorEnvelope' as Json.
info: Microsoft.AspNetCore.Routing.EndpointMiddleware[1]
      Executed endpoint 'HTTP: POST /api/v1/terminals/{terminalId:guid}/table-management/tables/{tableId:guid}/status'
info: Microsoft.AspNetCore.Hosting.Diagnostics[2]
      Request finished HTTP/1.1 POST https://127.0.0.1:42937/api/v1/terminals/6a577998-0db0-4b52-aa2c-f4a35fb9d485/table-management/tables/521b5a96-ded5-42f6-a256-18668b696a79/status?terminalId=6a577998-0db0-4b52-aa2c-f4a35fb9d485 - 403 - application/json;+charset=utf-8 12.2502ms
info: Microsoft.AspNetCore.Hosting.Diagnostics[1]
      Request starting HTTP/1.1 POST http://127.0.0.1:42937/api/v1/terminals/2993c805-1da7-4343-999e-e253ec37c31d/table-management/transfers?terminalId=2993c805-1da7-4343-999e-e253ec37c31d - application/json;+charset=utf-8 2
info: Microsoft.AspNetCore.Routing.EndpointMiddleware[0]
      Executing endpoint 'HTTP: POST /api/v1/terminals/{terminalId:guid}/table-management/transfers'
info: Microsoft.AspNetCore.Http.Result.JsonResult[1]
      Setting HTTP status code 403.
info: Microsoft.AspNetCore.Http.Result.JsonResult[3]
      Writing value of type 'TableManagementErrorEnvelope' as Json.
info: Microsoft.AspNetCore.Routing.EndpointMiddleware[1]
      Executed endpoint 'HTTP: POST /api/v1/terminals/{terminalId:guid}/table-management/transfers'
info: Microsoft.AspNetCore.Hosting.Diagnostics[2]
      Request finished HTTP/1.1 POST https://127.0.0.1:42937/api/v1/terminals/2993c805-1da7-4343-999e-e253ec37c31d/table-management/transfers?terminalId=2993c805-1da7-4343-999e-e253ec37c31d - 403 - application/json;+charset=utf-8 19.9626ms
info: Microsoft.AspNetCore.Hosting.Diagnostics[1]
      Request starting HTTP/1.1 POST http://127.0.0.1:42937/api/v1/terminals/961d9f19-1577-4a76-825b-ea48c8f68084/table-management/zones?terminalId=961d9f19-1577-4a76-825b-ea48c8f68084 - application/json;+charset=utf-8 2
info: Microsoft.AspNetCore.Routing.EndpointMiddleware[0]
      Executing endpoint 'HTTP: POST /api/v1/terminals/{terminalId:guid}/table-management/zones'
info: Microsoft.AspNetCore.Http.Result.JsonResult[1]
      Setting HTTP status code 403.
info: Microsoft.AspNetCore.Http.Result.JsonResult[3]
      Writing value of type 'TableManagementErrorEnvelope' as Json.
info: Microsoft.AspNetCore.Routing.EndpointMiddleware[1]
      Executed endpoint 'HTTP: POST /api/v1/terminals/{terminalId:guid}/table-management/zones'
info: Microsoft.AspNetCore.Hosting.Diagnostics[2]
      Request finished HTTP/1.1 POST https://127.0.0.1:42937/api/v1/terminals/961d9f19-1577-4a76-825b-ea48c8f68084/table-management/zones?terminalId=961d9f19-1577-4a76-825b-ea48c8f68084 - 403 - application/json;+charset=utf-8 8.6589ms
info: Microsoft.AspNetCore.Hosting.Diagnostics[1]
      Request starting HTTP/1.1 PUT http://127.0.0.1:42937/api/v1/terminals/2b9d6dce-0406-4c88-b8d3-7b50ab1443c3/table-management/zones/3820afe1-cab4-46d2-a08f-f2d4ca3380dd?terminalId=2b9d6dce-0406-4c88-b8d3-7b50ab1443c3 - application/json;+charset=utf-8 2
info: Microsoft.AspNetCore.Routing.EndpointMiddleware[0]
      Executing endpoint 'HTTP: PUT /api/v1/terminals/{terminalId:guid}/table-management/zones/{zoneId:guid}'
info: Microsoft.AspNetCore.Http.Result.JsonResult[1]
      Setting HTTP status code 403.
info: Microsoft.AspNetCore.Http.Result.JsonResult[3]
      Writing value of type 'TableManagementErrorEnvelope' as Json.
info: Microsoft.AspNetCore.Routing.EndpointMiddleware[1]
      Executed endpoint 'HTTP: PUT /api/v1/terminals/{terminalId:guid}/table-management/zones/{zoneId:guid}'
info: Microsoft.AspNetCore.Hosting.Diagnostics[2]
      Request finished HTTP/1.1 PUT https://127.0.0.1:42937/api/v1/terminals/2b9d6dce-0406-4c88-b8d3-7b50ab1443c3/table-management/zones/3820afe1-cab4-46d2-a08f-f2d4ca3380dd?terminalId=2b9d6dce-0406-4c88-b8d3-7b50ab1443c3 - 403 - application/json;+charset=utf-8 8.4244ms
info: Microsoft.AspNetCore.Hosting.Diagnostics[1]
      Request starting HTTP/1.1 DELETE http://127.0.0.1:42937/api/v1/terminals/847fc3e6-71bf-4cfa-973e-989b6b20c36b/table-management/zones/4018d243-e782-449c-899f-956c5e95edec?terminalId=847fc3e6-71bf-4cfa-973e-989b6b20c36b - application/json;+charset=utf-8 2
info: Microsoft.AspNetCore.Routing.EndpointMiddleware[0]
      Executing endpoint 'HTTP: DELETE /api/v1/terminals/{terminalId:guid}/table-management/zones/{zoneId:guid}'
info: Microsoft.AspNetCore.Http.Result.JsonResult[1]
      Setting HTTP status code 403.
info: Microsoft.AspNetCore.Http.Result.JsonResult[3]
      Writing value of type 'TableManagementErrorEnvelope' as Json.
info: Microsoft.AspNetCore.Routing.EndpointMiddleware[1]
      Executed endpoint 'HTTP: DELETE /api/v1/terminals/{terminalId:guid}/table-management/zones/{zoneId:guid}'
info: Microsoft.AspNetCore.Hosting.Diagnostics[2]
      Request finished HTTP/1.1 DELETE https://127.0.0.1:42937/api/v1/terminals/847fc3e6-71bf-4cfa-973e-989b6b20c36b/table-management/zones/4018d243-e782-449c-899f-956c5e95edec?terminalId=847fc3e6-71bf-4cfa-973e-989b6b20c36b - 403 - application/json;+charset=utf-8 9.6233ms
info: Microsoft.AspNetCore.Hosting.Diagnostics[1]
      Request starting HTTP/1.1 POST http://127.0.0.1:42937/api/v1/terminals/c7b29efe-c3f3-4390-ad3b-d77543280231/token-credential/?terminalId=c7b29efe-c3f3-4390-ad3b-d77543280231 - application/json;+charset=utf-8 2
info: Microsoft.AspNetCore.Routing.EndpointMiddleware[0]
      Executing endpoint 'HTTP: POST /api/v1/terminals/{terminalId:guid}/token-credential/'
info: Microsoft.AspNetCore.Http.Result.JsonResult[1]
      Setting HTTP status code 403.
info: Microsoft.AspNetCore.Http.Result.JsonResult[3]
      Writing value of type '<>f__AnonymousType5`1' as Json.
info: Microsoft.AspNetCore.Routing.EndpointMiddleware[1]
      Executed endpoint 'HTTP: POST /api/v1/terminals/{terminalId:guid}/token-credential/'
info: Microsoft.AspNetCore.Hosting.Diagnostics[2]
      Request finished HTTP/1.1 POST https://127.0.0.1:42937/api/v1/terminals/c7b29efe-c3f3-4390-ad3b-d77543280231/token-credential/?terminalId=c7b29efe-c3f3-4390-ad3b-d77543280231 - 403 - application/json;+charset=utf-8 13.7863ms
  Passed ALKAROS.Audit.AuthorizationProbes.AuthorizationProbes.D2EveryMutationRouteRejectsPermissionlessSession [3 s]
  Standard Output Messages:
 D2	POST	/api/v1/auth/logout	204	session-only-by-design
 D2	POST	/api/v1/auth/pin	400	session-only-by-design
 D2	POST	/api/v1/auth/unlock	400	session-only-by-design
 D2	POST	/api/v1/management/authorization/behavioural-tightenings/{tighteningId:guid}/clear	403	must-need-permission
 D2	POST	/api/v1/management/authorization/delegations	403	must-need-permission
 D2	POST	/api/v1/management/authorization/delegations/{delegationId:guid}/revoke	403	must-need-permission
 D2	POST	/api/v1/management/authorization/grants/{grantId:guid}/approve	403	must-need-permission
 D2	POST	/api/v1/management/authorization/grants/{grantId:guid}/deny	403	must-need-permission
 D2	PUT	/api/v1/management/business-identity/logo	404	second-pass
 D2	DELETE	/api/v1/management/business-identity/logo	403	must-need-permission
 D2	POST	/api/v1/management/catalog/categories	403	must-need-permission
 D2	POST	/api/v1/management/catalog/modifier-groups	403	must-need-permission
 D2	POST	/api/v1/management/catalog/modifiers	403	must-need-permission
 D2	POST	/api/v1/management/catalog/prices	403	must-need-permission
 D2	POST	/api/v1/management/catalog/product-modifier-assignments	403	must-need-permission
 D2	POST	/api/v1/management/catalog/products	403	must-need-permission
 D2	POST	/api/v1/management/catalog/products/{productId:guid}/availability	403	must-need-permission
 D2	POST	/api/v1/management/catalog/products/{productId:guid}/prep-time	403	must-need-permission
 D2	POST	/api/v1/management/catalog/tax-profiles	403	must-need-permission
 D2	PUT	/api/v1/management/customer-display/screensaver	404	second-pass
 D2	DELETE	/api/v1/management/customer-display/screensaver	403	must-need-permission
 D2	POST	/api/v1/management/inventory/modifiers/{modifierId:guid}/stock-mappings	403	must-need-permission
 D2	DELETE	/api/v1/management/inventory/modifiers/{modifierId:guid}/stock-mappings/{stockItemId:guid}	403	must-need-permission
 D2	POST	/api/v1/management/inventory/products/{productId:guid}/stock-mappings	403	must-need-permission
 D2	DELETE	/api/v1/management/inventory/products/{productId:guid}/stock-mappings/{stockItemId:guid}	403	must-need-permission
 D2	POST	/api/v1/management/inventory/stock-items	403	must-need-permission
 D2	POST	/api/v1/management/inventory/stock-items/{stockItemId:guid}/physical-counts	403	must-need-permission
 D2	PUT	/api/v1/management/inventory/stock-items/{stockItemId:guid}/reorder-point	403	must-need-permission
 D2	POST	/api/v1/management/inventory/stock-items/{stockItemId:guid}/waste	403	must-need-permission
 D2	POST	/api/v1/management/inventory/stock-locations	403	must-need-permission
 D2	POST	/api/v1/management/menus-and-specials/daily-menus	403	must-need-permission
 D2	PUT	/api/v1/management/menus-and-specials/daily-menus/items/{dailyMenuItemId:guid}/planned-portions	403	must-need-permission
 D2	PUT	/api/v1/management/menus-and-specials/daily-menus/items/{dailyMenuItemId:guid}/price	403	must-need-permission
 D2	PUT	/api/v1/management/menus-and-specials/daily-menus/items/{dailyMenuItemId:guid}/status	403	must-need-permission
 D2	POST	/api/v1/management/menus-and-specials/daily-menus/{dailyMenuId:guid}/close	403	must-need-permission
 D2	POST	/api/v1/management/menus-and-specials/daily-menus/{dailyMenuId:guid}/items	403	must-need-permission
 D2	POST	/api/v1/management/menus-and-specials/daily-menus/{dailyMenuId:guid}/open	403	must-need-permission
 D2	POST	/api/v1/management/menus-and-specials/menus	403	must-need-permission
 D2	PUT	/api/v1/management/menus-and-specials/menus/{menuId:guid}	403	must-need-permission
 D2	POST	/api/v1/management/menus-and-specials/menus/{menuId:guid}/items	403	must-need-permission
 D2	POST	/api/v1/management/menus-and-specials/menus/{menuId:guid}/items/reorder	403	must-need-permission
 D2	PUT	/api/v1/management/menus-and-specials/menus/{menuId:guid}/items/{menuItemId:guid}	403	must-need-permission
 D2	POST	/api/v1/management/observability/alerts/raise	403	must-need-permission
 D2	POST	/api/v1/management/observability/alerts/{alertId:guid}/acknowledge	403	must-need-permission
 D2	POST	/api/v1/management/observability/alerts/{alertId:guid}/escalate	403	must-need-permission
 D2	POST	/api/v1/management/observability/alerts/{alertId:guid}/resolve	403	must-need-permission
 D2	POST	/api/v1/management/observability/alerts/{alertId:guid}/suppress	403	must-need-permission
 D2	POST	/api/v1/management/observability/health-checks	403	must-need-permission
 D2	POST	/api/v1/management/payments/reconciliation-scan	403	must-need-permission
 D2	POST	/api/v1/management/production/batches	403	must-need-permission
 D2	POST	/api/v1/management/production/batches/{batchId:guid}/cancel	403	must-need-permission
 D2	POST	/api/v1/management/production/batches/{batchId:guid}/complete	403	must-need-permission
 D2	PUT	/api/v1/management/production/batches/{batchId:guid}/recipe-version	403	must-need-permission
 D2	POST	/api/v1/management/production/batches/{batchId:guid}/start	403	must-need-permission
 D2	POST	/api/v1/management/purchasing/purchase-orders	403	must-need-permission
 D2	POST	/api/v1/management/purchasing/purchase-orders/{orderId:guid}/cancel	403	must-need-permission
 D2	POST	/api/v1/management/purchasing/purchase-orders/{orderId:guid}/receipts	403	must-need-permission
 D2	POST	/api/v1/management/purchasing/purchase-orders/{orderId:guid}/submit	403	must-need-permission
 D2	POST	/api/v1/management/purchasing/suppliers	403	must-need-permission
 D2	PUT	/api/v1/management/purchasing/suppliers/{supplierId:guid}	403	must-need-permission
 D2	POST	/api/v1/management/purchasing/suppliers/{supplierId:guid}/activate	403	must-need-permission
 D2	POST	/api/v1/management/purchasing/suppliers/{supplierId:guid}/deactivate	403	must-need-permission
 D2	POST	/api/v1/management/recipes/	403	must-need-permission
 D2	POST	/api/v1/management/recipes/products/{productId:guid}/mapping	403	must-need-permission
 D2	DELETE	/api/v1/management/recipes/products/{productId:guid}/mapping	403	must-need-permission
 D2	POST	/api/v1/management/recipes/unit-conversions	403	must-need-permission
 D2	POST	/api/v1/management/recipes/versions/{versionId:guid}/ingredients	403	must-need-permission
 D2	DELETE	/api/v1/management/recipes/versions/{versionId:guid}/ingredients/{ingredientItemId:guid}	403	must-need-permission
 D2	POST	/api/v1/management/recipes/versions/{versionId:guid}/lock	403	must-need-permission
 D2	POST	/api/v1/management/recipes/{recipeId:guid}/versions	403	must-need-permission
 D2	POST	/api/v1/management/recipes/{recipeId:guid}/versions/next	403	must-need-permission
 D2	POST	/api/v1/management/recipes/{recipeId:guid}/versions/{versionNumber:int}/activate	403	must-need-permission
 D2	POST	/api/v1/management/recipes/{recipeVersionId:guid}/cost-snapshots/	403	must-need-permission
 D2	POST	/api/v1/management/reconciliation/cases/	403	must-need-permission
 D2	POST	/api/v1/management/reconciliation/cases/{caseId:guid}/notes	403	must-need-permission
 D2	POST	/api/v1/management/reconciliation/cases/{caseId:guid}/transition	403	must-need-permission
 D2	POST	/api/v1/management/reconciliation/online-orders/cases/{caseId:guid}/resolve	403	must-need-permission
 D2	POST	/api/v1/management/reconciliation/online-orders/cases/{caseId:guid}/retry	403	must-need-permission
 D2	POST	/api/v1/management/reconciliation/online-orders/scan	403	must-need-permission
 D2	POST	/api/v1/management/reporting/business-day/open	403	must-need-permission
 D2	POST	/api/v1/management/reporting/business-day/{businessDate}/close	403	must-need-permission
 D2	POST	/api/v1/management/roles/permissions	400	second-pass
 D2	POST	/api/v1/management/roles/roles	400	second-pass
 D2	POST	/api/v1/management/roles/roles/{roleId:guid}/permissions	400	second-pass
 D2	DELETE	/api/v1/management/roles/roles/{roleId:guid}/permissions/{permissionCode}	403	must-need-permission
 D2	POST	/api/v1/management/roles/roles/{roleId:guid}/users/{userId:guid}	403	must-need-permission
 D2	DELETE	/api/v1/management/roles/roles/{roleId:guid}/users/{userId:guid}	403	must-need-permission
 D2	POST	/api/v1/management/security/diagnostic-bundle	403	must-need-permission
 D2	POST	/api/v1/management/security/maintenance/jobs/{name}/run	403	must-need-permission
 D2	POST	/api/v1/management/security/orders/close-settled	403	must-need-permission
 D2	POST	/api/v1/management/security/outbox/dead-letters/{id:guid}/requeue	403	must-need-permission
 D2	POST	/api/v1/management/security/secrets/{name}/rotation/initialize	403	must-need-permission
 D2	POST	/api/v1/management/security/secrets/{name}/rotation/revoke	403	must-need-permission
 D2	POST	/api/v1/management/security/secrets/{name}/rotation/rollback	403	must-need-permission
 D2	POST	/api/v1/management/security/secrets/{name}/rotation/rotate	403	must-need-permission
 D2	POST	/api/v1/management/security/users/{userId:guid}/deactivate	403	must-need-permission
 D2	POST	/api/v1/management/security/users/{userId:guid}/force-unlock	403	must-need-permission
 D2	POST	/api/v1/management/security/users/{userId:guid}/reactivate	403	must-need-permission
 D2	POST	/api/v1/management/security/users/{userId:guid}/revoke-sessions	403	must-need-permission
 D2	PUT	/api/v1/management/settings/{key}	403	must-need-permission
 D2	DELETE	/api/v1/management/settings/{key}	403	must-need-permission
 D2	POST	/api/v1/management/users/	400	second-pass
 D2	POST	/api/v1/terminals/{terminalId:guid}/billing/bills/from-order/{orderId:guid}	403	must-need-permission
 D2	POST	/api/v1/terminals/{terminalId:guid}/billing/bills/{billId:guid}/discount	400	session-only-by-design
 D2	PUT	/api/v1/terminals/{terminalId:guid}/billing/bills/{billId:guid}/split-design/amounts	403	must-need-permission
 D2	POST	/api/v1/terminals/{terminalId:guid}/billing/bills/{billId:guid}/split-design/clear	403	must-need-permission
 D2	PUT	/api/v1/terminals/{terminalId:guid}/billing/bills/{billId:guid}/split-design/custom	403	must-need-permission
 D2	PUT	/api/v1/terminals/{terminalId:guid}/billing/bills/{billId:guid}/split-design/equal	403	must-need-permission
 D2	PUT	/api/v1/terminals/{terminalId:guid}/billing/bills/{billId:guid}/split-design/items	403	must-need-permission
 D2	POST	/api/v1/terminals/{terminalId:guid}/billing/bills/{billId:guid}/tenders/	403	must-need-permission
 D2	POST	/api/v1/terminals/{terminalId:guid}/billing/bills/{billId:guid}/tenders/confirmations/{confirmationId:guid}/approve	403	must-need-permission
 D2	POST	/api/v1/terminals/{terminalId:guid}/billing/bills/{billId:guid}/tenders/confirmations/{confirmationId:guid}/reject	403	must-need-permission
 D2	POST	/api/v1/terminals/{terminalId:guid}/billing/bills/{billId:guid}/tenders/unsettled/{paymentId:guid}/card-charged	403	must-need-permission
 D2	POST	/api/v1/terminals/{terminalId:guid}/billing/bills/{billId:guid}/tenders/unsettled/{paymentId:guid}/not-charged	403	must-need-permission
 D2	POST	/api/v1/terminals/{terminalId:guid}/billing/bills/{billId:guid}/tip	403	must-need-permission
 D2	POST	/api/v1/terminals/{terminalId:guid}/cash-sessions/	403	must-need-permission
 D2	POST	/api/v1/terminals/{terminalId:guid}/cash-sessions/{cashSessionId:guid}/cash-movements	403	must-need-permission
 D2	POST	/api/v1/terminals/{terminalId:guid}/cash-sessions/{cashSessionId:guid}/cash-tender	403	must-need-permission
 D2	POST	/api/v1/terminals/{terminalId:guid}/cash-sessions/{cashSessionId:guid}/close	403	must-need-permission
 D2	POST	/api/v1/terminals/{terminalId:guid}/cash-sessions/{cashSessionId:guid}/counts	403	must-need-permission
 D2	POST	/api/v1/terminals/{terminalId:guid}/cash-sessions/{cashSessionId:guid}/reconcile	403	must-need-permission
 D2	POST	/api/v1/terminals/{terminalId:guid}/cash-sessions/{cashSessionId:guid}/start-count	403	must-need-permission
 D2	POST	/api/v1/terminals/{terminalId:guid}/display-sessions/revoke	200	session-only-by-design
 D2	POST	/api/v1/terminals/{terminalId:guid}/help-requests/	400	session-only-by-design
 D2	POST	/api/v1/terminals/{terminalId:guid}/kitchen-operations/deliveries/{deliveryId:guid}/reprint-approval	403	must-need-permission
 D2	POST	/api/v1/terminals/{terminalId:guid}/kitchen-operations/deliveries/{deliveryId:guid}/reprint-rejection	403	must-need-permission
 D2	POST	/api/v1/terminals/{terminalId:guid}/kitchen-operations/operations/backups	403	must-need-permission
 D2	PUT	/api/v1/terminals/{terminalId:guid}/kitchen-operations/printers/{printerId:guid}	403	must-need-permission
 D2	POST	/api/v1/terminals/{terminalId:guid}/kitchen-operations/products/{productId:guid}/suspend	403	must-need-permission
 D2	POST	/api/v1/terminals/{terminalId:guid}/kitchen-operations/routes/{routeId:guid}	403	must-need-permission
 D2	PUT	/api/v1/terminals/{terminalId:guid}/kitchen-operations/routes/{routeId:guid}	403	must-need-permission
 D2	POST	/api/v1/terminals/{terminalId:guid}/kitchen-operations/tickets/{ticketId:guid}/items/{itemId:guid}/transition	403	must-need-permission
 D2	POST	/api/v1/terminals/{terminalId:guid}/kitchen-operations/tickets/{ticketId:guid}/items/{itemId:guid}/undo	403	must-need-permission
 D2	POST	/api/v1/terminals/{terminalId:guid}/kitchen-operations/tickets/{ticketId:guid}/transition	403	must-need-permission
 D2	POST	/api/v1/terminals/{terminalId:guid}/offline-reconciliation/	404	session-only-by-design
 D2	PUT	/api/v1/terminals/{terminalId:guid}/online-menu/{provider}/mappings/{productId:guid}	403	must-need-permission
 D2	DELETE	/api/v1/terminals/{terminalId:guid}/online-menu/{provider}/mappings/{productId:guid}	403	must-need-permission
 D2	POST	/api/v1/terminals/{terminalId:guid}/online-operations/orders/{orderId:guid}/cancel	403	must-need-permission
 D2	POST	/api/v1/terminals/{terminalId:guid}/online-operations/orders/{orderId:guid}/hand-over	403	must-need-permission
 D2	POST	/api/v1/terminals/{terminalId:guid}/online-ordering/catalog-publications/	403	must-need-permission
 D2	PUT	/api/v1/terminals/{terminalId:guid}/online-platform-credentials/{provider}	403	must-need-permission
 D2	POST	/api/v1/terminals/{terminalId:guid}/online-problems/{caseId:guid}/resolve	403	must-need-permission
 D2	POST	/api/v1/terminals/{terminalId:guid}/online-problems/{caseId:guid}/retry	403	must-need-permission
 D2	PUT	/api/v1/terminals/{terminalId:guid}/online-store-status/{provider}	403	must-need-permission
 D2	POST	/api/v1/terminals/{terminalId:guid}/orders	403	must-need-permission
 D2	POST	/api/v1/terminals/{terminalId:guid}/orders/handoff-note/pop	204	session-only-by-design
 D2	POST	/api/v1/terminals/{terminalId:guid}/orders/table	403	must-need-permission
 D2	POST	/api/v1/terminals/{terminalId:guid}/orders/table-draft	403	must-need-permission
 D2	POST	/api/v1/terminals/{terminalId:guid}/orders/transfer-server	403	must-need-permission
 D2	POST	/api/v1/terminals/{terminalId:guid}/orders/{orderId:guid}/accept	403	must-need-permission
 D2	POST	/api/v1/terminals/{terminalId:guid}/orders/{orderId:guid}/fire-course	403	must-need-permission
 D2	POST	/api/v1/terminals/{terminalId:guid}/orders/{orderId:guid}/items	403	must-need-permission
 D2	PATCH	/api/v1/terminals/{terminalId:guid}/orders/{orderId:guid}/items/{itemId:guid}	403	must-need-permission
 D2	DELETE	/api/v1/terminals/{terminalId:guid}/orders/{orderId:guid}/items/{itemId:guid}	400	second-pass
 D2	POST	/api/v1/terminals/{terminalId:guid}/orders/{orderId:guid}/items/{itemId:guid}/comp	400	session-only-by-design
 D2	POST	/api/v1/terminals/{terminalId:guid}/orders/{orderId:guid}/items/{itemId:guid}/void	403	must-need-permission
 D2	POST	/api/v1/terminals/{terminalId:guid}/orders/{orderId:guid}/items/{itemId:guid}/void-sent	400	session-only-by-design
 D2	POST	/api/v1/terminals/{terminalId:guid}/orders/{orderId:guid}/recall-from-cashier	403	must-need-permission
 D2	POST	/api/v1/terminals/{terminalId:guid}/orders/{orderId:guid}/reject	403	must-need-permission
 D2	POST	/api/v1/terminals/{terminalId:guid}/orders/{orderId:guid}/send-to-cashier	403	must-need-permission
 D2	POST	/api/v1/terminals/{terminalId:guid}/orders/{orderId:guid}/submit	403	must-need-permission
 D2	POST	/api/v1/terminals/{terminalId:guid}/orders/{orderId:guid}/submit-draft	403	must-need-permission
 D2	POST	/api/v1/terminals/{terminalId:guid}/pairings/approve	400	session-only-by-design
 D2	POST	/api/v1/terminals/{terminalId:guid}/push/subscriptions	400	session-only-by-design
 D2	DELETE	/api/v1/terminals/{terminalId:guid}/push/subscriptions	400	session-only-by-design
 D2	POST	/api/v1/terminals/{terminalId:guid}/qnb-credential/	403	must-need-permission
 D2	POST	/api/v1/terminals/{terminalId:guid}/qnb-credential/test-connection	403	must-need-permission
 D2	POST	/api/v1/terminals/{terminalId:guid}/relay-credential/	403	must-need-permission
 D2	POST	/api/v1/terminals/{terminalId:guid}/relay-credential/provision	403	must-need-permission
 D2	PUT	/api/v1/terminals/{terminalId:guid}/table-management/floor-plans/{zoneId:guid}	403	must-need-permission
 D2	POST	/api/v1/terminals/{terminalId:guid}/table-management/merges	403	must-need-permission
 D2	POST	/api/v1/terminals/{terminalId:guid}/table-management/merges/{mergeGroupId:guid}/unmerge	403	must-need-permission
 D2	POST	/api/v1/terminals/{terminalId:guid}/table-management/reservations	403	must-need-permission
 D2	POST	/api/v1/terminals/{terminalId:guid}/table-management/reservations/{reservationId:guid}/cancel	403	must-need-permission
 D2	POST	/api/v1/terminals/{terminalId:guid}/table-management/reservations/{reservationId:guid}/claim	403	must-need-permission
 D2	POST	/api/v1/terminals/{terminalId:guid}/table-management/reservations/{reservationId:guid}/expire	403	must-need-permission
 D2	POST	/api/v1/terminals/{terminalId:guid}/table-management/tables	403	must-need-permission
 D2	PUT	/api/v1/terminals/{terminalId:guid}/table-management/tables/{tableId:guid}	403	must-need-permission
 D2	POST	/api/v1/terminals/{terminalId:guid}/table-management/tables/{tableId:guid}/status	403	must-need-permission
 D2	POST	/api/v1/terminals/{terminalId:guid}/table-management/transfers	403	must-need-permission
 D2	POST	/api/v1/terminals/{terminalId:guid}/table-management/zones	403	must-need-permission
 D2	PUT	/api/v1/terminals/{terminalId:guid}/table-management/zones/{zoneId:guid}	403	must-need-permission
 D2	DELETE	/api/v1/terminals/{terminalId:guid}/table-management/zones/{zoneId:guid}	403	must-need-permission
 D2	POST	/api/v1/terminals/{terminalId:guid}/token-credential/	403	must-need-permission


info: Microsoft.AspNetCore.Hosting.Diagnostics[1]
      Request starting HTTP/1.1 POST http://127.0.0.1:42937/api/v1/auth/login - application/json;+charset=utf-8 116
info: Microsoft.AspNetCore.Routing.EndpointMiddleware[0]
      Executing endpoint 'HTTP: POST /api/v1/auth/login'
info: Microsoft.AspNetCore.Http.Result.OkObjectResult[1]
      Setting HTTP status code 200.
info: Microsoft.AspNetCore.Http.Result.OkObjectResult[3]
      Writing value of type '<>f__AnonymousType3`6' as Json.
info: Microsoft.AspNetCore.Routing.EndpointMiddleware[1]
      Executed endpoint 'HTTP: POST /api/v1/auth/login'
info: Microsoft.AspNetCore.Hosting.Diagnostics[2]
      Request finished HTTP/1.1 POST https://127.0.0.1:42937/api/v1/auth/login - 200 - application/json;+charset=utf-8 471.3612ms
info: Microsoft.AspNetCore.Hosting.Diagnostics[1]
      Request starting HTTP/1.1 POST http://127.0.0.1:42937/api/v1/terminals/4b82bce1-729b-44a9-9b72-ba4c60fc1401/offline-reconciliation - application/json;+charset=utf-8 493
info: Microsoft.AspNetCore.Routing.EndpointMiddleware[0]
      Executing endpoint 'HTTP: POST /api/v1/terminals/{terminalId:guid}/offline-reconciliation/'
info: Microsoft.AspNetCore.Http.Result.OkObjectResult[1]
      Setting HTTP status code 200.
info: Microsoft.AspNetCore.Http.Result.OkObjectResult[3]
      Writing value of type 'OfflineReconciliationResponseV1' as Json.
info: Microsoft.AspNetCore.Routing.EndpointMiddleware[1]
      Executed endpoint 'HTTP: POST /api/v1/terminals/{terminalId:guid}/offline-reconciliation/'
info: Microsoft.AspNetCore.Hosting.Diagnostics[2]
      Request finished HTTP/1.1 POST https://127.0.0.1:42937/api/v1/terminals/4b82bce1-729b-44a9-9b72-ba4c60fc1401/offline-reconciliation - 200 - application/json;+charset=utf-8 43.5960ms
info: Microsoft.AspNetCore.Hosting.Diagnostics[1]
      Request starting HTTP/1.1 POST http://127.0.0.1:42937/api/v1/management/authorization/behavioural-tightenings/cd2220db-b11d-4f7e-b84d-9f70284fa79c/clear - application/json;+charset=utf-8 2
info: Microsoft.AspNetCore.Routing.EndpointMiddleware[0]
      Executing endpoint 'HTTP: POST /api/v1/management/authorization/behavioural-tightenings/{tighteningId:guid}/clear'
info: Microsoft.AspNetCore.Http.Result.JsonResult[1]
      Setting HTTP status code 403.
info: Microsoft.AspNetCore.Http.Result.JsonResult[3]
      Writing value of type 'AuthorizationDecisionErrorEnvelopeV1' as Json.
info: Microsoft.AspNetCore.Routing.EndpointMiddleware[1]
      Executed endpoint 'HTTP: POST /api/v1/management/authorization/behavioural-tightenings/{tighteningId:guid}/clear'
info: Microsoft.AspNetCore.Hosting.Diagnostics[2]
      Request finished HTTP/1.1 POST https://127.0.0.1:42937/api/v1/management/authorization/behavioural-tightenings/cd2220db-b11d-4f7e-b84d-9f70284fa79c/clear - 403 - application/json;+charset=utf-8 10.9882ms
info: Microsoft.AspNetCore.Hosting.Diagnostics[1]
      Request starting HTTP/1.1 POST http://127.0.0.1:42937/api/v1/auth/login - application/json;+charset=utf-8 116
info: Microsoft.AspNetCore.Routing.EndpointMiddleware[0]
      Executing endpoint 'HTTP: POST /api/v1/auth/login'
info: Microsoft.AspNetCore.Http.Result.OkObjectResult[1]
      Setting HTTP status code 200.
info: Microsoft.AspNetCore.Http.Result.OkObjectResult[3]
      Writing value of type '<>f__AnonymousType3`6' as Json.
info: Microsoft.AspNetCore.Routing.EndpointMiddleware[1]
      Executed endpoint 'HTTP: POST /api/v1/auth/login'
info: Microsoft.AspNetCore.Hosting.Diagnostics[2]
      Request finished HTTP/1.1 POST https://127.0.0.1:42937/api/v1/auth/login - 200 - application/json;+charset=utf-8 422.0250ms
info: Microsoft.AspNetCore.Hosting.Diagnostics[1]
      Request starting HTTP/1.1 POST http://127.0.0.1:42937/api/v1/terminals/dadd6477-f5bf-47b1-a5be-07e8c3095854/cash-sessions - application/json;+charset=utf-8 22
info: Microsoft.AspNetCore.Routing.EndpointMiddleware[0]
      Executing endpoint 'HTTP: POST /api/v1/terminals/{terminalId:guid}/cash-sessions/'
info: Microsoft.AspNetCore.Routing.EndpointMiddleware[1]
      Executed endpoint 'HTTP: POST /api/v1/terminals/{terminalId:guid}/cash-sessions/'
info: Microsoft.AspNetCore.Hosting.Diagnostics[2]
      Request finished HTTP/1.1 POST https://127.0.0.1:42937/api/v1/terminals/dadd6477-f5bf-47b1-a5be-07e8c3095854/cash-sessions - 403 - application/json;+charset=utf-8 5.7727ms
info: Microsoft.AspNetCore.Hosting.Diagnostics[1]
      Request starting HTTP/1.1 POST http://127.0.0.1:42937/api/v1/auth/login - application/json;+charset=utf-8 116
info: Microsoft.AspNetCore.Routing.EndpointMiddleware[0]
      Executing endpoint 'HTTP: POST /api/v1/auth/login'
info: Microsoft.AspNetCore.Http.Result.OkObjectResult[1]
      Setting HTTP status code 200.
info: Microsoft.AspNetCore.Http.Result.OkObjectResult[3]
      Writing value of type '<>f__AnonymousType3`6' as Json.
info: Microsoft.AspNetCore.Routing.EndpointMiddleware[1]
      Executed endpoint 'HTTP: POST /api/v1/auth/login'
info: Microsoft.AspNetCore.Hosting.Diagnostics[2]
      Request finished HTTP/1.1 POST https://127.0.0.1:42937/api/v1/auth/login - 200 - application/json;+charset=utf-8 442.0183ms
info: Microsoft.AspNetCore.Hosting.Diagnostics[1]
      Request starting HTTP/1.1 POST http://127.0.0.1:42937/api/v1/terminals/0195e0ad-d6b5-41ab-9886-646c8b90486a/cash-sessions - application/json;+charset=utf-8 22
info: Microsoft.AspNetCore.Routing.EndpointMiddleware[0]
      Executing endpoint 'HTTP: POST /api/v1/terminals/{terminalId:guid}/cash-sessions/'
info: Microsoft.AspNetCore.Routing.EndpointMiddleware[1]
      Executed endpoint 'HTTP: POST /api/v1/terminals/{terminalId:guid}/cash-sessions/'
info: Microsoft.AspNetCore.Hosting.Diagnostics[2]
      Request finished HTTP/1.1 POST https://127.0.0.1:42937/api/v1/terminals/0195e0ad-d6b5-41ab-9886-646c8b90486a/cash-sessions - 403 - application/json;+charset=utf-8 10.6813ms
info: Microsoft.AspNetCore.Hosting.Diagnostics[1]
      Request starting HTTP/1.1 PUT http://127.0.0.1:42937/api/v1/management/business-identity/logo - multipart/form-data;+boundary="2edb0cb5-c9f2-452a-9125-d76a7826d2e6" 210
info: Microsoft.AspNetCore.Routing.EndpointMiddleware[0]
      Executing endpoint 'HTTP: PUT /api/v1/management/business-identity/logo'
info: Microsoft.AspNetCore.Http.Result.JsonResult[1]
      Setting HTTP status code 401.
info: Microsoft.AspNetCore.Http.Result.JsonResult[3]
      Writing value of type 'SettingsApiErrorEnvelopeV1' as Json.
info: Microsoft.AspNetCore.Routing.EndpointMiddleware[1]
      Executed endpoint 'HTTP: PUT /api/v1/management/business-identity/logo'
info: Microsoft.AspNetCore.Hosting.Diagnostics[2]
      Request finished HTTP/1.1 PUT https://127.0.0.1:42937/api/v1/management/business-identity/logo - 401 - application/json;+charset=utf-8 10.8326ms
info: Microsoft.AspNetCore.Hosting.Diagnostics[1]
      Request starting HTTP/1.1 PUT http://127.0.0.1:42937/api/v1/management/customer-display/screensaver - multipart/form-data;+boundary="b8cadef0-7fb6-4ee3-8acd-7df27f6a4b90" 210
info: Microsoft.AspNetCore.Routing.EndpointMiddleware[0]
      Executing endpoint 'HTTP: PUT /api/v1/management/customer-display/screensaver'
info: Microsoft.AspNetCore.Http.Result.JsonResult[1]
      Setting HTTP status code 401.
info: Microsoft.AspNetCore.Http.Result.JsonResult[3]
      Writing value of type 'CatalogApiErrorEnvelopeV1' as Json.
info: Microsoft.AspNetCore.Routing.EndpointMiddleware[1]
      Executed endpoint 'HTTP: PUT /api/v1/management/customer-display/screensaver'
info: Microsoft.AspNetCore.Hosting.Diagnostics[2]
      Request finished HTTP/1.1 PUT https://127.0.0.1:42937/api/v1/management/customer-display/screensaver - 401 - application/json;+charset=utf-8 1.9426ms
info: Microsoft.AspNetCore.Hosting.Diagnostics[1]
      Request starting HTTP/1.1 DELETE http://127.0.0.1:42937/api/v1/terminals/27e7c2f9-2fbf-4806-98b4-8ea787bb8f5a/orders/430ccc7c-4dac-42ce-a845-17e095ebd183/items/6b99c36b-42e0-4094-87db-b192d2f3250f?expectedRevision=1 - - -
info: Microsoft.AspNetCore.Routing.EndpointMiddleware[0]
      Executing endpoint 'HTTP: DELETE /api/v1/terminals/{terminalId:guid}/orders/{orderId:guid}/items/{itemId:guid}'
info: Microsoft.AspNetCore.Routing.EndpointMiddleware[1]
      Executed endpoint 'HTTP: DELETE /api/v1/terminals/{terminalId:guid}/orders/{orderId:guid}/items/{itemId:guid}'
info: Microsoft.AspNetCore.Hosting.Diagnostics[2]
      Request finished HTTP/1.1 DELETE https://127.0.0.1:42937/api/v1/terminals/27e7c2f9-2fbf-4806-98b4-8ea787bb8f5a/orders/430ccc7c-4dac-42ce-a845-17e095ebd183/items/6b99c36b-42e0-4094-87db-b192d2f3250f?expectedRevision=1 - 401 - application/json;+charset=utf-8 1.6344ms
info: Microsoft.AspNetCore.Hosting.Diagnostics[1]
      Request starting HTTP/1.1 DELETE http://127.0.0.1:42937/api/v1/terminals/27e7c2f9-2fbf-4806-98b4-8ea787bb8f5a/push/subscriptions?endpoint=https%3A%2F%2Fpush.example%2Fx - - -
info: Microsoft.AspNetCore.Routing.EndpointMiddleware[0]
      Executing endpoint 'HTTP: DELETE /api/v1/terminals/{terminalId:guid}/push/subscriptions'
info: Microsoft.AspNetCore.Routing.EndpointMiddleware[1]
      Executed endpoint 'HTTP: DELETE /api/v1/terminals/{terminalId:guid}/push/subscriptions'
info: Microsoft.AspNetCore.Hosting.Diagnostics[2]
      Request finished HTTP/1.1 DELETE https://127.0.0.1:42937/api/v1/terminals/27e7c2f9-2fbf-4806-98b4-8ea787bb8f5a/push/subscriptions?endpoint=https%3A%2F%2Fpush.example%2Fx - 401 - application/json;+charset=utf-8 1.2684ms
  Passed ALKAROS.Audit.AuthorizationProbes.AuthorizationProbes.C7OfflineReconciliationAppliesOwnCheck [549 ms]
  Standard Output Messages:
 offline comp on another waiter's check -> Denied


  Passed ALKAROS.Audit.AuthorizationProbes.AuthorizationProbes.C5UserCannotClearOwnTightening [23 ms]
  Passed ALKAROS.Audit.AuthorizationProbes.AuthorizationProbes.D3RoleWithoutCashDrawerCannotOperateTheDrawer(roleCode: "kitchen-staff") [441 ms]
  Standard Output Messages:
 kitchen-staff opens a cash session: 403


  Passed ALKAROS.Audit.AuthorizationProbes.AuthorizationProbes.D3RoleWithoutCashDrawerCannotOperateTheDrawer(roleCode: "waiter") [458 ms]
  Standard Output Messages:
 waiter opens a cash session: 403


  Passed ALKAROS.Audit.AuthorizationProbes.AuthorizationProbes.D1SecondPassBindingArtifactsAreGuarded [28 ms]
  Standard Output Messages:
 PUT /api/v1/management/business-identity/logo -> 401
 PUT /api/v1/management/customer-display/screensaver -> 401
 DELETE item -> 401
 DELETE push -> 401


info: Microsoft.AspNetCore.Hosting.Diagnostics[1]
      Request starting HTTP/1.1 POST http://127.0.0.1:42937/api/v1/auth/login - application/json;+charset=utf-8 116
info: Microsoft.AspNetCore.Routing.EndpointMiddleware[0]
      Executing endpoint 'HTTP: POST /api/v1/auth/login'
info: Microsoft.AspNetCore.Http.Result.OkObjectResult[1]
      Setting HTTP status code 200.
info: Microsoft.AspNetCore.Http.Result.OkObjectResult[3]
      Writing value of type '<>f__AnonymousType3`6' as Json.
info: Microsoft.AspNetCore.Routing.EndpointMiddleware[1]
      Executed endpoint 'HTTP: POST /api/v1/auth/login'
info: Microsoft.AspNetCore.Hosting.Diagnostics[2]
      Request finished HTTP/1.1 POST https://127.0.0.1:42937/api/v1/auth/login - 200 - application/json;+charset=utf-8 545.3107ms
info: Microsoft.AspNetCore.Hosting.Diagnostics[1]
      Request starting HTTP/1.1 POST http://127.0.0.1:42937/api/v1/auth/login - application/json;+charset=utf-8 116
info: Microsoft.AspNetCore.Routing.EndpointMiddleware[0]
      Executing endpoint 'HTTP: POST /api/v1/auth/login'
info: Microsoft.AspNetCore.Http.Result.OkObjectResult[1]
      Setting HTTP status code 200.
info: Microsoft.AspNetCore.Http.Result.OkObjectResult[3]
      Writing value of type '<>f__AnonymousType3`6' as Json.
info: Microsoft.AspNetCore.Routing.EndpointMiddleware[1]
      Executed endpoint 'HTTP: POST /api/v1/auth/login'
info: Microsoft.AspNetCore.Hosting.Diagnostics[2]
      Request finished HTTP/1.1 POST https://127.0.0.1:42937/api/v1/auth/login - 200 - application/json;+charset=utf-8 422.1832ms
info: Microsoft.AspNetCore.Hosting.Diagnostics[1]
      Request starting HTTP/1.1 POST http://127.0.0.1:42937/api/v1/terminals/3dd43198-9f53-40b4-975c-a4e5eff96c2f/offline-reconciliation - application/json;+charset=utf-8 493
info: Microsoft.AspNetCore.Routing.EndpointMiddleware[0]
      Executing endpoint 'HTTP: POST /api/v1/terminals/{terminalId:guid}/offline-reconciliation/'
info: Microsoft.AspNetCore.Http.Result.JsonResult[1]
      Setting HTTP status code 403.
info: Microsoft.AspNetCore.Http.Result.JsonResult[3]
      Writing value of type 'OfflineReconciliationErrorV1' as Json.
info: Microsoft.AspNetCore.Routing.EndpointMiddleware[1]
      Executed endpoint 'HTTP: POST /api/v1/terminals/{terminalId:guid}/offline-reconciliation/'
info: Microsoft.AspNetCore.Hosting.Diagnostics[2]
      Request finished HTTP/1.1 POST https://127.0.0.1:42937/api/v1/terminals/3dd43198-9f53-40b4-975c-a4e5eff96c2f/offline-reconciliation - 403 - application/json;+charset=utf-8 4.1729ms
info: Microsoft.AspNetCore.Hosting.Diagnostics[1]
      Request starting HTTP/1.1 POST http://127.0.0.1:42937/api/v1/management/roles/permissions - application/json;+charset=utf-8 38
info: Microsoft.AspNetCore.Routing.EndpointMiddleware[0]
      Executing endpoint 'HTTP: POST /api/v1/management/roles/permissions'
info: Microsoft.AspNetCore.Http.Result.JsonResult[1]
      Setting HTTP status code 403.
info: Microsoft.AspNetCore.Http.Result.JsonResult[3]
      Writing value of type 'RoleManagementErrorEnvelopeV1' as Json.
info: Microsoft.AspNetCore.Routing.EndpointMiddleware[1]
      Executed endpoint 'HTTP: POST /api/v1/management/roles/permissions'
info: Microsoft.AspNetCore.Hosting.Diagnostics[2]
      Request finished HTTP/1.1 POST https://127.0.0.1:42937/api/v1/management/roles/permissions - 403 - application/json;+charset=utf-8 6.5124ms
info: Microsoft.AspNetCore.Hosting.Diagnostics[1]
      Request starting HTTP/1.1 POST http://127.0.0.1:42937/api/v1/management/roles/roles - application/json;+charset=utf-8 38
info: Microsoft.AspNetCore.Routing.EndpointMiddleware[0]
      Executing endpoint 'HTTP: POST /api/v1/management/roles/roles'
info: Microsoft.AspNetCore.Http.Result.JsonResult[1]
      Setting HTTP status code 403.
info: Microsoft.AspNetCore.Http.Result.JsonResult[3]
      Writing value of type 'RoleManagementErrorEnvelopeV1' as Json.
info: Microsoft.AspNetCore.Routing.EndpointMiddleware[1]
      Executed endpoint 'HTTP: POST /api/v1/management/roles/roles'
info: Microsoft.AspNetCore.Hosting.Diagnostics[2]
      Request finished HTTP/1.1 POST https://127.0.0.1:42937/api/v1/management/roles/roles - 403 - application/json;+charset=utf-8 32.2228ms
info: Microsoft.AspNetCore.Hosting.Diagnostics[1]
      Request starting HTTP/1.1 POST http://127.0.0.1:42937/api/v1/management/roles/roles/2b000000-0000-0000-0000-000000000003/permissions - application/json;+charset=utf-8 35
info: Microsoft.AspNetCore.Routing.EndpointMiddleware[0]
      Executing endpoint 'HTTP: POST /api/v1/management/roles/roles/{roleId:guid}/permissions'
info: Microsoft.AspNetCore.Http.Result.JsonResult[1]
      Setting HTTP status code 403.
info: Microsoft.AspNetCore.Http.Result.JsonResult[3]
      Writing value of type 'RoleManagementErrorEnvelopeV1' as Json.
info: Microsoft.AspNetCore.Routing.EndpointMiddleware[1]
      Executed endpoint 'HTTP: POST /api/v1/management/roles/roles/{roleId:guid}/permissions'
info: Microsoft.AspNetCore.Hosting.Diagnostics[2]
      Request finished HTTP/1.1 POST https://127.0.0.1:42937/api/v1/management/roles/roles/2b000000-0000-0000-0000-000000000003/permissions - 403 - application/json;+charset=utf-8 6.2413ms
info: Microsoft.AspNetCore.Hosting.Diagnostics[1]
      Request starting HTTP/1.1 POST http://127.0.0.1:42937/api/v1/management/roles/roles/2b000000-0000-0000-0000-000000000003/users/324eeb35-8226-4bbf-b8ea-e64589a48ca8 - application/json;+charset=utf-8 2
info: Microsoft.AspNetCore.Routing.EndpointMiddleware[0]
      Executing endpoint 'HTTP: POST /api/v1/management/roles/roles/{roleId:guid}/users/{userId:guid}'
info: Microsoft.AspNetCore.Http.Result.JsonResult[1]
      Setting HTTP status code 403.
info: Microsoft.AspNetCore.Http.Result.JsonResult[3]
      Writing value of type 'RoleManagementErrorEnvelopeV1' as Json.
info: Microsoft.AspNetCore.Routing.EndpointMiddleware[1]
      Executed endpoint 'HTTP: POST /api/v1/management/roles/roles/{roleId:guid}/users/{userId:guid}'
info: Microsoft.AspNetCore.Hosting.Diagnostics[2]
      Request finished HTTP/1.1 POST https://127.0.0.1:42937/api/v1/management/roles/roles/2b000000-0000-0000-0000-000000000003/users/324eeb35-8226-4bbf-b8ea-e64589a48ca8 - 403 - application/json;+charset=utf-8 6.1291ms
info: Microsoft.AspNetCore.Hosting.Diagnostics[1]
      Request starting HTTP/1.1 POST http://127.0.0.1:42937/api/v1/management/users - application/json;+charset=utf-8 79
info: Microsoft.AspNetCore.Routing.EndpointMiddleware[0]
      Executing endpoint 'HTTP: POST /api/v1/management/users/'
info: Microsoft.AspNetCore.Http.Result.JsonResult[1]
      Setting HTTP status code 403.
info: Microsoft.AspNetCore.Http.Result.JsonResult[3]
      Writing value of type 'RoleManagementErrorEnvelopeV1' as Json.
info: Microsoft.AspNetCore.Routing.EndpointMiddleware[1]
      Executed endpoint 'HTTP: POST /api/v1/management/users/'
info: Microsoft.AspNetCore.Hosting.Diagnostics[2]
      Request finished HTTP/1.1 POST https://127.0.0.1:42937/api/v1/management/users - 403 - application/json;+charset=utf-8 6.7035ms
info: Microsoft.AspNetCore.Hosting.Diagnostics[1]
      Request starting HTTP/1.1 DELETE http://127.0.0.1:42937/api/v1/terminals/3a7c0c6f-b9d4-4b81-ad4f-ab283f06abc0/orders/5285ed74-170e-4c34-b145-f514fc6f1f0e/items/f7947b91-9447-4c4e-8dd8-f5073f7300be?expectedRevision=1 - - -
info: Microsoft.AspNetCore.Routing.EndpointMiddleware[0]
      Executing endpoint 'HTTP: DELETE /api/v1/terminals/{terminalId:guid}/orders/{orderId:guid}/items/{itemId:guid}'
info: Microsoft.AspNetCore.Routing.EndpointMiddleware[1]
      Executed endpoint 'HTTP: DELETE /api/v1/terminals/{terminalId:guid}/orders/{orderId:guid}/items/{itemId:guid}'
info: Microsoft.AspNetCore.Hosting.Diagnostics[2]
      Request finished HTTP/1.1 DELETE https://127.0.0.1:42937/api/v1/terminals/3a7c0c6f-b9d4-4b81-ad4f-ab283f06abc0/orders/5285ed74-170e-4c34-b145-f514fc6f1f0e/items/f7947b91-9447-4c4e-8dd8-f5073f7300be?expectedRevision=1 - 403 - application/json;+charset=utf-8 7.0405ms
info: Microsoft.AspNetCore.Hosting.Diagnostics[1]
      Request starting HTTP/1.1 PUT http://127.0.0.1:42937/api/v1/management/business-identity/logo - multipart/form-data;+boundary="b4ef0808-b0a4-472f-a046-87046c82fc13" 210
info: Microsoft.AspNetCore.Routing.EndpointMiddleware[0]
      Executing endpoint 'HTTP: PUT /api/v1/management/business-identity/logo'
info: Microsoft.AspNetCore.Http.Result.JsonResult[1]
      Setting HTTP status code 403.
info: Microsoft.AspNetCore.Http.Result.JsonResult[3]
      Writing value of type 'SettingsApiErrorEnvelopeV1' as Json.
info: Microsoft.AspNetCore.Routing.EndpointMiddleware[1]
      Executed endpoint 'HTTP: PUT /api/v1/management/business-identity/logo'
info: Microsoft.AspNetCore.Hosting.Diagnostics[2]
      Request finished HTTP/1.1 PUT https://127.0.0.1:42937/api/v1/management/business-identity/logo - 403 - application/json;+charset=utf-8 6.7569ms
info: Microsoft.AspNetCore.Hosting.Diagnostics[1]
      Request starting HTTP/1.1 PUT http://127.0.0.1:42937/api/v1/management/customer-display/screensaver - multipart/form-data;+boundary="939dc19e-53a5-4282-99e0-770ab0d2b25a" 210
info: Microsoft.AspNetCore.Routing.EndpointMiddleware[0]
      Executing endpoint 'HTTP: PUT /api/v1/management/customer-display/screensaver'
info: Microsoft.AspNetCore.Http.Result.JsonResult[1]
      Setting HTTP status code 403.
info: Microsoft.AspNetCore.Http.Result.JsonResult[3]
      Writing value of type 'CatalogApiErrorEnvelopeV1' as Json.
info: Microsoft.AspNetCore.Routing.EndpointMiddleware[1]
      Executed endpoint 'HTTP: PUT /api/v1/management/customer-display/screensaver'
info: Microsoft.AspNetCore.Hosting.Diagnostics[2]
      Request finished HTTP/1.1 PUT https://127.0.0.1:42937/api/v1/management/customer-display/screensaver - 403 - application/json;+charset=utf-8 4.9996ms
info: Microsoft.AspNetCore.Hosting.Diagnostics[1]
      Request starting HTTP/1.1 POST http://127.0.0.1:42937/api/v1/auth/login - application/json;+charset=utf-8 116
info: Microsoft.AspNetCore.Routing.EndpointMiddleware[0]
      Executing endpoint 'HTTP: POST /api/v1/auth/login'
  Passed ALKAROS.Audit.AuthorizationProbes.AuthorizationProbes.C7OfflineBudgetOfAnotherUserIsRejected [982 ms]
  Passed ALKAROS.Audit.AuthorizationProbes.AuthorizationProbes.D2SecondPassPermissionlessSessionIsRefused [103 ms]
  Standard Output Messages:
 /api/v1/management/roles/permissions -> 403
 /api/v1/management/roles/roles -> 403
 /api/v1/management/roles/roles/2b000000-0000-0000-0000-000000000003/permissions -> 403
 /api/v1/management/roles/roles/2b000000-0000-0000-0000-000000000003/users/324eeb35-8226-4bbf-b8ea-e64589a48ca8 -> 403
 /api/v1/management/users -> 403
 DELETE item -> 403
 PUT /api/v1/management/business-identity/logo -> 403
 PUT /api/v1/management/customer-display/screensaver -> 403


info: Microsoft.AspNetCore.Http.Result.OkObjectResult[1]
      Setting HTTP status code 200.
info: Microsoft.AspNetCore.Http.Result.OkObjectResult[3]
      Writing value of type '<>f__AnonymousType3`6' as Json.
info: Microsoft.AspNetCore.Routing.EndpointMiddleware[1]
      Executed endpoint 'HTTP: POST /api/v1/auth/login'
info: Microsoft.AspNetCore.Hosting.Diagnostics[2]
      Request finished HTTP/1.1 POST https://127.0.0.1:42937/api/v1/auth/login - 200 - application/json;+charset=utf-8 431.2982ms
info: Microsoft.AspNetCore.Hosting.Diagnostics[1]
      Request starting HTTP/1.1 GET http://127.0.0.1:42937/api/v1/auth/session?terminalId=a474da56-e274-499c-9ebd-66b867f015f7 - - -
info: Microsoft.AspNetCore.Routing.EndpointMiddleware[0]
      Executing endpoint 'HTTP: GET /api/v1/auth/session'
info: Microsoft.AspNetCore.Http.Result.OkObjectResult[1]
      Setting HTTP status code 200.
info: Microsoft.AspNetCore.Http.Result.OkObjectResult[3]
      Writing value of type '<>f__AnonymousType4`5' as Json.
info: Microsoft.AspNetCore.Routing.EndpointMiddleware[1]
      Executed endpoint 'HTTP: GET /api/v1/auth/session'
info: Microsoft.AspNetCore.Hosting.Diagnostics[2]
      Request finished HTTP/1.1 GET https://127.0.0.1:42937/api/v1/auth/session?terminalId=a474da56-e274-499c-9ebd-66b867f015f7 - 200 - application/json;+charset=utf-8 4.6699ms
info: Microsoft.AspNetCore.Hosting.Diagnostics[1]
      Request starting HTTP/1.1 POST http://127.0.0.1:42937/api/v1/auth/logout?terminalId=a474da56-e274-499c-9ebd-66b867f015f7 - application/json;+charset=utf-8 2
info: Microsoft.AspNetCore.Routing.EndpointMiddleware[0]
      Executing endpoint 'HTTP: POST /api/v1/auth/logout'
info: Microsoft.AspNetCore.Http.Result.NoContentResult[1]
      Setting HTTP status code 204.
info: Microsoft.AspNetCore.Routing.EndpointMiddleware[1]
      Executed endpoint 'HTTP: POST /api/v1/auth/logout'
info: Microsoft.AspNetCore.Hosting.Diagnostics[2]
      Request finished HTTP/1.1 POST https://127.0.0.1:42937/api/v1/auth/logout?terminalId=a474da56-e274-499c-9ebd-66b867f015f7 - 204 - - 6.0200ms
info: Microsoft.AspNetCore.Hosting.Diagnostics[1]
      Request starting HTTP/1.1 GET http://127.0.0.1:42937/api/v1/auth/session?terminalId=a474da56-e274-499c-9ebd-66b867f015f7 - - -
info: Microsoft.AspNetCore.Routing.EndpointMiddleware[0]
      Executing endpoint 'HTTP: GET /api/v1/auth/session'
info: Microsoft.AspNetCore.Routing.EndpointMiddleware[1]
      Executed endpoint 'HTTP: GET /api/v1/auth/session'
info: Microsoft.AspNetCore.Hosting.Diagnostics[2]
      Request finished HTTP/1.1 GET https://127.0.0.1:42937/api/v1/auth/session?terminalId=a474da56-e274-499c-9ebd-66b867f015f7 - 401 - application/json;+charset=utf-8 2.2224ms
info: Microsoft.AspNetCore.Hosting.Diagnostics[1]
      Request starting HTTP/1.1 POST http://127.0.0.1:42937/api/v1/auth/login - application/json;+charset=utf-8 116
info: Microsoft.AspNetCore.Routing.EndpointMiddleware[0]
      Executing endpoint 'HTTP: POST /api/v1/auth/login'
info: Microsoft.AspNetCore.Http.Result.OkObjectResult[1]
      Setting HTTP status code 200.
info: Microsoft.AspNetCore.Http.Result.OkObjectResult[3]
      Writing value of type '<>f__AnonymousType3`6' as Json.
info: Microsoft.AspNetCore.Routing.EndpointMiddleware[1]
      Executed endpoint 'HTTP: POST /api/v1/auth/login'
info: Microsoft.AspNetCore.Hosting.Diagnostics[2]
      Request finished HTTP/1.1 POST https://127.0.0.1:42937/api/v1/auth/login - 200 - application/json;+charset=utf-8 567.1842ms
info: Microsoft.AspNetCore.Hosting.Diagnostics[1]
      Request starting HTTP/1.1 POST http://127.0.0.1:42937/api/v1/auth/login - application/json;+charset=utf-8 116
info: Microsoft.AspNetCore.Routing.EndpointMiddleware[0]
      Executing endpoint 'HTTP: POST /api/v1/auth/login'
info: Microsoft.AspNetCore.Http.Result.OkObjectResult[1]
      Setting HTTP status code 200.
info: Microsoft.AspNetCore.Http.Result.OkObjectResult[3]
      Writing value of type '<>f__AnonymousType3`6' as Json.
info: Microsoft.AspNetCore.Routing.EndpointMiddleware[1]
      Executed endpoint 'HTTP: POST /api/v1/auth/login'
info: Microsoft.AspNetCore.Hosting.Diagnostics[2]
      Request finished HTTP/1.1 POST https://127.0.0.1:42937/api/v1/auth/login - 200 - application/json;+charset=utf-8 514.1283ms
info: Microsoft.AspNetCore.Hosting.Diagnostics[1]
      Request starting HTTP/1.1 POST http://127.0.0.1:42937/api/v1/terminals/43615240-9e75-412a-9aa0-91e36e38c381/offline-reconciliation - application/json;+charset=utf-8 493
info: Microsoft.AspNetCore.Routing.EndpointMiddleware[0]
      Executing endpoint 'HTTP: POST /api/v1/terminals/{terminalId:guid}/offline-reconciliation/'
info: Microsoft.AspNetCore.Http.Result.OkObjectResult[1]
      Setting HTTP status code 200.
info: Microsoft.AspNetCore.Http.Result.OkObjectResult[3]
      Writing value of type 'OfflineReconciliationResponseV1' as Json.
info: Microsoft.AspNetCore.Routing.EndpointMiddleware[1]
      Executed endpoint 'HTTP: POST /api/v1/terminals/{terminalId:guid}/offline-reconciliation/'
info: Microsoft.AspNetCore.Hosting.Diagnostics[2]
      Request finished HTTP/1.1 POST https://127.0.0.1:42937/api/v1/terminals/43615240-9e75-412a-9aa0-91e36e38c381/offline-reconciliation - 200 - application/json;+charset=utf-8 10.2357ms
info: Microsoft.AspNetCore.Hosting.Diagnostics[1]
      Request starting HTTP/1.1 POST http://127.0.0.1:42937/api/v1/terminals/43615240-9e75-412a-9aa0-91e36e38c381/offline-reconciliation - application/json;+charset=utf-8 494
info: Microsoft.AspNetCore.Routing.EndpointMiddleware[0]
      Executing endpoint 'HTTP: POST /api/v1/terminals/{terminalId:guid}/offline-reconciliation/'
info: Microsoft.AspNetCore.Http.Result.JsonResult[1]
      Setting HTTP status code 403.
info: Microsoft.AspNetCore.Http.Result.JsonResult[3]
      Writing value of type 'OfflineReconciliationErrorV1' as Json.
info: Microsoft.AspNetCore.Routing.EndpointMiddleware[1]
      Executed endpoint 'HTTP: POST /api/v1/terminals/{terminalId:guid}/offline-reconciliation/'
info: Microsoft.AspNetCore.Hosting.Diagnostics[2]
      Request finished HTTP/1.1 POST https://127.0.0.1:42937/api/v1/terminals/43615240-9e75-412a-9aa0-91e36e38c381/offline-reconciliation - 403 - application/json;+charset=utf-8 3.7511ms
info: Microsoft.AspNetCore.Hosting.Diagnostics[1]
      Request starting HTTP/1.1 POST http://127.0.0.1:42937/api/v1/auth/login - application/json;+charset=utf-8 116
info: Microsoft.AspNetCore.Routing.EndpointMiddleware[0]
      Executing endpoint 'HTTP: POST /api/v1/auth/login'
[xUnit.net 00:00:17.50]     ALKAROS.Audit.AuthorizationProbes.AuthorizationProbes.C7OfflineReconciliationUsesTheCallersRealRole [FAIL]
[xUnit.net 00:00:17.50]       reconciliation failed: 403 {"code":"IDENTITY_MISMATCH","message":"Bu çevrimdışı bütçe veya işlem başka bir kullanıcıya ait.","status":403,"traceId":"0HNOTBQFLIVV1:000000DB"}
[xUnit.net 00:00:17.50]       Stack Trace:
[xUnit.net 00:00:17.50]         /fix/evidence/V1-RMD-399/probes/AuthorizationProbes/AuthorizationProbes.cs(585,0): at ALKAROS.Audit.AuthorizationProbes.AuthorizationProbes.ReconcileAsync(Guid terminalId, String cookies, Guid budgetId, Guid requester, String roleCode, String permission, Guid subjectServingUserId)
[xUnit.net 00:00:17.50]         /fix/evidence/V1-RMD-399/probes/AuthorizationProbes/AuthorizationProbes.cs(300,0): at ALKAROS.Audit.AuthorizationProbes.AuthorizationProbes.C7OfflineReconciliationUsesTheCallersRealRole()
[xUnit.net 00:00:17.50]         --- End of stack trace from previous location ---
  Passed ALKAROS.Audit.AuthorizationProbes.AuthorizationProbes.A2LogoutEndsSessionOnNextRequest [453 ms]
  Passed ALKAROS.Audit.AuthorizationProbes.AuthorizationProbes.A3LoginSessionLivesAtMostEightHours [579 ms]
  Standard Output Messages:
 cashier-device session lifetime after real login: 8.00 h


  Passed ALKAROS.Audit.AuthorizationProbes.AuthorizationProbes.B1SeededRoleMatrixMatchesDecisionRecord [16 ms]
  Failed ALKAROS.Audit.AuthorizationProbes.AuthorizationProbes.C7OfflineReconciliationUsesTheCallersRealRole [539 ms]
  Error Message:
   reconciliation failed: 403 {"code":"IDENTITY_MISMATCH","message":"Bu çevrimdışı bütçe veya işlem başka bir kullanıcıya ait.","status":403,"traceId":"0HNOTBQFLIVV1:000000DB"}
  Stack Trace:
     at ALKAROS.Audit.AuthorizationProbes.AuthorizationProbes.ReconcileAsync(Guid terminalId, String cookies, Guid budgetId, Guid requester, String roleCode, String permission, Guid subjectServingUserId) in /fix/evidence/V1-RMD-399/probes/AuthorizationProbes/AuthorizationProbes.cs:line 585
   at ALKAROS.Audit.AuthorizationProbes.AuthorizationProbes.C7OfflineReconciliationUsesTheCallersRealRole() in /fix/evidence/V1-RMD-399/probes/AuthorizationProbes/AuthorizationProbes.cs:line 300
--- End of stack trace from previous location ---
info: Microsoft.AspNetCore.Http.Result.OkObjectResult[1]
      Setting HTTP status code 200.
info: Microsoft.AspNetCore.Http.Result.OkObjectResult[3]
      Writing value of type '<>f__AnonymousType3`6' as Json.
info: Microsoft.AspNetCore.Routing.EndpointMiddleware[1]
      Executed endpoint 'HTTP: POST /api/v1/auth/login'
info: Microsoft.AspNetCore.Hosting.Diagnostics[2]
      Request finished HTTP/1.1 POST https://127.0.0.1:42937/api/v1/auth/login - 200 - application/json;+charset=utf-8 608.1451ms
info: Microsoft.AspNetCore.Hosting.Diagnostics[1]
      Request starting HTTP/1.1 POST http://127.0.0.1:42937/api/v1/terminals/f5dbe701-50a0-4968-b9ef-2fcfc1fdf2e9/table-management/reservations - application/json;+charset=utf-8 2
info: Microsoft.AspNetCore.Routing.EndpointMiddleware[0]
      Executing endpoint 'HTTP: POST /api/v1/terminals/{terminalId:guid}/table-management/reservations'
info: Microsoft.AspNetCore.Http.Result.JsonResult[1]
      Setting HTTP status code 403.
info: Microsoft.AspNetCore.Http.Result.JsonResult[3]
      Writing value of type 'TableManagementErrorEnvelope' as Json.
info: Microsoft.AspNetCore.Routing.EndpointMiddleware[1]
      Executed endpoint 'HTTP: POST /api/v1/terminals/{terminalId:guid}/table-management/reservations'
info: Microsoft.AspNetCore.Hosting.Diagnostics[2]
      Request finished HTTP/1.1 POST https://127.0.0.1:42937/api/v1/terminals/f5dbe701-50a0-4968-b9ef-2fcfc1fdf2e9/table-management/reservations - 403 - application/json;+charset=utf-8 6.8489ms
info: Microsoft.AspNetCore.Hosting.Diagnostics[1]
      Request starting HTTP/1.1 PUT http://127.0.0.1:42937/api/v1/terminals/f5dbe701-50a0-4968-b9ef-2fcfc1fdf2e9/billing/bills/73bac32c-d839-45d6-84a0-0876d1a4ec98/split-design/equal - application/json;+charset=utf-8 2
info: Microsoft.AspNetCore.Routing.EndpointMiddleware[0]
      Executing endpoint 'HTTP: PUT /api/v1/terminals/{terminalId:guid}/billing/bills/{billId:guid}/split-design/equal'
info: Microsoft.AspNetCore.Http.Result.JsonResult[1]
      Setting HTTP status code 403.
info: Microsoft.AspNetCore.Http.Result.JsonResult[3]
      Writing value of type 'BillingSplitErrorEnvelope' as Json.
info: Microsoft.AspNetCore.Routing.EndpointMiddleware[1]
      Executed endpoint 'HTTP: PUT /api/v1/terminals/{terminalId:guid}/billing/bills/{billId:guid}/split-design/equal'
info: Microsoft.AspNetCore.Hosting.Diagnostics[2]
      Request finished HTTP/1.1 PUT https://127.0.0.1:42937/api/v1/terminals/f5dbe701-50a0-4968-b9ef-2fcfc1fdf2e9/billing/bills/73bac32c-d839-45d6-84a0-0876d1a4ec98/split-design/equal - 403 - application/json;+charset=utf-8 6.9704ms
info: Microsoft.AspNetCore.Hosting.Diagnostics[1]
      Request starting HTTP/1.1 POST http://127.0.0.1:42937/api/v1/auth/login - application/json;+charset=utf-8 116
info: Microsoft.AspNetCore.Routing.EndpointMiddleware[0]
      Executing endpoint 'HTTP: POST /api/v1/auth/login'
info: Microsoft.AspNetCore.Http.Result.OkObjectResult[1]
      Setting HTTP status code 200.
info: Microsoft.AspNetCore.Http.Result.OkObjectResult[3]
      Writing value of type '<>f__AnonymousType3`6' as Json.
info: Microsoft.AspNetCore.Routing.EndpointMiddleware[1]
      Executed endpoint 'HTTP: POST /api/v1/auth/login'
info: Microsoft.AspNetCore.Hosting.Diagnostics[2]
      Request finished HTTP/1.1 POST https://127.0.0.1:42937/api/v1/auth/login - 200 - application/json;+charset=utf-8 456.3377ms
info: Microsoft.AspNetCore.Hosting.Diagnostics[1]
      Request starting HTTP/1.1 POST http://127.0.0.1:42937/api/v1/terminals/3ed6f8ef-595a-48c0-b46d-a6ec27673720/orders/25cdbba6-4a26-4169-bda7-f9614dabf319/items/66354f21-d5b7-4ecb-9d7b-29ea196efb85/comp - application/json;+charset=utf-8 119
info: Microsoft.AspNetCore.Routing.EndpointMiddleware[0]
      Executing endpoint 'HTTP: POST /api/v1/terminals/{terminalId:guid}/orders/{orderId:guid}/items/{itemId:guid}/comp'
info: Microsoft.AspNetCore.Http.Result.JsonResult[1]
      Setting HTTP status code 403.
info: Microsoft.AspNetCore.Http.Result.JsonResult[3]
      Writing value of type '<>f__AnonymousType5`1' as Json.
info: Microsoft.AspNetCore.Routing.EndpointMiddleware[1]
      Executed endpoint 'HTTP: POST /api/v1/terminals/{terminalId:guid}/orders/{orderId:guid}/items/{itemId:guid}/comp'
info: Microsoft.AspNetCore.Hosting.Diagnostics[2]
      Request finished HTTP/1.1 POST https://127.0.0.1:42937/api/v1/terminals/3ed6f8ef-595a-48c0-b46d-a6ec27673720/orders/25cdbba6-4a26-4169-bda7-f9614dabf319/items/66354f21-d5b7-4ecb-9d7b-29ea196efb85/comp - 403 - application/json;+charset=utf-8 49.4315ms
  Passed ALKAROS.Audit.AuthorizationProbes.AuthorizationProbes.D3WaiterCannotReserveOrSplit [629 ms]
  Passed ALKAROS.Audit.AuthorizationProbes.AuthorizationProbes.C3WaiterCompOnAnotherWaitersCheckIsRefused [545 ms]
info: Microsoft.AspNetCore.Hosting.Diagnostics[1]
      Request starting HTTP/1.1 POST http://127.0.0.1:42937/api/v1/auth/login?terminalId=40a5fdd4-da57-407e-970c-9d7daaf0680c - application/json;+charset=utf-8 2
info: Microsoft.AspNetCore.Routing.EndpointMiddleware[0]
      Executing endpoint 'HTTP: POST /api/v1/auth/login'
info: Microsoft.AspNetCore.Http.Result.JsonResult[1]
      Setting HTTP status code 400.
info: Microsoft.AspNetCore.Http.Result.JsonResult[3]
      Writing value of type 'ApiErrorEnvelope' as Json.
info: Microsoft.AspNetCore.Routing.EndpointMiddleware[1]
      Executed endpoint 'HTTP: POST /api/v1/auth/login'
info: Microsoft.AspNetCore.Hosting.Diagnostics[2]
      Request finished HTTP/1.1 POST https://127.0.0.1:42937/api/v1/auth/login?terminalId=40a5fdd4-da57-407e-970c-9d7daaf0680c - 400 - application/json;+charset=utf-8 1.1300ms
info: Microsoft.AspNetCore.Hosting.Diagnostics[1]
      Request starting HTTP/1.1 POST http://127.0.0.1:42937/api/v1/auth/logout?terminalId=73b37a33-96ac-4d0e-9510-762437d8d36b - application/json;+charset=utf-8 2
info: Microsoft.AspNetCore.Routing.EndpointMiddleware[0]
      Executing endpoint 'HTTP: POST /api/v1/auth/logout'
info: Microsoft.AspNetCore.Routing.EndpointMiddleware[1]
      Executed endpoint 'HTTP: POST /api/v1/auth/logout'
info: Microsoft.AspNetCore.Hosting.Diagnostics[2]
      Request finished HTTP/1.1 POST https://127.0.0.1:42937/api/v1/auth/logout?terminalId=73b37a33-96ac-4d0e-9510-762437d8d36b - 401 - application/json;+charset=utf-8 0.6900ms
info: Microsoft.AspNetCore.Hosting.Diagnostics[1]
      Request starting HTTP/1.1 POST http://127.0.0.1:42937/api/v1/auth/pin?terminalId=329af9b7-ef37-43f9-851d-9c6cd20cbeab - application/json;+charset=utf-8 2
info: Microsoft.AspNetCore.Routing.EndpointMiddleware[0]
      Executing endpoint 'HTTP: POST /api/v1/auth/pin'
info: Microsoft.AspNetCore.Routing.EndpointMiddleware[1]
      Executed endpoint 'HTTP: POST /api/v1/auth/pin'
info: Microsoft.AspNetCore.Hosting.Diagnostics[2]
      Request finished HTTP/1.1 POST https://127.0.0.1:42937/api/v1/auth/pin?terminalId=329af9b7-ef37-43f9-851d-9c6cd20cbeab - 401 - application/json;+charset=utf-8 1.0514ms
info: Microsoft.AspNetCore.Hosting.Diagnostics[1]
      Request starting HTTP/1.1 GET http://127.0.0.1:42937/api/v1/auth/session?terminalId=3dd9328a-ea2d-412d-992e-f11bf89b4ddb - - -
info: Microsoft.AspNetCore.Routing.EndpointMiddleware[0]
      Executing endpoint 'HTTP: GET /api/v1/auth/session'
info: Microsoft.AspNetCore.Routing.EndpointMiddleware[1]
      Executed endpoint 'HTTP: GET /api/v1/auth/session'
info: Microsoft.AspNetCore.Hosting.Diagnostics[2]
      Request finished HTTP/1.1 GET https://127.0.0.1:42937/api/v1/auth/session?terminalId=3dd9328a-ea2d-412d-992e-f11bf89b4ddb - 401 - application/json;+charset=utf-8 0.3596ms
info: Microsoft.AspNetCore.Hosting.Diagnostics[1]
      Request starting HTTP/1.1 GET http://127.0.0.1:42937/api/v1/auth/session/current?terminalId=fe954daf-4c6e-4b82-91e0-6fc6b23c25a3 - - -
info: Microsoft.AspNetCore.Routing.EndpointMiddleware[0]
      Executing endpoint 'HTTP: GET /api/v1/auth/session/current'
info: Microsoft.AspNetCore.Routing.EndpointMiddleware[1]
      Executed endpoint 'HTTP: GET /api/v1/auth/session/current'
info: Microsoft.AspNetCore.Hosting.Diagnostics[2]
      Request finished HTTP/1.1 GET https://127.0.0.1:42937/api/v1/auth/session/current?terminalId=fe954daf-4c6e-4b82-91e0-6fc6b23c25a3 - 401 - application/json;+charset=utf-8 2.5002ms
info: Microsoft.AspNetCore.Hosting.Diagnostics[1]
      Request starting HTTP/1.1 POST http://127.0.0.1:42937/api/v1/auth/unlock?terminalId=44521b09-2d3e-4f52-99dc-01513c2e24ac - application/json;+charset=utf-8 2
info: Microsoft.AspNetCore.Routing.EndpointMiddleware[0]
      Executing endpoint 'HTTP: POST /api/v1/auth/unlock'
info: Microsoft.AspNetCore.Routing.EndpointMiddleware[1]
      Executed endpoint 'HTTP: POST /api/v1/auth/unlock'
info: Microsoft.AspNetCore.Hosting.Diagnostics[2]
      Request finished HTTP/1.1 POST https://127.0.0.1:42937/api/v1/auth/unlock?terminalId=44521b09-2d3e-4f52-99dc-01513c2e24ac - 401 - application/json;+charset=utf-8 0.8308ms
info: Microsoft.AspNetCore.Hosting.Diagnostics[1]
      Request starting HTTP/1.1 POST http://127.0.0.1:42937/api/v1/customer-displays/pairing-requests?terminalId=5f9bfdb3-d1ec-4594-b19b-35a66a778183 - application/json;+charset=utf-8 2
info: Microsoft.AspNetCore.Routing.EndpointMiddleware[0]
      Executing endpoint 'HTTP: POST /api/v1/customer-displays/pairing-requests'
info: Microsoft.AspNetCore.Routing.EndpointMiddleware[1]
      Executed endpoint 'HTTP: POST /api/v1/customer-displays/pairing-requests'
info: Microsoft.AspNetCore.Hosting.Diagnostics[2]
      Request finished HTTP/1.1 POST https://127.0.0.1:42937/api/v1/customer-displays/pairing-requests?terminalId=5f9bfdb3-d1ec-4594-b19b-35a66a778183 - 400 - application/json;+charset=utf-8 4.5445ms
info: Microsoft.AspNetCore.Hosting.Diagnostics[1]
      Request starting HTTP/1.1 POST http://127.0.0.1:42937/api/v1/customer-displays/pairing-requests/ffea52a6-f043-4d16-a822-47093504d4b5/complete?terminalId=417b56c1-a204-4270-88f9-7c001cbbdcd7 - application/json;+charset=utf-8 2
info: Microsoft.AspNetCore.Routing.EndpointMiddleware[0]
      Executing endpoint 'HTTP: POST /api/v1/customer-displays/pairing-requests/{requestId:guid}/complete'
info: Microsoft.AspNetCore.Routing.EndpointMiddleware[1]
      Executed endpoint 'HTTP: POST /api/v1/customer-displays/pairing-requests/{requestId:guid}/complete'
info: Microsoft.AspNetCore.Hosting.Diagnostics[2]
      Request finished HTTP/1.1 POST https://127.0.0.1:42937/api/v1/customer-displays/pairing-requests/ffea52a6-f043-4d16-a822-47093504d4b5/complete?terminalId=417b56c1-a204-4270-88f9-7c001cbbdcd7 - 404 - application/json;+charset=utf-8 9.1395ms
info: Microsoft.AspNetCore.Hosting.Diagnostics[1]
      Request starting HTTP/1.1 GET http://127.0.0.1:42937/api/v1/customer-displays/b69738b6-b8f6-4a82-9820-b3e948732663/screensaver?terminalId=cbcc4ff5-6930-454a-9c01-5a901e954380 - - -
info: Microsoft.AspNetCore.Routing.EndpointMiddleware[0]
      Executing endpoint 'HTTP: GET /api/v1/customer-displays/{displayId:guid}/screensaver'
info: Microsoft.AspNetCore.Routing.EndpointMiddleware[1]
      Executed endpoint 'HTTP: GET /api/v1/customer-displays/{displayId:guid}/screensaver'
info: Microsoft.AspNetCore.Hosting.Diagnostics[2]
      Request finished HTTP/1.1 GET https://127.0.0.1:42937/api/v1/customer-displays/b69738b6-b8f6-4a82-9820-b3e948732663/screensaver?terminalId=cbcc4ff5-6930-454a-9c01-5a901e954380 - 401 - application/json;+charset=utf-8 3.7039ms
info: Microsoft.AspNetCore.Hosting.Diagnostics[1]
      Request starting HTTP/1.1 GET http://127.0.0.1:42937/api/v1/customer-displays/2ee67b8a-1b27-4baa-af69-c6a9f89dd867/snapshot?terminalId=636594e3-20c9-4068-969f-1abbd706349e - - -
info: Microsoft.AspNetCore.Routing.EndpointMiddleware[0]
      Executing endpoint 'HTTP: GET /api/v1/customer-displays/{displayId:guid}/snapshot'
info: Microsoft.AspNetCore.Routing.EndpointMiddleware[1]
      Executed endpoint 'HTTP: GET /api/v1/customer-displays/{displayId:guid}/snapshot'
info: Microsoft.AspNetCore.Hosting.Diagnostics[2]
      Request finished HTTP/1.1 GET https://127.0.0.1:42937/api/v1/customer-displays/2ee67b8a-1b27-4baa-af69-c6a9f89dd867/snapshot?terminalId=636594e3-20c9-4068-969f-1abbd706349e - 401 - application/json;+charset=utf-8 3.2381ms
info: Microsoft.AspNetCore.Hosting.Diagnostics[1]
      Request starting HTTP/1.1 POST http://127.0.0.1:42937/api/v1/integrations/trendyol-go/orders/webhook/probe?terminalId=7eda9d71-604d-43fe-9ac4-2840f723d127 - application/json;+charset=utf-8 2
info: Microsoft.AspNetCore.Routing.EndpointMiddleware[0]
      Executing endpoint 'HTTP: POST /api/v1/integrations/trendyol-go/orders/webhook/{eventType}'
info: Microsoft.AspNetCore.Http.Result.JsonResult[1]
      Setting HTTP status code 503.
info: Microsoft.AspNetCore.Http.Result.JsonResult[3]
      Writing value of type '<>f__AnonymousType25`1' as Json.
info: Microsoft.AspNetCore.Routing.EndpointMiddleware[1]
      Executed endpoint 'HTTP: POST /api/v1/integrations/trendyol-go/orders/webhook/{eventType}'
info: Microsoft.AspNetCore.Hosting.Diagnostics[2]
      Request finished HTTP/1.1 POST https://127.0.0.1:42937/api/v1/integrations/trendyol-go/orders/webhook/probe?terminalId=7eda9d71-604d-43fe-9ac4-2840f723d127 - 503 - application/json;+charset=utf-8 7.0770ms
info: Microsoft.AspNetCore.Hosting.Diagnostics[1]
      Request starting HTTP/1.1 POST http://127.0.0.1:42937/api/v1/integrations/yemeksepeti/orders/webhook?terminalId=1ec20194-0c71-40b1-9a29-4ab468b60cb5 - application/json;+charset=utf-8 2
info: Microsoft.AspNetCore.Routing.EndpointMiddleware[0]
      Executing endpoint 'HTTP: POST /api/v1/integrations/yemeksepeti/orders/webhook'
info: Microsoft.AspNetCore.Http.Result.JsonResult[1]
      Setting HTTP status code 503.
info: Microsoft.AspNetCore.Http.Result.JsonResult[3]
      Writing value of type '<>f__AnonymousType25`1' as Json.
info: Microsoft.AspNetCore.Routing.EndpointMiddleware[1]
      Executed endpoint 'HTTP: POST /api/v1/integrations/yemeksepeti/orders/webhook'
info: Microsoft.AspNetCore.Hosting.Diagnostics[2]
      Request finished HTTP/1.1 POST https://127.0.0.1:42937/api/v1/integrations/yemeksepeti/orders/webhook?terminalId=1ec20194-0c71-40b1-9a29-4ab468b60cb5 - 503 - application/json;+charset=utf-8 4.3026ms
info: Microsoft.AspNetCore.Hosting.Diagnostics[1]
      Request starting HTTP/1.1 GET http://127.0.0.1:42937/api/v1/management/authorization/behavioural-tightenings?terminalId=523996ff-3151-4deb-a52a-cf716505d3cc - - -
info: Microsoft.AspNetCore.Routing.EndpointMiddleware[0]
      Executing endpoint 'HTTP: GET /api/v1/management/authorization/behavioural-tightenings'
info: Microsoft.AspNetCore.Http.Result.JsonResult[1]
      Setting HTTP status code 401.
info: Microsoft.AspNetCore.Http.Result.JsonResult[3]
      Writing value of type 'AuthorizationDecisionErrorEnvelopeV1' as Json.
info: Microsoft.AspNetCore.Routing.EndpointMiddleware[1]
      Executed endpoint 'HTTP: GET /api/v1/management/authorization/behavioural-tightenings'
info: Microsoft.AspNetCore.Hosting.Diagnostics[2]
      Request finished HTTP/1.1 GET https://127.0.0.1:42937/api/v1/management/authorization/behavioural-tightenings?terminalId=523996ff-3151-4deb-a52a-cf716505d3cc - 401 - application/json;+charset=utf-8 0.5656ms
info: Microsoft.AspNetCore.Hosting.Diagnostics[1]
      Request starting HTTP/1.1 POST http://127.0.0.1:42937/api/v1/management/authorization/behavioural-tightenings/8615c596-79d8-4180-a8f9-1ebde79b0828/clear?terminalId=362a1456-89ac-46f1-91e6-5780aa9aa353 - application/json;+charset=utf-8 2
info: Microsoft.AspNetCore.Routing.EndpointMiddleware[0]
      Executing endpoint 'HTTP: POST /api/v1/management/authorization/behavioural-tightenings/{tighteningId:guid}/clear'
info: Microsoft.AspNetCore.Http.Result.JsonResult[1]
      Setting HTTP status code 401.
info: Microsoft.AspNetCore.Http.Result.JsonResult[3]
      Writing value of type 'AuthorizationDecisionErrorEnvelopeV1' as Json.
info: Microsoft.AspNetCore.Routing.EndpointMiddleware[1]
      Executed endpoint 'HTTP: POST /api/v1/management/authorization/behavioural-tightenings/{tighteningId:guid}/clear'
info: Microsoft.AspNetCore.Hosting.Diagnostics[2]
      Request finished HTTP/1.1 POST https://127.0.0.1:42937/api/v1/management/authorization/behavioural-tightenings/8615c596-79d8-4180-a8f9-1ebde79b0828/clear?terminalId=362a1456-89ac-46f1-91e6-5780aa9aa353 - 401 - application/json;+charset=utf-8 0.5189ms
info: Microsoft.AspNetCore.Hosting.Diagnostics[1]
      Request starting HTTP/1.1 GET http://127.0.0.1:42937/api/v1/management/authorization/delegations?terminalId=e57d782c-e31f-4364-b88f-3c286b7a4111 - - -
info: Microsoft.AspNetCore.Routing.EndpointMiddleware[0]
      Executing endpoint 'HTTP: GET /api/v1/management/authorization/delegations'
info: Microsoft.AspNetCore.Http.Result.JsonResult[1]
      Setting HTTP status code 401.
info: Microsoft.AspNetCore.Http.Result.JsonResult[3]
      Writing value of type 'AuthorizationDecisionErrorEnvelopeV1' as Json.
info: Microsoft.AspNetCore.Routing.EndpointMiddleware[1]
      Executed endpoint 'HTTP: GET /api/v1/management/authorization/delegations'
info: Microsoft.AspNetCore.Hosting.Diagnostics[2]
      Request finished HTTP/1.1 GET https://127.0.0.1:42937/api/v1/management/authorization/delegations?terminalId=e57d782c-e31f-4364-b88f-3c286b7a4111 - 401 - application/json;+charset=utf-8 0.4791ms
info: Microsoft.AspNetCore.Hosting.Diagnostics[1]
      Request starting HTTP/1.1 POST http://127.0.0.1:42937/api/v1/management/authorization/delegations?terminalId=57fe8424-7f57-4c39-b0c5-97aa2eef1816 - application/json;+charset=utf-8 2
info: Microsoft.AspNetCore.Routing.EndpointMiddleware[0]
      Executing endpoint 'HTTP: POST /api/v1/management/authorization/delegations'
info: Microsoft.AspNetCore.Http.Result.JsonResult[1]
      Setting HTTP status code 401.
info: Microsoft.AspNetCore.Http.Result.JsonResult[3]
      Writing value of type 'AuthorizationDecisionErrorEnvelopeV1' as Json.
info: Microsoft.AspNetCore.Routing.EndpointMiddleware[1]
      Executed endpoint 'HTTP: POST /api/v1/management/authorization/delegations'
info: Microsoft.AspNetCore.Hosting.Diagnostics[2]
      Request finished HTTP/1.1 POST https://127.0.0.1:42937/api/v1/management/authorization/delegations?terminalId=57fe8424-7f57-4c39-b0c5-97aa2eef1816 - 401 - application/json;+charset=utf-8 0.3418ms
info: Microsoft.AspNetCore.Hosting.Diagnostics[1]
      Request starting HTTP/1.1 POST http://127.0.0.1:42937/api/v1/management/authorization/delegations/bdb544b4-fc74-4ce1-bfb3-e5bc449d86c4/revoke?terminalId=84540387-cc30-4972-91e5-a7c0effcbc61 - application/json;+charset=utf-8 2
info: Microsoft.AspNetCore.Routing.EndpointMiddleware[0]
      Executing endpoint 'HTTP: POST /api/v1/management/authorization/delegations/{delegationId:guid}/revoke'
info: Microsoft.AspNetCore.Http.Result.JsonResult[1]
      Setting HTTP status code 401.
info: Microsoft.AspNetCore.Http.Result.JsonResult[3]
      Writing value of type 'AuthorizationDecisionErrorEnvelopeV1' as Json.
info: Microsoft.AspNetCore.Routing.EndpointMiddleware[1]
      Executed endpoint 'HTTP: POST /api/v1/management/authorization/delegations/{delegationId:guid}/revoke'
info: Microsoft.AspNetCore.Hosting.Diagnostics[2]
      Request finished HTTP/1.1 POST https://127.0.0.1:42937/api/v1/management/authorization/delegations/bdb544b4-fc74-4ce1-bfb3-e5bc449d86c4/revoke?terminalId=84540387-cc30-4972-91e5-a7c0effcbc61 - 401 - application/json;+charset=utf-8 0.3618ms
info: Microsoft.AspNetCore.Hosting.Diagnostics[1]
      Request starting HTTP/1.1 POST http://127.0.0.1:42937/api/v1/management/authorization/grants/7541e324-830e-4566-981a-8e8a21564e8c/approve?terminalId=baf206aa-60b6-43fc-ba7b-1d6660d315d6 - application/json;+charset=utf-8 2
info: Microsoft.AspNetCore.Routing.EndpointMiddleware[0]
      Executing endpoint 'HTTP: POST /api/v1/management/authorization/grants/{grantId:guid}/approve'
info: Microsoft.AspNetCore.Http.Result.JsonResult[1]
      Setting HTTP status code 401.
info: Microsoft.AspNetCore.Http.Result.JsonResult[3]
      Writing value of type 'AuthorizationDecisionErrorEnvelopeV1' as Json.
info: Microsoft.AspNetCore.Routing.EndpointMiddleware[1]
      Executed endpoint 'HTTP: POST /api/v1/management/authorization/grants/{grantId:guid}/approve'
info: Microsoft.AspNetCore.Hosting.Diagnostics[2]
      Request finished HTTP/1.1 POST https://127.0.0.1:42937/api/v1/management/authorization/grants/7541e324-830e-4566-981a-8e8a21564e8c/approve?terminalId=baf206aa-60b6-43fc-ba7b-1d6660d315d6 - 401 - application/json;+charset=utf-8 0.4708ms
info: Microsoft.AspNetCore.Hosting.Diagnostics[1]
      Request starting HTTP/1.1 POST http://127.0.0.1:42937/api/v1/management/authorization/grants/337afb6b-195e-4e69-a8d3-b16ed911cc80/deny?terminalId=7bd05471-1433-428e-94d6-558119f23959 - application/json;+charset=utf-8 2
info: Microsoft.AspNetCore.Routing.EndpointMiddleware[0]
      Executing endpoint 'HTTP: POST /api/v1/management/authorization/grants/{grantId:guid}/deny'
info: Microsoft.AspNetCore.Http.Result.JsonResult[1]
      Setting HTTP status code 401.
info: Microsoft.AspNetCore.Http.Result.JsonResult[3]
      Writing value of type 'AuthorizationDecisionErrorEnvelopeV1' as Json.
info: Microsoft.AspNetCore.Routing.EndpointMiddleware[1]
      Executed endpoint 'HTTP: POST /api/v1/management/authorization/grants/{grantId:guid}/deny'
info: Microsoft.AspNetCore.Hosting.Diagnostics[2]
      Request finished HTTP/1.1 POST https://127.0.0.1:42937/api/v1/management/authorization/grants/337afb6b-195e-4e69-a8d3-b16ed911cc80/deny?terminalId=7bd05471-1433-428e-94d6-558119f23959 - 401 - application/json;+charset=utf-8 0.3352ms
info: Microsoft.AspNetCore.Hosting.Diagnostics[1]
      Request starting HTTP/1.1 GET http://127.0.0.1:42937/api/v1/management/authorization/pending-grants?terminalId=192d0f5d-743c-4da9-85cd-4585ce35c4c4 - - -
info: Microsoft.AspNetCore.Routing.EndpointMiddleware[0]
      Executing endpoint 'HTTP: GET /api/v1/management/authorization/pending-grants'
info: Microsoft.AspNetCore.Http.Result.JsonResult[1]
      Setting HTTP status code 401.
info: Microsoft.AspNetCore.Http.Result.JsonResult[3]
      Writing value of type 'AuthorizationDecisionErrorEnvelopeV1' as Json.
info: Microsoft.AspNetCore.Routing.EndpointMiddleware[1]
      Executed endpoint 'HTTP: GET /api/v1/management/authorization/pending-grants'
info: Microsoft.AspNetCore.Hosting.Diagnostics[2]
      Request finished HTTP/1.1 GET https://127.0.0.1:42937/api/v1/management/authorization/pending-grants?terminalId=192d0f5d-743c-4da9-85cd-4585ce35c4c4 - 401 - application/json;+charset=utf-8 0.3637ms
info: Microsoft.AspNetCore.Hosting.Diagnostics[1]
      Request starting HTTP/1.1 GET http://127.0.0.1:42937/api/v1/management/business-identity/accent-palette?terminalId=92d9f902-3fd5-4db5-b058-b4f46b3b859a - - -
info: Microsoft.AspNetCore.Routing.EndpointMiddleware[0]
      Executing endpoint 'HTTP: GET /api/v1/management/business-identity/accent-palette'
info: Microsoft.AspNetCore.Http.Result.JsonResult[1]
      Setting HTTP status code 401.
info: Microsoft.AspNetCore.Http.Result.JsonResult[3]
      Writing value of type 'SettingsApiErrorEnvelopeV1' as Json.
info: Microsoft.AspNetCore.Routing.EndpointMiddleware[1]
      Executed endpoint 'HTTP: GET /api/v1/management/business-identity/accent-palette'
info: Microsoft.AspNetCore.Hosting.Diagnostics[2]
      Request finished HTTP/1.1 GET https://127.0.0.1:42937/api/v1/management/business-identity/accent-palette?terminalId=92d9f902-3fd5-4db5-b058-b4f46b3b859a - 401 - application/json;+charset=utf-8 0.4077ms
info: Microsoft.AspNetCore.Hosting.Diagnostics[1]
      Request starting HTTP/1.1 PUT http://127.0.0.1:42937/api/v1/management/business-identity/logo?terminalId=24887665-79fa-4614-9655-d26523c68834 - application/json;+charset=utf-8 2
info: Microsoft.AspNetCore.Routing.EndpointMiddleware[0]
      Executing endpoint 'HTTP: GET, POST, PUT, PATCH, DELETE, OPTIONS /api/{**path}'
info: Microsoft.AspNetCore.Http.Result.JsonResult[1]
      Setting HTTP status code 404.
info: Microsoft.AspNetCore.Http.Result.JsonResult[3]
      Writing value of type 'ApiErrorEnvelope' as Json.
info: Microsoft.AspNetCore.Routing.EndpointMiddleware[1]
      Executed endpoint 'HTTP: GET, POST, PUT, PATCH, DELETE, OPTIONS /api/{**path}'
info: Microsoft.AspNetCore.Hosting.Diagnostics[2]
      Request finished HTTP/1.1 PUT https://127.0.0.1:42937/api/v1/management/business-identity/logo?terminalId=24887665-79fa-4614-9655-d26523c68834 - 404 - application/json;+charset=utf-8 0.2377ms
info: Microsoft.AspNetCore.Hosting.Diagnostics[1]
      Request starting HTTP/1.1 DELETE http://127.0.0.1:42937/api/v1/management/business-identity/logo?terminalId=2b4c05bb-1723-45e5-826b-dd1593f2dded - application/json;+charset=utf-8 2
info: Microsoft.AspNetCore.Routing.EndpointMiddleware[0]
      Executing endpoint 'HTTP: DELETE /api/v1/management/business-identity/logo'
info: Microsoft.AspNetCore.Http.Result.JsonResult[1]
      Setting HTTP status code 401.
info: Microsoft.AspNetCore.Http.Result.JsonResult[3]
      Writing value of type 'SettingsApiErrorEnvelopeV1' as Json.
info: Microsoft.AspNetCore.Routing.EndpointMiddleware[1]
      Executed endpoint 'HTTP: DELETE /api/v1/management/business-identity/logo'
info: Microsoft.AspNetCore.Hosting.Diagnostics[2]
      Request finished HTTP/1.1 DELETE https://127.0.0.1:42937/api/v1/management/business-identity/logo?terminalId=2b4c05bb-1723-45e5-826b-dd1593f2dded - 401 - application/json;+charset=utf-8 0.3737ms
info: Microsoft.AspNetCore.Hosting.Diagnostics[1]
      Request starting HTTP/1.1 GET http://127.0.0.1:42937/api/v1/management/catalog/categories?terminalId=1a9579cd-dada-4fea-b7aa-4ea3f9921046 - - -
info: Microsoft.AspNetCore.Routing.EndpointMiddleware[0]
      Executing endpoint 'HTTP: GET /api/v1/management/catalog/categories'
info: Microsoft.AspNetCore.Http.Result.JsonResult[1]
      Setting HTTP status code 401.
info: Microsoft.AspNetCore.Http.Result.JsonResult[3]
      Writing value of type 'CatalogApiErrorEnvelopeV1' as Json.
info: Microsoft.AspNetCore.Routing.EndpointMiddleware[1]
      Executed endpoint 'HTTP: GET /api/v1/management/catalog/categories'
info: Microsoft.AspNetCore.Hosting.Diagnostics[2]
      Request finished HTTP/1.1 GET https://127.0.0.1:42937/api/v1/management/catalog/categories?terminalId=1a9579cd-dada-4fea-b7aa-4ea3f9921046 - 401 - application/json;+charset=utf-8 0.4619ms
info: Microsoft.AspNetCore.Hosting.Diagnostics[1]
      Request starting HTTP/1.1 POST http://127.0.0.1:42937/api/v1/management/catalog/categories?terminalId=7686edb2-b902-433c-bfce-7dc488433a8b - application/json;+charset=utf-8 2
info: Microsoft.AspNetCore.Routing.EndpointMiddleware[0]
      Executing endpoint 'HTTP: POST /api/v1/management/catalog/categories'
info: Microsoft.AspNetCore.Http.Result.JsonResult[1]
      Setting HTTP status code 401.
info: Microsoft.AspNetCore.Http.Result.JsonResult[3]
      Writing value of type 'CatalogApiErrorEnvelopeV1' as Json.
info: Microsoft.AspNetCore.Routing.EndpointMiddleware[1]
      Executed endpoint 'HTTP: POST /api/v1/management/catalog/categories'
info: Microsoft.AspNetCore.Hosting.Diagnostics[2]
      Request finished HTTP/1.1 POST https://127.0.0.1:42937/api/v1/management/catalog/categories?terminalId=7686edb2-b902-433c-bfce-7dc488433a8b - 401 - application/json;+charset=utf-8 0.3929ms
info: Microsoft.AspNetCore.Hosting.Diagnostics[1]
      Request starting HTTP/1.1 GET http://127.0.0.1:42937/api/v1/management/catalog/effective-price?terminalId=a967c708-7b44-4b65-a568-46434eb155af - - -
info: Microsoft.AspNetCore.Routing.EndpointMiddleware[0]
      Executing endpoint 'HTTP: GET /api/v1/management/catalog/effective-price'
info: Microsoft.AspNetCore.Http.Result.JsonResult[1]
      Setting HTTP status code 401.
info: Microsoft.AspNetCore.Http.Result.JsonResult[3]
      Writing value of type 'CatalogApiErrorEnvelopeV1' as Json.
info: Microsoft.AspNetCore.Routing.EndpointMiddleware[1]
      Executed endpoint 'HTTP: GET /api/v1/management/catalog/effective-price'
info: Microsoft.AspNetCore.Hosting.Diagnostics[2]
      Request finished HTTP/1.1 GET https://127.0.0.1:42937/api/v1/management/catalog/effective-price?terminalId=a967c708-7b44-4b65-a568-46434eb155af - 401 - application/json;+charset=utf-8 0.5477ms
info: Microsoft.AspNetCore.Hosting.Diagnostics[1]
      Request starting HTTP/1.1 GET http://127.0.0.1:42937/api/v1/management/catalog/modifier-groups?terminalId=f595c680-34ef-4900-ab90-efedd4ce268a - - -
info: Microsoft.AspNetCore.Routing.EndpointMiddleware[0]
      Executing endpoint 'HTTP: GET /api/v1/management/catalog/modifier-groups'
info: Microsoft.AspNetCore.Http.Result.JsonResult[1]
      Setting HTTP status code 401.
info: Microsoft.AspNetCore.Http.Result.JsonResult[3]
      Writing value of type 'CatalogApiErrorEnvelopeV1' as Json.
info: Microsoft.AspNetCore.Routing.EndpointMiddleware[1]
      Executed endpoint 'HTTP: GET /api/v1/management/catalog/modifier-groups'
info: Microsoft.AspNetCore.Hosting.Diagnostics[2]
      Request finished HTTP/1.1 GET https://127.0.0.1:42937/api/v1/management/catalog/modifier-groups?terminalId=f595c680-34ef-4900-ab90-efedd4ce268a - 401 - application/json;+charset=utf-8 0.2640ms
info: Microsoft.AspNetCore.Hosting.Diagnostics[1]
      Request starting HTTP/1.1 POST http://127.0.0.1:42937/api/v1/management/catalog/modifier-groups?terminalId=c0eb79f6-ceca-4154-b16c-121923667014 - application/json;+charset=utf-8 2
info: Microsoft.AspNetCore.Routing.EndpointMiddleware[0]
      Executing endpoint 'HTTP: POST /api/v1/management/catalog/modifier-groups'
info: Microsoft.AspNetCore.Http.Result.JsonResult[1]
      Setting HTTP status code 401.
info: Microsoft.AspNetCore.Http.Result.JsonResult[3]
      Writing value of type 'CatalogApiErrorEnvelopeV1' as Json.
info: Microsoft.AspNetCore.Routing.EndpointMiddleware[1]
      Executed endpoint 'HTTP: POST /api/v1/management/catalog/modifier-groups'
info: Microsoft.AspNetCore.Hosting.Diagnostics[2]
      Request finished HTTP/1.1 POST https://127.0.0.1:42937/api/v1/management/catalog/modifier-groups?terminalId=c0eb79f6-ceca-4154-b16c-121923667014 - 401 - application/json;+charset=utf-8 0.3530ms
info: Microsoft.AspNetCore.Hosting.Diagnostics[1]
      Request starting HTTP/1.1 GET http://127.0.0.1:42937/api/v1/management/catalog/modifiers?terminalId=9feab5d3-e9b1-45ff-9b56-02f32e8fe412 - - -
info: Microsoft.AspNetCore.Routing.EndpointMiddleware[0]
      Executing endpoint 'HTTP: GET /api/v1/management/catalog/modifiers'
info: Microsoft.AspNetCore.Http.Result.JsonResult[1]
      Setting HTTP status code 401.
info: Microsoft.AspNetCore.Http.Result.JsonResult[3]
      Writing value of type 'CatalogApiErrorEnvelopeV1' as Json.
info: Microsoft.AspNetCore.Routing.EndpointMiddleware[1]
      Executed endpoint 'HTTP: GET /api/v1/management/catalog/modifiers'
info: Microsoft.AspNetCore.Hosting.Diagnostics[2]
      Request finished HTTP/1.1 GET https://127.0.0.1:42937/api/v1/management/catalog/modifiers?terminalId=9feab5d3-e9b1-45ff-9b56-02f32e8fe412 - 401 - application/json;+charset=utf-8 0.2802ms
info: Microsoft.AspNetCore.Hosting.Diagnostics[1]
      Request starting HTTP/1.1 POST http://127.0.0.1:42937/api/v1/management/catalog/modifiers?terminalId=c25a7bea-d694-4d61-bcb7-5b2651438536 - application/json;+charset=utf-8 2
info: Microsoft.AspNetCore.Routing.EndpointMiddleware[0]
      Executing endpoint 'HTTP: POST /api/v1/management/catalog/modifiers'
info: Microsoft.AspNetCore.Http.Result.JsonResult[1]
      Setting HTTP status code 401.
info: Microsoft.AspNetCore.Http.Result.JsonResult[3]
      Writing value of type 'CatalogApiErrorEnvelopeV1' as Json.
info: Microsoft.AspNetCore.Routing.EndpointMiddleware[1]
      Executed endpoint 'HTTP: POST /api/v1/management/catalog/modifiers'
info: Microsoft.AspNetCore.Hosting.Diagnostics[2]
      Request finished HTTP/1.1 POST https://127.0.0.1:42937/api/v1/management/catalog/modifiers?terminalId=c25a7bea-d694-4d61-bcb7-5b2651438536 - 401 - application/json;+charset=utf-8 0.3600ms
info: Microsoft.AspNetCore.Hosting.Diagnostics[1]
      Request starting HTTP/1.1 GET http://127.0.0.1:42937/api/v1/management/catalog/prices?terminalId=27cc6c22-e94f-440e-837d-ceec3c17d612 - - -
info: Microsoft.AspNetCore.Routing.EndpointMiddleware[0]
      Executing endpoint 'HTTP: GET /api/v1/management/catalog/prices'
info: Microsoft.AspNetCore.Http.Result.JsonResult[1]
      Setting HTTP status code 401.
info: Microsoft.AspNetCore.Http.Result.JsonResult[3]
      Writing value of type 'CatalogApiErrorEnvelopeV1' as Json.
info: Microsoft.AspNetCore.Routing.EndpointMiddleware[1]
      Executed endpoint 'HTTP: GET /api/v1/management/catalog/prices'
info: Microsoft.AspNetCore.Hosting.Diagnostics[2]
      Request finished HTTP/1.1 GET https://127.0.0.1:42937/api/v1/management/catalog/prices?terminalId=27cc6c22-e94f-440e-837d-ceec3c17d612 - 401 - application/json;+charset=utf-8 0.4358ms
info: Microsoft.AspNetCore.Hosting.Diagnostics[1]
      Request starting HTTP/1.1 POST http://127.0.0.1:42937/api/v1/management/catalog/prices?terminalId=d9ea7d38-1ef8-454b-bc1e-f8e68f36916a - application/json;+charset=utf-8 2
info: Microsoft.AspNetCore.Routing.EndpointMiddleware[0]
      Executing endpoint 'HTTP: POST /api/v1/management/catalog/prices'
info: Microsoft.AspNetCore.Http.Result.JsonResult[1]
      Setting HTTP status code 401.
info: Microsoft.AspNetCore.Http.Result.JsonResult[3]
      Writing value of type 'CatalogApiErrorEnvelopeV1' as Json.
info: Microsoft.AspNetCore.Routing.EndpointMiddleware[1]
      Executed endpoint 'HTTP: POST /api/v1/management/catalog/prices'
info: Microsoft.AspNetCore.Hosting.Diagnostics[2]
      Request finished HTTP/1.1 POST https://127.0.0.1:42937/api/v1/management/catalog/prices?terminalId=d9ea7d38-1ef8-454b-bc1e-f8e68f36916a - 401 - application/json;+charset=utf-8 0.3756ms
info: Microsoft.AspNetCore.Hosting.Diagnostics[1]
      Request starting HTTP/1.1 GET http://127.0.0.1:42937/api/v1/management/catalog/product-modifier-assignments?terminalId=9f80f6b3-eeaf-4b90-acc4-e55bb7002808 - - -
info: Microsoft.AspNetCore.Routing.EndpointMiddleware[0]
      Executing endpoint 'HTTP: GET /api/v1/management/catalog/product-modifier-assignments'
info: Microsoft.AspNetCore.Http.Result.JsonResult[1]
      Setting HTTP status code 401.
info: Microsoft.AspNetCore.Http.Result.JsonResult[3]
      Writing value of type 'CatalogApiErrorEnvelopeV1' as Json.
info: Microsoft.AspNetCore.Routing.EndpointMiddleware[1]
      Executed endpoint 'HTTP: GET /api/v1/management/catalog/product-modifier-assignments'
info: Microsoft.AspNetCore.Hosting.Diagnostics[2]
      Request finished HTTP/1.1 GET https://127.0.0.1:42937/api/v1/management/catalog/product-modifier-assignments?terminalId=9f80f6b3-eeaf-4b90-acc4-e55bb7002808 - 401 - application/json;+charset=utf-8 0.3392ms
info: Microsoft.AspNetCore.Hosting.Diagnostics[1]
      Request starting HTTP/1.1 POST http://127.0.0.1:42937/api/v1/management/catalog/product-modifier-assignments?terminalId=721d8cb1-e745-4e6d-b70a-6f2a3f86023e - application/json;+charset=utf-8 2
info: Microsoft.AspNetCore.Routing.EndpointMiddleware[0]
      Executing endpoint 'HTTP: POST /api/v1/management/catalog/product-modifier-assignments'
info: Microsoft.AspNetCore.Http.Result.JsonResult[1]
      Setting HTTP status code 401.
info: Microsoft.AspNetCore.Http.Result.JsonResult[3]
      Writing value of type 'CatalogApiErrorEnvelopeV1' as Json.
info: Microsoft.AspNetCore.Routing.EndpointMiddleware[1]
      Executed endpoint 'HTTP: POST /api/v1/management/catalog/product-modifier-assignments'
info: Microsoft.AspNetCore.Hosting.Diagnostics[2]
      Request finished HTTP/1.1 POST https://127.0.0.1:42937/api/v1/management/catalog/product-modifier-assignments?terminalId=721d8cb1-e745-4e6d-b70a-6f2a3f86023e - 401 - application/json;+charset=utf-8 0.3609ms
info: Microsoft.AspNetCore.Hosting.Diagnostics[1]
      Request starting HTTP/1.1 GET http://127.0.0.1:42937/api/v1/management/catalog/products?terminalId=a1fb8a40-fcdc-469b-a3b5-0b2f0bd365d8 - - -
info: Microsoft.AspNetCore.Routing.EndpointMiddleware[0]
      Executing endpoint 'HTTP: GET /api/v1/management/catalog/products'
info: Microsoft.AspNetCore.Http.Result.JsonResult[1]
      Setting HTTP status code 401.
info: Microsoft.AspNetCore.Http.Result.JsonResult[3]
      Writing value of type 'CatalogApiErrorEnvelopeV1' as Json.
info: Microsoft.AspNetCore.Routing.EndpointMiddleware[1]
      Executed endpoint 'HTTP: GET /api/v1/management/catalog/products'
info: Microsoft.AspNetCore.Hosting.Diagnostics[2]
      Request finished HTTP/1.1 GET https://127.0.0.1:42937/api/v1/management/catalog/products?terminalId=a1fb8a40-fcdc-469b-a3b5-0b2f0bd365d8 - 401 - application/json;+charset=utf-8 0.4121ms
info: Microsoft.AspNetCore.Hosting.Diagnostics[1]
      Request starting HTTP/1.1 POST http://127.0.0.1:42937/api/v1/management/catalog/products?terminalId=248213f6-d000-4fda-916e-5d9d2fd6b18b - application/json;+charset=utf-8 2
info: Microsoft.AspNetCore.Routing.EndpointMiddleware[0]
      Executing endpoint 'HTTP: POST /api/v1/management/catalog/products'
info: Microsoft.AspNetCore.Http.Result.JsonResult[1]
      Setting HTTP status code 401.
info: Microsoft.AspNetCore.Http.Result.JsonResult[3]
      Writing value of type 'CatalogApiErrorEnvelopeV1' as Json.
info: Microsoft.AspNetCore.Routing.EndpointMiddleware[1]
      Executed endpoint 'HTTP: POST /api/v1/management/catalog/products'
info: Microsoft.AspNetCore.Hosting.Diagnostics[2]
      Request finished HTTP/1.1 POST https://127.0.0.1:42937/api/v1/management/catalog/products?terminalId=248213f6-d000-4fda-916e-5d9d2fd6b18b - 401 - application/json;+charset=utf-8 0.3510ms
info: Microsoft.AspNetCore.Hosting.Diagnostics[1]
      Request starting HTTP/1.1 POST http://127.0.0.1:42937/api/v1/management/catalog/products/7cf25ceb-6737-46c3-95d9-b93ede875e4e/availability?terminalId=2134183a-9528-45e3-a12b-0c762f126816 - application/json;+charset=utf-8 2
info: Microsoft.AspNetCore.Routing.EndpointMiddleware[0]
      Executing endpoint 'HTTP: POST /api/v1/management/catalog/products/{productId:guid}/availability'
info: Microsoft.AspNetCore.Http.Result.JsonResult[1]
      Setting HTTP status code 401.
info: Microsoft.AspNetCore.Http.Result.JsonResult[3]
      Writing value of type 'CatalogApiErrorEnvelopeV1' as Json.
info: Microsoft.AspNetCore.Routing.EndpointMiddleware[1]
      Executed endpoint 'HTTP: POST /api/v1/management/catalog/products/{productId:guid}/availability'
info: Microsoft.AspNetCore.Hosting.Diagnostics[2]
      Request finished HTTP/1.1 POST https://127.0.0.1:42937/api/v1/management/catalog/products/7cf25ceb-6737-46c3-95d9-b93ede875e4e/availability?terminalId=2134183a-9528-45e3-a12b-0c762f126816 - 401 - application/json;+charset=utf-8 0.3745ms
info: Microsoft.AspNetCore.Hosting.Diagnostics[1]
      Request starting HTTP/1.1 POST http://127.0.0.1:42937/api/v1/management/catalog/products/f6398a1f-d7f5-4492-88a5-2e5a533b46ec/prep-time?terminalId=2afbf757-3cfd-4b03-b69c-79d837dd43cd - application/json;+charset=utf-8 2
info: Microsoft.AspNetCore.Routing.EndpointMiddleware[0]
      Executing endpoint 'HTTP: POST /api/v1/management/catalog/products/{productId:guid}/prep-time'
info: Microsoft.AspNetCore.Http.Result.JsonResult[1]
      Setting HTTP status code 401.
info: Microsoft.AspNetCore.Http.Result.JsonResult[3]
      Writing value of type 'CatalogApiErrorEnvelopeV1' as Json.
info: Microsoft.AspNetCore.Routing.EndpointMiddleware[1]
      Executed endpoint 'HTTP: POST /api/v1/management/catalog/products/{productId:guid}/prep-time'
info: Microsoft.AspNetCore.Hosting.Diagnostics[2]
      Request finished HTTP/1.1 POST https://127.0.0.1:42937/api/v1/management/catalog/products/f6398a1f-d7f5-4492-88a5-2e5a533b46ec/prep-time?terminalId=2afbf757-3cfd-4b03-b69c-79d837dd43cd - 401 - application/json;+charset=utf-8 0.4104ms
info: Microsoft.AspNetCore.Hosting.Diagnostics[1]
      Request starting HTTP/1.1 GET http://127.0.0.1:42937/api/v1/management/catalog/tax-profiles?terminalId=ab024622-064d-4f1b-bdbb-f387ba70778b - - -
info: Microsoft.AspNetCore.Routing.EndpointMiddleware[0]
      Executing endpoint 'HTTP: GET /api/v1/management/catalog/tax-profiles'
info: Microsoft.AspNetCore.Http.Result.JsonResult[1]
      Setting HTTP status code 401.
info: Microsoft.AspNetCore.Http.Result.JsonResult[3]
      Writing value of type 'CatalogApiErrorEnvelopeV1' as Json.
info: Microsoft.AspNetCore.Routing.EndpointMiddleware[1]
      Executed endpoint 'HTTP: GET /api/v1/management/catalog/tax-profiles'
info: Microsoft.AspNetCore.Hosting.Diagnostics[2]
      Request finished HTTP/1.1 GET https://127.0.0.1:42937/api/v1/management/catalog/tax-profiles?terminalId=ab024622-064d-4f1b-bdbb-f387ba70778b - 401 - application/json;+charset=utf-8 0.3364ms
info: Microsoft.AspNetCore.Hosting.Diagnostics[1]
      Request starting HTTP/1.1 POST http://127.0.0.1:42937/api/v1/management/catalog/tax-profiles?terminalId=ff62d2b3-556b-4e27-883a-c735bc945be7 - application/json;+charset=utf-8 2
info: Microsoft.AspNetCore.Routing.EndpointMiddleware[0]
      Executing endpoint 'HTTP: POST /api/v1/management/catalog/tax-profiles'
info: Microsoft.AspNetCore.Http.Result.JsonResult[1]
      Setting HTTP status code 401.
info: Microsoft.AspNetCore.Http.Result.JsonResult[3]
      Writing value of type 'CatalogApiErrorEnvelopeV1' as Json.
info: Microsoft.AspNetCore.Routing.EndpointMiddleware[1]
      Executed endpoint 'HTTP: POST /api/v1/management/catalog/tax-profiles'
info: Microsoft.AspNetCore.Hosting.Diagnostics[2]
      Request finished HTTP/1.1 POST https://127.0.0.1:42937/api/v1/management/catalog/tax-profiles?terminalId=ff62d2b3-556b-4e27-883a-c735bc945be7 - 401 - application/json;+charset=utf-8 0.3852ms
info: Microsoft.AspNetCore.Hosting.Diagnostics[1]
      Request starting HTTP/1.1 PUT http://127.0.0.1:42937/api/v1/management/customer-display/screensaver?terminalId=853a0ab6-2812-4880-97f9-d993a91b28f9 - application/json;+charset=utf-8 2
info: Microsoft.AspNetCore.Routing.EndpointMiddleware[0]
      Executing endpoint 'HTTP: GET, POST, PUT, PATCH, DELETE, OPTIONS /api/{**path}'
info: Microsoft.AspNetCore.Http.Result.JsonResult[1]
      Setting HTTP status code 404.
info: Microsoft.AspNetCore.Http.Result.JsonResult[3]
      Writing value of type 'ApiErrorEnvelope' as Json.
info: Microsoft.AspNetCore.Routing.EndpointMiddleware[1]
      Executed endpoint 'HTTP: GET, POST, PUT, PATCH, DELETE, OPTIONS /api/{**path}'
info: Microsoft.AspNetCore.Hosting.Diagnostics[2]
      Request finished HTTP/1.1 PUT https://127.0.0.1:42937/api/v1/management/customer-display/screensaver?terminalId=853a0ab6-2812-4880-97f9-d993a91b28f9 - 404 - application/json;+charset=utf-8 0.2131ms
info: Microsoft.AspNetCore.Hosting.Diagnostics[1]
      Request starting HTTP/1.1 DELETE http://127.0.0.1:42937/api/v1/management/customer-display/screensaver?terminalId=49f6d663-b2ec-4c37-b96d-c666136c7ab6 - application/json;+charset=utf-8 2
info: Microsoft.AspNetCore.Routing.EndpointMiddleware[0]
      Executing endpoint 'HTTP: DELETE /api/v1/management/customer-display/screensaver'
info: Microsoft.AspNetCore.Http.Result.JsonResult[1]
      Setting HTTP status code 401.
info: Microsoft.AspNetCore.Http.Result.JsonResult[3]
      Writing value of type 'CatalogApiErrorEnvelopeV1' as Json.
info: Microsoft.AspNetCore.Routing.EndpointMiddleware[1]
      Executed endpoint 'HTTP: DELETE /api/v1/management/customer-display/screensaver'
info: Microsoft.AspNetCore.Hosting.Diagnostics[2]
      Request finished HTTP/1.1 DELETE https://127.0.0.1:42937/api/v1/management/customer-display/screensaver?terminalId=49f6d663-b2ec-4c37-b96d-c666136c7ab6 - 401 - application/json;+charset=utf-8 0.3709ms
info: Microsoft.AspNetCore.Hosting.Diagnostics[1]
      Request starting HTTP/1.1 POST http://127.0.0.1:42937/api/v1/management/inventory/modifiers/19035fa2-1e71-4e79-9c6c-c4e79e654b81/stock-mappings?terminalId=0fb0fa3e-a51c-4acc-a34d-aabe65c53586 - application/json;+charset=utf-8 2
info: Microsoft.AspNetCore.Routing.EndpointMiddleware[0]
      Executing endpoint 'HTTP: POST /api/v1/management/inventory/modifiers/{modifierId:guid}/stock-mappings'
info: Microsoft.AspNetCore.Http.Result.JsonResult[1]
      Setting HTTP status code 401.
info: Microsoft.AspNetCore.Http.Result.JsonResult[3]
      Writing value of type 'StockMasterApiErrorEnvelopeV1' as Json.
info: Microsoft.AspNetCore.Routing.EndpointMiddleware[1]
      Executed endpoint 'HTTP: POST /api/v1/management/inventory/modifiers/{modifierId:guid}/stock-mappings'
info: Microsoft.AspNetCore.Hosting.Diagnostics[2]
      Request finished HTTP/1.1 POST https://127.0.0.1:42937/api/v1/management/inventory/modifiers/19035fa2-1e71-4e79-9c6c-c4e79e654b81/stock-mappings?terminalId=0fb0fa3e-a51c-4acc-a34d-aabe65c53586 - 401 - application/json;+charset=utf-8 1.0162ms
info: Microsoft.AspNetCore.Hosting.Diagnostics[1]
      Request starting HTTP/1.1 GET http://127.0.0.1:42937/api/v1/management/inventory/modifiers/602da149-567c-4434-9229-7c0df989c77f/stock-mappings?terminalId=e3d58541-c18d-4869-b23d-fd89c9b3481a - - -
info: Microsoft.AspNetCore.Routing.EndpointMiddleware[0]
      Executing endpoint 'HTTP: GET /api/v1/management/inventory/modifiers/{modifierId:guid}/stock-mappings'
info: Microsoft.AspNetCore.Http.Result.JsonResult[1]
      Setting HTTP status code 401.
info: Microsoft.AspNetCore.Http.Result.JsonResult[3]
      Writing value of type 'StockMasterApiErrorEnvelopeV1' as Json.
info: Microsoft.AspNetCore.Routing.EndpointMiddleware[1]
      Executed endpoint 'HTTP: GET /api/v1/management/inventory/modifiers/{modifierId:guid}/stock-mappings'
info: Microsoft.AspNetCore.Hosting.Diagnostics[2]
      Request finished HTTP/1.1 GET https://127.0.0.1:42937/api/v1/management/inventory/modifiers/602da149-567c-4434-9229-7c0df989c77f/stock-mappings?terminalId=e3d58541-c18d-4869-b23d-fd89c9b3481a - 401 - application/json;+charset=utf-8 0.6582ms
info: Microsoft.AspNetCore.Hosting.Diagnostics[1]
      Request starting HTTP/1.1 DELETE http://127.0.0.1:42937/api/v1/management/inventory/modifiers/6f26e470-13e7-4158-8f65-01f7bbf3bf2f/stock-mappings/2e17f466-6565-4ea1-a8a0-6870fa51ff4d?terminalId=0df429d8-9d4d-441c-94e5-7a446d11a61c - application/json;+charset=utf-8 2
info: Microsoft.AspNetCore.Routing.EndpointMiddleware[0]
      Executing endpoint 'HTTP: DELETE /api/v1/management/inventory/modifiers/{modifierId:guid}/stock-mappings/{stockItemId:guid}'
info: Microsoft.AspNetCore.Http.Result.JsonResult[1]
      Setting HTTP status code 401.
info: Microsoft.AspNetCore.Http.Result.JsonResult[3]
      Writing value of type 'StockMasterApiErrorEnvelopeV1' as Json.
info: Microsoft.AspNetCore.Routing.EndpointMiddleware[1]
      Executed endpoint 'HTTP: DELETE /api/v1/management/inventory/modifiers/{modifierId:guid}/stock-mappings/{stockItemId:guid}'
info: Microsoft.AspNetCore.Hosting.Diagnostics[2]
      Request finished HTTP/1.1 DELETE https://127.0.0.1:42937/api/v1/management/inventory/modifiers/6f26e470-13e7-4158-8f65-01f7bbf3bf2f/stock-mappings/2e17f466-6565-4ea1-a8a0-6870fa51ff4d?terminalId=0df429d8-9d4d-441c-94e5-7a446d11a61c - 401 - application/json;+charset=utf-8 0.3279ms
info: Microsoft.AspNetCore.Hosting.Diagnostics[1]
      Request starting HTTP/1.1 POST http://127.0.0.1:42937/api/v1/management/inventory/products/0f60b342-c6b2-4974-a657-9c0c21e41936/stock-mappings?terminalId=acde502e-6396-49be-84bb-d42917569a7b - application/json;+charset=utf-8 2
info: Microsoft.AspNetCore.Routing.EndpointMiddleware[0]
      Executing endpoint 'HTTP: POST /api/v1/management/inventory/products/{productId:guid}/stock-mappings'
info: Microsoft.AspNetCore.Http.Result.JsonResult[1]
      Setting HTTP status code 401.
info: Microsoft.AspNetCore.Http.Result.JsonResult[3]
      Writing value of type 'StockMasterApiErrorEnvelopeV1' as Json.
info: Microsoft.AspNetCore.Routing.EndpointMiddleware[1]
      Executed endpoint 'HTTP: POST /api/v1/management/inventory/products/{productId:guid}/stock-mappings'
info: Microsoft.AspNetCore.Hosting.Diagnostics[2]
      Request finished HTTP/1.1 POST https://127.0.0.1:42937/api/v1/management/inventory/products/0f60b342-c6b2-4974-a657-9c0c21e41936/stock-mappings?terminalId=acde502e-6396-49be-84bb-d42917569a7b - 401 - application/json;+charset=utf-8 0.4103ms
info: Microsoft.AspNetCore.Hosting.Diagnostics[1]
      Request starting HTTP/1.1 GET http://127.0.0.1:42937/api/v1/management/inventory/products/e751c20d-3119-4d78-ad3e-870f922f9097/stock-mappings?terminalId=f3388900-3aec-4465-a1e9-65323f8e6735 - - -
info: Microsoft.AspNetCore.Routing.EndpointMiddleware[0]
      Executing endpoint 'HTTP: GET /api/v1/management/inventory/products/{productId:guid}/stock-mappings'
info: Microsoft.AspNetCore.Http.Result.JsonResult[1]
      Setting HTTP status code 401.
info: Microsoft.AspNetCore.Http.Result.JsonResult[3]
      Writing value of type 'StockMasterApiErrorEnvelopeV1' as Json.
info: Microsoft.AspNetCore.Routing.EndpointMiddleware[1]
      Executed endpoint 'HTTP: GET /api/v1/management/inventory/products/{productId:guid}/stock-mappings'
info: Microsoft.AspNetCore.Hosting.Diagnostics[2]
      Request finished HTTP/1.1 GET https://127.0.0.1:42937/api/v1/management/inventory/products/e751c20d-3119-4d78-ad3e-870f922f9097/stock-mappings?terminalId=f3388900-3aec-4465-a1e9-65323f8e6735 - 401 - application/json;+charset=utf-8 0.2800ms
info: Microsoft.AspNetCore.Hosting.Diagnostics[1]
      Request starting HTTP/1.1 DELETE http://127.0.0.1:42937/api/v1/management/inventory/products/fed98795-ca8b-4698-9a71-8e1c48378a48/stock-mappings/0a760f3c-86b1-4c80-96ee-7cd1fa228215?terminalId=fcc2c7ae-be11-4d3b-8ac3-b9006c0e7bb1 - application/json;+charset=utf-8 2
info: Microsoft.AspNetCore.Routing.EndpointMiddleware[0]
      Executing endpoint 'HTTP: DELETE /api/v1/management/inventory/products/{productId:guid}/stock-mappings/{stockItemId:guid}'
info: Microsoft.AspNetCore.Http.Result.JsonResult[1]
      Setting HTTP status code 401.
info: Microsoft.AspNetCore.Http.Result.JsonResult[3]
      Writing value of type 'StockMasterApiErrorEnvelopeV1' as Json.
info: Microsoft.AspNetCore.Routing.EndpointMiddleware[1]
      Executed endpoint 'HTTP: DELETE /api/v1/management/inventory/products/{productId:guid}/stock-mappings/{stockItemId:guid}'
info: Microsoft.AspNetCore.Hosting.Diagnostics[2]
      Request finished HTTP/1.1 DELETE https://127.0.0.1:42937/api/v1/management/inventory/products/fed98795-ca8b-4698-9a71-8e1c48378a48/stock-mappings/0a760f3c-86b1-4c80-96ee-7cd1fa228215?terminalId=fcc2c7ae-be11-4d3b-8ac3-b9006c0e7bb1 - 401 - application/json;+charset=utf-8 0.5617ms
info: Microsoft.AspNetCore.Hosting.Diagnostics[1]
      Request starting HTTP/1.1 GET http://127.0.0.1:42937/api/v1/management/inventory/reports/actual-vs-theoretical?terminalId=79ea4805-5bb7-46c6-8ecc-adb8bfc666d6 - - -
info: Microsoft.AspNetCore.Routing.EndpointMiddleware[0]
      Executing endpoint 'HTTP: GET /api/v1/management/inventory/reports/actual-vs-theoretical'
info: Microsoft.AspNetCore.Http.Result.JsonResult[1]
      Setting HTTP status code 401.
info: Microsoft.AspNetCore.Http.Result.JsonResult[3]
      Writing value of type '<>f__AnonymousType5`1' as Json.
info: Microsoft.AspNetCore.Routing.EndpointMiddleware[1]
      Executed endpoint 'HTTP: GET /api/v1/management/inventory/reports/actual-vs-theoretical'
info: Microsoft.AspNetCore.Hosting.Diagnostics[2]
      Request finished HTTP/1.1 GET https://127.0.0.1:42937/api/v1/management/inventory/reports/actual-vs-theoretical?terminalId=79ea4805-5bb7-46c6-8ecc-adb8bfc666d6 - 401 - application/json;+charset=utf-8 4.9408ms
info: Microsoft.AspNetCore.Hosting.Diagnostics[1]
      Request starting HTTP/1.1 GET http://127.0.0.1:42937/api/v1/management/inventory/reports/critical-stock?terminalId=43022d3c-7b55-4bb8-bdec-1bc7f5d051d2 - - -
info: Microsoft.AspNetCore.Routing.EndpointMiddleware[0]
      Executing endpoint 'HTTP: GET /api/v1/management/inventory/reports/critical-stock'
info: Microsoft.AspNetCore.Http.Result.JsonResult[1]
      Setting HTTP status code 401.
info: Microsoft.AspNetCore.Http.Result.JsonResult[3]
      Writing value of type '<>f__AnonymousType5`1' as Json.
info: Microsoft.AspNetCore.Routing.EndpointMiddleware[1]
      Executed endpoint 'HTTP: GET /api/v1/management/inventory/reports/critical-stock'
info: Microsoft.AspNetCore.Hosting.Diagnostics[2]
      Request finished HTTP/1.1 GET https://127.0.0.1:42937/api/v1/management/inventory/reports/critical-stock?terminalId=43022d3c-7b55-4bb8-bdec-1bc7f5d051d2 - 401 - application/json;+charset=utf-8 1.9851ms
info: Microsoft.AspNetCore.Hosting.Diagnostics[1]
      Request starting HTTP/1.1 GET http://127.0.0.1:42937/api/v1/management/inventory/stock-items?terminalId=fe455a41-5fa9-4954-8dfe-9a23e5630398 - - -
info: Microsoft.AspNetCore.Routing.EndpointMiddleware[0]
      Executing endpoint 'HTTP: GET /api/v1/management/inventory/stock-items'
info: Microsoft.AspNetCore.Http.Result.JsonResult[1]
      Setting HTTP status code 401.
info: Microsoft.AspNetCore.Http.Result.JsonResult[3]
      Writing value of type 'StockMasterApiErrorEnvelopeV1' as Json.
info: Microsoft.AspNetCore.Routing.EndpointMiddleware[1]
      Executed endpoint 'HTTP: GET /api/v1/management/inventory/stock-items'
info: Microsoft.AspNetCore.Hosting.Diagnostics[2]
      Request finished HTTP/1.1 GET https://127.0.0.1:42937/api/v1/management/inventory/stock-items?terminalId=fe455a41-5fa9-4954-8dfe-9a23e5630398 - 401 - application/json;+charset=utf-8 0.4832ms
info: Microsoft.AspNetCore.Hosting.Diagnostics[1]
      Request starting HTTP/1.1 POST http://127.0.0.1:42937/api/v1/management/inventory/stock-items?terminalId=8481d900-f188-4af7-a982-524ad4f7b82f - application/json;+charset=utf-8 2
info: Microsoft.AspNetCore.Routing.EndpointMiddleware[0]
      Executing endpoint 'HTTP: POST /api/v1/management/inventory/stock-items'
info: Microsoft.AspNetCore.Http.Result.JsonResult[1]
      Setting HTTP status code 401.
info: Microsoft.AspNetCore.Http.Result.JsonResult[3]
      Writing value of type 'StockMasterApiErrorEnvelopeV1' as Json.
info: Microsoft.AspNetCore.Routing.EndpointMiddleware[1]
      Executed endpoint 'HTTP: POST /api/v1/management/inventory/stock-items'
info: Microsoft.AspNetCore.Hosting.Diagnostics[2]
      Request finished HTTP/1.1 POST https://127.0.0.1:42937/api/v1/management/inventory/stock-items?terminalId=8481d900-f188-4af7-a982-524ad4f7b82f - 401 - application/json;+charset=utf-8 0.3467ms
info: Microsoft.AspNetCore.Hosting.Diagnostics[1]
      Request starting HTTP/1.1 POST http://127.0.0.1:42937/api/v1/management/inventory/stock-items/9a18d4df-b2fd-4f55-8ba9-4b56ee00f268/physical-counts?terminalId=8ce3d97a-362d-4ffd-82a7-6bb5e44883af - application/json;+charset=utf-8 2
info: Microsoft.AspNetCore.Routing.EndpointMiddleware[0]
      Executing endpoint 'HTTP: POST /api/v1/management/inventory/stock-items/{stockItemId:guid}/physical-counts'
info: Microsoft.AspNetCore.Http.Result.JsonResult[1]
      Setting HTTP status code 401.
info: Microsoft.AspNetCore.Http.Result.JsonResult[3]
      Writing value of type 'StockMasterApiErrorEnvelopeV1' as Json.
info: Microsoft.AspNetCore.Routing.EndpointMiddleware[1]
      Executed endpoint 'HTTP: POST /api/v1/management/inventory/stock-items/{stockItemId:guid}/physical-counts'
info: Microsoft.AspNetCore.Hosting.Diagnostics[2]
      Request finished HTTP/1.1 POST https://127.0.0.1:42937/api/v1/management/inventory/stock-items/9a18d4df-b2fd-4f55-8ba9-4b56ee00f268/physical-counts?terminalId=8ce3d97a-362d-4ffd-82a7-6bb5e44883af - 401 - application/json;+charset=utf-8 0.6363ms
info: Microsoft.AspNetCore.Hosting.Diagnostics[1]
      Request starting HTTP/1.1 PUT http://127.0.0.1:42937/api/v1/management/inventory/stock-items/275cbe34-f863-4e5c-b250-8d96f8830d8c/reorder-point?terminalId=cb27ff30-183b-4271-8010-1436fdbf23ee - application/json;+charset=utf-8 2
info: Microsoft.AspNetCore.Routing.EndpointMiddleware[0]
      Executing endpoint 'HTTP: PUT /api/v1/management/inventory/stock-items/{stockItemId:guid}/reorder-point'
info: Microsoft.AspNetCore.Http.Result.JsonResult[1]
      Setting HTTP status code 401.
info: Microsoft.AspNetCore.Http.Result.JsonResult[3]
      Writing value of type 'StockMasterApiErrorEnvelopeV1' as Json.
info: Microsoft.AspNetCore.Routing.EndpointMiddleware[1]
      Executed endpoint 'HTTP: PUT /api/v1/management/inventory/stock-items/{stockItemId:guid}/reorder-point'
info: Microsoft.AspNetCore.Hosting.Diagnostics[2]
      Request finished HTTP/1.1 PUT https://127.0.0.1:42937/api/v1/management/inventory/stock-items/275cbe34-f863-4e5c-b250-8d96f8830d8c/reorder-point?terminalId=cb27ff30-183b-4271-8010-1436fdbf23ee - 401 - application/json;+charset=utf-8 0.3185ms
info: Microsoft.AspNetCore.Hosting.Diagnostics[1]
      Request starting HTTP/1.1 POST http://127.0.0.1:42937/api/v1/management/inventory/stock-items/c48683a8-bd4a-4919-9354-faf0eafb458c/waste?terminalId=8e7e885e-8ca8-469e-9624-91f3831ee678 - application/json;+charset=utf-8 2
info: Microsoft.AspNetCore.Routing.EndpointMiddleware[0]
      Executing endpoint 'HTTP: POST /api/v1/management/inventory/stock-items/{stockItemId:guid}/waste'
info: Microsoft.AspNetCore.Http.Result.JsonResult[1]
      Setting HTTP status code 401.
info: Microsoft.AspNetCore.Http.Result.JsonResult[3]
      Writing value of type 'StockMasterApiErrorEnvelopeV1' as Json.
info: Microsoft.AspNetCore.Routing.EndpointMiddleware[1]
      Executed endpoint 'HTTP: POST /api/v1/management/inventory/stock-items/{stockItemId:guid}/waste'
info: Microsoft.AspNetCore.Hosting.Diagnostics[2]
      Request finished HTTP/1.1 POST https://127.0.0.1:42937/api/v1/management/inventory/stock-items/c48683a8-bd4a-4919-9354-faf0eafb458c/waste?terminalId=8e7e885e-8ca8-469e-9624-91f3831ee678 - 401 - application/json;+charset=utf-8 0.3473ms
info: Microsoft.AspNetCore.Hosting.Diagnostics[1]
      Request starting HTTP/1.1 GET http://127.0.0.1:42937/api/v1/management/inventory/stock-locations?terminalId=e432c43a-533a-4321-8c28-98511cfce7fd - - -
info: Microsoft.AspNetCore.Routing.EndpointMiddleware[0]
      Executing endpoint 'HTTP: GET /api/v1/management/inventory/stock-locations'
info: Microsoft.AspNetCore.Http.Result.JsonResult[1]
      Setting HTTP status code 401.
info: Microsoft.AspNetCore.Http.Result.JsonResult[3]
      Writing value of type 'StockMasterApiErrorEnvelopeV1' as Json.
info: Microsoft.AspNetCore.Routing.EndpointMiddleware[1]
      Executed endpoint 'HTTP: GET /api/v1/management/inventory/stock-locations'
info: Microsoft.AspNetCore.Hosting.Diagnostics[2]
      Request finished HTTP/1.1 GET https://127.0.0.1:42937/api/v1/management/inventory/stock-locations?terminalId=e432c43a-533a-4321-8c28-98511cfce7fd - 401 - application/json;+charset=utf-8 0.2484ms
info: Microsoft.AspNetCore.Hosting.Diagnostics[1]
      Request starting HTTP/1.1 POST http://127.0.0.1:42937/api/v1/management/inventory/stock-locations?terminalId=5d49efef-3de6-437c-9e54-cd9431aec2c7 - application/json;+charset=utf-8 2
info: Microsoft.AspNetCore.Routing.EndpointMiddleware[0]
      Executing endpoint 'HTTP: POST /api/v1/management/inventory/stock-locations'
info: Microsoft.AspNetCore.Http.Result.JsonResult[1]
      Setting HTTP status code 401.
info: Microsoft.AspNetCore.Http.Result.JsonResult[3]
      Writing value of type 'StockMasterApiErrorEnvelopeV1' as Json.
info: Microsoft.AspNetCore.Routing.EndpointMiddleware[1]
      Executed endpoint 'HTTP: POST /api/v1/management/inventory/stock-locations'
info: Microsoft.AspNetCore.Hosting.Diagnostics[2]
      Request finished HTTP/1.1 POST https://127.0.0.1:42937/api/v1/management/inventory/stock-locations?terminalId=5d49efef-3de6-437c-9e54-cd9431aec2c7 - 401 - application/json;+charset=utf-8 0.2695ms
info: Microsoft.AspNetCore.Hosting.Diagnostics[1]
      Request starting HTTP/1.1 GET http://127.0.0.1:42937/api/v1/management/inventory/waste?terminalId=175c27c7-b056-4d7f-b8d0-8d5005d71661 - - -
info: Microsoft.AspNetCore.Routing.EndpointMiddleware[0]
      Executing endpoint 'HTTP: GET /api/v1/management/inventory/waste'
info: Microsoft.AspNetCore.Http.Result.JsonResult[1]
      Setting HTTP status code 401.
info: Microsoft.AspNetCore.Http.Result.JsonResult[3]
      Writing value of type 'StockMasterApiErrorEnvelopeV1' as Json.
info: Microsoft.AspNetCore.Routing.EndpointMiddleware[1]
      Executed endpoint 'HTTP: GET /api/v1/management/inventory/waste'
info: Microsoft.AspNetCore.Hosting.Diagnostics[2]
      Request finished HTTP/1.1 GET https://127.0.0.1:42937/api/v1/management/inventory/waste?terminalId=175c27c7-b056-4d7f-b8d0-8d5005d71661 - 401 - application/json;+charset=utf-8 0.8806ms
info: Microsoft.AspNetCore.Hosting.Diagnostics[1]
      Request starting HTTP/1.1 POST http://127.0.0.1:42937/api/v1/management/menus-and-specials/daily-menus?terminalId=b695af84-dcac-418f-a2c7-bdef7c3a0934 - application/json;+charset=utf-8 2
info: Microsoft.AspNetCore.Routing.EndpointMiddleware[0]
      Executing endpoint 'HTTP: POST /api/v1/management/menus-and-specials/daily-menus'
info: Microsoft.AspNetCore.Http.Result.JsonResult[1]
      Setting HTTP status code 401.
info: Microsoft.AspNetCore.Http.Result.JsonResult[3]
      Writing value of type 'MenuApiErrorEnvelopeV1' as Json.
info: Microsoft.AspNetCore.Routing.EndpointMiddleware[1]
      Executed endpoint 'HTTP: POST /api/v1/management/menus-and-specials/daily-menus'
info: Microsoft.AspNetCore.Hosting.Diagnostics[2]
      Request finished HTTP/1.1 POST https://127.0.0.1:42937/api/v1/management/menus-and-specials/daily-menus?terminalId=b695af84-dcac-418f-a2c7-bdef7c3a0934 - 401 - application/json;+charset=utf-8 0.4330ms
info: Microsoft.AspNetCore.Hosting.Diagnostics[1]
      Request starting HTTP/1.1 GET http://127.0.0.1:42937/api/v1/management/menus-and-specials/daily-menus/by-date/2026-09-28?terminalId=e8231a39-fe98-44d6-83b2-d1fa6c17baf8 - - -
info: Microsoft.AspNetCore.Routing.EndpointMiddleware[0]
      Executing endpoint 'HTTP: GET /api/v1/management/menus-and-specials/daily-menus/by-date/{businessDate}'
info: Microsoft.AspNetCore.Http.Result.JsonResult[1]
      Setting HTTP status code 401.
info: Microsoft.AspNetCore.Http.Result.JsonResult[3]
      Writing value of type 'MenuApiErrorEnvelopeV1' as Json.
info: Microsoft.AspNetCore.Routing.EndpointMiddleware[1]
      Executed endpoint 'HTTP: GET /api/v1/management/menus-and-specials/daily-menus/by-date/{businessDate}'
info: Microsoft.AspNetCore.Hosting.Diagnostics[2]
      Request finished HTTP/1.1 GET https://127.0.0.1:42937/api/v1/management/menus-and-specials/daily-menus/by-date/2026-09-28?terminalId=e8231a39-fe98-44d6-83b2-d1fa6c17baf8 - 401 - application/json;+charset=utf-8 0.3626ms
info: Microsoft.AspNetCore.Hosting.Diagnostics[1]
      Request starting HTTP/1.1 PUT http://127.0.0.1:42937/api/v1/management/menus-and-specials/daily-menus/items/c8580f48-d804-4362-bc7a-3b05ca37b6e3/planned-portions?terminalId=129778e7-4290-4c1f-bab9-429ebaf90721 - application/json;+charset=utf-8 2
info: Microsoft.AspNetCore.Routing.EndpointMiddleware[0]
      Executing endpoint 'HTTP: PUT /api/v1/management/menus-and-specials/daily-menus/items/{dailyMenuItemId:guid}/planned-portions'
info: Microsoft.AspNetCore.Http.Result.JsonResult[1]
      Setting HTTP status code 401.
info: Microsoft.AspNetCore.Http.Result.JsonResult[3]
      Writing value of type 'MenuApiErrorEnvelopeV1' as Json.
info: Microsoft.AspNetCore.Routing.EndpointMiddleware[1]
      Executed endpoint 'HTTP: PUT /api/v1/management/menus-and-specials/daily-menus/items/{dailyMenuItemId:guid}/planned-portions'
info: Microsoft.AspNetCore.Hosting.Diagnostics[2]
      Request finished HTTP/1.1 PUT https://127.0.0.1:42937/api/v1/management/menus-and-specials/daily-menus/items/c8580f48-d804-4362-bc7a-3b05ca37b6e3/planned-portions?terminalId=129778e7-4290-4c1f-bab9-429ebaf90721 - 401 - application/json;+charset=utf-8 0.2634ms
info: Microsoft.AspNetCore.Hosting.Diagnostics[1]
      Request starting HTTP/1.1 PUT http://127.0.0.1:42937/api/v1/management/menus-and-specials/daily-menus/items/f484ad51-b041-4df4-b50a-8703dc14cce5/price?terminalId=dbaac1b4-0526-4362-926f-3b8add64a5e8 - application/json;+charset=utf-8 2
info: Microsoft.AspNetCore.Routing.EndpointMiddleware[0]
      Executing endpoint 'HTTP: PUT /api/v1/management/menus-and-specials/daily-menus/items/{dailyMenuItemId:guid}/price'
info: Microsoft.AspNetCore.Http.Result.JsonResult[1]
      Setting HTTP status code 401.
info: Microsoft.AspNetCore.Http.Result.JsonResult[3]
      Writing value of type 'MenuApiErrorEnvelopeV1' as Json.
info: Microsoft.AspNetCore.Routing.EndpointMiddleware[1]
      Executed endpoint 'HTTP: PUT /api/v1/management/menus-and-specials/daily-menus/items/{dailyMenuItemId:guid}/price'
info: Microsoft.AspNetCore.Hosting.Diagnostics[2]
      Request finished HTTP/1.1 PUT https://127.0.0.1:42937/api/v1/management/menus-and-specials/daily-menus/items/f484ad51-b041-4df4-b50a-8703dc14cce5/price?terminalId=dbaac1b4-0526-4362-926f-3b8add64a5e8 - 401 - application/json;+charset=utf-8 0.7354ms
info: Microsoft.AspNetCore.Hosting.Diagnostics[1]
      Request starting HTTP/1.1 PUT http://127.0.0.1:42937/api/v1/management/menus-and-specials/daily-menus/items/cd03b582-5e64-49f4-9001-4a15592d0c44/status?terminalId=798402e1-1377-48c4-893d-f5095c8b561d - application/json;+charset=utf-8 2
info: Microsoft.AspNetCore.Routing.EndpointMiddleware[0]
      Executing endpoint 'HTTP: PUT /api/v1/management/menus-and-specials/daily-menus/items/{dailyMenuItemId:guid}/status'
info: Microsoft.AspNetCore.Http.Result.JsonResult[1]
      Setting HTTP status code 401.
info: Microsoft.AspNetCore.Http.Result.JsonResult[3]
      Writing value of type 'MenuApiErrorEnvelopeV1' as Json.
info: Microsoft.AspNetCore.Routing.EndpointMiddleware[1]
      Executed endpoint 'HTTP: PUT /api/v1/management/menus-and-specials/daily-menus/items/{dailyMenuItemId:guid}/status'
info: Microsoft.AspNetCore.Hosting.Diagnostics[2]
      Request finished HTTP/1.1 PUT https://127.0.0.1:42937/api/v1/management/menus-and-specials/daily-menus/items/cd03b582-5e64-49f4-9001-4a15592d0c44/status?terminalId=798402e1-1377-48c4-893d-f5095c8b561d - 401 - application/json;+charset=utf-8 0.6099ms
info: Microsoft.AspNetCore.Hosting.Diagnostics[1]
      Request starting HTTP/1.1 GET http://127.0.0.1:42937/api/v1/management/menus-and-specials/daily-menus/1d551a60-a61c-44e5-8b18-4b6f1cc4bc6a?terminalId=edc89a02-2efe-4c83-8a1e-51b3c9bbe4a5 - - -
info: Microsoft.AspNetCore.Routing.EndpointMiddleware[0]
      Executing endpoint 'HTTP: GET /api/v1/management/menus-and-specials/daily-menus/{dailyMenuId:guid}'
info: Microsoft.AspNetCore.Http.Result.JsonResult[1]
      Setting HTTP status code 401.
info: Microsoft.AspNetCore.Http.Result.JsonResult[3]
      Writing value of type 'MenuApiErrorEnvelopeV1' as Json.
info: Microsoft.AspNetCore.Routing.EndpointMiddleware[1]
      Executed endpoint 'HTTP: GET /api/v1/management/menus-and-specials/daily-menus/{dailyMenuId:guid}'
info: Microsoft.AspNetCore.Hosting.Diagnostics[2]
      Request finished HTTP/1.1 GET https://127.0.0.1:42937/api/v1/management/menus-and-specials/daily-menus/1d551a60-a61c-44e5-8b18-4b6f1cc4bc6a?terminalId=edc89a02-2efe-4c83-8a1e-51b3c9bbe4a5 - 401 - application/json;+charset=utf-8 0.4947ms
info: Microsoft.AspNetCore.Hosting.Diagnostics[1]
      Request starting HTTP/1.1 POST http://127.0.0.1:42937/api/v1/management/menus-and-specials/daily-menus/f9308c1d-35c6-4fe7-a821-0b126b87604a/close?terminalId=8826ffca-3c5e-44e4-8735-7e064391a09a - application/json;+charset=utf-8 2
info: Microsoft.AspNetCore.Routing.EndpointMiddleware[0]
      Executing endpoint 'HTTP: POST /api/v1/management/menus-and-specials/daily-menus/{dailyMenuId:guid}/close'
info: Microsoft.AspNetCore.Http.Result.JsonResult[1]
      Setting HTTP status code 401.
info: Microsoft.AspNetCore.Http.Result.JsonResult[3]
      Writing value of type 'MenuApiErrorEnvelopeV1' as Json.
info: Microsoft.AspNetCore.Routing.EndpointMiddleware[1]
      Executed endpoint 'HTTP: POST /api/v1/management/menus-and-specials/daily-menus/{dailyMenuId:guid}/close'
info: Microsoft.AspNetCore.Hosting.Diagnostics[2]
      Request finished HTTP/1.1 POST https://127.0.0.1:42937/api/v1/management/menus-and-specials/daily-menus/f9308c1d-35c6-4fe7-a821-0b126b87604a/close?terminalId=8826ffca-3c5e-44e4-8735-7e064391a09a - 401 - application/json;+charset=utf-8 0.3571ms
info: Microsoft.AspNetCore.Hosting.Diagnostics[1]
      Request starting HTTP/1.1 POST http://127.0.0.1:42937/api/v1/management/menus-and-specials/daily-menus/097bab5f-3d80-46b5-b3bc-c6f7f6ee5420/items?terminalId=fe9cc0c7-b698-4307-8e6a-8235841475c0 - application/json;+charset=utf-8 2
info: Microsoft.AspNetCore.Routing.EndpointMiddleware[0]
      Executing endpoint 'HTTP: POST /api/v1/management/menus-and-specials/daily-menus/{dailyMenuId:guid}/items'
info: Microsoft.AspNetCore.Http.Result.JsonResult[1]
      Setting HTTP status code 401.
info: Microsoft.AspNetCore.Http.Result.JsonResult[3]
      Writing value of type 'MenuApiErrorEnvelopeV1' as Json.
info: Microsoft.AspNetCore.Routing.EndpointMiddleware[1]
      Executed endpoint 'HTTP: POST /api/v1/management/menus-and-specials/daily-menus/{dailyMenuId:guid}/items'
info: Microsoft.AspNetCore.Hosting.Diagnostics[2]
      Request finished HTTP/1.1 POST https://127.0.0.1:42937/api/v1/management/menus-and-specials/daily-menus/097bab5f-3d80-46b5-b3bc-c6f7f6ee5420/items?terminalId=fe9cc0c7-b698-4307-8e6a-8235841475c0 - 401 - application/json;+charset=utf-8 0.2090ms
info: Microsoft.AspNetCore.Hosting.Diagnostics[1]
      Request starting HTTP/1.1 POST http://127.0.0.1:42937/api/v1/management/menus-and-specials/daily-menus/827fe794-10b7-4b40-aaba-2e109add7491/open?terminalId=0954d820-df0a-40c9-b12c-914c006f5a23 - application/json;+charset=utf-8 2
info: Microsoft.AspNetCore.Routing.EndpointMiddleware[0]
      Executing endpoint 'HTTP: POST /api/v1/management/menus-and-specials/daily-menus/{dailyMenuId:guid}/open'
info: Microsoft.AspNetCore.Http.Result.JsonResult[1]
      Setting HTTP status code 401.
info: Microsoft.AspNetCore.Http.Result.JsonResult[3]
      Writing value of type 'MenuApiErrorEnvelopeV1' as Json.
info: Microsoft.AspNetCore.Routing.EndpointMiddleware[1]
      Executed endpoint 'HTTP: POST /api/v1/management/menus-and-specials/daily-menus/{dailyMenuId:guid}/open'
info: Microsoft.AspNetCore.Hosting.Diagnostics[2]
      Request finished HTTP/1.1 POST https://127.0.0.1:42937/api/v1/management/menus-and-specials/daily-menus/827fe794-10b7-4b40-aaba-2e109add7491/open?terminalId=0954d820-df0a-40c9-b12c-914c006f5a23 - 401 - application/json;+charset=utf-8 0.2139ms
info: Microsoft.AspNetCore.Hosting.Diagnostics[1]
      Request starting HTTP/1.1 GET http://127.0.0.1:42937/api/v1/management/menus-and-specials/menus?terminalId=7aa71b93-902c-428c-ab70-47d303071653 - - -
info: Microsoft.AspNetCore.Routing.EndpointMiddleware[0]
      Executing endpoint 'HTTP: GET /api/v1/management/menus-and-specials/menus'
info: Microsoft.AspNetCore.Http.Result.JsonResult[1]
      Setting HTTP status code 401.
info: Microsoft.AspNetCore.Http.Result.JsonResult[3]
      Writing value of type 'MenuApiErrorEnvelopeV1' as Json.
info: Microsoft.AspNetCore.Routing.EndpointMiddleware[1]
      Executed endpoint 'HTTP: GET /api/v1/management/menus-and-specials/menus'
info: Microsoft.AspNetCore.Hosting.Diagnostics[2]
      Request finished HTTP/1.1 GET https://127.0.0.1:42937/api/v1/management/menus-and-specials/menus?terminalId=7aa71b93-902c-428c-ab70-47d303071653 - 401 - application/json;+charset=utf-8 0.3083ms
info: Microsoft.AspNetCore.Hosting.Diagnostics[1]
      Request starting HTTP/1.1 POST http://127.0.0.1:42937/api/v1/management/menus-and-specials/menus?terminalId=c5ecee3e-7de7-4f21-8fe0-1e859f55a772 - application/json;+charset=utf-8 2
info: Microsoft.AspNetCore.Routing.EndpointMiddleware[0]
      Executing endpoint 'HTTP: POST /api/v1/management/menus-and-specials/menus'
info: Microsoft.AspNetCore.Http.Result.JsonResult[1]
      Setting HTTP status code 401.
info: Microsoft.AspNetCore.Http.Result.JsonResult[3]
      Writing value of type 'MenuApiErrorEnvelopeV1' as Json.
info: Microsoft.AspNetCore.Routing.EndpointMiddleware[1]
      Executed endpoint 'HTTP: POST /api/v1/management/menus-and-specials/menus'
info: Microsoft.AspNetCore.Hosting.Diagnostics[2]
      Request finished HTTP/1.1 POST https://127.0.0.1:42937/api/v1/management/menus-and-specials/menus?terminalId=c5ecee3e-7de7-4f21-8fe0-1e859f55a772 - 401 - application/json;+charset=utf-8 0.2324ms
info: Microsoft.AspNetCore.Hosting.Diagnostics[1]
      Request starting HTTP/1.1 GET http://127.0.0.1:42937/api/v1/management/menus-and-specials/menus/7dcb8387-375f-4aa1-8656-235a5b1dd0b3?terminalId=1f13ad64-afc5-4427-93c1-3c4eb6ab5ee2 - - -
info: Microsoft.AspNetCore.Routing.EndpointMiddleware[0]
      Executing endpoint 'HTTP: GET /api/v1/management/menus-and-specials/menus/{menuId:guid}'
info: Microsoft.AspNetCore.Http.Result.JsonResult[1]
      Setting HTTP status code 401.
info: Microsoft.AspNetCore.Http.Result.JsonResult[3]
      Writing value of type 'MenuApiErrorEnvelopeV1' as Json.
info: Microsoft.AspNetCore.Routing.EndpointMiddleware[1]
      Executed endpoint 'HTTP: GET /api/v1/management/menus-and-specials/menus/{menuId:guid}'
info: Microsoft.AspNetCore.Hosting.Diagnostics[2]
      Request finished HTTP/1.1 GET https://127.0.0.1:42937/api/v1/management/menus-and-specials/menus/7dcb8387-375f-4aa1-8656-235a5b1dd0b3?terminalId=1f13ad64-afc5-4427-93c1-3c4eb6ab5ee2 - 401 - application/json;+charset=utf-8 0.3350ms
info: Microsoft.AspNetCore.Hosting.Diagnostics[1]
      Request starting HTTP/1.1 PUT http://127.0.0.1:42937/api/v1/management/menus-and-specials/menus/58749118-963f-4223-a809-6afad2cefc48?terminalId=759b88bc-e9c4-4c57-a893-d1c32528954b - application/json;+charset=utf-8 2
info: Microsoft.AspNetCore.Routing.EndpointMiddleware[0]
      Executing endpoint 'HTTP: PUT /api/v1/management/menus-and-specials/menus/{menuId:guid}'
info: Microsoft.AspNetCore.Http.Result.JsonResult[1]
      Setting HTTP status code 401.
info: Microsoft.AspNetCore.Http.Result.JsonResult[3]
      Writing value of type 'MenuApiErrorEnvelopeV1' as Json.
info: Microsoft.AspNetCore.Routing.EndpointMiddleware[1]
      Executed endpoint 'HTTP: PUT /api/v1/management/menus-and-specials/menus/{menuId:guid}'
info: Microsoft.AspNetCore.Hosting.Diagnostics[2]
      Request finished HTTP/1.1 PUT https://127.0.0.1:42937/api/v1/management/menus-and-specials/menus/58749118-963f-4223-a809-6afad2cefc48?terminalId=759b88bc-e9c4-4c57-a893-d1c32528954b - 401 - application/json;+charset=utf-8 0.2882ms
info: Microsoft.AspNetCore.Hosting.Diagnostics[1]
      Request starting HTTP/1.1 POST http://127.0.0.1:42937/api/v1/management/menus-and-specials/menus/e5701e38-7b92-4d6b-a875-af96a29edc5d/items?terminalId=23188209-43bd-4593-9034-8dff34e627a9 - application/json;+charset=utf-8 2
info: Microsoft.AspNetCore.Routing.EndpointMiddleware[0]
      Executing endpoint 'HTTP: POST /api/v1/management/menus-and-specials/menus/{menuId:guid}/items'
info: Microsoft.AspNetCore.Http.Result.JsonResult[1]
      Setting HTTP status code 401.
info: Microsoft.AspNetCore.Http.Result.JsonResult[3]
      Writing value of type 'MenuApiErrorEnvelopeV1' as Json.
info: Microsoft.AspNetCore.Routing.EndpointMiddleware[1]
      Executed endpoint 'HTTP: POST /api/v1/management/menus-and-specials/menus/{menuId:guid}/items'
info: Microsoft.AspNetCore.Hosting.Diagnostics[2]
      Request finished HTTP/1.1 POST https://127.0.0.1:42937/api/v1/management/menus-and-specials/menus/e5701e38-7b92-4d6b-a875-af96a29edc5d/items?terminalId=23188209-43bd-4593-9034-8dff34e627a9 - 401 - application/json;+charset=utf-8 0.2413ms
info: Microsoft.AspNetCore.Hosting.Diagnostics[1]
      Request starting HTTP/1.1 POST http://127.0.0.1:42937/api/v1/management/menus-and-specials/menus/cb5ae710-72be-4c6a-a552-db6e5881bf64/items/reorder?terminalId=59ec89a0-2bc5-4e09-94c3-42c5bc2eb4d7 - application/json;+charset=utf-8 2
info: Microsoft.AspNetCore.Routing.EndpointMiddleware[0]
      Executing endpoint 'HTTP: POST /api/v1/management/menus-and-specials/menus/{menuId:guid}/items/reorder'
info: Microsoft.AspNetCore.Http.Result.JsonResult[1]
      Setting HTTP status code 401.
info: Microsoft.AspNetCore.Http.Result.JsonResult[3]
      Writing value of type 'MenuApiErrorEnvelopeV1' as Json.
info: Microsoft.AspNetCore.Routing.EndpointMiddleware[1]
      Executed endpoint 'HTTP: POST /api/v1/management/menus-and-specials/menus/{menuId:guid}/items/reorder'
info: Microsoft.AspNetCore.Hosting.Diagnostics[2]
      Request finished HTTP/1.1 POST https://127.0.0.1:42937/api/v1/management/menus-and-specials/menus/cb5ae710-72be-4c6a-a552-db6e5881bf64/items/reorder?terminalId=59ec89a0-2bc5-4e09-94c3-42c5bc2eb4d7 - 401 - application/json;+charset=utf-8 0.2421ms
info: Microsoft.AspNetCore.Hosting.Diagnostics[1]
      Request starting HTTP/1.1 PUT http://127.0.0.1:42937/api/v1/management/menus-and-specials/menus/2e9da1ce-7815-4e81-9819-40db4989b749/items/d208bfdb-7ad9-46fd-a799-506f43f81d1e?terminalId=8cd78024-c33e-4dfa-8910-e2615f29452f - application/json;+charset=utf-8 2
info: Microsoft.AspNetCore.Routing.EndpointMiddleware[0]
      Executing endpoint 'HTTP: PUT /api/v1/management/menus-and-specials/menus/{menuId:guid}/items/{menuItemId:guid}'
info: Microsoft.AspNetCore.Http.Result.JsonResult[1]
      Setting HTTP status code 401.
info: Microsoft.AspNetCore.Http.Result.JsonResult[3]
      Writing value of type 'MenuApiErrorEnvelopeV1' as Json.
info: Microsoft.AspNetCore.Routing.EndpointMiddleware[1]
      Executed endpoint 'HTTP: PUT /api/v1/management/menus-and-specials/menus/{menuId:guid}/items/{menuItemId:guid}'
info: Microsoft.AspNetCore.Hosting.Diagnostics[2]
      Request finished HTTP/1.1 PUT https://127.0.0.1:42937/api/v1/management/menus-and-specials/menus/2e9da1ce-7815-4e81-9819-40db4989b749/items/d208bfdb-7ad9-46fd-a799-506f43f81d1e?terminalId=8cd78024-c33e-4dfa-8910-e2615f29452f - 401 - application/json;+charset=utf-8 0.3230ms
info: Microsoft.AspNetCore.Hosting.Diagnostics[1]
      Request starting HTTP/1.1 GET http://127.0.0.1:42937/api/v1/management/observability/alerts/active?terminalId=cec6dc09-3c47-46b3-b10b-deab51cbaeae - - -
info: Microsoft.AspNetCore.Routing.EndpointMiddleware[0]
      Executing endpoint 'HTTP: GET /api/v1/management/observability/alerts/active'
info: Microsoft.AspNetCore.Http.Result.JsonResult[1]
      Setting HTTP status code 401.
info: Microsoft.AspNetCore.Http.Result.JsonResult[3]
      Writing value of type 'ObservabilityApiErrorEnvelopeV1' as Json.
info: Microsoft.AspNetCore.Routing.EndpointMiddleware[1]
      Executed endpoint 'HTTP: GET /api/v1/management/observability/alerts/active'
info: Microsoft.AspNetCore.Hosting.Diagnostics[2]
      Request finished HTTP/1.1 GET https://127.0.0.1:42937/api/v1/management/observability/alerts/active?terminalId=cec6dc09-3c47-46b3-b10b-deab51cbaeae - 401 - application/json;+charset=utf-8 0.5136ms
info: Microsoft.AspNetCore.Hosting.Diagnostics[1]
      Request starting HTTP/1.1 GET http://127.0.0.1:42937/api/v1/management/observability/alerts/by-source?terminalId=a54ca971-95c6-4a1c-ad37-345a4df0721f - - -
info: Microsoft.AspNetCore.Routing.EndpointMiddleware[0]
      Executing endpoint 'HTTP: GET /api/v1/management/observability/alerts/by-source'
info: Microsoft.AspNetCore.Http.Result.JsonResult[1]
      Setting HTTP status code 401.
info: Microsoft.AspNetCore.Http.Result.JsonResult[3]
      Writing value of type 'ObservabilityApiErrorEnvelopeV1' as Json.
info: Microsoft.AspNetCore.Routing.EndpointMiddleware[1]
      Executed endpoint 'HTTP: GET /api/v1/management/observability/alerts/by-source'
info: Microsoft.AspNetCore.Hosting.Diagnostics[2]
      Request finished HTTP/1.1 GET https://127.0.0.1:42937/api/v1/management/observability/alerts/by-source?terminalId=a54ca971-95c6-4a1c-ad37-345a4df0721f - 401 - application/json;+charset=utf-8 0.3070ms
info: Microsoft.AspNetCore.Hosting.Diagnostics[1]
      Request starting HTTP/1.1 POST http://127.0.0.1:42937/api/v1/management/observability/alerts/raise?terminalId=7bd1a598-746a-4116-8215-b764e01e74a8 - application/json;+charset=utf-8 2
info: Microsoft.AspNetCore.Routing.EndpointMiddleware[0]
      Executing endpoint 'HTTP: POST /api/v1/management/observability/alerts/raise'
info: Microsoft.AspNetCore.Http.Result.JsonResult[1]
      Setting HTTP status code 401.
info: Microsoft.AspNetCore.Http.Result.JsonResult[3]
      Writing value of type 'ObservabilityApiErrorEnvelopeV1' as Json.
info: Microsoft.AspNetCore.Routing.EndpointMiddleware[1]
      Executed endpoint 'HTTP: POST /api/v1/management/observability/alerts/raise'
info: Microsoft.AspNetCore.Hosting.Diagnostics[2]
      Request finished HTTP/1.1 POST https://127.0.0.1:42937/api/v1/management/observability/alerts/raise?terminalId=7bd1a598-746a-4116-8215-b764e01e74a8 - 401 - application/json;+charset=utf-8 0.4611ms
info: Microsoft.AspNetCore.Hosting.Diagnostics[1]
      Request starting HTTP/1.1 GET http://127.0.0.1:42937/api/v1/management/observability/alerts/72d6d957-1bd1-4bf5-a745-90a35d363bfd?terminalId=5562f401-32d2-4723-b902-8798016eac88 - - -
info: Microsoft.AspNetCore.Routing.EndpointMiddleware[0]
      Executing endpoint 'HTTP: GET /api/v1/management/observability/alerts/{alertId:guid}'
info: Microsoft.AspNetCore.Http.Result.JsonResult[1]
      Setting HTTP status code 401.
info: Microsoft.AspNetCore.Http.Result.JsonResult[3]
      Writing value of type 'ObservabilityApiErrorEnvelopeV1' as Json.
info: Microsoft.AspNetCore.Routing.EndpointMiddleware[1]
      Executed endpoint 'HTTP: GET /api/v1/management/observability/alerts/{alertId:guid}'
info: Microsoft.AspNetCore.Hosting.Diagnostics[2]
      Request finished HTTP/1.1 GET https://127.0.0.1:42937/api/v1/management/observability/alerts/72d6d957-1bd1-4bf5-a745-90a35d363bfd?terminalId=5562f401-32d2-4723-b902-8798016eac88 - 401 - application/json;+charset=utf-8 0.2488ms
info: Microsoft.AspNetCore.Hosting.Diagnostics[1]
      Request starting HTTP/1.1 POST http://127.0.0.1:42937/api/v1/management/observability/alerts/bbdc1723-b53c-4f0d-94ac-6661dfb0f99d/acknowledge?terminalId=025fc0c3-ba71-461c-9816-a49e1b1df2d3 - application/json;+charset=utf-8 2
info: Microsoft.AspNetCore.Routing.EndpointMiddleware[0]
      Executing endpoint 'HTTP: POST /api/v1/management/observability/alerts/{alertId:guid}/acknowledge'
info: Microsoft.AspNetCore.Http.Result.JsonResult[1]
      Setting HTTP status code 401.
info: Microsoft.AspNetCore.Http.Result.JsonResult[3]
      Writing value of type 'ObservabilityApiErrorEnvelopeV1' as Json.
info: Microsoft.AspNetCore.Routing.EndpointMiddleware[1]
      Executed endpoint 'HTTP: POST /api/v1/management/observability/alerts/{alertId:guid}/acknowledge'
info: Microsoft.AspNetCore.Hosting.Diagnostics[2]
      Request finished HTTP/1.1 POST https://127.0.0.1:42937/api/v1/management/observability/alerts/bbdc1723-b53c-4f0d-94ac-6661dfb0f99d/acknowledge?terminalId=025fc0c3-ba71-461c-9816-a49e1b1df2d3 - 401 - application/json;+charset=utf-8 0.3522ms
info: Microsoft.AspNetCore.Hosting.Diagnostics[1]
      Request starting HTTP/1.1 POST http://127.0.0.1:42937/api/v1/management/observability/alerts/e8069a2d-45ba-4e57-9953-5e0e338c2882/escalate?terminalId=d15918a3-65db-4082-8bd5-468a3dde099d - application/json;+charset=utf-8 2
info: Microsoft.AspNetCore.Routing.EndpointMiddleware[0]
      Executing endpoint 'HTTP: POST /api/v1/management/observability/alerts/{alertId:guid}/escalate'
info: Microsoft.AspNetCore.Http.Result.JsonResult[1]
      Setting HTTP status code 401.
info: Microsoft.AspNetCore.Http.Result.JsonResult[3]
      Writing value of type 'ObservabilityApiErrorEnvelopeV1' as Json.
info: Microsoft.AspNetCore.Routing.EndpointMiddleware[1]
      Executed endpoint 'HTTP: POST /api/v1/management/observability/alerts/{alertId:guid}/escalate'
info: Microsoft.AspNetCore.Hosting.Diagnostics[2]
      Request finished HTTP/1.1 POST https://127.0.0.1:42937/api/v1/management/observability/alerts/e8069a2d-45ba-4e57-9953-5e0e338c2882/escalate?terminalId=d15918a3-65db-4082-8bd5-468a3dde099d - 401 - application/json;+charset=utf-8 0.2486ms
info: Microsoft.AspNetCore.Hosting.Diagnostics[1]
      Request starting HTTP/1.1 GET http://127.0.0.1:42937/api/v1/management/observability/alerts/e278946f-64e6-4f71-bcef-e8e38af68f5e/events?terminalId=1f6b822e-bc32-43ce-8661-e70573842bb1 - - -
info: Microsoft.AspNetCore.Routing.EndpointMiddleware[0]
      Executing endpoint 'HTTP: GET /api/v1/management/observability/alerts/{alertId:guid}/events'
info: Microsoft.AspNetCore.Http.Result.JsonResult[1]
      Setting HTTP status code 401.
info: Microsoft.AspNetCore.Http.Result.JsonResult[3]
      Writing value of type 'ObservabilityApiErrorEnvelopeV1' as Json.
info: Microsoft.AspNetCore.Routing.EndpointMiddleware[1]
      Executed endpoint 'HTTP: GET /api/v1/management/observability/alerts/{alertId:guid}/events'
info: Microsoft.AspNetCore.Hosting.Diagnostics[2]
      Request finished HTTP/1.1 GET https://127.0.0.1:42937/api/v1/management/observability/alerts/e278946f-64e6-4f71-bcef-e8e38af68f5e/events?terminalId=1f6b822e-bc32-43ce-8661-e70573842bb1 - 401 - application/json;+charset=utf-8 0.3157ms
info: Microsoft.AspNetCore.Hosting.Diagnostics[1]
      Request starting HTTP/1.1 POST http://127.0.0.1:42937/api/v1/management/observability/alerts/88e38235-4981-4aa1-806c-8a8bf9e47a6b/resolve?terminalId=550dc4db-77b2-4a03-a6d6-861ac00a79d2 - application/json;+charset=utf-8 2
info: Microsoft.AspNetCore.Routing.EndpointMiddleware[0]
      Executing endpoint 'HTTP: POST /api/v1/management/observability/alerts/{alertId:guid}/resolve'
info: Microsoft.AspNetCore.Http.Result.JsonResult[1]
      Setting HTTP status code 401.
info: Microsoft.AspNetCore.Http.Result.JsonResult[3]
      Writing value of type 'ObservabilityApiErrorEnvelopeV1' as Json.
info: Microsoft.AspNetCore.Routing.EndpointMiddleware[1]
      Executed endpoint 'HTTP: POST /api/v1/management/observability/alerts/{alertId:guid}/resolve'
info: Microsoft.AspNetCore.Hosting.Diagnostics[2]
      Request finished HTTP/1.1 POST https://127.0.0.1:42937/api/v1/management/observability/alerts/88e38235-4981-4aa1-806c-8a8bf9e47a6b/resolve?terminalId=550dc4db-77b2-4a03-a6d6-861ac00a79d2 - 401 - application/json;+charset=utf-8 0.2822ms
info: Microsoft.AspNetCore.Hosting.Diagnostics[1]
      Request starting HTTP/1.1 POST http://127.0.0.1:42937/api/v1/management/observability/alerts/0babd5c1-acf5-4f21-8e62-728a00e9b089/suppress?terminalId=052aba73-27c8-4e07-9654-fd23148409bd - application/json;+charset=utf-8 2
info: Microsoft.AspNetCore.Routing.EndpointMiddleware[0]
      Executing endpoint 'HTTP: POST /api/v1/management/observability/alerts/{alertId:guid}/suppress'
info: Microsoft.AspNetCore.Http.Result.JsonResult[1]
      Setting HTTP status code 401.
info: Microsoft.AspNetCore.Http.Result.JsonResult[3]
      Writing value of type 'ObservabilityApiErrorEnvelopeV1' as Json.
info: Microsoft.AspNetCore.Routing.EndpointMiddleware[1]
      Executed endpoint 'HTTP: POST /api/v1/management/observability/alerts/{alertId:guid}/suppress'
info: Microsoft.AspNetCore.Hosting.Diagnostics[2]
      Request finished HTTP/1.1 POST https://127.0.0.1:42937/api/v1/management/observability/alerts/0babd5c1-acf5-4f21-8e62-728a00e9b089/suppress?terminalId=052aba73-27c8-4e07-9654-fd23148409bd - 401 - application/json;+charset=utf-8 0.3715ms
info: Microsoft.AspNetCore.Hosting.Diagnostics[1]
      Request starting HTTP/1.1 POST http://127.0.0.1:42937/api/v1/management/observability/health-checks?terminalId=9f4a6c24-8951-4b1e-bfe0-988d44986cb4 - application/json;+charset=utf-8 2
info: Microsoft.AspNetCore.Routing.EndpointMiddleware[0]
      Executing endpoint 'HTTP: POST /api/v1/management/observability/health-checks'
info: Microsoft.AspNetCore.Http.Result.JsonResult[1]
      Setting HTTP status code 401.
info: Microsoft.AspNetCore.Http.Result.JsonResult[3]
      Writing value of type 'ObservabilityApiErrorEnvelopeV1' as Json.
info: Microsoft.AspNetCore.Routing.EndpointMiddleware[1]
      Executed endpoint 'HTTP: POST /api/v1/management/observability/health-checks'
info: Microsoft.AspNetCore.Hosting.Diagnostics[2]
      Request finished HTTP/1.1 POST https://127.0.0.1:42937/api/v1/management/observability/health-checks?terminalId=9f4a6c24-8951-4b1e-bfe0-988d44986cb4 - 401 - application/json;+charset=utf-8 0.8324ms
info: Microsoft.AspNetCore.Hosting.Diagnostics[1]
      Request starting HTTP/1.1 GET http://127.0.0.1:42937/api/v1/management/observability/health-checks/by-target?terminalId=e67dc36b-1832-4628-bd37-00b0b05b8d4d - - -
info: Microsoft.AspNetCore.Routing.EndpointMiddleware[0]
      Executing endpoint 'HTTP: GET /api/v1/management/observability/health-checks/by-target'
info: Microsoft.AspNetCore.Http.Result.JsonResult[1]
      Setting HTTP status code 401.
info: Microsoft.AspNetCore.Http.Result.JsonResult[3]
      Writing value of type 'ObservabilityApiErrorEnvelopeV1' as Json.
info: Microsoft.AspNetCore.Routing.EndpointMiddleware[1]
      Executed endpoint 'HTTP: GET /api/v1/management/observability/health-checks/by-target'
info: Microsoft.AspNetCore.Hosting.Diagnostics[2]
      Request finished HTTP/1.1 GET https://127.0.0.1:42937/api/v1/management/observability/health-checks/by-target?terminalId=e67dc36b-1832-4628-bd37-00b0b05b8d4d - 401 - application/json;+charset=utf-8 0.4020ms
info: Microsoft.AspNetCore.Hosting.Diagnostics[1]
      Request starting HTTP/1.1 GET http://127.0.0.1:42937/api/v1/management/observability/health-checks/unhealthy?terminalId=6a9a6e29-7a85-4157-bdc2-70d1315f2f70 - - -
info: Microsoft.AspNetCore.Routing.EndpointMiddleware[0]
      Executing endpoint 'HTTP: GET /api/v1/management/observability/health-checks/unhealthy'
info: Microsoft.AspNetCore.Http.Result.JsonResult[1]
      Setting HTTP status code 401.
info: Microsoft.AspNetCore.Http.Result.JsonResult[3]
      Writing value of type 'ObservabilityApiErrorEnvelopeV1' as Json.
info: Microsoft.AspNetCore.Routing.EndpointMiddleware[1]
      Executed endpoint 'HTTP: GET /api/v1/management/observability/health-checks/unhealthy'
info: Microsoft.AspNetCore.Hosting.Diagnostics[2]
      Request finished HTTP/1.1 GET https://127.0.0.1:42937/api/v1/management/observability/health-checks/unhealthy?terminalId=6a9a6e29-7a85-4157-bdc2-70d1315f2f70 - 401 - application/json;+charset=utf-8 0.9335ms
info: Microsoft.AspNetCore.Hosting.Diagnostics[1]
      Request starting HTTP/1.1 GET http://127.0.0.1:42937/api/v1/management/observability/health-checks/57b235e9-e403-4cff-8e08-ac7eb5f878e4?terminalId=9bd77a4b-3318-4472-b65f-b32462bd0291 - - -
info: Microsoft.AspNetCore.Routing.EndpointMiddleware[0]
      Executing endpoint 'HTTP: GET /api/v1/management/observability/health-checks/{healthCheckId:guid}'
info: Microsoft.AspNetCore.Http.Result.JsonResult[1]
      Setting HTTP status code 401.
info: Microsoft.AspNetCore.Http.Result.JsonResult[3]
      Writing value of type 'ObservabilityApiErrorEnvelopeV1' as Json.
info: Microsoft.AspNetCore.Routing.EndpointMiddleware[1]
      Executed endpoint 'HTTP: GET /api/v1/management/observability/health-checks/{healthCheckId:guid}'
info: Microsoft.AspNetCore.Hosting.Diagnostics[2]
      Request finished HTTP/1.1 GET https://127.0.0.1:42937/api/v1/management/observability/health-checks/57b235e9-e403-4cff-8e08-ac7eb5f878e4?terminalId=9bd77a4b-3318-4472-b65f-b32462bd0291 - 401 - application/json;+charset=utf-8 0.3444ms
info: Microsoft.AspNetCore.Hosting.Diagnostics[1]
      Request starting HTTP/1.1 GET http://127.0.0.1:42937/api/v1/management/payments/manual-confirmations?terminalId=bd64402f-f0b5-4a7d-bd5b-87239c079100 - - -
info: Microsoft.AspNetCore.Routing.EndpointMiddleware[0]
      Executing endpoint 'HTTP: GET /api/v1/management/payments/manual-confirmations'
info: Microsoft.AspNetCore.Http.Result.JsonResult[1]
      Setting HTTP status code 401.
info: Microsoft.AspNetCore.Http.Result.JsonResult[3]
      Writing value of type 'ReconciliationCaseApiErrorEnvelopeV1' as Json.
info: Microsoft.AspNetCore.Routing.EndpointMiddleware[1]
      Executed endpoint 'HTTP: GET /api/v1/management/payments/manual-confirmations'
info: Microsoft.AspNetCore.Hosting.Diagnostics[2]
      Request finished HTTP/1.1 GET https://127.0.0.1:42937/api/v1/management/payments/manual-confirmations?terminalId=bd64402f-f0b5-4a7d-bd5b-87239c079100 - 401 - application/json;+charset=utf-8 1.2552ms
info: Microsoft.AspNetCore.Hosting.Diagnostics[1]
      Request starting HTTP/1.1 POST http://127.0.0.1:42937/api/v1/management/payments/reconciliation-scan?terminalId=cac026f0-48b1-4fd7-be7b-8abeb6028bd0 - application/json;+charset=utf-8 2
info: Microsoft.AspNetCore.Routing.EndpointMiddleware[0]
      Executing endpoint 'HTTP: POST /api/v1/management/payments/reconciliation-scan'
info: Microsoft.AspNetCore.Http.Result.JsonResult[1]
      Setting HTTP status code 401.
info: Microsoft.AspNetCore.Http.Result.JsonResult[3]
      Writing value of type 'ReconciliationCaseApiErrorEnvelopeV1' as Json.
info: Microsoft.AspNetCore.Routing.EndpointMiddleware[1]
      Executed endpoint 'HTTP: POST /api/v1/management/payments/reconciliation-scan'
info: Microsoft.AspNetCore.Hosting.Diagnostics[2]
      Request finished HTTP/1.1 POST https://127.0.0.1:42937/api/v1/management/payments/reconciliation-scan?terminalId=cac026f0-48b1-4fd7-be7b-8abeb6028bd0 - 401 - application/json;+charset=utf-8 0.6068ms
info: Microsoft.AspNetCore.Hosting.Diagnostics[1]
      Request starting HTTP/1.1 GET http://127.0.0.1:42937/api/v1/management/payments/settlement-report?terminalId=c15b52f6-eefb-4ebb-90c2-12ba7ec329e3 - - -
info: Microsoft.AspNetCore.Routing.EndpointMiddleware[0]
      Executing endpoint 'HTTP: GET /api/v1/management/payments/settlement-report'
info: Microsoft.AspNetCore.Http.Result.JsonResult[1]
      Setting HTTP status code 401.
info: Microsoft.AspNetCore.Http.Result.JsonResult[3]
      Writing value of type 'ReconciliationCaseApiErrorEnvelopeV1' as Json.
info: Microsoft.AspNetCore.Routing.EndpointMiddleware[1]
      Executed endpoint 'HTTP: GET /api/v1/management/payments/settlement-report'
info: Microsoft.AspNetCore.Hosting.Diagnostics[2]
      Request finished HTTP/1.1 GET https://127.0.0.1:42937/api/v1/management/payments/settlement-report?terminalId=c15b52f6-eefb-4ebb-90c2-12ba7ec329e3 - 401 - application/json;+charset=utf-8 0.6420ms
info: Microsoft.AspNetCore.Hosting.Diagnostics[1]
      Request starting HTTP/1.1 GET http://127.0.0.1:42937/api/v1/management/production/batches?terminalId=0522ab09-81bf-497e-8e1e-bd2226001b66 - - -
info: Microsoft.AspNetCore.Routing.EndpointMiddleware[0]
      Executing endpoint 'HTTP: GET /api/v1/management/production/batches'
info: Microsoft.AspNetCore.Http.Result.JsonResult[1]
      Setting HTTP status code 401.
info: Microsoft.AspNetCore.Http.Result.JsonResult[3]
      Writing value of type 'ProductionApiErrorEnvelopeV1' as Json.
info: Microsoft.AspNetCore.Routing.EndpointMiddleware[1]
      Executed endpoint 'HTTP: GET /api/v1/management/production/batches'
info: Microsoft.AspNetCore.Hosting.Diagnostics[2]
      Request finished HTTP/1.1 GET https://127.0.0.1:42937/api/v1/management/production/batches?terminalId=0522ab09-81bf-497e-8e1e-bd2226001b66 - 401 - application/json;+charset=utf-8 0.4884ms
info: Microsoft.AspNetCore.Hosting.Diagnostics[1]
      Request starting HTTP/1.1 POST http://127.0.0.1:42937/api/v1/management/production/batches?terminalId=a52a0251-ccd6-4ade-9584-17d7f9c540df - application/json;+charset=utf-8 2
info: Microsoft.AspNetCore.Routing.EndpointMiddleware[0]
      Executing endpoint 'HTTP: POST /api/v1/management/production/batches'
info: Microsoft.AspNetCore.Http.Result.JsonResult[1]
      Setting HTTP status code 401.
info: Microsoft.AspNetCore.Http.Result.JsonResult[3]
      Writing value of type 'ProductionApiErrorEnvelopeV1' as Json.
info: Microsoft.AspNetCore.Routing.EndpointMiddleware[1]
      Executed endpoint 'HTTP: POST /api/v1/management/production/batches'
info: Microsoft.AspNetCore.Hosting.Diagnostics[2]
      Request finished HTTP/1.1 POST https://127.0.0.1:42937/api/v1/management/production/batches?terminalId=a52a0251-ccd6-4ade-9584-17d7f9c540df - 401 - application/json;+charset=utf-8 0.3279ms
info: Microsoft.AspNetCore.Hosting.Diagnostics[1]
      Request starting HTTP/1.1 GET http://127.0.0.1:42937/api/v1/management/production/batches/by-number/probe?terminalId=75b8efe6-2948-4a87-ad72-94e659ed7f9a - - -
info: Microsoft.AspNetCore.Routing.EndpointMiddleware[0]
      Executing endpoint 'HTTP: GET /api/v1/management/production/batches/by-number/{batchNumber}'
info: Microsoft.AspNetCore.Http.Result.JsonResult[1]
      Setting HTTP status code 401.
info: Microsoft.AspNetCore.Http.Result.JsonResult[3]
      Writing value of type 'ProductionApiErrorEnvelopeV1' as Json.
info: Microsoft.AspNetCore.Routing.EndpointMiddleware[1]
      Executed endpoint 'HTTP: GET /api/v1/management/production/batches/by-number/{batchNumber}'
info: Microsoft.AspNetCore.Hosting.Diagnostics[2]
      Request finished HTTP/1.1 GET https://127.0.0.1:42937/api/v1/management/production/batches/by-number/probe?terminalId=75b8efe6-2948-4a87-ad72-94e659ed7f9a - 401 - application/json;+charset=utf-8 0.2472ms
info: Microsoft.AspNetCore.Hosting.Diagnostics[1]
      Request starting HTTP/1.1 GET http://127.0.0.1:42937/api/v1/management/production/batches/48c21c87-8895-43a8-9cd8-165a53b2d8e2?terminalId=db2fee0e-8c75-4d36-9b05-e81808e21788 - - -
info: Microsoft.AspNetCore.Routing.EndpointMiddleware[0]
      Executing endpoint 'HTTP: GET /api/v1/management/production/batches/{batchId:guid}'
info: Microsoft.AspNetCore.Http.Result.JsonResult[1]
      Setting HTTP status code 401.
info: Microsoft.AspNetCore.Http.Result.JsonResult[3]
      Writing value of type 'ProductionApiErrorEnvelopeV1' as Json.
info: Microsoft.AspNetCore.Routing.EndpointMiddleware[1]
      Executed endpoint 'HTTP: GET /api/v1/management/production/batches/{batchId:guid}'
info: Microsoft.AspNetCore.Hosting.Diagnostics[2]
      Request finished HTTP/1.1 GET https://127.0.0.1:42937/api/v1/management/production/batches/48c21c87-8895-43a8-9cd8-165a53b2d8e2?terminalId=db2fee0e-8c75-4d36-9b05-e81808e21788 - 401 - application/json;+charset=utf-8 0.1816ms
info: Microsoft.AspNetCore.Hosting.Diagnostics[1]
      Request starting HTTP/1.1 POST http://127.0.0.1:42937/api/v1/management/production/batches/1d81cc17-ba76-45a4-832b-71d5e54b834c/cancel?terminalId=f35f5005-4fac-42a3-b33d-b323f9956ed6 - application/json;+charset=utf-8 2
info: Microsoft.AspNetCore.Routing.EndpointMiddleware[0]
      Executing endpoint 'HTTP: POST /api/v1/management/production/batches/{batchId:guid}/cancel'
info: Microsoft.AspNetCore.Http.Result.JsonResult[1]
      Setting HTTP status code 401.
info: Microsoft.AspNetCore.Http.Result.JsonResult[3]
      Writing value of type 'ProductionApiErrorEnvelopeV1' as Json.
info: Microsoft.AspNetCore.Routing.EndpointMiddleware[1]
      Executed endpoint 'HTTP: POST /api/v1/management/production/batches/{batchId:guid}/cancel'
info: Microsoft.AspNetCore.Hosting.Diagnostics[2]
      Request finished HTTP/1.1 POST https://127.0.0.1:42937/api/v1/management/production/batches/1d81cc17-ba76-45a4-832b-71d5e54b834c/cancel?terminalId=f35f5005-4fac-42a3-b33d-b323f9956ed6 - 401 - application/json;+charset=utf-8 0.2758ms
info: Microsoft.AspNetCore.Hosting.Diagnostics[1]
      Request starting HTTP/1.1 POST http://127.0.0.1:42937/api/v1/management/production/batches/2d483262-2b74-4ec7-9bd1-31b3b6c64875/complete?terminalId=cb2ee65f-a753-4cfc-a787-05b72a186939 - application/json;+charset=utf-8 2
info: Microsoft.AspNetCore.Routing.EndpointMiddleware[0]
      Executing endpoint 'HTTP: POST /api/v1/management/production/batches/{batchId:guid}/complete'
info: Microsoft.AspNetCore.Http.Result.JsonResult[1]
      Setting HTTP status code 401.
info: Microsoft.AspNetCore.Http.Result.JsonResult[3]
      Writing value of type 'ProductionApiErrorEnvelopeV1' as Json.
info: Microsoft.AspNetCore.Routing.EndpointMiddleware[1]
      Executed endpoint 'HTTP: POST /api/v1/management/production/batches/{batchId:guid}/complete'
info: Microsoft.AspNetCore.Hosting.Diagnostics[2]
      Request finished HTTP/1.1 POST https://127.0.0.1:42937/api/v1/management/production/batches/2d483262-2b74-4ec7-9bd1-31b3b6c64875/complete?terminalId=cb2ee65f-a753-4cfc-a787-05b72a186939 - 401 - application/json;+charset=utf-8 0.5709ms
info: Microsoft.AspNetCore.Hosting.Diagnostics[1]
      Request starting HTTP/1.1 GET http://127.0.0.1:42937/api/v1/management/production/batches/f9557f72-7e83-4ff5-a045-95b6ef0407cc/consumptions?terminalId=b4012b67-a16b-4b10-8f0f-4c504e599c92 - - -
info: Microsoft.AspNetCore.Routing.EndpointMiddleware[0]
      Executing endpoint 'HTTP: GET /api/v1/management/production/batches/{batchId:guid}/consumptions'
info: Microsoft.AspNetCore.Http.Result.JsonResult[1]
      Setting HTTP status code 401.
info: Microsoft.AspNetCore.Http.Result.JsonResult[3]
      Writing value of type 'ProductionApiErrorEnvelopeV1' as Json.
info: Microsoft.AspNetCore.Routing.EndpointMiddleware[1]
      Executed endpoint 'HTTP: GET /api/v1/management/production/batches/{batchId:guid}/consumptions'
info: Microsoft.AspNetCore.Hosting.Diagnostics[2]
      Request finished HTTP/1.1 GET https://127.0.0.1:42937/api/v1/management/production/batches/f9557f72-7e83-4ff5-a045-95b6ef0407cc/consumptions?terminalId=b4012b67-a16b-4b10-8f0f-4c504e599c92 - 401 - application/json;+charset=utf-8 0.5030ms
info: Microsoft.AspNetCore.Hosting.Diagnostics[1]
      Request starting HTTP/1.1 GET http://127.0.0.1:42937/api/v1/management/production/batches/3ab1808a-3c6e-4713-b4f2-dce960215bf1/outputs?terminalId=4ef56d61-7b74-4853-9f34-b09746951895 - - -
info: Microsoft.AspNetCore.Routing.EndpointMiddleware[0]
      Executing endpoint 'HTTP: GET /api/v1/management/production/batches/{batchId:guid}/outputs'
info: Microsoft.AspNetCore.Http.Result.JsonResult[1]
      Setting HTTP status code 401.
info: Microsoft.AspNetCore.Http.Result.JsonResult[3]
      Writing value of type 'ProductionApiErrorEnvelopeV1' as Json.
info: Microsoft.AspNetCore.Routing.EndpointMiddleware[1]
      Executed endpoint 'HTTP: GET /api/v1/management/production/batches/{batchId:guid}/outputs'
info: Microsoft.AspNetCore.Hosting.Diagnostics[2]
      Request finished HTTP/1.1 GET https://127.0.0.1:42937/api/v1/management/production/batches/3ab1808a-3c6e-4713-b4f2-dce960215bf1/outputs?terminalId=4ef56d61-7b74-4853-9f34-b09746951895 - 401 - application/json;+charset=utf-8 0.2630ms
info: Microsoft.AspNetCore.Hosting.Diagnostics[1]
      Request starting HTTP/1.1 PUT http://127.0.0.1:42937/api/v1/management/production/batches/06bf4f41-63e7-4b13-a136-2524befdd24a/recipe-version?terminalId=03301995-936a-4b03-a70f-ef0733b9d8f8 - application/json;+charset=utf-8 2
info: Microsoft.AspNetCore.Routing.EndpointMiddleware[0]
      Executing endpoint 'HTTP: PUT /api/v1/management/production/batches/{batchId:guid}/recipe-version'
info: Microsoft.AspNetCore.Http.Result.JsonResult[1]
      Setting HTTP status code 401.
info: Microsoft.AspNetCore.Http.Result.JsonResult[3]
      Writing value of type 'ProductionApiErrorEnvelopeV1' as Json.
info: Microsoft.AspNetCore.Routing.EndpointMiddleware[1]
      Executed endpoint 'HTTP: PUT /api/v1/management/production/batches/{batchId:guid}/recipe-version'
info: Microsoft.AspNetCore.Hosting.Diagnostics[2]
      Request finished HTTP/1.1 PUT https://127.0.0.1:42937/api/v1/management/production/batches/06bf4f41-63e7-4b13-a136-2524befdd24a/recipe-version?terminalId=03301995-936a-4b03-a70f-ef0733b9d8f8 - 401 - application/json;+charset=utf-8 0.2885ms
info: Microsoft.AspNetCore.Hosting.Diagnostics[1]
      Request starting HTTP/1.1 POST http://127.0.0.1:42937/api/v1/management/production/batches/d3f5d80b-08c0-42be-a58a-84639c18d96c/start?terminalId=4533ba46-72b7-4596-bbf3-cfc3b5ba78c5 - application/json;+charset=utf-8 2
info: Microsoft.AspNetCore.Routing.EndpointMiddleware[0]
      Executing endpoint 'HTTP: POST /api/v1/management/production/batches/{batchId:guid}/start'
info: Microsoft.AspNetCore.Http.Result.JsonResult[1]
      Setting HTTP status code 401.
info: Microsoft.AspNetCore.Http.Result.JsonResult[3]
      Writing value of type 'ProductionApiErrorEnvelopeV1' as Json.
info: Microsoft.AspNetCore.Routing.EndpointMiddleware[1]
      Executed endpoint 'HTTP: POST /api/v1/management/production/batches/{batchId:guid}/start'
info: Microsoft.AspNetCore.Hosting.Diagnostics[2]
      Request finished HTTP/1.1 POST https://127.0.0.1:42937/api/v1/management/production/batches/d3f5d80b-08c0-42be-a58a-84639c18d96c/start?terminalId=4533ba46-72b7-4596-bbf3-cfc3b5ba78c5 - 401 - application/json;+charset=utf-8 0.3183ms
info: Microsoft.AspNetCore.Hosting.Diagnostics[1]
      Request starting HTTP/1.1 GET http://127.0.0.1:42937/api/v1/management/purchasing/purchase-orders?terminalId=117da750-395a-4fa4-bbfd-deda3c8e2f87 - - -
info: Microsoft.AspNetCore.Routing.EndpointMiddleware[0]
      Executing endpoint 'HTTP: GET /api/v1/management/purchasing/purchase-orders'
info: Microsoft.AspNetCore.Http.Result.JsonResult[1]
      Setting HTTP status code 401.
info: Microsoft.AspNetCore.Http.Result.JsonResult[3]
      Writing value of type 'PurchasingApiErrorEnvelopeV1' as Json.
info: Microsoft.AspNetCore.Routing.EndpointMiddleware[1]
      Executed endpoint 'HTTP: GET /api/v1/management/purchasing/purchase-orders'
info: Microsoft.AspNetCore.Hosting.Diagnostics[2]
      Request finished HTTP/1.1 GET https://127.0.0.1:42937/api/v1/management/purchasing/purchase-orders?terminalId=117da750-395a-4fa4-bbfd-deda3c8e2f87 - 401 - application/json;+charset=utf-8 0.8091ms
info: Microsoft.AspNetCore.Hosting.Diagnostics[1]
      Request starting HTTP/1.1 POST http://127.0.0.1:42937/api/v1/management/purchasing/purchase-orders?terminalId=862c60d4-2c06-4793-b924-8672228bccf1 - application/json;+charset=utf-8 2
info: Microsoft.AspNetCore.Routing.EndpointMiddleware[0]
      Executing endpoint 'HTTP: POST /api/v1/management/purchasing/purchase-orders'
info: Microsoft.AspNetCore.Http.Result.JsonResult[1]
      Setting HTTP status code 401.
info: Microsoft.AspNetCore.Http.Result.JsonResult[3]
      Writing value of type 'PurchasingApiErrorEnvelopeV1' as Json.
info: Microsoft.AspNetCore.Routing.EndpointMiddleware[1]
      Executed endpoint 'HTTP: POST /api/v1/management/purchasing/purchase-orders'
info: Microsoft.AspNetCore.Hosting.Diagnostics[2]
      Request finished HTTP/1.1 POST https://127.0.0.1:42937/api/v1/management/purchasing/purchase-orders?terminalId=862c60d4-2c06-4793-b924-8672228bccf1 - 401 - application/json;+charset=utf-8 0.2856ms
info: Microsoft.AspNetCore.Hosting.Diagnostics[1]
      Request starting HTTP/1.1 GET http://127.0.0.1:42937/api/v1/management/purchasing/purchase-orders/865e892f-56a1-4243-92ff-4d6f61cb9fa0?terminalId=d7af011c-7db5-4e05-91d5-a1ac67ef0c8d - - -
info: Microsoft.AspNetCore.Routing.EndpointMiddleware[0]
      Executing endpoint 'HTTP: GET /api/v1/management/purchasing/purchase-orders/{orderId:guid}'
info: Microsoft.AspNetCore.Http.Result.JsonResult[1]
      Setting HTTP status code 401.
info: Microsoft.AspNetCore.Http.Result.JsonResult[3]
      Writing value of type 'PurchasingApiErrorEnvelopeV1' as Json.
info: Microsoft.AspNetCore.Routing.EndpointMiddleware[1]
      Executed endpoint 'HTTP: GET /api/v1/management/purchasing/purchase-orders/{orderId:guid}'
info: Microsoft.AspNetCore.Hosting.Diagnostics[2]
      Request finished HTTP/1.1 GET https://127.0.0.1:42937/api/v1/management/purchasing/purchase-orders/865e892f-56a1-4243-92ff-4d6f61cb9fa0?terminalId=d7af011c-7db5-4e05-91d5-a1ac67ef0c8d - 401 - application/json;+charset=utf-8 0.2356ms
info: Microsoft.AspNetCore.Hosting.Diagnostics[1]
      Request starting HTTP/1.1 POST http://127.0.0.1:42937/api/v1/management/purchasing/purchase-orders/57ce0ce0-529c-4805-b8bb-9cd90f4e5cfd/cancel?terminalId=6151333a-1ee5-4486-8ca2-f59c3b31845b - application/json;+charset=utf-8 2
info: Microsoft.AspNetCore.Routing.EndpointMiddleware[0]
      Executing endpoint 'HTTP: POST /api/v1/management/purchasing/purchase-orders/{orderId:guid}/cancel'
info: Microsoft.AspNetCore.Http.Result.JsonResult[1]
      Setting HTTP status code 401.
info: Microsoft.AspNetCore.Http.Result.JsonResult[3]
      Writing value of type 'PurchasingApiErrorEnvelopeV1' as Json.
info: Microsoft.AspNetCore.Routing.EndpointMiddleware[1]
      Executed endpoint 'HTTP: POST /api/v1/management/purchasing/purchase-orders/{orderId:guid}/cancel'
info: Microsoft.AspNetCore.Hosting.Diagnostics[2]
      Request finished HTTP/1.1 POST https://127.0.0.1:42937/api/v1/management/purchasing/purchase-orders/57ce0ce0-529c-4805-b8bb-9cd90f4e5cfd/cancel?terminalId=6151333a-1ee5-4486-8ca2-f59c3b31845b - 401 - application/json;+charset=utf-8 0.1814ms
info: Microsoft.AspNetCore.Hosting.Diagnostics[1]
      Request starting HTTP/1.1 POST http://127.0.0.1:42937/api/v1/management/purchasing/purchase-orders/db008edb-040e-4c16-8fac-3ace225b8c5f/receipts?terminalId=8bbeb3a8-539c-4293-ae46-302f1fdaede0 - application/json;+charset=utf-8 2
info: Microsoft.AspNetCore.Routing.EndpointMiddleware[0]
      Executing endpoint 'HTTP: POST /api/v1/management/purchasing/purchase-orders/{orderId:guid}/receipts'
info: Microsoft.AspNetCore.Http.Result.JsonResult[1]
      Setting HTTP status code 401.
info: Microsoft.AspNetCore.Http.Result.JsonResult[3]
      Writing value of type 'PurchasingApiErrorEnvelopeV1' as Json.
info: Microsoft.AspNetCore.Routing.EndpointMiddleware[1]
      Executed endpoint 'HTTP: POST /api/v1/management/purchasing/purchase-orders/{orderId:guid}/receipts'
info: Microsoft.AspNetCore.Hosting.Diagnostics[2]
      Request finished HTTP/1.1 POST https://127.0.0.1:42937/api/v1/management/purchasing/purchase-orders/db008edb-040e-4c16-8fac-3ace225b8c5f/receipts?terminalId=8bbeb3a8-539c-4293-ae46-302f1fdaede0 - 401 - application/json;+charset=utf-8 0.2738ms
info: Microsoft.AspNetCore.Hosting.Diagnostics[1]
      Request starting HTTP/1.1 GET http://127.0.0.1:42937/api/v1/management/purchasing/purchase-orders/99b14792-f749-4a28-8c7c-53c8dd45d4ce/receipts?terminalId=9ab3eb3a-b55e-4ecb-ab23-760f2741192e - - -
info: Microsoft.AspNetCore.Routing.EndpointMiddleware[0]
      Executing endpoint 'HTTP: GET /api/v1/management/purchasing/purchase-orders/{orderId:guid}/receipts'
info: Microsoft.AspNetCore.Http.Result.JsonResult[1]
      Setting HTTP status code 401.
info: Microsoft.AspNetCore.Http.Result.JsonResult[3]
      Writing value of type 'PurchasingApiErrorEnvelopeV1' as Json.
info: Microsoft.AspNetCore.Routing.EndpointMiddleware[1]
      Executed endpoint 'HTTP: GET /api/v1/management/purchasing/purchase-orders/{orderId:guid}/receipts'
info: Microsoft.AspNetCore.Hosting.Diagnostics[2]
      Request finished HTTP/1.1 GET https://127.0.0.1:42937/api/v1/management/purchasing/purchase-orders/99b14792-f749-4a28-8c7c-53c8dd45d4ce/receipts?terminalId=9ab3eb3a-b55e-4ecb-ab23-760f2741192e - 401 - application/json;+charset=utf-8 0.1970ms
info: Microsoft.AspNetCore.Hosting.Diagnostics[1]
      Request starting HTTP/1.1 POST http://127.0.0.1:42937/api/v1/management/purchasing/purchase-orders/fbea193a-2c01-4ad8-b5ad-7192aa2072da/submit?terminalId=d0bfc98b-31e5-4d7f-b6d5-f2171aeff749 - application/json;+charset=utf-8 2
info: Microsoft.AspNetCore.Routing.EndpointMiddleware[0]
      Executing endpoint 'HTTP: POST /api/v1/management/purchasing/purchase-orders/{orderId:guid}/submit'
info: Microsoft.AspNetCore.Http.Result.JsonResult[1]
      Setting HTTP status code 401.
info: Microsoft.AspNetCore.Http.Result.JsonResult[3]
      Writing value of type 'PurchasingApiErrorEnvelopeV1' as Json.
info: Microsoft.AspNetCore.Routing.EndpointMiddleware[1]
      Executed endpoint 'HTTP: POST /api/v1/management/purchasing/purchase-orders/{orderId:guid}/submit'
info: Microsoft.AspNetCore.Hosting.Diagnostics[2]
      Request finished HTTP/1.1 POST https://127.0.0.1:42937/api/v1/management/purchasing/purchase-orders/fbea193a-2c01-4ad8-b5ad-7192aa2072da/submit?terminalId=d0bfc98b-31e5-4d7f-b6d5-f2171aeff749 - 401 - application/json;+charset=utf-8 0.3889ms
info: Microsoft.AspNetCore.Hosting.Diagnostics[1]
      Request starting HTTP/1.1 GET http://127.0.0.1:42937/api/v1/management/purchasing/receipts/87740f25-1fb2-4133-8349-d02973cc9f12?terminalId=031db6a6-d9c6-4ea0-8050-9b0a055f57aa - - -
info: Microsoft.AspNetCore.Routing.EndpointMiddleware[0]
      Executing endpoint 'HTTP: GET /api/v1/management/purchasing/receipts/{receiptId:guid}'
info: Microsoft.AspNetCore.Http.Result.JsonResult[1]
      Setting HTTP status code 401.
info: Microsoft.AspNetCore.Http.Result.JsonResult[3]
      Writing value of type 'PurchasingApiErrorEnvelopeV1' as Json.
info: Microsoft.AspNetCore.Routing.EndpointMiddleware[1]
      Executed endpoint 'HTTP: GET /api/v1/management/purchasing/receipts/{receiptId:guid}'
info: Microsoft.AspNetCore.Hosting.Diagnostics[2]
      Request finished HTTP/1.1 GET https://127.0.0.1:42937/api/v1/management/purchasing/receipts/87740f25-1fb2-4133-8349-d02973cc9f12?terminalId=031db6a6-d9c6-4ea0-8050-9b0a055f57aa - 401 - application/json;+charset=utf-8 0.2165ms
info: Microsoft.AspNetCore.Hosting.Diagnostics[1]
      Request starting HTTP/1.1 GET http://127.0.0.1:42937/api/v1/management/purchasing/suppliers?terminalId=b4dd05e9-9c9c-4c87-ac17-f77b92ccb75a - - -
info: Microsoft.AspNetCore.Routing.EndpointMiddleware[0]
      Executing endpoint 'HTTP: GET /api/v1/management/purchasing/suppliers'
info: Microsoft.AspNetCore.Http.Result.JsonResult[1]
      Setting HTTP status code 401.
info: Microsoft.AspNetCore.Http.Result.JsonResult[3]
      Writing value of type 'PurchasingApiErrorEnvelopeV1' as Json.
info: Microsoft.AspNetCore.Routing.EndpointMiddleware[1]
      Executed endpoint 'HTTP: GET /api/v1/management/purchasing/suppliers'
info: Microsoft.AspNetCore.Hosting.Diagnostics[2]
      Request finished HTTP/1.1 GET https://127.0.0.1:42937/api/v1/management/purchasing/suppliers?terminalId=b4dd05e9-9c9c-4c87-ac17-f77b92ccb75a - 401 - application/json;+charset=utf-8 0.2436ms
info: Microsoft.AspNetCore.Hosting.Diagnostics[1]
      Request starting HTTP/1.1 POST http://127.0.0.1:42937/api/v1/management/purchasing/suppliers?terminalId=0cda990a-8af4-47b7-a1ac-1036259122ce - application/json;+charset=utf-8 2
info: Microsoft.AspNetCore.Routing.EndpointMiddleware[0]
      Executing endpoint 'HTTP: POST /api/v1/management/purchasing/suppliers'
info: Microsoft.AspNetCore.Http.Result.JsonResult[1]
      Setting HTTP status code 401.
info: Microsoft.AspNetCore.Http.Result.JsonResult[3]
      Writing value of type 'PurchasingApiErrorEnvelopeV1' as Json.
info: Microsoft.AspNetCore.Routing.EndpointMiddleware[1]
      Executed endpoint 'HTTP: POST /api/v1/management/purchasing/suppliers'
info: Microsoft.AspNetCore.Hosting.Diagnostics[2]
      Request finished HTTP/1.1 POST https://127.0.0.1:42937/api/v1/management/purchasing/suppliers?terminalId=0cda990a-8af4-47b7-a1ac-1036259122ce - 401 - application/json;+charset=utf-8 0.3861ms
info: Microsoft.AspNetCore.Hosting.Diagnostics[1]
      Request starting HTTP/1.1 GET http://127.0.0.1:42937/api/v1/management/purchasing/suppliers/d019bfd0-3249-4fb0-9d97-b18132d2f99f?terminalId=01d0ddbe-c118-4b9c-a168-a46fdf0aee12 - - -
info: Microsoft.AspNetCore.Routing.EndpointMiddleware[0]
      Executing endpoint 'HTTP: GET /api/v1/management/purchasing/suppliers/{supplierId:guid}'
info: Microsoft.AspNetCore.Http.Result.JsonResult[1]
      Setting HTTP status code 401.
info: Microsoft.AspNetCore.Http.Result.JsonResult[3]
      Writing value of type 'PurchasingApiErrorEnvelopeV1' as Json.
info: Microsoft.AspNetCore.Routing.EndpointMiddleware[1]
      Executed endpoint 'HTTP: GET /api/v1/management/purchasing/suppliers/{supplierId:guid}'
info: Microsoft.AspNetCore.Hosting.Diagnostics[2]
      Request finished HTTP/1.1 GET https://127.0.0.1:42937/api/v1/management/purchasing/suppliers/d019bfd0-3249-4fb0-9d97-b18132d2f99f?terminalId=01d0ddbe-c118-4b9c-a168-a46fdf0aee12 - 401 - application/json;+charset=utf-8 0.2624ms
info: Microsoft.AspNetCore.Hosting.Diagnostics[1]
      Request starting HTTP/1.1 PUT http://127.0.0.1:42937/api/v1/management/purchasing/suppliers/053eb0ea-a6c9-4704-b799-415f72628fe2?terminalId=f7e1ff99-8496-4b73-964b-20c358c35a39 - application/json;+charset=utf-8 2
info: Microsoft.AspNetCore.Routing.EndpointMiddleware[0]
      Executing endpoint 'HTTP: PUT /api/v1/management/purchasing/suppliers/{supplierId:guid}'
info: Microsoft.AspNetCore.Http.Result.JsonResult[1]
      Setting HTTP status code 401.
info: Microsoft.AspNetCore.Http.Result.JsonResult[3]
      Writing value of type 'PurchasingApiErrorEnvelopeV1' as Json.
info: Microsoft.AspNetCore.Routing.EndpointMiddleware[1]
      Executed endpoint 'HTTP: PUT /api/v1/management/purchasing/suppliers/{supplierId:guid}'
info: Microsoft.AspNetCore.Hosting.Diagnostics[2]
      Request finished HTTP/1.1 PUT https://127.0.0.1:42937/api/v1/management/purchasing/suppliers/053eb0ea-a6c9-4704-b799-415f72628fe2?terminalId=f7e1ff99-8496-4b73-964b-20c358c35a39 - 401 - application/json;+charset=utf-8 0.2104ms
info: Microsoft.AspNetCore.Hosting.Diagnostics[1]
      Request starting HTTP/1.1 POST http://127.0.0.1:42937/api/v1/management/purchasing/suppliers/205e9c5d-54c9-47b2-a7a2-01e6ea29bc24/activate?terminalId=40e5e8d4-4ae5-4af3-9f34-9d34a1814f70 - application/json;+charset=utf-8 2
info: Microsoft.AspNetCore.Routing.EndpointMiddleware[0]
      Executing endpoint 'HTTP: POST /api/v1/management/purchasing/suppliers/{supplierId:guid}/activate'
info: Microsoft.AspNetCore.Http.Result.JsonResult[1]
      Setting HTTP status code 401.
info: Microsoft.AspNetCore.Http.Result.JsonResult[3]
      Writing value of type 'PurchasingApiErrorEnvelopeV1' as Json.
info: Microsoft.AspNetCore.Routing.EndpointMiddleware[1]
      Executed endpoint 'HTTP: POST /api/v1/management/purchasing/suppliers/{supplierId:guid}/activate'
info: Microsoft.AspNetCore.Hosting.Diagnostics[2]
      Request finished HTTP/1.1 POST https://127.0.0.1:42937/api/v1/management/purchasing/suppliers/205e9c5d-54c9-47b2-a7a2-01e6ea29bc24/activate?terminalId=40e5e8d4-4ae5-4af3-9f34-9d34a1814f70 - 401 - application/json;+charset=utf-8 0.2114ms
info: Microsoft.AspNetCore.Hosting.Diagnostics[1]
      Request starting HTTP/1.1 POST http://127.0.0.1:42937/api/v1/management/purchasing/suppliers/34d65cf4-9243-481f-9dd1-50e549203493/deactivate?terminalId=68e6be96-1be1-4b56-82ce-ce83a8f10175 - application/json;+charset=utf-8 2
info: Microsoft.AspNetCore.Routing.EndpointMiddleware[0]
      Executing endpoint 'HTTP: POST /api/v1/management/purchasing/suppliers/{supplierId:guid}/deactivate'
info: Microsoft.AspNetCore.Http.Result.JsonResult[1]
      Setting HTTP status code 401.
info: Microsoft.AspNetCore.Http.Result.JsonResult[3]
      Writing value of type 'PurchasingApiErrorEnvelopeV1' as Json.
info: Microsoft.AspNetCore.Routing.EndpointMiddleware[1]
      Executed endpoint 'HTTP: POST /api/v1/management/purchasing/suppliers/{supplierId:guid}/deactivate'
info: Microsoft.AspNetCore.Hosting.Diagnostics[2]
      Request finished HTTP/1.1 POST https://127.0.0.1:42937/api/v1/management/purchasing/suppliers/34d65cf4-9243-481f-9dd1-50e549203493/deactivate?terminalId=68e6be96-1be1-4b56-82ce-ce83a8f10175 - 401 - application/json;+charset=utf-8 0.1810ms
info: Microsoft.AspNetCore.Hosting.Diagnostics[1]
      Request starting HTTP/1.1 GET http://127.0.0.1:42937/api/v1/management/recipes/?terminalId=679ce5d9-4f28-44e2-98cd-33cf380628a9 - - -
info: Microsoft.AspNetCore.Routing.EndpointMiddleware[0]
      Executing endpoint 'HTTP: GET /api/v1/management/recipes/'
info: Microsoft.AspNetCore.Http.Result.JsonResult[1]
      Setting HTTP status code 401.
info: Microsoft.AspNetCore.Http.Result.JsonResult[3]
      Writing value of type '<>f__AnonymousType5`1' as Json.
info: Microsoft.AspNetCore.Routing.EndpointMiddleware[1]
      Executed endpoint 'HTTP: GET /api/v1/management/recipes/'
info: Microsoft.AspNetCore.Hosting.Diagnostics[2]
      Request finished HTTP/1.1 GET https://127.0.0.1:42937/api/v1/management/recipes/?terminalId=679ce5d9-4f28-44e2-98cd-33cf380628a9 - 401 - application/json;+charset=utf-8 0.3435ms
info: Microsoft.AspNetCore.Hosting.Diagnostics[1]
      Request starting HTTP/1.1 POST http://127.0.0.1:42937/api/v1/management/recipes/?terminalId=635b30f8-1401-40a5-a059-db9c12d62010 - application/json;+charset=utf-8 2
info: Microsoft.AspNetCore.Routing.EndpointMiddleware[0]
      Executing endpoint 'HTTP: POST /api/v1/management/recipes/'
info: Microsoft.AspNetCore.Http.Result.JsonResult[1]
      Setting HTTP status code 401.
info: Microsoft.AspNetCore.Http.Result.JsonResult[3]
      Writing value of type '<>f__AnonymousType5`1' as Json.
info: Microsoft.AspNetCore.Routing.EndpointMiddleware[1]
      Executed endpoint 'HTTP: POST /api/v1/management/recipes/'
info: Microsoft.AspNetCore.Hosting.Diagnostics[2]
      Request finished HTTP/1.1 POST https://127.0.0.1:42937/api/v1/management/recipes/?terminalId=635b30f8-1401-40a5-a059-db9c12d62010 - 401 - application/json;+charset=utf-8 0.1917ms
info: Microsoft.AspNetCore.Hosting.Diagnostics[1]
      Request starting HTTP/1.1 POST http://127.0.0.1:42937/api/v1/management/recipes/products/39dc285c-1de0-4b27-8964-3d4534286077/mapping?terminalId=c53f818f-f883-4241-8883-61b68a0a9504 - application/json;+charset=utf-8 2
info: Microsoft.AspNetCore.Routing.EndpointMiddleware[0]
      Executing endpoint 'HTTP: POST /api/v1/management/recipes/products/{productId:guid}/mapping'
info: Microsoft.AspNetCore.Http.Result.JsonResult[1]
      Setting HTTP status code 401.
info: Microsoft.AspNetCore.Http.Result.JsonResult[3]
      Writing value of type '<>f__AnonymousType5`1' as Json.
info: Microsoft.AspNetCore.Routing.EndpointMiddleware[1]
      Executed endpoint 'HTTP: POST /api/v1/management/recipes/products/{productId:guid}/mapping'
info: Microsoft.AspNetCore.Hosting.Diagnostics[2]
      Request finished HTTP/1.1 POST https://127.0.0.1:42937/api/v1/management/recipes/products/39dc285c-1de0-4b27-8964-3d4534286077/mapping?terminalId=c53f818f-f883-4241-8883-61b68a0a9504 - 401 - application/json;+charset=utf-8 0.5066ms
info: Microsoft.AspNetCore.Hosting.Diagnostics[1]
      Request starting HTTP/1.1 GET http://127.0.0.1:42937/api/v1/management/recipes/products/51c896b0-7f77-4ca9-850d-becef653c8b5/mapping?terminalId=5d71d211-9981-4e58-98e1-1c4f4496eb84 - - -
info: Microsoft.AspNetCore.Routing.EndpointMiddleware[0]
      Executing endpoint 'HTTP: GET /api/v1/management/recipes/products/{productId:guid}/mapping'
info: Microsoft.AspNetCore.Http.Result.JsonResult[1]
      Setting HTTP status code 401.
info: Microsoft.AspNetCore.Http.Result.JsonResult[3]
      Writing value of type '<>f__AnonymousType5`1' as Json.
info: Microsoft.AspNetCore.Routing.EndpointMiddleware[1]
      Executed endpoint 'HTTP: GET /api/v1/management/recipes/products/{productId:guid}/mapping'
info: Microsoft.AspNetCore.Hosting.Diagnostics[2]
      Request finished HTTP/1.1 GET https://127.0.0.1:42937/api/v1/management/recipes/products/51c896b0-7f77-4ca9-850d-becef653c8b5/mapping?terminalId=5d71d211-9981-4e58-98e1-1c4f4496eb84 - 401 - application/json;+charset=utf-8 0.1804ms
info: Microsoft.AspNetCore.Hosting.Diagnostics[1]
      Request starting HTTP/1.1 DELETE http://127.0.0.1:42937/api/v1/management/recipes/products/04e05ba9-c811-4533-be90-9b08c2826706/mapping?terminalId=d3af81d7-f9e3-490c-a0bc-1a437242df01 - application/json;+charset=utf-8 2
info: Microsoft.AspNetCore.Routing.EndpointMiddleware[0]
      Executing endpoint 'HTTP: DELETE /api/v1/management/recipes/products/{productId:guid}/mapping'
info: Microsoft.AspNetCore.Http.Result.JsonResult[1]
      Setting HTTP status code 401.
info: Microsoft.AspNetCore.Http.Result.JsonResult[3]
      Writing value of type '<>f__AnonymousType5`1' as Json.
info: Microsoft.AspNetCore.Routing.EndpointMiddleware[1]
      Executed endpoint 'HTTP: DELETE /api/v1/management/recipes/products/{productId:guid}/mapping'
info: Microsoft.AspNetCore.Hosting.Diagnostics[2]
      Request finished HTTP/1.1 DELETE https://127.0.0.1:42937/api/v1/management/recipes/products/04e05ba9-c811-4533-be90-9b08c2826706/mapping?terminalId=d3af81d7-f9e3-490c-a0bc-1a437242df01 - 401 - application/json;+charset=utf-8 0.2549ms
info: Microsoft.AspNetCore.Hosting.Diagnostics[1]
      Request starting HTTP/1.1 GET http://127.0.0.1:42937/api/v1/management/recipes/unit-conversions?terminalId=5319a2ae-45f5-488b-ae6f-ec4c313ae911 - - -
info: Microsoft.AspNetCore.Routing.EndpointMiddleware[0]
      Executing endpoint 'HTTP: GET /api/v1/management/recipes/unit-conversions'
info: Microsoft.AspNetCore.Http.Result.JsonResult[1]
      Setting HTTP status code 401.
info: Microsoft.AspNetCore.Http.Result.JsonResult[3]
      Writing value of type '<>f__AnonymousType5`1' as Json.
info: Microsoft.AspNetCore.Routing.EndpointMiddleware[1]
      Executed endpoint 'HTTP: GET /api/v1/management/recipes/unit-conversions'
info: Microsoft.AspNetCore.Hosting.Diagnostics[2]
      Request finished HTTP/1.1 GET https://127.0.0.1:42937/api/v1/management/recipes/unit-conversions?terminalId=5319a2ae-45f5-488b-ae6f-ec4c313ae911 - 401 - application/json;+charset=utf-8 0.1672ms
info: Microsoft.AspNetCore.Hosting.Diagnostics[1]
      Request starting HTTP/1.1 POST http://127.0.0.1:42937/api/v1/management/recipes/unit-conversions?terminalId=488438db-4d0a-4002-ac18-6483a8b854b1 - application/json;+charset=utf-8 2
info: Microsoft.AspNetCore.Routing.EndpointMiddleware[0]
      Executing endpoint 'HTTP: POST /api/v1/management/recipes/unit-conversions'
info: Microsoft.AspNetCore.Http.Result.JsonResult[1]
      Setting HTTP status code 401.
info: Microsoft.AspNetCore.Http.Result.JsonResult[3]
      Writing value of type '<>f__AnonymousType5`1' as Json.
info: Microsoft.AspNetCore.Routing.EndpointMiddleware[1]
      Executed endpoint 'HTTP: POST /api/v1/management/recipes/unit-conversions'
info: Microsoft.AspNetCore.Hosting.Diagnostics[2]
      Request finished HTTP/1.1 POST https://127.0.0.1:42937/api/v1/management/recipes/unit-conversions?terminalId=488438db-4d0a-4002-ac18-6483a8b854b1 - 401 - application/json;+charset=utf-8 0.5073ms
info: Microsoft.AspNetCore.Hosting.Diagnostics[1]
      Request starting HTTP/1.1 POST http://127.0.0.1:42937/api/v1/management/recipes/versions/8ca38956-3d3b-4622-81fa-8a4f0e3102be/ingredients?terminalId=880e9223-fe7d-4170-9dd7-e4dc0bc66198 - application/json;+charset=utf-8 2
info: Microsoft.AspNetCore.Routing.EndpointMiddleware[0]
      Executing endpoint 'HTTP: POST /api/v1/management/recipes/versions/{versionId:guid}/ingredients'
info: Microsoft.AspNetCore.Http.Result.JsonResult[1]
      Setting HTTP status code 401.
info: Microsoft.AspNetCore.Http.Result.JsonResult[3]
      Writing value of type '<>f__AnonymousType5`1' as Json.
info: Microsoft.AspNetCore.Routing.EndpointMiddleware[1]
      Executed endpoint 'HTTP: POST /api/v1/management/recipes/versions/{versionId:guid}/ingredients'
info: Microsoft.AspNetCore.Hosting.Diagnostics[2]
      Request finished HTTP/1.1 POST https://127.0.0.1:42937/api/v1/management/recipes/versions/8ca38956-3d3b-4622-81fa-8a4f0e3102be/ingredients?terminalId=880e9223-fe7d-4170-9dd7-e4dc0bc66198 - 401 - application/json;+charset=utf-8 0.1957ms
info: Microsoft.AspNetCore.Hosting.Diagnostics[1]
      Request starting HTTP/1.1 DELETE http://127.0.0.1:42937/api/v1/management/recipes/versions/cb886201-9717-4ef0-91a1-065490b4fdaf/ingredients/540ede0c-8595-44d4-9e86-127e6853b086?terminalId=d8684199-9215-4195-bf71-c572c8152b18 - application/json;+charset=utf-8 2
info: Microsoft.AspNetCore.Routing.EndpointMiddleware[0]
      Executing endpoint 'HTTP: DELETE /api/v1/management/recipes/versions/{versionId:guid}/ingredients/{ingredientItemId:guid}'
info: Microsoft.AspNetCore.Http.Result.JsonResult[1]
      Setting HTTP status code 401.
info: Microsoft.AspNetCore.Http.Result.JsonResult[3]
      Writing value of type '<>f__AnonymousType5`1' as Json.
info: Microsoft.AspNetCore.Routing.EndpointMiddleware[1]
      Executed endpoint 'HTTP: DELETE /api/v1/management/recipes/versions/{versionId:guid}/ingredients/{ingredientItemId:guid}'
info: Microsoft.AspNetCore.Hosting.Diagnostics[2]
      Request finished HTTP/1.1 DELETE https://127.0.0.1:42937/api/v1/management/recipes/versions/cb886201-9717-4ef0-91a1-065490b4fdaf/ingredients/540ede0c-8595-44d4-9e86-127e6853b086?terminalId=d8684199-9215-4195-bf71-c572c8152b18 - 401 - application/json;+charset=utf-8 0.2148ms
info: Microsoft.AspNetCore.Hosting.Diagnostics[1]
      Request starting HTTP/1.1 POST http://127.0.0.1:42937/api/v1/management/recipes/versions/b1decf03-5ccd-4cb5-b7ea-24f4dcdd957c/lock?terminalId=ee3d5bec-dd94-4dd5-8178-827c4c7843bf - application/json;+charset=utf-8 2
info: Microsoft.AspNetCore.Routing.EndpointMiddleware[0]
      Executing endpoint 'HTTP: POST /api/v1/management/recipes/versions/{versionId:guid}/lock'
info: Microsoft.AspNetCore.Http.Result.JsonResult[1]
      Setting HTTP status code 401.
info: Microsoft.AspNetCore.Http.Result.JsonResult[3]
      Writing value of type '<>f__AnonymousType5`1' as Json.
info: Microsoft.AspNetCore.Routing.EndpointMiddleware[1]
      Executed endpoint 'HTTP: POST /api/v1/management/recipes/versions/{versionId:guid}/lock'
info: Microsoft.AspNetCore.Hosting.Diagnostics[2]
      Request finished HTTP/1.1 POST https://127.0.0.1:42937/api/v1/management/recipes/versions/b1decf03-5ccd-4cb5-b7ea-24f4dcdd957c/lock?terminalId=ee3d5bec-dd94-4dd5-8178-827c4c7843bf - 401 - application/json;+charset=utf-8 0.1513ms
info: Microsoft.AspNetCore.Hosting.Diagnostics[1]
      Request starting HTTP/1.1 GET http://127.0.0.1:42937/api/v1/management/recipes/41036a91-6b9e-49ae-9eb6-641f6b599086/versions?terminalId=bdf3256e-0722-46dd-aae0-6761aabb574f - - -
info: Microsoft.AspNetCore.Routing.EndpointMiddleware[0]
      Executing endpoint 'HTTP: GET /api/v1/management/recipes/{recipeId:guid}/versions'
info: Microsoft.AspNetCore.Http.Result.JsonResult[1]
      Setting HTTP status code 401.
info: Microsoft.AspNetCore.Http.Result.JsonResult[3]
      Writing value of type '<>f__AnonymousType5`1' as Json.
info: Microsoft.AspNetCore.Routing.EndpointMiddleware[1]
      Executed endpoint 'HTTP: GET /api/v1/management/recipes/{recipeId:guid}/versions'
info: Microsoft.AspNetCore.Hosting.Diagnostics[2]
      Request finished HTTP/1.1 GET https://127.0.0.1:42937/api/v1/management/recipes/41036a91-6b9e-49ae-9eb6-641f6b599086/versions?terminalId=bdf3256e-0722-46dd-aae0-6761aabb574f - 401 - application/json;+charset=utf-8 0.2498ms
info: Microsoft.AspNetCore.Hosting.Diagnostics[1]
      Request starting HTTP/1.1 POST http://127.0.0.1:42937/api/v1/management/recipes/d4200436-2dce-429a-ac13-928bcb793ee6/versions?terminalId=30266198-f1e4-4218-b7a9-609ce5d4b36f - application/json;+charset=utf-8 2
info: Microsoft.AspNetCore.Routing.EndpointMiddleware[0]
      Executing endpoint 'HTTP: POST /api/v1/management/recipes/{recipeId:guid}/versions'
info: Microsoft.AspNetCore.Http.Result.JsonResult[1]
      Setting HTTP status code 401.
info: Microsoft.AspNetCore.Http.Result.JsonResult[3]
      Writing value of type '<>f__AnonymousType5`1' as Json.
info: Microsoft.AspNetCore.Routing.EndpointMiddleware[1]
      Executed endpoint 'HTTP: POST /api/v1/management/recipes/{recipeId:guid}/versions'
info: Microsoft.AspNetCore.Hosting.Diagnostics[2]
      Request finished HTTP/1.1 POST https://127.0.0.1:42937/api/v1/management/recipes/d4200436-2dce-429a-ac13-928bcb793ee6/versions?terminalId=30266198-f1e4-4218-b7a9-609ce5d4b36f - 401 - application/json;+charset=utf-8 0.2892ms
info: Microsoft.AspNetCore.Hosting.Diagnostics[1]
      Request starting HTTP/1.1 POST http://127.0.0.1:42937/api/v1/management/recipes/d4ebb72c-a9fc-46c3-8936-bc0c21e0e34f/versions/next?terminalId=47ac5c72-0f7c-441f-b980-1cc1ec927968 - application/json;+charset=utf-8 2
info: Microsoft.AspNetCore.Routing.EndpointMiddleware[0]
      Executing endpoint 'HTTP: POST /api/v1/management/recipes/{recipeId:guid}/versions/next'
info: Microsoft.AspNetCore.Http.Result.JsonResult[1]
      Setting HTTP status code 401.
info: Microsoft.AspNetCore.Http.Result.JsonResult[3]
      Writing value of type '<>f__AnonymousType5`1' as Json.
info: Microsoft.AspNetCore.Routing.EndpointMiddleware[1]
      Executed endpoint 'HTTP: POST /api/v1/management/recipes/{recipeId:guid}/versions/next'
info: Microsoft.AspNetCore.Hosting.Diagnostics[2]
      Request finished HTTP/1.1 POST https://127.0.0.1:42937/api/v1/management/recipes/d4ebb72c-a9fc-46c3-8936-bc0c21e0e34f/versions/next?terminalId=47ac5c72-0f7c-441f-b980-1cc1ec927968 - 401 - application/json;+charset=utf-8 0.1792ms
info: Microsoft.AspNetCore.Hosting.Diagnostics[1]
      Request starting HTTP/1.1 POST http://127.0.0.1:42937/api/v1/management/recipes/76c9c150-6694-43e2-88a9-babe5150878f/versions/1/activate?terminalId=3046f24e-4e2b-4f82-b416-04902d985231 - application/json;+charset=utf-8 2
info: Microsoft.AspNetCore.Routing.EndpointMiddleware[0]
      Executing endpoint 'HTTP: POST /api/v1/management/recipes/{recipeId:guid}/versions/{versionNumber:int}/activate'
info: Microsoft.AspNetCore.Http.Result.JsonResult[1]
      Setting HTTP status code 401.
info: Microsoft.AspNetCore.Http.Result.JsonResult[3]
      Writing value of type '<>f__AnonymousType5`1' as Json.
info: Microsoft.AspNetCore.Routing.EndpointMiddleware[1]
      Executed endpoint 'HTTP: POST /api/v1/management/recipes/{recipeId:guid}/versions/{versionNumber:int}/activate'
info: Microsoft.AspNetCore.Hosting.Diagnostics[2]
      Request finished HTTP/1.1 POST https://127.0.0.1:42937/api/v1/management/recipes/76c9c150-6694-43e2-88a9-babe5150878f/versions/1/activate?terminalId=3046f24e-4e2b-4f82-b416-04902d985231 - 401 - application/json;+charset=utf-8 0.3092ms
info: Microsoft.AspNetCore.Hosting.Diagnostics[1]
      Request starting HTTP/1.1 POST http://127.0.0.1:42937/api/v1/management/recipes/6dcc7e91-593d-4baf-91db-793df629cc9e/cost-snapshots/?terminalId=025d0541-8235-4f52-b8ea-530ed08baf21 - application/json;+charset=utf-8 2
info: Microsoft.AspNetCore.Routing.EndpointMiddleware[0]
      Executing endpoint 'HTTP: POST /api/v1/management/recipes/{recipeVersionId:guid}/cost-snapshots/'
info: Microsoft.AspNetCore.Http.Result.JsonResult[1]
      Setting HTTP status code 401.
info: Microsoft.AspNetCore.Http.Result.JsonResult[3]
      Writing value of type 'RecipeCostSnapshotApiErrorEnvelopeV1' as Json.
info: Microsoft.AspNetCore.Routing.EndpointMiddleware[1]
      Executed endpoint 'HTTP: POST /api/v1/management/recipes/{recipeVersionId:guid}/cost-snapshots/'
info: Microsoft.AspNetCore.Hosting.Diagnostics[2]
      Request finished HTTP/1.1 POST https://127.0.0.1:42937/api/v1/management/recipes/6dcc7e91-593d-4baf-91db-793df629cc9e/cost-snapshots/?terminalId=025d0541-8235-4f52-b8ea-530ed08baf21 - 401 - application/json;+charset=utf-8 1.6481ms
info: Microsoft.AspNetCore.Hosting.Diagnostics[1]
      Request starting HTTP/1.1 GET http://127.0.0.1:42937/api/v1/management/recipes/c3084c5f-112c-44fa-99bf-6ac32d883801/cost-snapshots/effective?terminalId=c901ea47-79a8-41bd-9026-4908c9a764cb - - -
info: Microsoft.AspNetCore.Routing.EndpointMiddleware[0]
      Executing endpoint 'HTTP: GET /api/v1/management/recipes/{recipeVersionId:guid}/cost-snapshots/effective'
info: Microsoft.AspNetCore.Http.Result.JsonResult[1]
      Setting HTTP status code 401.
info: Microsoft.AspNetCore.Http.Result.JsonResult[3]
      Writing value of type 'RecipeCostSnapshotApiErrorEnvelopeV1' as Json.
info: Microsoft.AspNetCore.Routing.EndpointMiddleware[1]
      Executed endpoint 'HTTP: GET /api/v1/management/recipes/{recipeVersionId:guid}/cost-snapshots/effective'
info: Microsoft.AspNetCore.Hosting.Diagnostics[2]
      Request finished HTTP/1.1 GET https://127.0.0.1:42937/api/v1/management/recipes/c3084c5f-112c-44fa-99bf-6ac32d883801/cost-snapshots/effective?terminalId=c901ea47-79a8-41bd-9026-4908c9a764cb - 401 - application/json;+charset=utf-8 1.3214ms
info: Microsoft.AspNetCore.Hosting.Diagnostics[1]
      Request starting HTTP/1.1 POST http://127.0.0.1:42937/api/v1/management/reconciliation/cases/?terminalId=446f502c-892b-4675-adcb-473c6267f138 - application/json;+charset=utf-8 2
info: Microsoft.AspNetCore.Routing.EndpointMiddleware[0]
      Executing endpoint 'HTTP: POST /api/v1/management/reconciliation/cases/'
info: Microsoft.AspNetCore.Http.Result.JsonResult[1]
      Setting HTTP status code 401.
info: Microsoft.AspNetCore.Http.Result.JsonResult[3]
      Writing value of type 'ReconciliationCaseApiErrorEnvelopeV1' as Json.
info: Microsoft.AspNetCore.Routing.EndpointMiddleware[1]
      Executed endpoint 'HTTP: POST /api/v1/management/reconciliation/cases/'
info: Microsoft.AspNetCore.Hosting.Diagnostics[2]
      Request finished HTTP/1.1 POST https://127.0.0.1:42937/api/v1/management/reconciliation/cases/?terminalId=446f502c-892b-4675-adcb-473c6267f138 - 401 - application/json;+charset=utf-8 0.2976ms
info: Microsoft.AspNetCore.Hosting.Diagnostics[1]
      Request starting HTTP/1.1 GET http://127.0.0.1:42937/api/v1/management/reconciliation/cases/?terminalId=7c71cd9d-7da8-46f6-b506-139328aa9243 - - -
info: Microsoft.AspNetCore.Routing.EndpointMiddleware[0]
      Executing endpoint 'HTTP: GET /api/v1/management/reconciliation/cases/'
info: Microsoft.AspNetCore.Http.Result.JsonResult[1]
      Setting HTTP status code 401.
info: Microsoft.AspNetCore.Http.Result.JsonResult[3]
      Writing value of type 'ReconciliationCaseApiErrorEnvelopeV1' as Json.
info: Microsoft.AspNetCore.Routing.EndpointMiddleware[1]
      Executed endpoint 'HTTP: GET /api/v1/management/reconciliation/cases/'
info: Microsoft.AspNetCore.Hosting.Diagnostics[2]
      Request finished HTTP/1.1 GET https://127.0.0.1:42937/api/v1/management/reconciliation/cases/?terminalId=7c71cd9d-7da8-46f6-b506-139328aa9243 - 401 - application/json;+charset=utf-8 0.3024ms
info: Microsoft.AspNetCore.Hosting.Diagnostics[1]
      Request starting HTTP/1.1 GET http://127.0.0.1:42937/api/v1/management/reconciliation/cases/a7511748-2fc6-41a5-bd3f-eee3d99256ab?terminalId=5604da72-9c47-4cf6-ad27-fbade83fe5c8 - - -
info: Microsoft.AspNetCore.Routing.EndpointMiddleware[0]
      Executing endpoint 'HTTP: GET /api/v1/management/reconciliation/cases/{caseId:guid}'
info: Microsoft.AspNetCore.Http.Result.JsonResult[1]
      Setting HTTP status code 401.
info: Microsoft.AspNetCore.Http.Result.JsonResult[3]
      Writing value of type 'ReconciliationCaseApiErrorEnvelopeV1' as Json.
info: Microsoft.AspNetCore.Routing.EndpointMiddleware[1]
      Executed endpoint 'HTTP: GET /api/v1/management/reconciliation/cases/{caseId:guid}'
info: Microsoft.AspNetCore.Hosting.Diagnostics[2]
      Request finished HTTP/1.1 GET https://127.0.0.1:42937/api/v1/management/reconciliation/cases/a7511748-2fc6-41a5-bd3f-eee3d99256ab?terminalId=5604da72-9c47-4cf6-ad27-fbade83fe5c8 - 401 - application/json;+charset=utf-8 0.5399ms
info: Microsoft.AspNetCore.Hosting.Diagnostics[1]
      Request starting HTTP/1.1 GET http://127.0.0.1:42937/api/v1/management/reconciliation/cases/76541113-c91c-4281-b866-894c8d78b266/actions?terminalId=7b18cea2-5332-4437-8035-6dd65589dfa0 - - -
info: Microsoft.AspNetCore.Routing.EndpointMiddleware[0]
      Executing endpoint 'HTTP: GET /api/v1/management/reconciliation/cases/{caseId:guid}/actions'
info: Microsoft.AspNetCore.Http.Result.JsonResult[1]
      Setting HTTP status code 401.
info: Microsoft.AspNetCore.Http.Result.JsonResult[3]
      Writing value of type 'ReconciliationCaseApiErrorEnvelopeV1' as Json.
info: Microsoft.AspNetCore.Routing.EndpointMiddleware[1]
      Executed endpoint 'HTTP: GET /api/v1/management/reconciliation/cases/{caseId:guid}/actions'
info: Microsoft.AspNetCore.Hosting.Diagnostics[2]
      Request finished HTTP/1.1 GET https://127.0.0.1:42937/api/v1/management/reconciliation/cases/76541113-c91c-4281-b866-894c8d78b266/actions?terminalId=7b18cea2-5332-4437-8035-6dd65589dfa0 - 401 - application/json;+charset=utf-8 0.5565ms
info: Microsoft.AspNetCore.Hosting.Diagnostics[1]
      Request starting HTTP/1.1 POST http://127.0.0.1:42937/api/v1/management/reconciliation/cases/ec5d30a4-3e3d-45d9-a6a8-a57c2c737ff1/notes?terminalId=a79e71fe-88f3-4198-9338-1547ecc94967 - application/json;+charset=utf-8 2
info: Microsoft.AspNetCore.Routing.EndpointMiddleware[0]
      Executing endpoint 'HTTP: POST /api/v1/management/reconciliation/cases/{caseId:guid}/notes'
info: Microsoft.AspNetCore.Http.Result.JsonResult[1]
      Setting HTTP status code 401.
info: Microsoft.AspNetCore.Http.Result.JsonResult[3]
      Writing value of type 'ReconciliationCaseApiErrorEnvelopeV1' as Json.
info: Microsoft.AspNetCore.Routing.EndpointMiddleware[1]
      Executed endpoint 'HTTP: POST /api/v1/management/reconciliation/cases/{caseId:guid}/notes'
info: Microsoft.AspNetCore.Hosting.Diagnostics[2]
      Request finished HTTP/1.1 POST https://127.0.0.1:42937/api/v1/management/reconciliation/cases/ec5d30a4-3e3d-45d9-a6a8-a57c2c737ff1/notes?terminalId=a79e71fe-88f3-4198-9338-1547ecc94967 - 401 - application/json;+charset=utf-8 0.2672ms
info: Microsoft.AspNetCore.Hosting.Diagnostics[1]
      Request starting HTTP/1.1 POST http://127.0.0.1:42937/api/v1/management/reconciliation/cases/c66b4f96-7317-4469-8d2a-51d20e81f75b/transition?terminalId=f5fe7282-d96f-4784-a860-c80e571ef3fc - application/json;+charset=utf-8 2
info: Microsoft.AspNetCore.Routing.EndpointMiddleware[0]
      Executing endpoint 'HTTP: POST /api/v1/management/reconciliation/cases/{caseId:guid}/transition'
info: Microsoft.AspNetCore.Http.Result.JsonResult[1]
      Setting HTTP status code 401.
info: Microsoft.AspNetCore.Http.Result.JsonResult[3]
      Writing value of type 'ReconciliationCaseApiErrorEnvelopeV1' as Json.
info: Microsoft.AspNetCore.Routing.EndpointMiddleware[1]
      Executed endpoint 'HTTP: POST /api/v1/management/reconciliation/cases/{caseId:guid}/transition'
info: Microsoft.AspNetCore.Hosting.Diagnostics[2]
      Request finished HTTP/1.1 POST https://127.0.0.1:42937/api/v1/management/reconciliation/cases/c66b4f96-7317-4469-8d2a-51d20e81f75b/transition?terminalId=f5fe7282-d96f-4784-a860-c80e571ef3fc - 401 - application/json;+charset=utf-8 0.2191ms
info: Microsoft.AspNetCore.Hosting.Diagnostics[1]
      Request starting HTTP/1.1 POST http://127.0.0.1:42937/api/v1/management/reconciliation/online-orders/cases/381f5151-bf4a-4659-bcc8-a7bc47e7a695/resolve?terminalId=887ef1e8-4241-4e31-97e5-7930f29db7d3 - application/json;+charset=utf-8 2
info: Microsoft.AspNetCore.Routing.EndpointMiddleware[0]
      Executing endpoint 'HTTP: POST /api/v1/management/reconciliation/online-orders/cases/{caseId:guid}/resolve'
info: Microsoft.AspNetCore.Http.Result.JsonResult[1]
      Setting HTTP status code 401.
info: Microsoft.AspNetCore.Http.Result.JsonResult[3]
      Writing value of type 'ReconciliationCaseApiErrorEnvelopeV1' as Json.
info: Microsoft.AspNetCore.Routing.EndpointMiddleware[1]
      Executed endpoint 'HTTP: POST /api/v1/management/reconciliation/online-orders/cases/{caseId:guid}/resolve'
info: Microsoft.AspNetCore.Hosting.Diagnostics[2]
      Request finished HTTP/1.1 POST https://127.0.0.1:42937/api/v1/management/reconciliation/online-orders/cases/381f5151-bf4a-4659-bcc8-a7bc47e7a695/resolve?terminalId=887ef1e8-4241-4e31-97e5-7930f29db7d3 - 401 - application/json;+charset=utf-8 0.2373ms
info: Microsoft.AspNetCore.Hosting.Diagnostics[1]
      Request starting HTTP/1.1 POST http://127.0.0.1:42937/api/v1/management/reconciliation/online-orders/cases/5d7c22ff-4257-4ae5-843b-7d79e9d03f5b/retry?terminalId=ba7a882c-97bf-4f67-88bd-16daf27a824f - application/json;+charset=utf-8 2
info: Microsoft.AspNetCore.Routing.EndpointMiddleware[0]
      Executing endpoint 'HTTP: POST /api/v1/management/reconciliation/online-orders/cases/{caseId:guid}/retry'
info: Microsoft.AspNetCore.Http.Result.JsonResult[1]
      Setting HTTP status code 401.
info: Microsoft.AspNetCore.Http.Result.JsonResult[3]
      Writing value of type 'ReconciliationCaseApiErrorEnvelopeV1' as Json.
info: Microsoft.AspNetCore.Routing.EndpointMiddleware[1]
      Executed endpoint 'HTTP: POST /api/v1/management/reconciliation/online-orders/cases/{caseId:guid}/retry'
info: Microsoft.AspNetCore.Hosting.Diagnostics[2]
      Request finished HTTP/1.1 POST https://127.0.0.1:42937/api/v1/management/reconciliation/online-orders/cases/5d7c22ff-4257-4ae5-843b-7d79e9d03f5b/retry?terminalId=ba7a882c-97bf-4f67-88bd-16daf27a824f - 401 - application/json;+charset=utf-8 0.1945ms
info: Microsoft.AspNetCore.Hosting.Diagnostics[1]
      Request starting HTTP/1.1 POST http://127.0.0.1:42937/api/v1/management/reconciliation/online-orders/scan?terminalId=dcdf1c41-fcdf-4ed8-bc1c-5defee1dc874 - application/json;+charset=utf-8 2
info: Microsoft.AspNetCore.Routing.EndpointMiddleware[0]
      Executing endpoint 'HTTP: POST /api/v1/management/reconciliation/online-orders/scan'
info: Microsoft.AspNetCore.Http.Result.JsonResult[1]
      Setting HTTP status code 401.
info: Microsoft.AspNetCore.Http.Result.JsonResult[3]
      Writing value of type 'ReconciliationCaseApiErrorEnvelopeV1' as Json.
info: Microsoft.AspNetCore.Routing.EndpointMiddleware[1]
      Executed endpoint 'HTTP: POST /api/v1/management/reconciliation/online-orders/scan'
info: Microsoft.AspNetCore.Hosting.Diagnostics[2]
      Request finished HTTP/1.1 POST https://127.0.0.1:42937/api/v1/management/reconciliation/online-orders/scan?terminalId=dcdf1c41-fcdf-4ed8-bc1c-5defee1dc874 - 401 - application/json;+charset=utf-8 0.1735ms
info: Microsoft.AspNetCore.Hosting.Diagnostics[1]
      Request starting HTTP/1.1 POST http://127.0.0.1:42937/api/v1/management/reporting/business-day/open?terminalId=53957557-914c-45d1-b180-a4c45e7b7d02 - application/json;+charset=utf-8 2
info: Microsoft.AspNetCore.Routing.EndpointMiddleware[0]
      Executing endpoint 'HTTP: POST /api/v1/management/reporting/business-day/open'
info: Microsoft.AspNetCore.Http.Result.JsonResult[1]
      Setting HTTP status code 401.
info: Microsoft.AspNetCore.Http.Result.JsonResult[3]
      Writing value of type 'EndOfDayApiErrorEnvelopeV1' as Json.
info: Microsoft.AspNetCore.Routing.EndpointMiddleware[1]
      Executed endpoint 'HTTP: POST /api/v1/management/reporting/business-day/open'
info: Microsoft.AspNetCore.Hosting.Diagnostics[2]
      Request finished HTTP/1.1 POST https://127.0.0.1:42937/api/v1/management/reporting/business-day/open?terminalId=53957557-914c-45d1-b180-a4c45e7b7d02 - 401 - application/json;+charset=utf-8 1.3115ms
info: Microsoft.AspNetCore.Hosting.Diagnostics[1]
      Request starting HTTP/1.1 GET http://127.0.0.1:42937/api/v1/management/reporting/business-day/2026-09-28?terminalId=69eadcdd-8915-4cec-a506-b72da0754734 - - -
info: Microsoft.AspNetCore.Routing.EndpointMiddleware[0]
      Executing endpoint 'HTTP: GET /api/v1/management/reporting/business-day/{businessDate}'
info: Microsoft.AspNetCore.Http.Result.JsonResult[1]
      Setting HTTP status code 401.
info: Microsoft.AspNetCore.Http.Result.JsonResult[3]
      Writing value of type 'EndOfDayApiErrorEnvelopeV1' as Json.
info: Microsoft.AspNetCore.Routing.EndpointMiddleware[1]
      Executed endpoint 'HTTP: GET /api/v1/management/reporting/business-day/{businessDate}'
info: Microsoft.AspNetCore.Hosting.Diagnostics[2]
      Request finished HTTP/1.1 GET https://127.0.0.1:42937/api/v1/management/reporting/business-day/2026-09-28?terminalId=69eadcdd-8915-4cec-a506-b72da0754734 - 401 - application/json;+charset=utf-8 0.4247ms
info: Microsoft.AspNetCore.Hosting.Diagnostics[1]
      Request starting HTTP/1.1 POST http://127.0.0.1:42937/api/v1/management/reporting/business-day/2026-09-28/close?terminalId=0a703380-8412-4ca2-a529-bcda25c17a66 - application/json;+charset=utf-8 2
info: Microsoft.AspNetCore.Routing.EndpointMiddleware[0]
      Executing endpoint 'HTTP: POST /api/v1/management/reporting/business-day/{businessDate}/close'
info: Microsoft.AspNetCore.Http.Result.JsonResult[1]
      Setting HTTP status code 401.
info: Microsoft.AspNetCore.Http.Result.JsonResult[3]
      Writing value of type 'EndOfDayApiErrorEnvelopeV1' as Json.
info: Microsoft.AspNetCore.Routing.EndpointMiddleware[1]
      Executed endpoint 'HTTP: POST /api/v1/management/reporting/business-day/{businessDate}/close'
info: Microsoft.AspNetCore.Hosting.Diagnostics[2]
      Request finished HTTP/1.1 POST https://127.0.0.1:42937/api/v1/management/reporting/business-day/2026-09-28/close?terminalId=0a703380-8412-4ca2-a529-bcda25c17a66 - 401 - application/json;+charset=utf-8 0.8320ms
info: Microsoft.AspNetCore.Hosting.Diagnostics[1]
      Request starting HTTP/1.1 GET http://127.0.0.1:42937/api/v1/management/reporting/business-day/2026-09-28/full-report?terminalId=9f5a6403-6d3d-494a-aaff-1a392928d19c - - -
info: Microsoft.AspNetCore.Routing.EndpointMiddleware[0]
      Executing endpoint 'HTTP: GET /api/v1/management/reporting/business-day/{businessDate}/full-report'
info: Microsoft.AspNetCore.Http.Result.JsonResult[1]
      Setting HTTP status code 401.
info: Microsoft.AspNetCore.Http.Result.JsonResult[3]
      Writing value of type 'EndOfDayApiErrorEnvelopeV1' as Json.
info: Microsoft.AspNetCore.Routing.EndpointMiddleware[1]
      Executed endpoint 'HTTP: GET /api/v1/management/reporting/business-day/{businessDate}/full-report'
info: Microsoft.AspNetCore.Hosting.Diagnostics[2]
      Request finished HTTP/1.1 GET https://127.0.0.1:42937/api/v1/management/reporting/business-day/2026-09-28/full-report?terminalId=9f5a6403-6d3d-494a-aaff-1a392928d19c - 401 - application/json;+charset=utf-8 0.2218ms
info: Microsoft.AspNetCore.Hosting.Diagnostics[1]
      Request starting HTTP/1.1 GET http://127.0.0.1:42937/api/v1/management/reports/channels/?terminalId=b85cd69f-197d-42e4-891a-b5c77adb9b5a - - -
info: Microsoft.AspNetCore.Routing.EndpointMiddleware[0]
      Executing endpoint 'HTTP: GET /api/v1/management/reports/channels/'
info: Microsoft.AspNetCore.Http.Result.JsonResult[1]
      Setting HTTP status code 401.
info: Microsoft.AspNetCore.Http.Result.JsonResult[3]
      Writing value of type 'ReconciliationCaseApiErrorEnvelopeV1' as Json.
info: Microsoft.AspNetCore.Routing.EndpointMiddleware[1]
      Executed endpoint 'HTTP: GET /api/v1/management/reports/channels/'
info: Microsoft.AspNetCore.Hosting.Diagnostics[2]
      Request finished HTTP/1.1 GET https://127.0.0.1:42937/api/v1/management/reports/channels/?terminalId=b85cd69f-197d-42e4-891a-b5c77adb9b5a - 401 - application/json;+charset=utf-8 0.5159ms
info: Microsoft.AspNetCore.Hosting.Diagnostics[1]
      Request starting HTTP/1.1 POST http://127.0.0.1:42937/api/v1/management/roles/permissions?terminalId=0134a4bb-c62c-4315-9106-8192c8e300c4 - application/json;+charset=utf-8 2
info: Microsoft.AspNetCore.Routing.EndpointMiddleware[0]
      Executing endpoint 'HTTP: POST /api/v1/management/roles/permissions'
info: Microsoft.AspNetCore.Http.Result.JsonResult[1]
      Setting HTTP status code 401.
info: Microsoft.AspNetCore.Http.Result.JsonResult[3]
      Writing value of type 'RoleManagementErrorEnvelopeV1' as Json.
info: Microsoft.AspNetCore.Routing.EndpointMiddleware[1]
      Executed endpoint 'HTTP: POST /api/v1/management/roles/permissions'
info: Microsoft.AspNetCore.Hosting.Diagnostics[2]
      Request finished HTTP/1.1 POST https://127.0.0.1:42937/api/v1/management/roles/permissions?terminalId=0134a4bb-c62c-4315-9106-8192c8e300c4 - 401 - application/json;+charset=utf-8 0.3144ms
info: Microsoft.AspNetCore.Hosting.Diagnostics[1]
      Request starting HTTP/1.1 POST http://127.0.0.1:42937/api/v1/management/roles/roles?terminalId=7b3ecdaa-bf41-40b0-baf6-92df62f9af1d - application/json;+charset=utf-8 2
info: Microsoft.AspNetCore.Routing.EndpointMiddleware[0]
      Executing endpoint 'HTTP: POST /api/v1/management/roles/roles'
info: Microsoft.AspNetCore.Http.Result.JsonResult[1]
      Setting HTTP status code 401.
info: Microsoft.AspNetCore.Http.Result.JsonResult[3]
      Writing value of type 'RoleManagementErrorEnvelopeV1' as Json.
info: Microsoft.AspNetCore.Routing.EndpointMiddleware[1]
      Executed endpoint 'HTTP: POST /api/v1/management/roles/roles'
info: Microsoft.AspNetCore.Hosting.Diagnostics[2]
      Request finished HTTP/1.1 POST https://127.0.0.1:42937/api/v1/management/roles/roles?terminalId=7b3ecdaa-bf41-40b0-baf6-92df62f9af1d - 401 - application/json;+charset=utf-8 0.2640ms
info: Microsoft.AspNetCore.Hosting.Diagnostics[1]
      Request starting HTTP/1.1 POST http://127.0.0.1:42937/api/v1/management/roles/roles/84f532c6-2f82-4723-a78c-bb0f5bd3298d/permissions?terminalId=f1eeb21f-8041-4a58-9cb1-0519ce47263d - application/json;+charset=utf-8 2
info: Microsoft.AspNetCore.Routing.EndpointMiddleware[0]
      Executing endpoint 'HTTP: POST /api/v1/management/roles/roles/{roleId:guid}/permissions'
info: Microsoft.AspNetCore.Http.Result.JsonResult[1]
      Setting HTTP status code 401.
info: Microsoft.AspNetCore.Http.Result.JsonResult[3]
      Writing value of type 'RoleManagementErrorEnvelopeV1' as Json.
info: Microsoft.AspNetCore.Routing.EndpointMiddleware[1]
      Executed endpoint 'HTTP: POST /api/v1/management/roles/roles/{roleId:guid}/permissions'
info: Microsoft.AspNetCore.Hosting.Diagnostics[2]
      Request finished HTTP/1.1 POST https://127.0.0.1:42937/api/v1/management/roles/roles/84f532c6-2f82-4723-a78c-bb0f5bd3298d/permissions?terminalId=f1eeb21f-8041-4a58-9cb1-0519ce47263d - 401 - application/json;+charset=utf-8 0.2308ms
info: Microsoft.AspNetCore.Hosting.Diagnostics[1]
      Request starting HTTP/1.1 DELETE http://127.0.0.1:42937/api/v1/management/roles/roles/351cd314-b699-44b1-826a-631b98169419/permissions/probe?terminalId=53fa2254-ba75-44f0-9aa7-7e955038cb82 - application/json;+charset=utf-8 2
info: Microsoft.AspNetCore.Routing.EndpointMiddleware[0]
      Executing endpoint 'HTTP: DELETE /api/v1/management/roles/roles/{roleId:guid}/permissions/{permissionCode}'
info: Microsoft.AspNetCore.Http.Result.JsonResult[1]
      Setting HTTP status code 401.
info: Microsoft.AspNetCore.Http.Result.JsonResult[3]
      Writing value of type 'RoleManagementErrorEnvelopeV1' as Json.
info: Microsoft.AspNetCore.Routing.EndpointMiddleware[1]
      Executed endpoint 'HTTP: DELETE /api/v1/management/roles/roles/{roleId:guid}/permissions/{permissionCode}'
info: Microsoft.AspNetCore.Hosting.Diagnostics[2]
      Request finished HTTP/1.1 DELETE https://127.0.0.1:42937/api/v1/management/roles/roles/351cd314-b699-44b1-826a-631b98169419/permissions/probe?terminalId=53fa2254-ba75-44f0-9aa7-7e955038cb82 - 401 - application/json;+charset=utf-8 0.2073ms
info: Microsoft.AspNetCore.Hosting.Diagnostics[1]
      Request starting HTTP/1.1 POST http://127.0.0.1:42937/api/v1/management/roles/roles/49c87a69-db84-493c-9673-2f051531785e/users/395ee779-7d99-4a10-9b7f-0a489c2cfeab?terminalId=4d54ba3c-f5e0-4d24-9cf8-466cd4c676e6 - application/json;+charset=utf-8 2
info: Microsoft.AspNetCore.Routing.EndpointMiddleware[0]
      Executing endpoint 'HTTP: POST /api/v1/management/roles/roles/{roleId:guid}/users/{userId:guid}'
info: Microsoft.AspNetCore.Http.Result.JsonResult[1]
      Setting HTTP status code 401.
info: Microsoft.AspNetCore.Http.Result.JsonResult[3]
      Writing value of type 'RoleManagementErrorEnvelopeV1' as Json.
info: Microsoft.AspNetCore.Routing.EndpointMiddleware[1]
      Executed endpoint 'HTTP: POST /api/v1/management/roles/roles/{roleId:guid}/users/{userId:guid}'
info: Microsoft.AspNetCore.Hosting.Diagnostics[2]
      Request finished HTTP/1.1 POST https://127.0.0.1:42937/api/v1/management/roles/roles/49c87a69-db84-493c-9673-2f051531785e/users/395ee779-7d99-4a10-9b7f-0a489c2cfeab?terminalId=4d54ba3c-f5e0-4d24-9cf8-466cd4c676e6 - 401 - application/json;+charset=utf-8 0.1686ms
info: Microsoft.AspNetCore.Hosting.Diagnostics[1]
      Request starting HTTP/1.1 DELETE http://127.0.0.1:42937/api/v1/management/roles/roles/6a15fe23-57ad-4351-adfd-83f757ecfd1d/users/116f59d4-92a7-4faf-a4f0-54e8d9a88b6b?terminalId=0af6e963-8a49-4bca-b064-9135f8306eff - application/json;+charset=utf-8 2
info: Microsoft.AspNetCore.Routing.EndpointMiddleware[0]
      Executing endpoint 'HTTP: DELETE /api/v1/management/roles/roles/{roleId:guid}/users/{userId:guid}'
info: Microsoft.AspNetCore.Http.Result.JsonResult[1]
      Setting HTTP status code 401.
info: Microsoft.AspNetCore.Http.Result.JsonResult[3]
      Writing value of type 'RoleManagementErrorEnvelopeV1' as Json.
info: Microsoft.AspNetCore.Routing.EndpointMiddleware[1]
      Executed endpoint 'HTTP: DELETE /api/v1/management/roles/roles/{roleId:guid}/users/{userId:guid}'
info: Microsoft.AspNetCore.Hosting.Diagnostics[2]
      Request finished HTTP/1.1 DELETE https://127.0.0.1:42937/api/v1/management/roles/roles/6a15fe23-57ad-4351-adfd-83f757ecfd1d/users/116f59d4-92a7-4faf-a4f0-54e8d9a88b6b?terminalId=0af6e963-8a49-4bca-b064-9135f8306eff - 401 - application/json;+charset=utf-8 0.2312ms
info: Microsoft.AspNetCore.Hosting.Diagnostics[1]
      Request starting HTTP/1.1 GET http://127.0.0.1:42937/api/v1/management/security/backup/restore-attempts?terminalId=61482e57-65e1-4ef4-a0d2-2a3378edbc13 - - -
info: Microsoft.AspNetCore.Routing.EndpointMiddleware[0]
      Executing endpoint 'HTTP: GET /api/v1/management/security/backup/restore-attempts'
info: Microsoft.AspNetCore.Http.Result.JsonResult[1]
      Setting HTTP status code 401.
info: Microsoft.AspNetCore.Http.Result.JsonResult[3]
      Writing value of type 'SecurityAdministrationApiErrorEnvelopeV1' as Json.
info: Microsoft.AspNetCore.Routing.EndpointMiddleware[1]
      Executed endpoint 'HTTP: GET /api/v1/management/security/backup/restore-attempts'
info: Microsoft.AspNetCore.Hosting.Diagnostics[2]
      Request finished HTTP/1.1 GET https://127.0.0.1:42937/api/v1/management/security/backup/restore-attempts?terminalId=61482e57-65e1-4ef4-a0d2-2a3378edbc13 - 401 - application/json;+charset=utf-8 0.4490ms
info: Microsoft.AspNetCore.Hosting.Diagnostics[1]
      Request starting HTTP/1.1 GET http://127.0.0.1:42937/api/v1/management/security/backup/rpo?terminalId=432eccc7-43d7-42eb-bcfe-b5d2a1bb562b - - -
info: Microsoft.AspNetCore.Routing.EndpointMiddleware[0]
      Executing endpoint 'HTTP: GET /api/v1/management/security/backup/rpo'
info: Microsoft.AspNetCore.Http.Result.JsonResult[1]
      Setting HTTP status code 401.
info: Microsoft.AspNetCore.Http.Result.JsonResult[3]
      Writing value of type 'SecurityAdministrationApiErrorEnvelopeV1' as Json.
info: Microsoft.AspNetCore.Routing.EndpointMiddleware[1]
      Executed endpoint 'HTTP: GET /api/v1/management/security/backup/rpo'
info: Microsoft.AspNetCore.Hosting.Diagnostics[2]
      Request finished HTTP/1.1 GET https://127.0.0.1:42937/api/v1/management/security/backup/rpo?terminalId=432eccc7-43d7-42eb-bcfe-b5d2a1bb562b - 401 - application/json;+charset=utf-8 0.8833ms
info: Microsoft.AspNetCore.Hosting.Diagnostics[1]
      Request starting HTTP/1.1 POST http://127.0.0.1:42937/api/v1/management/security/diagnostic-bundle?terminalId=1ea0437a-bd9e-4790-b502-13e5f568f3cf - application/json;+charset=utf-8 2
info: Microsoft.AspNetCore.Routing.EndpointMiddleware[0]
      Executing endpoint 'HTTP: POST /api/v1/management/security/diagnostic-bundle'
info: Microsoft.AspNetCore.Http.Result.JsonResult[1]
      Setting HTTP status code 401.
info: Microsoft.AspNetCore.Http.Result.JsonResult[3]
      Writing value of type 'SecurityAdministrationApiErrorEnvelopeV1' as Json.
info: Microsoft.AspNetCore.Routing.EndpointMiddleware[1]
      Executed endpoint 'HTTP: POST /api/v1/management/security/diagnostic-bundle'
info: Microsoft.AspNetCore.Hosting.Diagnostics[2]
      Request finished HTTP/1.1 POST https://127.0.0.1:42937/api/v1/management/security/diagnostic-bundle?terminalId=1ea0437a-bd9e-4790-b502-13e5f568f3cf - 401 - application/json;+charset=utf-8 0.6667ms
info: Microsoft.AspNetCore.Hosting.Diagnostics[1]
      Request starting HTTP/1.1 GET http://127.0.0.1:42937/api/v1/management/security/maintenance/jobs?terminalId=2e9cd55d-bb23-4984-b3d6-042b4ef76ff7 - - -
info: Microsoft.AspNetCore.Routing.EndpointMiddleware[0]
      Executing endpoint 'HTTP: GET /api/v1/management/security/maintenance/jobs'
info: Microsoft.AspNetCore.Http.Result.JsonResult[1]
      Setting HTTP status code 401.
info: Microsoft.AspNetCore.Http.Result.JsonResult[3]
      Writing value of type 'SecurityAdministrationApiErrorEnvelopeV1' as Json.
info: Microsoft.AspNetCore.Routing.EndpointMiddleware[1]
      Executed endpoint 'HTTP: GET /api/v1/management/security/maintenance/jobs'
info: Microsoft.AspNetCore.Hosting.Diagnostics[2]
      Request finished HTTP/1.1 GET https://127.0.0.1:42937/api/v1/management/security/maintenance/jobs?terminalId=2e9cd55d-bb23-4984-b3d6-042b4ef76ff7 - 401 - application/json;+charset=utf-8 0.2691ms
info: Microsoft.AspNetCore.Hosting.Diagnostics[1]
      Request starting HTTP/1.1 POST http://127.0.0.1:42937/api/v1/management/security/maintenance/jobs/probe/run?terminalId=50a14db9-c12b-4b37-981b-f781bdf8f327 - application/json;+charset=utf-8 2
info: Microsoft.AspNetCore.Routing.EndpointMiddleware[0]
      Executing endpoint 'HTTP: POST /api/v1/management/security/maintenance/jobs/{name}/run'
info: Microsoft.AspNetCore.Http.Result.JsonResult[1]
      Setting HTTP status code 401.
info: Microsoft.AspNetCore.Http.Result.JsonResult[3]
      Writing value of type 'SecurityAdministrationApiErrorEnvelopeV1' as Json.
info: Microsoft.AspNetCore.Routing.EndpointMiddleware[1]
      Executed endpoint 'HTTP: POST /api/v1/management/security/maintenance/jobs/{name}/run'
info: Microsoft.AspNetCore.Hosting.Diagnostics[2]
      Request finished HTTP/1.1 POST https://127.0.0.1:42937/api/v1/management/security/maintenance/jobs/probe/run?terminalId=50a14db9-c12b-4b37-981b-f781bdf8f327 - 401 - application/json;+charset=utf-8 0.1894ms
info: Microsoft.AspNetCore.Hosting.Diagnostics[1]
      Request starting HTTP/1.1 GET http://127.0.0.1:42937/api/v1/management/security/orders/backlog?terminalId=a8c8192a-0280-44c5-8eb8-63e4a8326b0a - - -
info: Microsoft.AspNetCore.Routing.EndpointMiddleware[0]
      Executing endpoint 'HTTP: GET /api/v1/management/security/orders/backlog'
info: Microsoft.AspNetCore.Http.Result.JsonResult[1]
      Setting HTTP status code 401.
info: Microsoft.AspNetCore.Http.Result.JsonResult[3]
      Writing value of type 'SecurityAdministrationApiErrorEnvelopeV1' as Json.
info: Microsoft.AspNetCore.Routing.EndpointMiddleware[1]
      Executed endpoint 'HTTP: GET /api/v1/management/security/orders/backlog'
info: Microsoft.AspNetCore.Hosting.Diagnostics[2]
      Request finished HTTP/1.1 GET https://127.0.0.1:42937/api/v1/management/security/orders/backlog?terminalId=a8c8192a-0280-44c5-8eb8-63e4a8326b0a - 401 - application/json;+charset=utf-8 0.8663ms
info: Microsoft.AspNetCore.Hosting.Diagnostics[1]
      Request starting HTTP/1.1 POST http://127.0.0.1:42937/api/v1/management/security/orders/close-settled?terminalId=d0d31692-c2d6-4484-bb5f-21dd381047af - application/json;+charset=utf-8 2
info: Microsoft.AspNetCore.Routing.EndpointMiddleware[0]
      Executing endpoint 'HTTP: POST /api/v1/management/security/orders/close-settled'
info: Microsoft.AspNetCore.Http.Result.JsonResult[1]
      Setting HTTP status code 401.
info: Microsoft.AspNetCore.Http.Result.JsonResult[3]
      Writing value of type 'SecurityAdministrationApiErrorEnvelopeV1' as Json.
info: Microsoft.AspNetCore.Routing.EndpointMiddleware[1]
      Executed endpoint 'HTTP: POST /api/v1/management/security/orders/close-settled'
info: Microsoft.AspNetCore.Hosting.Diagnostics[2]
      Request finished HTTP/1.1 POST https://127.0.0.1:42937/api/v1/management/security/orders/close-settled?terminalId=d0d31692-c2d6-4484-bb5f-21dd381047af - 401 - application/json;+charset=utf-8 0.3390ms
info: Microsoft.AspNetCore.Hosting.Diagnostics[1]
      Request starting HTTP/1.1 GET http://127.0.0.1:42937/api/v1/management/security/outbox/dead-letters?terminalId=97689a0f-1ae1-4330-b764-91460f91ba99 - - -
info: Microsoft.AspNetCore.Routing.EndpointMiddleware[0]
      Executing endpoint 'HTTP: GET /api/v1/management/security/outbox/dead-letters'
info: Microsoft.AspNetCore.Http.Result.JsonResult[1]
      Setting HTTP status code 401.
info: Microsoft.AspNetCore.Http.Result.JsonResult[3]
      Writing value of type 'SecurityAdministrationApiErrorEnvelopeV1' as Json.
info: Microsoft.AspNetCore.Routing.EndpointMiddleware[1]
      Executed endpoint 'HTTP: GET /api/v1/management/security/outbox/dead-letters'
info: Microsoft.AspNetCore.Hosting.Diagnostics[2]
      Request finished HTTP/1.1 GET https://127.0.0.1:42937/api/v1/management/security/outbox/dead-letters?terminalId=97689a0f-1ae1-4330-b764-91460f91ba99 - 401 - application/json;+charset=utf-8 0.3767ms
info: Microsoft.AspNetCore.Hosting.Diagnostics[1]
      Request starting HTTP/1.1 POST http://127.0.0.1:42937/api/v1/management/security/outbox/dead-letters/72e60a1d-8175-4bf7-8592-df4aef77f60b/requeue?terminalId=cb9022d7-18c3-4865-b13e-506b6d58086a - application/json;+charset=utf-8 2
info: Microsoft.AspNetCore.Routing.EndpointMiddleware[0]
      Executing endpoint 'HTTP: POST /api/v1/management/security/outbox/dead-letters/{id:guid}/requeue'
info: Microsoft.AspNetCore.Http.Result.JsonResult[1]
      Setting HTTP status code 401.
info: Microsoft.AspNetCore.Http.Result.JsonResult[3]
      Writing value of type 'SecurityAdministrationApiErrorEnvelopeV1' as Json.
info: Microsoft.AspNetCore.Routing.EndpointMiddleware[1]
      Executed endpoint 'HTTP: POST /api/v1/management/security/outbox/dead-letters/{id:guid}/requeue'
info: Microsoft.AspNetCore.Hosting.Diagnostics[2]
      Request finished HTTP/1.1 POST https://127.0.0.1:42937/api/v1/management/security/outbox/dead-letters/72e60a1d-8175-4bf7-8592-df4aef77f60b/requeue?terminalId=cb9022d7-18c3-4865-b13e-506b6d58086a - 401 - application/json;+charset=utf-8 0.3161ms
info: Microsoft.AspNetCore.Hosting.Diagnostics[1]
      Request starting HTTP/1.1 GET http://127.0.0.1:42937/api/v1/management/security/secrets?terminalId=bf84758c-ff25-4af7-98d3-46e4b0463579 - - -
info: Microsoft.AspNetCore.Routing.EndpointMiddleware[0]
      Executing endpoint 'HTTP: GET /api/v1/management/security/secrets'
info: Microsoft.AspNetCore.Http.Result.JsonResult[1]
      Setting HTTP status code 401.
info: Microsoft.AspNetCore.Http.Result.JsonResult[3]
      Writing value of type 'SecurityAdministrationApiErrorEnvelopeV1' as Json.
info: Microsoft.AspNetCore.Routing.EndpointMiddleware[1]
      Executed endpoint 'HTTP: GET /api/v1/management/security/secrets'
info: Microsoft.AspNetCore.Hosting.Diagnostics[2]
      Request finished HTTP/1.1 GET https://127.0.0.1:42937/api/v1/management/security/secrets?terminalId=bf84758c-ff25-4af7-98d3-46e4b0463579 - 401 - application/json;+charset=utf-8 0.2073ms
info: Microsoft.AspNetCore.Hosting.Diagnostics[1]
      Request starting HTTP/1.1 GET http://127.0.0.1:42937/api/v1/management/security/secrets/probe/rotation?terminalId=ab03bec3-37b0-4539-ad1f-06b74daf30b2 - - -
info: Microsoft.AspNetCore.Routing.EndpointMiddleware[0]
      Executing endpoint 'HTTP: GET /api/v1/management/security/secrets/{name}/rotation'
info: Microsoft.AspNetCore.Http.Result.JsonResult[1]
      Setting HTTP status code 401.
info: Microsoft.AspNetCore.Http.Result.JsonResult[3]
      Writing value of type 'SecurityAdministrationApiErrorEnvelopeV1' as Json.
info: Microsoft.AspNetCore.Routing.EndpointMiddleware[1]
      Executed endpoint 'HTTP: GET /api/v1/management/security/secrets/{name}/rotation'
info: Microsoft.AspNetCore.Hosting.Diagnostics[2]
      Request finished HTTP/1.1 GET https://127.0.0.1:42937/api/v1/management/security/secrets/probe/rotation?terminalId=ab03bec3-37b0-4539-ad1f-06b74daf30b2 - 401 - application/json;+charset=utf-8 0.2010ms
info: Microsoft.AspNetCore.Hosting.Diagnostics[1]
      Request starting HTTP/1.1 POST http://127.0.0.1:42937/api/v1/management/security/secrets/probe/rotation/initialize?terminalId=5b808815-61b1-4e85-ba44-b16b37f27d41 - application/json;+charset=utf-8 2
info: Microsoft.AspNetCore.Routing.EndpointMiddleware[0]
      Executing endpoint 'HTTP: POST /api/v1/management/security/secrets/{name}/rotation/initialize'
info: Microsoft.AspNetCore.Http.Result.JsonResult[1]
      Setting HTTP status code 401.
info: Microsoft.AspNetCore.Http.Result.JsonResult[3]
      Writing value of type 'SecurityAdministrationApiErrorEnvelopeV1' as Json.
info: Microsoft.AspNetCore.Routing.EndpointMiddleware[1]
      Executed endpoint 'HTTP: POST /api/v1/management/security/secrets/{name}/rotation/initialize'
info: Microsoft.AspNetCore.Hosting.Diagnostics[2]
      Request finished HTTP/1.1 POST https://127.0.0.1:42937/api/v1/management/security/secrets/probe/rotation/initialize?terminalId=5b808815-61b1-4e85-ba44-b16b37f27d41 - 401 - application/json;+charset=utf-8 0.2055ms
info: Microsoft.AspNetCore.Hosting.Diagnostics[1]
      Request starting HTTP/1.1 POST http://127.0.0.1:42937/api/v1/management/security/secrets/probe/rotation/revoke?terminalId=e6d02ece-a531-4047-b0ec-7518d680b840 - application/json;+charset=utf-8 2
info: Microsoft.AspNetCore.Routing.EndpointMiddleware[0]
      Executing endpoint 'HTTP: POST /api/v1/management/security/secrets/{name}/rotation/revoke'
info: Microsoft.AspNetCore.Http.Result.JsonResult[1]
      Setting HTTP status code 401.
info: Microsoft.AspNetCore.Http.Result.JsonResult[3]
      Writing value of type 'SecurityAdministrationApiErrorEnvelopeV1' as Json.
info: Microsoft.AspNetCore.Routing.EndpointMiddleware[1]
      Executed endpoint 'HTTP: POST /api/v1/management/security/secrets/{name}/rotation/revoke'
info: Microsoft.AspNetCore.Hosting.Diagnostics[2]
      Request finished HTTP/1.1 POST https://127.0.0.1:42937/api/v1/management/security/secrets/probe/rotation/revoke?terminalId=e6d02ece-a531-4047-b0ec-7518d680b840 - 401 - application/json;+charset=utf-8 0.2776ms
info: Microsoft.AspNetCore.Hosting.Diagnostics[1]
      Request starting HTTP/1.1 POST http://127.0.0.1:42937/api/v1/management/security/secrets/probe/rotation/rollback?terminalId=99ca3383-71f1-45ca-8233-e92447d6d9e7 - application/json;+charset=utf-8 2
info: Microsoft.AspNetCore.Routing.EndpointMiddleware[0]
      Executing endpoint 'HTTP: POST /api/v1/management/security/secrets/{name}/rotation/rollback'
info: Microsoft.AspNetCore.Http.Result.JsonResult[1]
      Setting HTTP status code 401.
info: Microsoft.AspNetCore.Http.Result.JsonResult[3]
      Writing value of type 'SecurityAdministrationApiErrorEnvelopeV1' as Json.
info: Microsoft.AspNetCore.Routing.EndpointMiddleware[1]
      Executed endpoint 'HTTP: POST /api/v1/management/security/secrets/{name}/rotation/rollback'
info: Microsoft.AspNetCore.Hosting.Diagnostics[2]
      Request finished HTTP/1.1 POST https://127.0.0.1:42937/api/v1/management/security/secrets/probe/rotation/rollback?terminalId=99ca3383-71f1-45ca-8233-e92447d6d9e7 - 401 - application/json;+charset=utf-8 0.2562ms
info: Microsoft.AspNetCore.Hosting.Diagnostics[1]
      Request starting HTTP/1.1 POST http://127.0.0.1:42937/api/v1/management/security/secrets/probe/rotation/rotate?terminalId=866da0a2-b35d-4f50-b176-8614def59cc5 - application/json;+charset=utf-8 2
info: Microsoft.AspNetCore.Routing.EndpointMiddleware[0]
      Executing endpoint 'HTTP: POST /api/v1/management/security/secrets/{name}/rotation/rotate'
info: Microsoft.AspNetCore.Http.Result.JsonResult[1]
      Setting HTTP status code 401.
info: Microsoft.AspNetCore.Http.Result.JsonResult[3]
      Writing value of type 'SecurityAdministrationApiErrorEnvelopeV1' as Json.
info: Microsoft.AspNetCore.Routing.EndpointMiddleware[1]
      Executed endpoint 'HTTP: POST /api/v1/management/security/secrets/{name}/rotation/rotate'
info: Microsoft.AspNetCore.Hosting.Diagnostics[2]
      Request finished HTTP/1.1 POST https://127.0.0.1:42937/api/v1/management/security/secrets/probe/rotation/rotate?terminalId=866da0a2-b35d-4f50-b176-8614def59cc5 - 401 - application/json;+charset=utf-8 0.2711ms
info: Microsoft.AspNetCore.Hosting.Diagnostics[1]
      Request starting HTTP/1.1 GET http://127.0.0.1:42937/api/v1/management/security/users/lookup?terminalId=a4fa44c4-aad1-4c8a-a22b-2c4c104bd443 - - -
info: Microsoft.AspNetCore.Routing.EndpointMiddleware[0]
      Executing endpoint 'HTTP: GET /api/v1/management/security/users/lookup'
info: Microsoft.AspNetCore.Http.Result.JsonResult[1]
      Setting HTTP status code 401.
info: Microsoft.AspNetCore.Http.Result.JsonResult[3]
      Writing value of type 'SecurityAdministrationApiErrorEnvelopeV1' as Json.
info: Microsoft.AspNetCore.Routing.EndpointMiddleware[1]
      Executed endpoint 'HTTP: GET /api/v1/management/security/users/lookup'
info: Microsoft.AspNetCore.Hosting.Diagnostics[2]
      Request finished HTTP/1.1 GET https://127.0.0.1:42937/api/v1/management/security/users/lookup?terminalId=a4fa44c4-aad1-4c8a-a22b-2c4c104bd443 - 401 - application/json;+charset=utf-8 0.2862ms
info: Microsoft.AspNetCore.Hosting.Diagnostics[1]
      Request starting HTTP/1.1 POST http://127.0.0.1:42937/api/v1/management/security/users/d063f9c9-410d-4437-9e74-d713c1816497/deactivate?terminalId=50d39996-d507-4d87-a0a1-215daefdd1bc - application/json;+charset=utf-8 2
info: Microsoft.AspNetCore.Routing.EndpointMiddleware[0]
      Executing endpoint 'HTTP: POST /api/v1/management/security/users/{userId:guid}/deactivate'
info: Microsoft.AspNetCore.Http.Result.JsonResult[1]
      Setting HTTP status code 401.
info: Microsoft.AspNetCore.Http.Result.JsonResult[3]
      Writing value of type 'SecurityAdministrationApiErrorEnvelopeV1' as Json.
info: Microsoft.AspNetCore.Routing.EndpointMiddleware[1]
      Executed endpoint 'HTTP: POST /api/v1/management/security/users/{userId:guid}/deactivate'
info: Microsoft.AspNetCore.Hosting.Diagnostics[2]
      Request finished HTTP/1.1 POST https://127.0.0.1:42937/api/v1/management/security/users/d063f9c9-410d-4437-9e74-d713c1816497/deactivate?terminalId=50d39996-d507-4d87-a0a1-215daefdd1bc - 401 - application/json;+charset=utf-8 0.2974ms
info: Microsoft.AspNetCore.Hosting.Diagnostics[1]
      Request starting HTTP/1.1 POST http://127.0.0.1:42937/api/v1/management/security/users/35034d45-9703-4bad-a19e-f55b803c8c99/force-unlock?terminalId=efae5da0-204e-49d7-9007-414550b8c379 - application/json;+charset=utf-8 2
info: Microsoft.AspNetCore.Routing.EndpointMiddleware[0]
      Executing endpoint 'HTTP: POST /api/v1/management/security/users/{userId:guid}/force-unlock'
info: Microsoft.AspNetCore.Http.Result.JsonResult[1]
      Setting HTTP status code 401.
info: Microsoft.AspNetCore.Http.Result.JsonResult[3]
      Writing value of type 'SecurityAdministrationApiErrorEnvelopeV1' as Json.
info: Microsoft.AspNetCore.Routing.EndpointMiddleware[1]
      Executed endpoint 'HTTP: POST /api/v1/management/security/users/{userId:guid}/force-unlock'
info: Microsoft.AspNetCore.Hosting.Diagnostics[2]
      Request finished HTTP/1.1 POST https://127.0.0.1:42937/api/v1/management/security/users/35034d45-9703-4bad-a19e-f55b803c8c99/force-unlock?terminalId=efae5da0-204e-49d7-9007-414550b8c379 - 401 - application/json;+charset=utf-8 0.2117ms
info: Microsoft.AspNetCore.Hosting.Diagnostics[1]
      Request starting HTTP/1.1 POST http://127.0.0.1:42937/api/v1/management/security/users/5cde592d-aa68-42a4-96aa-37000ebf846b/reactivate?terminalId=aca01d51-5797-4bbb-b433-679072cd211f - application/json;+charset=utf-8 2
info: Microsoft.AspNetCore.Routing.EndpointMiddleware[0]
      Executing endpoint 'HTTP: POST /api/v1/management/security/users/{userId:guid}/reactivate'
info: Microsoft.AspNetCore.Http.Result.JsonResult[1]
      Setting HTTP status code 401.
info: Microsoft.AspNetCore.Http.Result.JsonResult[3]
      Writing value of type 'SecurityAdministrationApiErrorEnvelopeV1' as Json.
info: Microsoft.AspNetCore.Routing.EndpointMiddleware[1]
      Executed endpoint 'HTTP: POST /api/v1/management/security/users/{userId:guid}/reactivate'
info: Microsoft.AspNetCore.Hosting.Diagnostics[2]
      Request finished HTTP/1.1 POST https://127.0.0.1:42937/api/v1/management/security/users/5cde592d-aa68-42a4-96aa-37000ebf846b/reactivate?terminalId=aca01d51-5797-4bbb-b433-679072cd211f - 401 - application/json;+charset=utf-8 0.1981ms
info: Microsoft.AspNetCore.Hosting.Diagnostics[1]
      Request starting HTTP/1.1 POST http://127.0.0.1:42937/api/v1/management/security/users/4b79906f-74f5-4440-a8bd-f0eff5a6173b/revoke-sessions?terminalId=2402299c-4f3d-4687-84f8-081a86417895 - application/json;+charset=utf-8 2
info: Microsoft.AspNetCore.Routing.EndpointMiddleware[0]
      Executing endpoint 'HTTP: POST /api/v1/management/security/users/{userId:guid}/revoke-sessions'
info: Microsoft.AspNetCore.Http.Result.JsonResult[1]
      Setting HTTP status code 401.
info: Microsoft.AspNetCore.Http.Result.JsonResult[3]
      Writing value of type 'SecurityAdministrationApiErrorEnvelopeV1' as Json.
info: Microsoft.AspNetCore.Routing.EndpointMiddleware[1]
      Executed endpoint 'HTTP: POST /api/v1/management/security/users/{userId:guid}/revoke-sessions'
info: Microsoft.AspNetCore.Hosting.Diagnostics[2]
      Request finished HTTP/1.1 POST https://127.0.0.1:42937/api/v1/management/security/users/4b79906f-74f5-4440-a8bd-f0eff5a6173b/revoke-sessions?terminalId=2402299c-4f3d-4687-84f8-081a86417895 - 401 - application/json;+charset=utf-8 0.2090ms
info: Microsoft.AspNetCore.Hosting.Diagnostics[1]
      Request starting HTTP/1.1 GET http://127.0.0.1:42937/api/v1/management/settings/?terminalId=3947f740-097d-4d39-80c7-8df9551a8c9e - - -
info: Microsoft.AspNetCore.Routing.EndpointMiddleware[0]
      Executing endpoint 'HTTP: GET /api/v1/management/settings/'
info: Microsoft.AspNetCore.Http.Result.JsonResult[1]
      Setting HTTP status code 401.
info: Microsoft.AspNetCore.Http.Result.JsonResult[3]
      Writing value of type 'SettingsApiErrorEnvelopeV1' as Json.
info: Microsoft.AspNetCore.Routing.EndpointMiddleware[1]
      Executed endpoint 'HTTP: GET /api/v1/management/settings/'
info: Microsoft.AspNetCore.Hosting.Diagnostics[2]
      Request finished HTTP/1.1 GET https://127.0.0.1:42937/api/v1/management/settings/?terminalId=3947f740-097d-4d39-80c7-8df9551a8c9e - 401 - application/json;+charset=utf-8 0.2527ms
info: Microsoft.AspNetCore.Hosting.Diagnostics[1]
      Request starting HTTP/1.1 GET http://127.0.0.1:42937/api/v1/management/settings/probe?terminalId=452b64b9-a5b2-466e-ad97-525fe1a223c9 - - -
info: Microsoft.AspNetCore.Routing.EndpointMiddleware[0]
      Executing endpoint 'HTTP: GET /api/v1/management/settings/{key}'
info: Microsoft.AspNetCore.Http.Result.JsonResult[1]
      Setting HTTP status code 401.
info: Microsoft.AspNetCore.Http.Result.JsonResult[3]
      Writing value of type 'SettingsApiErrorEnvelopeV1' as Json.
info: Microsoft.AspNetCore.Routing.EndpointMiddleware[1]
      Executed endpoint 'HTTP: GET /api/v1/management/settings/{key}'
info: Microsoft.AspNetCore.Hosting.Diagnostics[2]
      Request finished HTTP/1.1 GET https://127.0.0.1:42937/api/v1/management/settings/probe?terminalId=452b64b9-a5b2-466e-ad97-525fe1a223c9 - 401 - application/json;+charset=utf-8 0.1754ms
info: Microsoft.AspNetCore.Hosting.Diagnostics[1]
      Request starting HTTP/1.1 PUT http://127.0.0.1:42937/api/v1/management/settings/probe?terminalId=062b9545-4e95-452f-af7d-1b39976a3737 - application/json;+charset=utf-8 2
info: Microsoft.AspNetCore.Routing.EndpointMiddleware[0]
      Executing endpoint 'HTTP: PUT /api/v1/management/settings/{key}'
info: Microsoft.AspNetCore.Http.Result.JsonResult[1]
      Setting HTTP status code 401.
info: Microsoft.AspNetCore.Http.Result.JsonResult[3]
      Writing value of type 'SettingsApiErrorEnvelopeV1' as Json.
info: Microsoft.AspNetCore.Routing.EndpointMiddleware[1]
      Executed endpoint 'HTTP: PUT /api/v1/management/settings/{key}'
info: Microsoft.AspNetCore.Hosting.Diagnostics[2]
      Request finished HTTP/1.1 PUT https://127.0.0.1:42937/api/v1/management/settings/probe?terminalId=062b9545-4e95-452f-af7d-1b39976a3737 - 401 - application/json;+charset=utf-8 0.2694ms
info: Microsoft.AspNetCore.Hosting.Diagnostics[1]
      Request starting HTTP/1.1 DELETE http://127.0.0.1:42937/api/v1/management/settings/probe?terminalId=9247399e-11d1-47e7-bee1-c037f7376267 - application/json;+charset=utf-8 2
info: Microsoft.AspNetCore.Routing.EndpointMiddleware[0]
      Executing endpoint 'HTTP: DELETE /api/v1/management/settings/{key}'
info: Microsoft.AspNetCore.Http.Result.JsonResult[1]
      Setting HTTP status code 401.
info: Microsoft.AspNetCore.Http.Result.JsonResult[3]
      Writing value of type 'SettingsApiErrorEnvelopeV1' as Json.
info: Microsoft.AspNetCore.Routing.EndpointMiddleware[1]
      Executed endpoint 'HTTP: DELETE /api/v1/management/settings/{key}'
info: Microsoft.AspNetCore.Hosting.Diagnostics[2]
      Request finished HTTP/1.1 DELETE https://127.0.0.1:42937/api/v1/management/settings/probe?terminalId=9247399e-11d1-47e7-bee1-c037f7376267 - 401 - application/json;+charset=utf-8 0.1871ms
info: Microsoft.AspNetCore.Hosting.Diagnostics[1]
      Request starting HTTP/1.1 GET http://127.0.0.1:42937/api/v1/management/settings/probe/history?terminalId=ed21f753-c68b-4b80-8365-72ea38a162a2 - - -
info: Microsoft.AspNetCore.Routing.EndpointMiddleware[0]
      Executing endpoint 'HTTP: GET /api/v1/management/settings/{key}/history'
info: Microsoft.AspNetCore.Http.Result.JsonResult[1]
      Setting HTTP status code 401.
info: Microsoft.AspNetCore.Http.Result.JsonResult[3]
      Writing value of type 'SettingsApiErrorEnvelopeV1' as Json.
info: Microsoft.AspNetCore.Routing.EndpointMiddleware[1]
      Executed endpoint 'HTTP: GET /api/v1/management/settings/{key}/history'
info: Microsoft.AspNetCore.Hosting.Diagnostics[2]
      Request finished HTTP/1.1 GET https://127.0.0.1:42937/api/v1/management/settings/probe/history?terminalId=ed21f753-c68b-4b80-8365-72ea38a162a2 - 401 - application/json;+charset=utf-8 0.1870ms
info: Microsoft.AspNetCore.Hosting.Diagnostics[1]
      Request starting HTTP/1.1 POST http://127.0.0.1:42937/api/v1/management/users/?terminalId=ef5b20af-e877-4c19-9789-ef8d987142ed - application/json;+charset=utf-8 2
info: Microsoft.AspNetCore.Routing.EndpointMiddleware[0]
      Executing endpoint 'HTTP: POST /api/v1/management/users/'
info: Microsoft.AspNetCore.Http.Result.JsonResult[1]
      Setting HTTP status code 401.
info: Microsoft.AspNetCore.Http.Result.JsonResult[3]
      Writing value of type 'RoleManagementErrorEnvelopeV1' as Json.
info: Microsoft.AspNetCore.Routing.EndpointMiddleware[1]
      Executed endpoint 'HTTP: POST /api/v1/management/users/'
info: Microsoft.AspNetCore.Hosting.Diagnostics[2]
      Request finished HTTP/1.1 POST https://127.0.0.1:42937/api/v1/management/users/?terminalId=ef5b20af-e877-4c19-9789-ef8d987142ed - 401 - application/json;+charset=utf-8 0.2479ms
info: Microsoft.AspNetCore.Hosting.Diagnostics[1]
      Request starting HTTP/1.1 GET http://127.0.0.1:42937/api/v1/nfc/tables/98bdd26c-4775-41a0-a590-3bb12e4bc5bd/catalog?terminalId=338a64f9-7c33-4306-bfd4-ba25f77b2a2f - - -
info: Microsoft.AspNetCore.Routing.EndpointMiddleware[0]
      Executing endpoint 'HTTP: GET /api/v1/nfc/tables/{tableId:guid}/catalog'
info: Microsoft.AspNetCore.Http.Result.OkObjectResult[1]
      Setting HTTP status code 200.
info: Microsoft.AspNetCore.Http.Result.OkObjectResult[3]
      Writing value of type 'CatalogProductDto[]' as Json.
info: Microsoft.AspNetCore.Routing.EndpointMiddleware[1]
      Executed endpoint 'HTTP: GET /api/v1/nfc/tables/{tableId:guid}/catalog'
info: Microsoft.AspNetCore.Hosting.Diagnostics[2]
      Request finished HTTP/1.1 GET https://127.0.0.1:42937/api/v1/nfc/tables/98bdd26c-4775-41a0-a590-3bb12e4bc5bd/catalog?terminalId=338a64f9-7c33-4306-bfd4-ba25f77b2a2f - 200 - application/json;+charset=utf-8 25.4087ms
info: Microsoft.AspNetCore.Hosting.Diagnostics[1]
      Request starting HTTP/1.1 POST http://127.0.0.1:42937/api/v1/nfc/tables/31d74e31-b8f8-4221-8659-dacd26995873/orders?terminalId=f5363820-a095-4e10-96b0-edb1e13713a0 - application/json;+charset=utf-8 2
info: Microsoft.AspNetCore.Routing.EndpointMiddleware[0]
      Executing endpoint 'HTTP: POST /api/v1/nfc/tables/{tableId:guid}/orders'
info: Microsoft.AspNetCore.Http.Result.BadRequestObjectResult[1]
      Setting HTTP status code 400.
info: Microsoft.AspNetCore.Http.Result.BadRequestObjectResult[3]
      Writing value of type '<>f__AnonymousType5`1' as Json.
info: Microsoft.AspNetCore.Routing.EndpointMiddleware[1]
      Executed endpoint 'HTTP: POST /api/v1/nfc/tables/{tableId:guid}/orders'
info: Microsoft.AspNetCore.Hosting.Diagnostics[2]
      Request finished HTTP/1.1 POST https://127.0.0.1:42937/api/v1/nfc/tables/31d74e31-b8f8-4221-8659-dacd26995873/orders?terminalId=f5363820-a095-4e10-96b0-edb1e13713a0 - 400 - application/json;+charset=utf-8 3.0577ms
info: Microsoft.AspNetCore.Hosting.Diagnostics[1]
      Request starting HTTP/1.1 GET http://127.0.0.1:42937/api/v1/qr/bill?terminalId=2d62e7c6-4b62-47dd-99c8-348499ce9340 - - -
info: Microsoft.AspNetCore.Routing.EndpointMiddleware[0]
      Executing endpoint 'HTTP: GET /api/v1/qr/bill'
info: Microsoft.AspNetCore.Http.Result.JsonResult[1]
      Setting HTTP status code 401.
info: Microsoft.AspNetCore.Http.Result.JsonResult[3]
      Writing value of type '<>f__AnonymousType5`1' as Json.
info: Microsoft.AspNetCore.Routing.EndpointMiddleware[1]
      Executed endpoint 'HTTP: GET /api/v1/qr/bill'
info: Microsoft.AspNetCore.Hosting.Diagnostics[2]
      Request finished HTTP/1.1 GET https://127.0.0.1:42937/api/v1/qr/bill?terminalId=2d62e7c6-4b62-47dd-99c8-348499ce9340 - 401 - application/json;+charset=utf-8 5.8129ms
info: Microsoft.AspNetCore.Hosting.Diagnostics[1]
      Request starting HTTP/1.1 GET http://127.0.0.1:42937/api/v1/qr/branding?terminalId=f5804aa7-1784-449b-ac8d-4b47e7902196 - - -
info: Microsoft.AspNetCore.Routing.EndpointMiddleware[0]
      Executing endpoint 'HTTP: GET /api/v1/qr/branding'
info: Microsoft.AspNetCore.Http.Result.OkObjectResult[1]
      Setting HTTP status code 200.
info: Microsoft.AspNetCore.Http.Result.OkObjectResult[3]
      Writing value of type 'QrBrandingResponse' as Json.
info: Microsoft.AspNetCore.Routing.EndpointMiddleware[1]
      Executed endpoint 'HTTP: GET /api/v1/qr/branding'
info: Microsoft.AspNetCore.Hosting.Diagnostics[2]
      Request finished HTTP/1.1 GET https://127.0.0.1:42937/api/v1/qr/branding?terminalId=f5804aa7-1784-449b-ac8d-4b47e7902196 - 200 - application/json;+charset=utf-8 20.5686ms
info: Microsoft.AspNetCore.Hosting.Diagnostics[1]
      Request starting HTTP/1.1 GET http://127.0.0.1:42937/api/v1/qr/logo?terminalId=9bb49b7b-7508-419a-a00f-b1006a93ae7f - - -
info: Microsoft.AspNetCore.Routing.EndpointMiddleware[0]
      Executing endpoint 'HTTP: GET /api/v1/qr/logo'
info: Microsoft.AspNetCore.Http.Result.JsonResult[1]
      Setting HTTP status code 404.
info: Microsoft.AspNetCore.Http.Result.JsonResult[3]
      Writing value of type '<>f__AnonymousType5`1' as Json.
info: Microsoft.AspNetCore.Routing.EndpointMiddleware[1]
      Executed endpoint 'HTTP: GET /api/v1/qr/logo'
info: Microsoft.AspNetCore.Hosting.Diagnostics[2]
      Request finished HTTP/1.1 GET https://127.0.0.1:42937/api/v1/qr/logo?terminalId=9bb49b7b-7508-419a-a00f-b1006a93ae7f - 404 - application/json;+charset=utf-8 3.2784ms
info: Microsoft.AspNetCore.Hosting.Diagnostics[1]
      Request starting HTTP/1.1 GET http://127.0.0.1:42937/api/v1/qr/menu?terminalId=7477723c-b8d9-4495-866d-6d4d14028157 - - -
info: Microsoft.AspNetCore.Routing.EndpointMiddleware[0]
      Executing endpoint 'HTTP: GET /api/v1/qr/menu'
info: Microsoft.AspNetCore.Http.Result.JsonResult[1]
      Setting HTTP status code 401.
info: Microsoft.AspNetCore.Http.Result.JsonResult[3]
      Writing value of type '<>f__AnonymousType5`1' as Json.
info: Microsoft.AspNetCore.Routing.EndpointMiddleware[1]
      Executed endpoint 'HTTP: GET /api/v1/qr/menu'
info: Microsoft.AspNetCore.Hosting.Diagnostics[2]
      Request finished HTTP/1.1 GET https://127.0.0.1:42937/api/v1/qr/menu?terminalId=7477723c-b8d9-4495-866d-6d4d14028157 - 401 - application/json;+charset=utf-8 2.8555ms
info: Microsoft.AspNetCore.Hosting.Diagnostics[1]
      Request starting HTTP/1.1 POST http://127.0.0.1:42937/api/v1/qr/orders?terminalId=9b129633-0541-431b-891f-2251bb5346b1 - application/json;+charset=utf-8 2
info: Microsoft.AspNetCore.Routing.EndpointMiddleware[0]
      Executing endpoint 'HTTP: POST /api/v1/qr/orders'
info: Microsoft.AspNetCore.Http.Result.BadRequestObjectResult[1]
      Setting HTTP status code 400.
info: Microsoft.AspNetCore.Http.Result.BadRequestObjectResult[3]
      Writing value of type '<>f__AnonymousType5`1' as Json.
info: Microsoft.AspNetCore.Routing.EndpointMiddleware[1]
      Executed endpoint 'HTTP: POST /api/v1/qr/orders'
info: Microsoft.AspNetCore.Hosting.Diagnostics[2]
      Request finished HTTP/1.1 POST https://127.0.0.1:42937/api/v1/qr/orders?terminalId=9b129633-0541-431b-891f-2251bb5346b1 - 400 - application/json;+charset=utf-8 2.0081ms
info: Microsoft.AspNetCore.Hosting.Diagnostics[1]
      Request starting HTTP/1.1 GET http://127.0.0.1:42937/api/v1/qr/orders/d8405048-dea9-4263-9648-b32261c83138?terminalId=4c6c7cb6-42f8-4933-8703-0bd449db446f - - -
info: Microsoft.AspNetCore.Routing.EndpointMiddleware[0]
      Executing endpoint 'HTTP: GET /api/v1/qr/orders/{submissionId:guid}'
info: Microsoft.AspNetCore.Http.Result.JsonResult[1]
      Setting HTTP status code 401.
info: Microsoft.AspNetCore.Http.Result.JsonResult[3]
      Writing value of type '<>f__AnonymousType5`1' as Json.
info: Microsoft.AspNetCore.Routing.EndpointMiddleware[1]
      Executed endpoint 'HTTP: GET /api/v1/qr/orders/{submissionId:guid}'
info: Microsoft.AspNetCore.Hosting.Diagnostics[2]
      Request finished HTTP/1.1 GET https://127.0.0.1:42937/api/v1/qr/orders/d8405048-dea9-4263-9648-b32261c83138?terminalId=4c6c7cb6-42f8-4933-8703-0bd449db446f - 401 - application/json;+charset=utf-8 2.1353ms
info: Microsoft.AspNetCore.Hosting.Diagnostics[1]
      Request starting HTTP/1.1 POST http://127.0.0.1:42937/api/v1/qr/sessions?terminalId=ae603e08-c795-4577-93c6-cab0a2fdfce9 - application/json;+charset=utf-8 2
info: Microsoft.AspNetCore.Routing.EndpointMiddleware[0]
      Executing endpoint 'HTTP: POST /api/v1/qr/sessions'
info: Microsoft.AspNetCore.Http.Result.BadRequestObjectResult[1]
      Setting HTTP status code 400.
info: Microsoft.AspNetCore.Http.Result.BadRequestObjectResult[3]
      Writing value of type '<>f__AnonymousType5`1' as Json.
info: Microsoft.AspNetCore.Routing.EndpointMiddleware[1]
      Executed endpoint 'HTTP: POST /api/v1/qr/sessions'
info: Microsoft.AspNetCore.Hosting.Diagnostics[2]
      Request finished HTTP/1.1 POST https://127.0.0.1:42937/api/v1/qr/sessions?terminalId=ae603e08-c795-4577-93c6-cab0a2fdfce9 - 400 - application/json;+charset=utf-8 2.6963ms
info: Microsoft.AspNetCore.Hosting.Diagnostics[1]
      Request starting HTTP/1.1 POST http://127.0.0.1:42937/api/v1/terminals/7258ba4a-9ece-40b9-9942-ea4f53300b66/billing/bills/from-order/22b27f51-12c7-4893-a910-1589d46d27c4?terminalId=7258ba4a-9ece-40b9-9942-ea4f53300b66 - application/json;+charset=utf-8 2
info: Microsoft.AspNetCore.Routing.EndpointMiddleware[0]
      Executing endpoint 'HTTP: POST /api/v1/terminals/{terminalId:guid}/billing/bills/from-order/{orderId:guid}'
info: Microsoft.AspNetCore.Http.Result.JsonResult[1]
      Setting HTTP status code 401.
info: Microsoft.AspNetCore.Http.Result.JsonResult[3]
      Writing value of type 'BillingSplitErrorEnvelope' as Json.
info: Microsoft.AspNetCore.Routing.EndpointMiddleware[1]
      Executed endpoint 'HTTP: POST /api/v1/terminals/{terminalId:guid}/billing/bills/from-order/{orderId:guid}'
info: Microsoft.AspNetCore.Hosting.Diagnostics[2]
      Request finished HTTP/1.1 POST https://127.0.0.1:42937/api/v1/terminals/7258ba4a-9ece-40b9-9942-ea4f53300b66/billing/bills/from-order/22b27f51-12c7-4893-a910-1589d46d27c4?terminalId=7258ba4a-9ece-40b9-9942-ea4f53300b66 - 401 - application/json;+charset=utf-8 0.5484ms
info: Microsoft.AspNetCore.Hosting.Diagnostics[1]
      Request starting HTTP/1.1 GET http://127.0.0.1:42937/api/v1/terminals/55b170b6-cd7f-4174-a18e-260c12c7a350/billing/bills/dc6f822e-1921-4a03-8b85-9fee799fa833/adjustments?terminalId=55b170b6-cd7f-4174-a18e-260c12c7a350 - - -
info: Microsoft.AspNetCore.Routing.EndpointMiddleware[0]
      Executing endpoint 'HTTP: GET /api/v1/terminals/{terminalId:guid}/billing/bills/{billId:guid}/adjustments'
info: Microsoft.AspNetCore.Http.Result.JsonResult[1]
      Setting HTTP status code 401.
info: Microsoft.AspNetCore.Http.Result.JsonResult[3]
      Writing value of type 'BillingSplitErrorEnvelope' as Json.
info: Microsoft.AspNetCore.Routing.EndpointMiddleware[1]
      Executed endpoint 'HTTP: GET /api/v1/terminals/{terminalId:guid}/billing/bills/{billId:guid}/adjustments'
info: Microsoft.AspNetCore.Hosting.Diagnostics[2]
      Request finished HTTP/1.1 GET https://127.0.0.1:42937/api/v1/terminals/55b170b6-cd7f-4174-a18e-260c12c7a350/billing/bills/dc6f822e-1921-4a03-8b85-9fee799fa833/adjustments?terminalId=55b170b6-cd7f-4174-a18e-260c12c7a350 - 401 - application/json;+charset=utf-8 1.6678ms
info: Microsoft.AspNetCore.Hosting.Diagnostics[1]
      Request starting HTTP/1.1 POST http://127.0.0.1:42937/api/v1/terminals/e8e0aba0-5bc1-42d7-8404-f4a5d16fe6a6/billing/bills/8dbcc884-b241-44e1-bbfb-c89bd7346246/discount?terminalId=e8e0aba0-5bc1-42d7-8404-f4a5d16fe6a6 - application/json;+charset=utf-8 2
info: Microsoft.AspNetCore.Routing.EndpointMiddleware[0]
      Executing endpoint 'HTTP: POST /api/v1/terminals/{terminalId:guid}/billing/bills/{billId:guid}/discount'
info: Microsoft.AspNetCore.Http.Result.JsonResult[1]
      Setting HTTP status code 401.
info: Microsoft.AspNetCore.Http.Result.JsonResult[3]
      Writing value of type 'BillingSplitErrorEnvelope' as Json.
info: Microsoft.AspNetCore.Routing.EndpointMiddleware[1]
      Executed endpoint 'HTTP: POST /api/v1/terminals/{terminalId:guid}/billing/bills/{billId:guid}/discount'
info: Microsoft.AspNetCore.Hosting.Diagnostics[2]
      Request finished HTTP/1.1 POST https://127.0.0.1:42937/api/v1/terminals/e8e0aba0-5bc1-42d7-8404-f4a5d16fe6a6/billing/bills/8dbcc884-b241-44e1-bbfb-c89bd7346246/discount?terminalId=e8e0aba0-5bc1-42d7-8404-f4a5d16fe6a6 - 401 - application/json;+charset=utf-8 0.6935ms
info: Microsoft.AspNetCore.Hosting.Diagnostics[1]
      Request starting HTTP/1.1 GET http://127.0.0.1:42937/api/v1/terminals/c22f260e-0ceb-4b58-b600-9115dface7b4/billing/bills/73438606-99da-4d40-968b-a261e208dcab/split-design/?terminalId=c22f260e-0ceb-4b58-b600-9115dface7b4 - - -
info: Microsoft.AspNetCore.Routing.EndpointMiddleware[0]
      Executing endpoint 'HTTP: GET /api/v1/terminals/{terminalId:guid}/billing/bills/{billId:guid}/split-design/'
info: Microsoft.AspNetCore.Http.Result.JsonResult[1]
      Setting HTTP status code 401.
info: Microsoft.AspNetCore.Http.Result.JsonResult[3]
      Writing value of type 'BillingSplitErrorEnvelope' as Json.
info: Microsoft.AspNetCore.Routing.EndpointMiddleware[1]
      Executed endpoint 'HTTP: GET /api/v1/terminals/{terminalId:guid}/billing/bills/{billId:guid}/split-design/'
info: Microsoft.AspNetCore.Hosting.Diagnostics[2]
      Request finished HTTP/1.1 GET https://127.0.0.1:42937/api/v1/terminals/c22f260e-0ceb-4b58-b600-9115dface7b4/billing/bills/73438606-99da-4d40-968b-a261e208dcab/split-design/?terminalId=c22f260e-0ceb-4b58-b600-9115dface7b4 - 401 - application/json;+charset=utf-8 0.9892ms
info: Microsoft.AspNetCore.Hosting.Diagnostics[1]
      Request starting HTTP/1.1 PUT http://127.0.0.1:42937/api/v1/terminals/2df37906-652b-4e69-933c-65bb7bceeb3f/billing/bills/9569f2f3-5e34-4f15-a260-d495f7348f48/split-design/amounts?terminalId=2df37906-652b-4e69-933c-65bb7bceeb3f - application/json;+charset=utf-8 2
info: Microsoft.AspNetCore.Routing.EndpointMiddleware[0]
      Executing endpoint 'HTTP: PUT /api/v1/terminals/{terminalId:guid}/billing/bills/{billId:guid}/split-design/amounts'
info: Microsoft.AspNetCore.Http.Result.JsonResult[1]
      Setting HTTP status code 401.
info: Microsoft.AspNetCore.Http.Result.JsonResult[3]
      Writing value of type 'BillingSplitErrorEnvelope' as Json.
info: Microsoft.AspNetCore.Routing.EndpointMiddleware[1]
      Executed endpoint 'HTTP: PUT /api/v1/terminals/{terminalId:guid}/billing/bills/{billId:guid}/split-design/amounts'
info: Microsoft.AspNetCore.Hosting.Diagnostics[2]
      Request finished HTTP/1.1 PUT https://127.0.0.1:42937/api/v1/terminals/2df37906-652b-4e69-933c-65bb7bceeb3f/billing/bills/9569f2f3-5e34-4f15-a260-d495f7348f48/split-design/amounts?terminalId=2df37906-652b-4e69-933c-65bb7bceeb3f - 401 - application/json;+charset=utf-8 0.3977ms
info: Microsoft.AspNetCore.Hosting.Diagnostics[1]
      Request starting HTTP/1.1 POST http://127.0.0.1:42937/api/v1/terminals/8b9cf2eb-5144-4621-a65c-c282c3f88855/billing/bills/c555993c-7f40-40d9-a432-b1bb022deb8e/split-design/clear?terminalId=8b9cf2eb-5144-4621-a65c-c282c3f88855 - application/json;+charset=utf-8 2
info: Microsoft.AspNetCore.Routing.EndpointMiddleware[0]
      Executing endpoint 'HTTP: POST /api/v1/terminals/{terminalId:guid}/billing/bills/{billId:guid}/split-design/clear'
info: Microsoft.AspNetCore.Http.Result.JsonResult[1]
      Setting HTTP status code 401.
info: Microsoft.AspNetCore.Http.Result.JsonResult[3]
      Writing value of type 'BillingSplitErrorEnvelope' as Json.
info: Microsoft.AspNetCore.Routing.EndpointMiddleware[1]
      Executed endpoint 'HTTP: POST /api/v1/terminals/{terminalId:guid}/billing/bills/{billId:guid}/split-design/clear'
info: Microsoft.AspNetCore.Hosting.Diagnostics[2]
      Request finished HTTP/1.1 POST https://127.0.0.1:42937/api/v1/terminals/8b9cf2eb-5144-4621-a65c-c282c3f88855/billing/bills/c555993c-7f40-40d9-a432-b1bb022deb8e/split-design/clear?terminalId=8b9cf2eb-5144-4621-a65c-c282c3f88855 - 401 - application/json;+charset=utf-8 0.3928ms
info: Microsoft.AspNetCore.Hosting.Diagnostics[1]
      Request starting HTTP/1.1 PUT http://127.0.0.1:42937/api/v1/terminals/8b009468-bb96-4e9d-a553-ee7fe5e04d2e/billing/bills/3828fe4c-93c8-4e04-9239-dca739017ae1/split-design/custom?terminalId=8b009468-bb96-4e9d-a553-ee7fe5e04d2e - application/json;+charset=utf-8 2
info: Microsoft.AspNetCore.Routing.EndpointMiddleware[0]
      Executing endpoint 'HTTP: PUT /api/v1/terminals/{terminalId:guid}/billing/bills/{billId:guid}/split-design/custom'
info: Microsoft.AspNetCore.Http.Result.JsonResult[1]
      Setting HTTP status code 401.
info: Microsoft.AspNetCore.Http.Result.JsonResult[3]
      Writing value of type 'BillingSplitErrorEnvelope' as Json.
info: Microsoft.AspNetCore.Routing.EndpointMiddleware[1]
      Executed endpoint 'HTTP: PUT /api/v1/terminals/{terminalId:guid}/billing/bills/{billId:guid}/split-design/custom'
info: Microsoft.AspNetCore.Hosting.Diagnostics[2]
      Request finished HTTP/1.1 PUT https://127.0.0.1:42937/api/v1/terminals/8b009468-bb96-4e9d-a553-ee7fe5e04d2e/billing/bills/3828fe4c-93c8-4e04-9239-dca739017ae1/split-design/custom?terminalId=8b009468-bb96-4e9d-a553-ee7fe5e04d2e - 401 - application/json;+charset=utf-8 0.3776ms
info: Microsoft.AspNetCore.Hosting.Diagnostics[1]
      Request starting HTTP/1.1 PUT http://127.0.0.1:42937/api/v1/terminals/c6f451f3-0f97-4946-9446-fe46a4983547/billing/bills/f326e0ea-6b44-45ed-a633-9aa0f0b56ced/split-design/equal?terminalId=c6f451f3-0f97-4946-9446-fe46a4983547 - application/json;+charset=utf-8 2
info: Microsoft.AspNetCore.Routing.EndpointMiddleware[0]
      Executing endpoint 'HTTP: PUT /api/v1/terminals/{terminalId:guid}/billing/bills/{billId:guid}/split-design/equal'
info: Microsoft.AspNetCore.Http.Result.JsonResult[1]
      Setting HTTP status code 401.
info: Microsoft.AspNetCore.Http.Result.JsonResult[3]
      Writing value of type 'BillingSplitErrorEnvelope' as Json.
info: Microsoft.AspNetCore.Routing.EndpointMiddleware[1]
      Executed endpoint 'HTTP: PUT /api/v1/terminals/{terminalId:guid}/billing/bills/{billId:guid}/split-design/equal'
info: Microsoft.AspNetCore.Hosting.Diagnostics[2]
      Request finished HTTP/1.1 PUT https://127.0.0.1:42937/api/v1/terminals/c6f451f3-0f97-4946-9446-fe46a4983547/billing/bills/f326e0ea-6b44-45ed-a633-9aa0f0b56ced/split-design/equal?terminalId=c6f451f3-0f97-4946-9446-fe46a4983547 - 401 - application/json;+charset=utf-8 0.3210ms
info: Microsoft.AspNetCore.Hosting.Diagnostics[1]
      Request starting HTTP/1.1 PUT http://127.0.0.1:42937/api/v1/terminals/1383b2e6-1624-46c2-82d5-62ff0f7e3520/billing/bills/a28bca2f-aa9f-4e4c-8d8b-be240b271b90/split-design/items?terminalId=1383b2e6-1624-46c2-82d5-62ff0f7e3520 - application/json;+charset=utf-8 2
info: Microsoft.AspNetCore.Routing.EndpointMiddleware[0]
      Executing endpoint 'HTTP: PUT /api/v1/terminals/{terminalId:guid}/billing/bills/{billId:guid}/split-design/items'
info: Microsoft.AspNetCore.Http.Result.JsonResult[1]
      Setting HTTP status code 401.
info: Microsoft.AspNetCore.Http.Result.JsonResult[3]
      Writing value of type 'BillingSplitErrorEnvelope' as Json.
info: Microsoft.AspNetCore.Routing.EndpointMiddleware[1]
      Executed endpoint 'HTTP: PUT /api/v1/terminals/{terminalId:guid}/billing/bills/{billId:guid}/split-design/items'
info: Microsoft.AspNetCore.Hosting.Diagnostics[2]
      Request finished HTTP/1.1 PUT https://127.0.0.1:42937/api/v1/terminals/1383b2e6-1624-46c2-82d5-62ff0f7e3520/billing/bills/a28bca2f-aa9f-4e4c-8d8b-be240b271b90/split-design/items?terminalId=1383b2e6-1624-46c2-82d5-62ff0f7e3520 - 401 - application/json;+charset=utf-8 0.5234ms
info: Microsoft.AspNetCore.Hosting.Diagnostics[1]
      Request starting HTTP/1.1 GET http://127.0.0.1:42937/api/v1/terminals/56062168-a084-4003-8736-2c21ec10f1d0/billing/bills/198c4452-e040-47d6-814e-31ebdd566706/split-design/owners?terminalId=56062168-a084-4003-8736-2c21ec10f1d0 - - -
info: Microsoft.AspNetCore.Routing.EndpointMiddleware[0]
      Executing endpoint 'HTTP: GET /api/v1/terminals/{terminalId:guid}/billing/bills/{billId:guid}/split-design/owners'
info: Microsoft.AspNetCore.Http.Result.JsonResult[1]
      Setting HTTP status code 401.
info: Microsoft.AspNetCore.Http.Result.JsonResult[3]
      Writing value of type 'BillingSplitErrorEnvelope' as Json.
info: Microsoft.AspNetCore.Routing.EndpointMiddleware[1]
      Executed endpoint 'HTTP: GET /api/v1/terminals/{terminalId:guid}/billing/bills/{billId:guid}/split-design/owners'
info: Microsoft.AspNetCore.Hosting.Diagnostics[2]
      Request finished HTTP/1.1 GET https://127.0.0.1:42937/api/v1/terminals/56062168-a084-4003-8736-2c21ec10f1d0/billing/bills/198c4452-e040-47d6-814e-31ebdd566706/split-design/owners?terminalId=56062168-a084-4003-8736-2c21ec10f1d0 - 401 - application/json;+charset=utf-8 1.4716ms
info: Microsoft.AspNetCore.Hosting.Diagnostics[1]
      Request starting HTTP/1.1 GET http://127.0.0.1:42937/api/v1/terminals/10356275-e8c7-4728-8051-3d233e8912f4/billing/bills/01f02b76-92cc-4a0e-94f4-c87f151c2ba5/tenders/?terminalId=10356275-e8c7-4728-8051-3d233e8912f4 - - -
info: Microsoft.AspNetCore.Routing.EndpointMiddleware[0]
      Executing endpoint 'HTTP: GET /api/v1/terminals/{terminalId:guid}/billing/bills/{billId:guid}/tenders/'
info: Microsoft.AspNetCore.Routing.EndpointMiddleware[1]
      Executed endpoint 'HTTP: GET /api/v1/terminals/{terminalId:guid}/billing/bills/{billId:guid}/tenders/'
info: Microsoft.AspNetCore.Hosting.Diagnostics[2]
      Request finished HTTP/1.1 GET https://127.0.0.1:42937/api/v1/terminals/10356275-e8c7-4728-8051-3d233e8912f4/billing/bills/01f02b76-92cc-4a0e-94f4-c87f151c2ba5/tenders/?terminalId=10356275-e8c7-4728-8051-3d233e8912f4 - 401 - application/json;+charset=utf-8 3.5149ms
info: Microsoft.AspNetCore.Hosting.Diagnostics[1]
      Request starting HTTP/1.1 POST http://127.0.0.1:42937/api/v1/terminals/85fe3ccf-fb4a-41d9-8ab5-3a837dff9d57/billing/bills/d84ffbb8-1510-47c4-a08d-ee4adb513334/tenders/?terminalId=85fe3ccf-fb4a-41d9-8ab5-3a837dff9d57 - application/json;+charset=utf-8 2
info: Microsoft.AspNetCore.Routing.EndpointMiddleware[0]
      Executing endpoint 'HTTP: POST /api/v1/terminals/{terminalId:guid}/billing/bills/{billId:guid}/tenders/'
info: Microsoft.AspNetCore.Routing.EndpointMiddleware[1]
      Executed endpoint 'HTTP: POST /api/v1/terminals/{terminalId:guid}/billing/bills/{billId:guid}/tenders/'
info: Microsoft.AspNetCore.Hosting.Diagnostics[2]
      Request finished HTTP/1.1 POST https://127.0.0.1:42937/api/v1/terminals/85fe3ccf-fb4a-41d9-8ab5-3a837dff9d57/billing/bills/d84ffbb8-1510-47c4-a08d-ee4adb513334/tenders/?terminalId=85fe3ccf-fb4a-41d9-8ab5-3a837dff9d57 - 401 - application/json;+charset=utf-8 1.1854ms
info: Microsoft.AspNetCore.Hosting.Diagnostics[1]
      Request starting HTTP/1.1 POST http://127.0.0.1:42937/api/v1/terminals/ad6133b8-047e-45c0-b07a-444159fb2a54/billing/bills/60caf342-1c10-470b-b367-b45636b40785/tenders/confirmations/2269cd80-d9d9-4b09-a051-99b890268c26/approve?terminalId=ad6133b8-047e-45c0-b07a-444159fb2a54 - application/json;+charset=utf-8 2
info: Microsoft.AspNetCore.Routing.EndpointMiddleware[0]
      Executing endpoint 'HTTP: POST /api/v1/terminals/{terminalId:guid}/billing/bills/{billId:guid}/tenders/confirmations/{confirmationId:guid}/approve'
info: Microsoft.AspNetCore.Routing.EndpointMiddleware[1]
      Executed endpoint 'HTTP: POST /api/v1/terminals/{terminalId:guid}/billing/bills/{billId:guid}/tenders/confirmations/{confirmationId:guid}/approve'
info: Microsoft.AspNetCore.Hosting.Diagnostics[2]
      Request finished HTTP/1.1 POST https://127.0.0.1:42937/api/v1/terminals/ad6133b8-047e-45c0-b07a-444159fb2a54/billing/bills/60caf342-1c10-470b-b367-b45636b40785/tenders/confirmations/2269cd80-d9d9-4b09-a051-99b890268c26/approve?terminalId=ad6133b8-047e-45c0-b07a-444159fb2a54 - 401 - application/json;+charset=utf-8 0.6202ms
info: Microsoft.AspNetCore.Hosting.Diagnostics[1]
      Request starting HTTP/1.1 POST http://127.0.0.1:42937/api/v1/terminals/9cf9e3e5-d27a-449b-b9ce-d9956c669482/billing/bills/162c35e9-e114-4c62-9af6-1cf5a39b87b5/tenders/confirmations/cebc694a-ea28-440c-b07e-2ae92fcc6f94/reject?terminalId=9cf9e3e5-d27a-449b-b9ce-d9956c669482 - application/json;+charset=utf-8 2
info: Microsoft.AspNetCore.Routing.EndpointMiddleware[0]
      Executing endpoint 'HTTP: POST /api/v1/terminals/{terminalId:guid}/billing/bills/{billId:guid}/tenders/confirmations/{confirmationId:guid}/reject'
info: Microsoft.AspNetCore.Routing.EndpointMiddleware[1]
      Executed endpoint 'HTTP: POST /api/v1/terminals/{terminalId:guid}/billing/bills/{billId:guid}/tenders/confirmations/{confirmationId:guid}/reject'
info: Microsoft.AspNetCore.Hosting.Diagnostics[2]
      Request finished HTTP/1.1 POST https://127.0.0.1:42937/api/v1/terminals/9cf9e3e5-d27a-449b-b9ce-d9956c669482/billing/bills/162c35e9-e114-4c62-9af6-1cf5a39b87b5/tenders/confirmations/cebc694a-ea28-440c-b07e-2ae92fcc6f94/reject?terminalId=9cf9e3e5-d27a-449b-b9ce-d9956c669482 - 401 - application/json;+charset=utf-8 0.5163ms
info: Microsoft.AspNetCore.Hosting.Diagnostics[1]
      Request starting HTTP/1.1 POST http://127.0.0.1:42937/api/v1/terminals/e44ecc41-1c74-4549-880c-b5735dcb1e10/billing/bills/26fb49b1-e28e-4b68-9707-65c84252cd14/tenders/unsettled/cb4ee13d-c902-47ae-950c-3323c781033f/card-charged?terminalId=e44ecc41-1c74-4549-880c-b5735dcb1e10 - application/json;+charset=utf-8 2
info: Microsoft.AspNetCore.Routing.EndpointMiddleware[0]
      Executing endpoint 'HTTP: POST /api/v1/terminals/{terminalId:guid}/billing/bills/{billId:guid}/tenders/unsettled/{paymentId:guid}/card-charged'
info: Microsoft.AspNetCore.Routing.EndpointMiddleware[1]
      Executed endpoint 'HTTP: POST /api/v1/terminals/{terminalId:guid}/billing/bills/{billId:guid}/tenders/unsettled/{paymentId:guid}/card-charged'
info: Microsoft.AspNetCore.Hosting.Diagnostics[2]
      Request finished HTTP/1.1 POST https://127.0.0.1:42937/api/v1/terminals/e44ecc41-1c74-4549-880c-b5735dcb1e10/billing/bills/26fb49b1-e28e-4b68-9707-65c84252cd14/tenders/unsettled/cb4ee13d-c902-47ae-950c-3323c781033f/card-charged?terminalId=e44ecc41-1c74-4549-880c-b5735dcb1e10 - 401 - application/json;+charset=utf-8 0.4962ms
info: Microsoft.AspNetCore.Hosting.Diagnostics[1]
      Request starting HTTP/1.1 POST http://127.0.0.1:42937/api/v1/terminals/0943f4f7-6f45-4d18-aff9-f9112f43cdc3/billing/bills/69d85b91-5173-4393-b8d2-19cbd9880f66/tenders/unsettled/84943ee4-4ff9-4484-b38e-018a6b057355/not-charged?terminalId=0943f4f7-6f45-4d18-aff9-f9112f43cdc3 - application/json;+charset=utf-8 2
info: Microsoft.AspNetCore.Routing.EndpointMiddleware[0]
      Executing endpoint 'HTTP: POST /api/v1/terminals/{terminalId:guid}/billing/bills/{billId:guid}/tenders/unsettled/{paymentId:guid}/not-charged'
info: Microsoft.AspNetCore.Routing.EndpointMiddleware[1]
      Executed endpoint 'HTTP: POST /api/v1/terminals/{terminalId:guid}/billing/bills/{billId:guid}/tenders/unsettled/{paymentId:guid}/not-charged'
info: Microsoft.AspNetCore.Hosting.Diagnostics[2]
      Request finished HTTP/1.1 POST https://127.0.0.1:42937/api/v1/terminals/0943f4f7-6f45-4d18-aff9-f9112f43cdc3/billing/bills/69d85b91-5173-4393-b8d2-19cbd9880f66/tenders/unsettled/84943ee4-4ff9-4484-b38e-018a6b057355/not-charged?terminalId=0943f4f7-6f45-4d18-aff9-f9112f43cdc3 - 401 - application/json;+charset=utf-8 0.7909ms
info: Microsoft.AspNetCore.Hosting.Diagnostics[1]
      Request starting HTTP/1.1 POST http://127.0.0.1:42937/api/v1/terminals/3816113c-bc4c-4def-ad45-b4b24388ad97/billing/bills/21519a14-33b8-423b-95b8-160e3fa866f9/tip?terminalId=3816113c-bc4c-4def-ad45-b4b24388ad97 - application/json;+charset=utf-8 2
info: Microsoft.AspNetCore.Routing.EndpointMiddleware[0]
      Executing endpoint 'HTTP: POST /api/v1/terminals/{terminalId:guid}/billing/bills/{billId:guid}/tip'
info: Microsoft.AspNetCore.Http.Result.JsonResult[1]
      Setting HTTP status code 401.
info: Microsoft.AspNetCore.Http.Result.JsonResult[3]
      Writing value of type 'BillingSplitErrorEnvelope' as Json.
info: Microsoft.AspNetCore.Routing.EndpointMiddleware[1]
      Executed endpoint 'HTTP: POST /api/v1/terminals/{terminalId:guid}/billing/bills/{billId:guid}/tip'
info: Microsoft.AspNetCore.Hosting.Diagnostics[2]
      Request finished HTTP/1.1 POST https://127.0.0.1:42937/api/v1/terminals/3816113c-bc4c-4def-ad45-b4b24388ad97/billing/bills/21519a14-33b8-423b-95b8-160e3fa866f9/tip?terminalId=3816113c-bc4c-4def-ad45-b4b24388ad97 - 401 - application/json;+charset=utf-8 0.4745ms
info: Microsoft.AspNetCore.Hosting.Diagnostics[1]
      Request starting HTTP/1.1 POST http://127.0.0.1:42937/api/v1/terminals/6cec7fd4-2ccf-4a94-8508-39510d2f9b71/cash-sessions/?terminalId=6cec7fd4-2ccf-4a94-8508-39510d2f9b71 - application/json;+charset=utf-8 2
info: Microsoft.AspNetCore.Routing.EndpointMiddleware[0]
      Executing endpoint 'HTTP: POST /api/v1/terminals/{terminalId:guid}/cash-sessions/'
info: Microsoft.AspNetCore.Routing.EndpointMiddleware[1]
      Executed endpoint 'HTTP: POST /api/v1/terminals/{terminalId:guid}/cash-sessions/'
info: Microsoft.AspNetCore.Hosting.Diagnostics[2]
      Request finished HTTP/1.1 POST https://127.0.0.1:42937/api/v1/terminals/6cec7fd4-2ccf-4a94-8508-39510d2f9b71/cash-sessions/?terminalId=6cec7fd4-2ccf-4a94-8508-39510d2f9b71 - 401 - application/json;+charset=utf-8 0.4125ms
info: Microsoft.AspNetCore.Hosting.Diagnostics[1]
      Request starting HTTP/1.1 GET http://127.0.0.1:42937/api/v1/terminals/98d23080-9c74-4aef-9a1b-da8b1eab48f2/cash-sessions/active?terminalId=98d23080-9c74-4aef-9a1b-da8b1eab48f2 - - -
info: Microsoft.AspNetCore.Routing.EndpointMiddleware[0]
      Executing endpoint 'HTTP: GET /api/v1/terminals/{terminalId:guid}/cash-sessions/active'
info: Microsoft.AspNetCore.Routing.EndpointMiddleware[1]
      Executed endpoint 'HTTP: GET /api/v1/terminals/{terminalId:guid}/cash-sessions/active'
info: Microsoft.AspNetCore.Hosting.Diagnostics[2]
      Request finished HTTP/1.1 GET https://127.0.0.1:42937/api/v1/terminals/98d23080-9c74-4aef-9a1b-da8b1eab48f2/cash-sessions/active?terminalId=98d23080-9c74-4aef-9a1b-da8b1eab48f2 - 401 - application/json;+charset=utf-8 1.6892ms
info: Microsoft.AspNetCore.Hosting.Diagnostics[1]
      Request starting HTTP/1.1 GET http://127.0.0.1:42937/api/v1/terminals/de1b52d6-5fa5-4051-a718-00fc4150a0a5/cash-sessions/suggested-opening-balance?terminalId=de1b52d6-5fa5-4051-a718-00fc4150a0a5 - - -
info: Microsoft.AspNetCore.Routing.EndpointMiddleware[0]
      Executing endpoint 'HTTP: GET /api/v1/terminals/{terminalId:guid}/cash-sessions/suggested-opening-balance'
info: Microsoft.AspNetCore.Routing.EndpointMiddleware[1]
      Executed endpoint 'HTTP: GET /api/v1/terminals/{terminalId:guid}/cash-sessions/suggested-opening-balance'
info: Microsoft.AspNetCore.Hosting.Diagnostics[2]
      Request finished HTTP/1.1 GET https://127.0.0.1:42937/api/v1/terminals/de1b52d6-5fa5-4051-a718-00fc4150a0a5/cash-sessions/suggested-opening-balance?terminalId=de1b52d6-5fa5-4051-a718-00fc4150a0a5 - 401 - application/json;+charset=utf-8 1.3358ms
info: Microsoft.AspNetCore.Hosting.Diagnostics[1]
      Request starting HTTP/1.1 POST http://127.0.0.1:42937/api/v1/terminals/5339f2dd-70cd-467e-9be3-ea627e382830/cash-sessions/38da33df-4a32-4286-a26e-8c2d689cfd8c/cash-movements?terminalId=5339f2dd-70cd-467e-9be3-ea627e382830 - application/json;+charset=utf-8 2
info: Microsoft.AspNetCore.Routing.EndpointMiddleware[0]
      Executing endpoint 'HTTP: POST /api/v1/terminals/{terminalId:guid}/cash-sessions/{cashSessionId:guid}/cash-movements'
info: Microsoft.AspNetCore.Routing.EndpointMiddleware[1]
      Executed endpoint 'HTTP: POST /api/v1/terminals/{terminalId:guid}/cash-sessions/{cashSessionId:guid}/cash-movements'
info: Microsoft.AspNetCore.Hosting.Diagnostics[2]
      Request finished HTTP/1.1 POST https://127.0.0.1:42937/api/v1/terminals/5339f2dd-70cd-467e-9be3-ea627e382830/cash-sessions/38da33df-4a32-4286-a26e-8c2d689cfd8c/cash-movements?terminalId=5339f2dd-70cd-467e-9be3-ea627e382830 - 401 - application/json;+charset=utf-8 0.4341ms
info: Microsoft.AspNetCore.Hosting.Diagnostics[1]
      Request starting HTTP/1.1 POST http://127.0.0.1:42937/api/v1/terminals/83bf7f70-fee6-49f8-ba12-8cbf807c4580/cash-sessions/e83fdf65-f49b-41a2-befb-7ac9c5646070/cash-tender?terminalId=83bf7f70-fee6-49f8-ba12-8cbf807c4580 - application/json;+charset=utf-8 2
info: Microsoft.AspNetCore.Routing.EndpointMiddleware[0]
      Executing endpoint 'HTTP: POST /api/v1/terminals/{terminalId:guid}/cash-sessions/{cashSessionId:guid}/cash-tender'
info: Microsoft.AspNetCore.Routing.EndpointMiddleware[1]
      Executed endpoint 'HTTP: POST /api/v1/terminals/{terminalId:guid}/cash-sessions/{cashSessionId:guid}/cash-tender'
info: Microsoft.AspNetCore.Hosting.Diagnostics[2]
      Request finished HTTP/1.1 POST https://127.0.0.1:42937/api/v1/terminals/83bf7f70-fee6-49f8-ba12-8cbf807c4580/cash-sessions/e83fdf65-f49b-41a2-befb-7ac9c5646070/cash-tender?terminalId=83bf7f70-fee6-49f8-ba12-8cbf807c4580 - 401 - application/json;+charset=utf-8 0.9759ms
info: Microsoft.AspNetCore.Hosting.Diagnostics[1]
      Request starting HTTP/1.1 POST http://127.0.0.1:42937/api/v1/terminals/eadd4e66-2121-42c4-818b-d3c18dd2a32d/cash-sessions/d585c3d3-497d-4def-bf9c-d6c5b703421d/close?terminalId=eadd4e66-2121-42c4-818b-d3c18dd2a32d - application/json;+charset=utf-8 2
info: Microsoft.AspNetCore.Routing.EndpointMiddleware[0]
      Executing endpoint 'HTTP: POST /api/v1/terminals/{terminalId:guid}/cash-sessions/{cashSessionId:guid}/close'
info: Microsoft.AspNetCore.Routing.EndpointMiddleware[1]
      Executed endpoint 'HTTP: POST /api/v1/terminals/{terminalId:guid}/cash-sessions/{cashSessionId:guid}/close'
info: Microsoft.AspNetCore.Hosting.Diagnostics[2]
      Request finished HTTP/1.1 POST https://127.0.0.1:42937/api/v1/terminals/eadd4e66-2121-42c4-818b-d3c18dd2a32d/cash-sessions/d585c3d3-497d-4def-bf9c-d6c5b703421d/close?terminalId=eadd4e66-2121-42c4-818b-d3c18dd2a32d - 401 - application/json;+charset=utf-8 0.4442ms
info: Microsoft.AspNetCore.Hosting.Diagnostics[1]
      Request starting HTTP/1.1 POST http://127.0.0.1:42937/api/v1/terminals/60fd0763-6b8e-48e9-95f1-dd732628094f/cash-sessions/a3797763-8aa6-4703-97c7-92520234a2e1/counts?terminalId=60fd0763-6b8e-48e9-95f1-dd732628094f - application/json;+charset=utf-8 2
info: Microsoft.AspNetCore.Routing.EndpointMiddleware[0]
      Executing endpoint 'HTTP: POST /api/v1/terminals/{terminalId:guid}/cash-sessions/{cashSessionId:guid}/counts'
info: Microsoft.AspNetCore.Routing.EndpointMiddleware[1]
      Executed endpoint 'HTTP: POST /api/v1/terminals/{terminalId:guid}/cash-sessions/{cashSessionId:guid}/counts'
info: Microsoft.AspNetCore.Hosting.Diagnostics[2]
      Request finished HTTP/1.1 POST https://127.0.0.1:42937/api/v1/terminals/60fd0763-6b8e-48e9-95f1-dd732628094f/cash-sessions/a3797763-8aa6-4703-97c7-92520234a2e1/counts?terminalId=60fd0763-6b8e-48e9-95f1-dd732628094f - 401 - application/json;+charset=utf-8 0.7463ms
info: Microsoft.AspNetCore.Hosting.Diagnostics[1]
      Request starting HTTP/1.1 GET http://127.0.0.1:42937/api/v1/terminals/2ec9aa33-839a-4743-b39c-0aaf046f317d/cash-sessions/157ff2e0-7eca-4841-91be-1ba86f34850a/expected-cash?terminalId=2ec9aa33-839a-4743-b39c-0aaf046f317d - - -
info: Microsoft.AspNetCore.Routing.EndpointMiddleware[0]
      Executing endpoint 'HTTP: GET /api/v1/terminals/{terminalId:guid}/cash-sessions/{cashSessionId:guid}/expected-cash'
info: Microsoft.AspNetCore.Routing.EndpointMiddleware[1]
      Executed endpoint 'HTTP: GET /api/v1/terminals/{terminalId:guid}/cash-sessions/{cashSessionId:guid}/expected-cash'
info: Microsoft.AspNetCore.Hosting.Diagnostics[2]
      Request finished HTTP/1.1 GET https://127.0.0.1:42937/api/v1/terminals/2ec9aa33-839a-4743-b39c-0aaf046f317d/cash-sessions/157ff2e0-7eca-4841-91be-1ba86f34850a/expected-cash?terminalId=2ec9aa33-839a-4743-b39c-0aaf046f317d - 401 - application/json;+charset=utf-8 1.4770ms
info: Microsoft.AspNetCore.Hosting.Diagnostics[1]
      Request starting HTTP/1.1 POST http://127.0.0.1:42937/api/v1/terminals/314d6a4b-9450-43cf-9077-33424214a34d/cash-sessions/5dad60c3-79a4-440c-9931-7fe75e4a9ba4/reconcile?terminalId=314d6a4b-9450-43cf-9077-33424214a34d - application/json;+charset=utf-8 2
info: Microsoft.AspNetCore.Routing.EndpointMiddleware[0]
      Executing endpoint 'HTTP: POST /api/v1/terminals/{terminalId:guid}/cash-sessions/{cashSessionId:guid}/reconcile'
info: Microsoft.AspNetCore.Routing.EndpointMiddleware[1]
      Executed endpoint 'HTTP: POST /api/v1/terminals/{terminalId:guid}/cash-sessions/{cashSessionId:guid}/reconcile'
info: Microsoft.AspNetCore.Hosting.Diagnostics[2]
      Request finished HTTP/1.1 POST https://127.0.0.1:42937/api/v1/terminals/314d6a4b-9450-43cf-9077-33424214a34d/cash-sessions/5dad60c3-79a4-440c-9931-7fe75e4a9ba4/reconcile?terminalId=314d6a4b-9450-43cf-9077-33424214a34d - 401 - application/json;+charset=utf-8 0.4803ms
info: Microsoft.AspNetCore.Hosting.Diagnostics[1]
      Request starting HTTP/1.1 POST http://127.0.0.1:42937/api/v1/terminals/c91885f2-acde-41ea-89f2-8a15a9187b61/cash-sessions/54b750bc-c988-4204-bca4-b2254c65c3a1/start-count?terminalId=c91885f2-acde-41ea-89f2-8a15a9187b61 - application/json;+charset=utf-8 2
info: Microsoft.AspNetCore.Routing.EndpointMiddleware[0]
      Executing endpoint 'HTTP: POST /api/v1/terminals/{terminalId:guid}/cash-sessions/{cashSessionId:guid}/start-count'
info: Microsoft.AspNetCore.Routing.EndpointMiddleware[1]
      Executed endpoint 'HTTP: POST /api/v1/terminals/{terminalId:guid}/cash-sessions/{cashSessionId:guid}/start-count'
info: Microsoft.AspNetCore.Hosting.Diagnostics[2]
      Request finished HTTP/1.1 POST https://127.0.0.1:42937/api/v1/terminals/c91885f2-acde-41ea-89f2-8a15a9187b61/cash-sessions/54b750bc-c988-4204-bca4-b2254c65c3a1/start-count?terminalId=c91885f2-acde-41ea-89f2-8a15a9187b61 - 401 - application/json;+charset=utf-8 0.3801ms
info: Microsoft.AspNetCore.Hosting.Diagnostics[1]
      Request starting HTTP/1.1 GET http://127.0.0.1:42937/api/v1/terminals/691bf7ee-b6d0-4a27-b4bf-49c84b3fe0ec/catalog?terminalId=691bf7ee-b6d0-4a27-b4bf-49c84b3fe0ec - - -
info: Microsoft.AspNetCore.Routing.EndpointMiddleware[0]
      Executing endpoint 'HTTP: GET /api/v1/terminals/{terminalId:guid}/catalog'
info: Microsoft.AspNetCore.Routing.EndpointMiddleware[1]
      Executed endpoint 'HTTP: GET /api/v1/terminals/{terminalId:guid}/catalog'
info: Microsoft.AspNetCore.Hosting.Diagnostics[2]
      Request finished HTTP/1.1 GET https://127.0.0.1:42937/api/v1/terminals/691bf7ee-b6d0-4a27-b4bf-49c84b3fe0ec/catalog?terminalId=691bf7ee-b6d0-4a27-b4bf-49c84b3fe0ec - 401 - application/json;+charset=utf-8 1.5443ms
info: Microsoft.AspNetCore.Hosting.Diagnostics[1]
      Request starting HTTP/1.1 POST http://127.0.0.1:42937/api/v1/terminals/127e62da-a9ae-49e3-a302-c47805b7ac9d/display-sessions/revoke?terminalId=127e62da-a9ae-49e3-a302-c47805b7ac9d - application/json;+charset=utf-8 2
info: Microsoft.AspNetCore.Routing.EndpointMiddleware[0]
      Executing endpoint 'HTTP: POST /api/v1/terminals/{terminalId:guid}/display-sessions/revoke'
info: Microsoft.AspNetCore.Routing.EndpointMiddleware[1]
      Executed endpoint 'HTTP: POST /api/v1/terminals/{terminalId:guid}/display-sessions/revoke'
info: Microsoft.AspNetCore.Hosting.Diagnostics[2]
      Request finished HTTP/1.1 POST https://127.0.0.1:42937/api/v1/terminals/127e62da-a9ae-49e3-a302-c47805b7ac9d/display-sessions/revoke?terminalId=127e62da-a9ae-49e3-a302-c47805b7ac9d - 401 - application/json;+charset=utf-8 0.2964ms
info: Microsoft.AspNetCore.Hosting.Diagnostics[1]
      Request starting HTTP/1.1 POST http://127.0.0.1:42937/api/v1/terminals/80f2ad34-2cbf-4502-8df3-fe0701c235c2/help-requests/?terminalId=80f2ad34-2cbf-4502-8df3-fe0701c235c2 - application/json;+charset=utf-8 2
info: Microsoft.AspNetCore.Routing.EndpointMiddleware[0]
      Executing endpoint 'HTTP: POST /api/v1/terminals/{terminalId:guid}/help-requests/'
info: Microsoft.AspNetCore.Http.Result.JsonResult[1]
      Setting HTTP status code 401.
info: Microsoft.AspNetCore.Http.Result.JsonResult[3]
      Writing value of type '<>f__AnonymousType5`1' as Json.
info: Microsoft.AspNetCore.Routing.EndpointMiddleware[1]
      Executed endpoint 'HTTP: POST /api/v1/terminals/{terminalId:guid}/help-requests/'
info: Microsoft.AspNetCore.Hosting.Diagnostics[2]
      Request finished HTTP/1.1 POST https://127.0.0.1:42937/api/v1/terminals/80f2ad34-2cbf-4502-8df3-fe0701c235c2/help-requests/?terminalId=80f2ad34-2cbf-4502-8df3-fe0701c235c2 - 401 - application/json;+charset=utf-8 0.3023ms
info: Microsoft.AspNetCore.Hosting.Diagnostics[1]
      Request starting HTTP/1.1 GET http://127.0.0.1:42937/api/v1/terminals/f2956267-135c-477c-bd73-0d4ec2bb5e4d/kitchen-operations/audit/aggregate/probe/dfe02f99-d521-49df-a6fa-4278932320af?terminalId=f2956267-135c-477c-bd73-0d4ec2bb5e4d - - -
info: Microsoft.AspNetCore.Routing.EndpointMiddleware[0]
      Executing endpoint 'HTTP: GET /api/v1/terminals/{terminalId:guid}/kitchen-operations/audit/aggregate/{aggregateType}/{aggregateId:guid}'
info: Microsoft.AspNetCore.Http.Result.JsonResult[1]
      Setting HTTP status code 401.
info: Microsoft.AspNetCore.Http.Result.JsonResult[3]
      Writing value of type 'KitchenOperationsErrorEnvelopeV1' as Json.
info: Microsoft.AspNetCore.Routing.EndpointMiddleware[1]
      Executed endpoint 'HTTP: GET /api/v1/terminals/{terminalId:guid}/kitchen-operations/audit/aggregate/{aggregateType}/{aggregateId:guid}'
info: Microsoft.AspNetCore.Hosting.Diagnostics[2]
      Request finished HTTP/1.1 GET https://127.0.0.1:42937/api/v1/terminals/f2956267-135c-477c-bd73-0d4ec2bb5e4d/kitchen-operations/audit/aggregate/probe/dfe02f99-d521-49df-a6fa-4278932320af?terminalId=f2956267-135c-477c-bd73-0d4ec2bb5e4d - 401 - application/json;+charset=utf-8 2.4422ms
info: Microsoft.AspNetCore.Hosting.Diagnostics[1]
      Request starting HTTP/1.1 GET http://127.0.0.1:42937/api/v1/terminals/51d8114d-4137-4656-912a-b1390fe45024/kitchen-operations/audit/correlation/probe?terminalId=51d8114d-4137-4656-912a-b1390fe45024 - - -
info: Microsoft.AspNetCore.Routing.EndpointMiddleware[0]
      Executing endpoint 'HTTP: GET /api/v1/terminals/{terminalId:guid}/kitchen-operations/audit/correlation/{correlationId}'
info: Microsoft.AspNetCore.Http.Result.JsonResult[1]
      Setting HTTP status code 401.
info: Microsoft.AspNetCore.Http.Result.JsonResult[3]
      Writing value of type 'KitchenOperationsErrorEnvelopeV1' as Json.
info: Microsoft.AspNetCore.Routing.EndpointMiddleware[1]
      Executed endpoint 'HTTP: GET /api/v1/terminals/{terminalId:guid}/kitchen-operations/audit/correlation/{correlationId}'
info: Microsoft.AspNetCore.Hosting.Diagnostics[2]
      Request finished HTTP/1.1 GET https://127.0.0.1:42937/api/v1/terminals/51d8114d-4137-4656-912a-b1390fe45024/kitchen-operations/audit/correlation/probe?terminalId=51d8114d-4137-4656-912a-b1390fe45024 - 401 - application/json;+charset=utf-8 2.7215ms
info: Microsoft.AspNetCore.Hosting.Diagnostics[1]
      Request starting HTTP/1.1 GET http://127.0.0.1:42937/api/v1/terminals/9d9793d4-f920-4576-8c97-133cb5eb572f/kitchen-operations/categories?terminalId=9d9793d4-f920-4576-8c97-133cb5eb572f - - -
info: Microsoft.AspNetCore.Routing.EndpointMiddleware[0]
      Executing endpoint 'HTTP: GET /api/v1/terminals/{terminalId:guid}/kitchen-operations/categories'
info: Microsoft.AspNetCore.Http.Result.JsonResult[1]
      Setting HTTP status code 401.
info: Microsoft.AspNetCore.Http.Result.JsonResult[3]
      Writing value of type 'KitchenOperationsErrorEnvelopeV1' as Json.
info: Microsoft.AspNetCore.Routing.EndpointMiddleware[1]
      Executed endpoint 'HTTP: GET /api/v1/terminals/{terminalId:guid}/kitchen-operations/categories'
info: Microsoft.AspNetCore.Hosting.Diagnostics[2]
      Request finished HTTP/1.1 GET https://127.0.0.1:42937/api/v1/terminals/9d9793d4-f920-4576-8c97-133cb5eb572f/kitchen-operations/categories?terminalId=9d9793d4-f920-4576-8c97-133cb5eb572f - 401 - application/json;+charset=utf-8 1.7931ms
info: Microsoft.AspNetCore.Hosting.Diagnostics[1]
      Request starting HTTP/1.1 GET http://127.0.0.1:42937/api/v1/terminals/c893fe51-0b4e-4ae4-8bcf-5feeb4549ebc/kitchen-operations/deliveries/unknown?terminalId=c893fe51-0b4e-4ae4-8bcf-5feeb4549ebc - - -
info: Microsoft.AspNetCore.Routing.EndpointMiddleware[0]
      Executing endpoint 'HTTP: GET /api/v1/terminals/{terminalId:guid}/kitchen-operations/deliveries/unknown'
info: Microsoft.AspNetCore.Http.Result.JsonResult[1]
      Setting HTTP status code 401.
info: Microsoft.AspNetCore.Http.Result.JsonResult[3]
      Writing value of type 'KitchenOperationsErrorEnvelopeV1' as Json.
info: Microsoft.AspNetCore.Routing.EndpointMiddleware[1]
      Executed endpoint 'HTTP: GET /api/v1/terminals/{terminalId:guid}/kitchen-operations/deliveries/unknown'
info: Microsoft.AspNetCore.Hosting.Diagnostics[2]
      Request finished HTTP/1.1 GET https://127.0.0.1:42937/api/v1/terminals/c893fe51-0b4e-4ae4-8bcf-5feeb4549ebc/kitchen-operations/deliveries/unknown?terminalId=c893fe51-0b4e-4ae4-8bcf-5feeb4549ebc - 401 - application/json;+charset=utf-8 1.3746ms
info: Microsoft.AspNetCore.Hosting.Diagnostics[1]
      Request starting HTTP/1.1 GET http://127.0.0.1:42937/api/v1/terminals/fee405a8-43d5-4fc9-945c-3d4bdcabdd7c/kitchen-operations/deliveries/bc70ddb6-d946-4459-a028-8ff1844715b4?terminalId=fee405a8-43d5-4fc9-945c-3d4bdcabdd7c - - -
info: Microsoft.AspNetCore.Routing.EndpointMiddleware[0]
      Executing endpoint 'HTTP: GET /api/v1/terminals/{terminalId:guid}/kitchen-operations/deliveries/{deliveryId:guid}'
info: Microsoft.AspNetCore.Http.Result.JsonResult[1]
      Setting HTTP status code 401.
info: Microsoft.AspNetCore.Http.Result.JsonResult[3]
      Writing value of type 'KitchenOperationsErrorEnvelopeV1' as Json.
info: Microsoft.AspNetCore.Routing.EndpointMiddleware[1]
      Executed endpoint 'HTTP: GET /api/v1/terminals/{terminalId:guid}/kitchen-operations/deliveries/{deliveryId:guid}'
info: Microsoft.AspNetCore.Hosting.Diagnostics[2]
      Request finished HTTP/1.1 GET https://127.0.0.1:42937/api/v1/terminals/fee405a8-43d5-4fc9-945c-3d4bdcabdd7c/kitchen-operations/deliveries/bc70ddb6-d946-4459-a028-8ff1844715b4?terminalId=fee405a8-43d5-4fc9-945c-3d4bdcabdd7c - 401 - application/json;+charset=utf-8 1.2821ms
info: Microsoft.AspNetCore.Hosting.Diagnostics[1]
      Request starting HTTP/1.1 POST http://127.0.0.1:42937/api/v1/terminals/08856408-e5ff-4f83-addd-854747b48377/kitchen-operations/deliveries/98645464-1f39-44de-bc83-f233aaad59d0/reprint-approval?terminalId=08856408-e5ff-4f83-addd-854747b48377 - application/json;+charset=utf-8 2
info: Microsoft.AspNetCore.Routing.EndpointMiddleware[0]
      Executing endpoint 'HTTP: POST /api/v1/terminals/{terminalId:guid}/kitchen-operations/deliveries/{deliveryId:guid}/reprint-approval'
info: Microsoft.AspNetCore.Http.Result.JsonResult[1]
      Setting HTTP status code 401.
info: Microsoft.AspNetCore.Http.Result.JsonResult[3]
      Writing value of type 'KitchenOperationsErrorEnvelopeV1' as Json.
info: Microsoft.AspNetCore.Routing.EndpointMiddleware[1]
      Executed endpoint 'HTTP: POST /api/v1/terminals/{terminalId:guid}/kitchen-operations/deliveries/{deliveryId:guid}/reprint-approval'
info: Microsoft.AspNetCore.Hosting.Diagnostics[2]
      Request finished HTTP/1.1 POST https://127.0.0.1:42937/api/v1/terminals/08856408-e5ff-4f83-addd-854747b48377/kitchen-operations/deliveries/98645464-1f39-44de-bc83-f233aaad59d0/reprint-approval?terminalId=08856408-e5ff-4f83-addd-854747b48377 - 401 - application/json;+charset=utf-8 0.7465ms
info: Microsoft.AspNetCore.Hosting.Diagnostics[1]
      Request starting HTTP/1.1 POST http://127.0.0.1:42937/api/v1/terminals/463da592-e234-4165-bc2d-ac8732f2497a/kitchen-operations/deliveries/f182b266-b77d-46da-8927-6a3366b71d8c/reprint-rejection?terminalId=463da592-e234-4165-bc2d-ac8732f2497a - application/json;+charset=utf-8 2
info: Microsoft.AspNetCore.Routing.EndpointMiddleware[0]
      Executing endpoint 'HTTP: POST /api/v1/terminals/{terminalId:guid}/kitchen-operations/deliveries/{deliveryId:guid}/reprint-rejection'
info: Microsoft.AspNetCore.Http.Result.JsonResult[1]
      Setting HTTP status code 401.
info: Microsoft.AspNetCore.Http.Result.JsonResult[3]
      Writing value of type 'KitchenOperationsErrorEnvelopeV1' as Json.
info: Microsoft.AspNetCore.Routing.EndpointMiddleware[1]
      Executed endpoint 'HTTP: POST /api/v1/terminals/{terminalId:guid}/kitchen-operations/deliveries/{deliveryId:guid}/reprint-rejection'
info: Microsoft.AspNetCore.Hosting.Diagnostics[2]
      Request finished HTTP/1.1 POST https://127.0.0.1:42937/api/v1/terminals/463da592-e234-4165-bc2d-ac8732f2497a/kitchen-operations/deliveries/f182b266-b77d-46da-8927-6a3366b71d8c/reprint-rejection?terminalId=463da592-e234-4165-bc2d-ac8732f2497a - 401 - application/json;+charset=utf-8 0.7400ms
info: Microsoft.AspNetCore.Hosting.Diagnostics[1]
      Request starting HTTP/1.1 POST http://127.0.0.1:42937/api/v1/terminals/22734cdb-803e-4e9c-b9dd-6a7cf5ade66a/kitchen-operations/operations/backups?terminalId=22734cdb-803e-4e9c-b9dd-6a7cf5ade66a - application/json;+charset=utf-8 2
info: Microsoft.AspNetCore.Routing.EndpointMiddleware[0]
      Executing endpoint 'HTTP: POST /api/v1/terminals/{terminalId:guid}/kitchen-operations/operations/backups'
info: Microsoft.AspNetCore.Http.Result.JsonResult[1]
      Setting HTTP status code 401.
info: Microsoft.AspNetCore.Http.Result.JsonResult[3]
      Writing value of type 'KitchenOperationsErrorEnvelopeV1' as Json.
info: Microsoft.AspNetCore.Routing.EndpointMiddleware[1]
      Executed endpoint 'HTTP: POST /api/v1/terminals/{terminalId:guid}/kitchen-operations/operations/backups'
info: Microsoft.AspNetCore.Hosting.Diagnostics[2]
      Request finished HTTP/1.1 POST https://127.0.0.1:42937/api/v1/terminals/22734cdb-803e-4e9c-b9dd-6a7cf5ade66a/kitchen-operations/operations/backups?terminalId=22734cdb-803e-4e9c-b9dd-6a7cf5ade66a - 401 - application/json;+charset=utf-8 1.5802ms
info: Microsoft.AspNetCore.Hosting.Diagnostics[1]
      Request starting HTTP/1.1 GET http://127.0.0.1:42937/api/v1/terminals/f7ac0ee7-3e41-4d63-9224-be31f89aa217/kitchen-operations/operations/backups/recent?terminalId=f7ac0ee7-3e41-4d63-9224-be31f89aa217 - - -
info: Microsoft.AspNetCore.Routing.EndpointMiddleware[0]
      Executing endpoint 'HTTP: GET /api/v1/terminals/{terminalId:guid}/kitchen-operations/operations/backups/recent'
info: Microsoft.AspNetCore.Http.Result.JsonResult[1]
      Setting HTTP status code 401.
info: Microsoft.AspNetCore.Http.Result.JsonResult[3]
      Writing value of type 'KitchenOperationsErrorEnvelopeV1' as Json.
info: Microsoft.AspNetCore.Routing.EndpointMiddleware[1]
      Executed endpoint 'HTTP: GET /api/v1/terminals/{terminalId:guid}/kitchen-operations/operations/backups/recent'
info: Microsoft.AspNetCore.Hosting.Diagnostics[2]
      Request finished HTTP/1.1 GET https://127.0.0.1:42937/api/v1/terminals/f7ac0ee7-3e41-4d63-9224-be31f89aa217/kitchen-operations/operations/backups/recent?terminalId=f7ac0ee7-3e41-4d63-9224-be31f89aa217 - 401 - application/json;+charset=utf-8 2.4613ms
info: Microsoft.AspNetCore.Hosting.Diagnostics[1]
      Request starting HTTP/1.1 GET http://127.0.0.1:42937/api/v1/terminals/9dbd917a-71e3-4f9a-b461-235c7ebaf1b1/kitchen-operations/operations/health/latest?terminalId=9dbd917a-71e3-4f9a-b461-235c7ebaf1b1 - - -
info: Microsoft.AspNetCore.Routing.EndpointMiddleware[0]
      Executing endpoint 'HTTP: GET /api/v1/terminals/{terminalId:guid}/kitchen-operations/operations/health/latest'
info: Microsoft.AspNetCore.Http.Result.JsonResult[1]
      Setting HTTP status code 401.
info: Microsoft.AspNetCore.Http.Result.JsonResult[3]
      Writing value of type 'KitchenOperationsErrorEnvelopeV1' as Json.
info: Microsoft.AspNetCore.Routing.EndpointMiddleware[1]
      Executed endpoint 'HTTP: GET /api/v1/terminals/{terminalId:guid}/kitchen-operations/operations/health/latest'
info: Microsoft.AspNetCore.Hosting.Diagnostics[2]
      Request finished HTTP/1.1 GET https://127.0.0.1:42937/api/v1/terminals/9dbd917a-71e3-4f9a-b461-235c7ebaf1b1/kitchen-operations/operations/health/latest?terminalId=9dbd917a-71e3-4f9a-b461-235c7ebaf1b1 - 401 - application/json;+charset=utf-8 1.1003ms
info: Microsoft.AspNetCore.Hosting.Diagnostics[1]
      Request starting HTTP/1.1 GET http://127.0.0.1:42937/api/v1/terminals/c8763810-1530-4cb4-b4ca-0d6d3758791c/kitchen-operations/operations/live-sync?terminalId=c8763810-1530-4cb4-b4ca-0d6d3758791c - - -
info: Microsoft.AspNetCore.Routing.EndpointMiddleware[0]
      Executing endpoint 'HTTP: GET /api/v1/terminals/{terminalId:guid}/kitchen-operations/operations/live-sync'
info: Microsoft.AspNetCore.Http.Result.JsonResult[1]
      Setting HTTP status code 401.
info: Microsoft.AspNetCore.Http.Result.JsonResult[3]
      Writing value of type 'KitchenOperationsErrorEnvelopeV1' as Json.
info: Microsoft.AspNetCore.Routing.EndpointMiddleware[1]
      Executed endpoint 'HTTP: GET /api/v1/terminals/{terminalId:guid}/kitchen-operations/operations/live-sync'
info: Microsoft.AspNetCore.Hosting.Diagnostics[2]
      Request finished HTTP/1.1 GET https://127.0.0.1:42937/api/v1/terminals/c8763810-1530-4cb4-b4ca-0d6d3758791c/kitchen-operations/operations/live-sync?terminalId=c8763810-1530-4cb4-b4ca-0d6d3758791c - 401 - application/json;+charset=utf-8 1.5141ms
info: Microsoft.AspNetCore.Hosting.Diagnostics[1]
      Request starting HTTP/1.1 GET http://127.0.0.1:42937/api/v1/terminals/9ff68aa4-bf19-4362-9d51-964a4c353386/kitchen-operations/operations/performance-report?terminalId=9ff68aa4-bf19-4362-9d51-964a4c353386 - - -
info: Microsoft.AspNetCore.Routing.EndpointMiddleware[0]
      Executing endpoint 'HTTP: GET /api/v1/terminals/{terminalId:guid}/kitchen-operations/operations/performance-report'
info: Microsoft.AspNetCore.Http.Result.JsonResult[1]
      Setting HTTP status code 401.
info: Microsoft.AspNetCore.Http.Result.JsonResult[3]
      Writing value of type 'KitchenOperationsErrorEnvelopeV1' as Json.
info: Microsoft.AspNetCore.Routing.EndpointMiddleware[1]
      Executed endpoint 'HTTP: GET /api/v1/terminals/{terminalId:guid}/kitchen-operations/operations/performance-report'
info: Microsoft.AspNetCore.Hosting.Diagnostics[2]
      Request finished HTTP/1.1 GET https://127.0.0.1:42937/api/v1/terminals/9ff68aa4-bf19-4362-9d51-964a4c353386/kitchen-operations/operations/performance-report?terminalId=9ff68aa4-bf19-4362-9d51-964a4c353386 - 401 - application/json;+charset=utf-8 3.9395ms
info: Microsoft.AspNetCore.Hosting.Diagnostics[1]
      Request starting HTTP/1.1 GET http://127.0.0.1:42937/api/v1/terminals/f8c8aa7f-ea8f-49f5-8336-77eaec649d61/kitchen-operations/print-jobs?terminalId=f8c8aa7f-ea8f-49f5-8336-77eaec649d61 - - -
info: Microsoft.AspNetCore.Routing.EndpointMiddleware[0]
      Executing endpoint 'HTTP: GET /api/v1/terminals/{terminalId:guid}/kitchen-operations/print-jobs'
info: Microsoft.AspNetCore.Http.Result.JsonResult[1]
      Setting HTTP status code 401.
info: Microsoft.AspNetCore.Http.Result.JsonResult[3]
      Writing value of type 'KitchenOperationsErrorEnvelopeV1' as Json.
info: Microsoft.AspNetCore.Routing.EndpointMiddleware[1]
      Executed endpoint 'HTTP: GET /api/v1/terminals/{terminalId:guid}/kitchen-operations/print-jobs'
info: Microsoft.AspNetCore.Hosting.Diagnostics[2]
      Request finished HTTP/1.1 GET https://127.0.0.1:42937/api/v1/terminals/f8c8aa7f-ea8f-49f5-8336-77eaec649d61/kitchen-operations/print-jobs?terminalId=f8c8aa7f-ea8f-49f5-8336-77eaec649d61 - 401 - application/json;+charset=utf-8 2.6424ms
info: Microsoft.AspNetCore.Hosting.Diagnostics[1]
      Request starting HTTP/1.1 GET http://127.0.0.1:42937/api/v1/terminals/d55c80d0-f28d-4709-a209-120ba1548034/kitchen-operations/print-jobs/e28ec0b6-156c-4f42-a0b5-e0b7484f9bc3?terminalId=d55c80d0-f28d-4709-a209-120ba1548034 - - -
info: Microsoft.AspNetCore.Routing.EndpointMiddleware[0]
      Executing endpoint 'HTTP: GET /api/v1/terminals/{terminalId:guid}/kitchen-operations/print-jobs/{jobId:guid}'
info: Microsoft.AspNetCore.Http.Result.JsonResult[1]
      Setting HTTP status code 401.
info: Microsoft.AspNetCore.Http.Result.JsonResult[3]
      Writing value of type 'KitchenOperationsErrorEnvelopeV1' as Json.
info: Microsoft.AspNetCore.Routing.EndpointMiddleware[1]
      Executed endpoint 'HTTP: GET /api/v1/terminals/{terminalId:guid}/kitchen-operations/print-jobs/{jobId:guid}'
info: Microsoft.AspNetCore.Hosting.Diagnostics[2]
      Request finished HTTP/1.1 GET https://127.0.0.1:42937/api/v1/terminals/d55c80d0-f28d-4709-a209-120ba1548034/kitchen-operations/print-jobs/e28ec0b6-156c-4f42-a0b5-e0b7484f9bc3?terminalId=d55c80d0-f28d-4709-a209-120ba1548034 - 401 - application/json;+charset=utf-8 1.8287ms
info: Microsoft.AspNetCore.Hosting.Diagnostics[1]
      Request starting HTTP/1.1 GET http://127.0.0.1:42937/api/v1/terminals/a702d6c1-3727-4ffa-9bc7-f4da56a4736c/kitchen-operations/printers?terminalId=a702d6c1-3727-4ffa-9bc7-f4da56a4736c - - -
info: Microsoft.AspNetCore.Routing.EndpointMiddleware[0]
      Executing endpoint 'HTTP: GET /api/v1/terminals/{terminalId:guid}/kitchen-operations/printers'
info: Microsoft.AspNetCore.Http.Result.JsonResult[1]
      Setting HTTP status code 401.
info: Microsoft.AspNetCore.Http.Result.JsonResult[3]
      Writing value of type 'KitchenOperationsErrorEnvelopeV1' as Json.
info: Microsoft.AspNetCore.Routing.EndpointMiddleware[1]
      Executed endpoint 'HTTP: GET /api/v1/terminals/{terminalId:guid}/kitchen-operations/printers'
info: Microsoft.AspNetCore.Hosting.Diagnostics[2]
      Request finished HTTP/1.1 GET https://127.0.0.1:42937/api/v1/terminals/a702d6c1-3727-4ffa-9bc7-f4da56a4736c/kitchen-operations/printers?terminalId=a702d6c1-3727-4ffa-9bc7-f4da56a4736c - 401 - application/json;+charset=utf-8 1.2947ms
info: Microsoft.AspNetCore.Hosting.Diagnostics[1]
      Request starting HTTP/1.1 PUT http://127.0.0.1:42937/api/v1/terminals/7883913c-a295-4169-9ce5-2f5ef57e2245/kitchen-operations/printers/abb48171-9e60-4c6c-a79b-3da8a8a6c985?terminalId=7883913c-a295-4169-9ce5-2f5ef57e2245 - application/json;+charset=utf-8 2
info: Microsoft.AspNetCore.Routing.EndpointMiddleware[0]
      Executing endpoint 'HTTP: PUT /api/v1/terminals/{terminalId:guid}/kitchen-operations/printers/{printerId:guid}'
info: Microsoft.AspNetCore.Http.Result.JsonResult[1]
      Setting HTTP status code 401.
info: Microsoft.AspNetCore.Http.Result.JsonResult[3]
      Writing value of type 'KitchenOperationsErrorEnvelopeV1' as Json.
info: Microsoft.AspNetCore.Routing.EndpointMiddleware[1]
      Executed endpoint 'HTTP: PUT /api/v1/terminals/{terminalId:guid}/kitchen-operations/printers/{printerId:guid}'
info: Microsoft.AspNetCore.Hosting.Diagnostics[2]
      Request finished HTTP/1.1 PUT https://127.0.0.1:42937/api/v1/terminals/7883913c-a295-4169-9ce5-2f5ef57e2245/kitchen-operations/printers/abb48171-9e60-4c6c-a79b-3da8a8a6c985?terminalId=7883913c-a295-4169-9ce5-2f5ef57e2245 - 401 - application/json;+charset=utf-8 0.7643ms
info: Microsoft.AspNetCore.Hosting.Diagnostics[1]
      Request starting HTTP/1.1 POST http://127.0.0.1:42937/api/v1/terminals/57cd8998-f44f-48d9-a1bf-620e54085aae/kitchen-operations/products/5985b392-8046-46c5-a428-3c57fd8bd2c7/suspend?terminalId=57cd8998-f44f-48d9-a1bf-620e54085aae - application/json;+charset=utf-8 2
info: Microsoft.AspNetCore.Routing.EndpointMiddleware[0]
      Executing endpoint 'HTTP: POST /api/v1/terminals/{terminalId:guid}/kitchen-operations/products/{productId:guid}/suspend'
info: Microsoft.AspNetCore.Http.Result.JsonResult[1]
      Setting HTTP status code 401.
info: Microsoft.AspNetCore.Http.Result.JsonResult[3]
      Writing value of type 'KitchenOperationsErrorEnvelopeV1' as Json.
info: Microsoft.AspNetCore.Routing.EndpointMiddleware[1]
      Executed endpoint 'HTTP: POST /api/v1/terminals/{terminalId:guid}/kitchen-operations/products/{productId:guid}/suspend'
info: Microsoft.AspNetCore.Hosting.Diagnostics[2]
      Request finished HTTP/1.1 POST https://127.0.0.1:42937/api/v1/terminals/57cd8998-f44f-48d9-a1bf-620e54085aae/kitchen-operations/products/5985b392-8046-46c5-a428-3c57fd8bd2c7/suspend?terminalId=57cd8998-f44f-48d9-a1bf-620e54085aae - 401 - application/json;+charset=utf-8 0.3568ms
info: Microsoft.AspNetCore.Hosting.Diagnostics[1]
      Request starting HTTP/1.1 GET http://127.0.0.1:42937/api/v1/terminals/e8880935-46fc-45bf-a4c4-d854e80ffbdf/kitchen-operations/routes?terminalId=e8880935-46fc-45bf-a4c4-d854e80ffbdf - - -
info: Microsoft.AspNetCore.Routing.EndpointMiddleware[0]
      Executing endpoint 'HTTP: GET /api/v1/terminals/{terminalId:guid}/kitchen-operations/routes'
info: Microsoft.AspNetCore.Http.Result.JsonResult[1]
      Setting HTTP status code 401.
info: Microsoft.AspNetCore.Http.Result.JsonResult[3]
      Writing value of type 'KitchenOperationsErrorEnvelopeV1' as Json.
info: Microsoft.AspNetCore.Routing.EndpointMiddleware[1]
      Executed endpoint 'HTTP: GET /api/v1/terminals/{terminalId:guid}/kitchen-operations/routes'
info: Microsoft.AspNetCore.Hosting.Diagnostics[2]
      Request finished HTTP/1.1 GET https://127.0.0.1:42937/api/v1/terminals/e8880935-46fc-45bf-a4c4-d854e80ffbdf/kitchen-operations/routes?terminalId=e8880935-46fc-45bf-a4c4-d854e80ffbdf - 401 - application/json;+charset=utf-8 1.2482ms
info: Microsoft.AspNetCore.Hosting.Diagnostics[1]
      Request starting HTTP/1.1 POST http://127.0.0.1:42937/api/v1/terminals/17bd399e-cbb8-4cbf-b9b9-bfcf88b01155/kitchen-operations/routes/959acc21-259e-47ed-83ef-efcf7742d373?terminalId=17bd399e-cbb8-4cbf-b9b9-bfcf88b01155 - application/json;+charset=utf-8 2
info: Microsoft.AspNetCore.Routing.EndpointMiddleware[0]
      Executing endpoint 'HTTP: POST /api/v1/terminals/{terminalId:guid}/kitchen-operations/routes/{routeId:guid}'
info: Microsoft.AspNetCore.Http.Result.JsonResult[1]
      Setting HTTP status code 401.
info: Microsoft.AspNetCore.Http.Result.JsonResult[3]
      Writing value of type 'KitchenOperationsErrorEnvelopeV1' as Json.
info: Microsoft.AspNetCore.Routing.EndpointMiddleware[1]
      Executed endpoint 'HTTP: POST /api/v1/terminals/{terminalId:guid}/kitchen-operations/routes/{routeId:guid}'
info: Microsoft.AspNetCore.Hosting.Diagnostics[2]
      Request finished HTTP/1.1 POST https://127.0.0.1:42937/api/v1/terminals/17bd399e-cbb8-4cbf-b9b9-bfcf88b01155/kitchen-operations/routes/959acc21-259e-47ed-83ef-efcf7742d373?terminalId=17bd399e-cbb8-4cbf-b9b9-bfcf88b01155 - 401 - application/json;+charset=utf-8 0.5730ms
info: Microsoft.AspNetCore.Hosting.Diagnostics[1]
      Request starting HTTP/1.1 PUT http://127.0.0.1:42937/api/v1/terminals/2f17ac62-68e0-45ca-bc54-7fffe2bc150a/kitchen-operations/routes/4bcfa9d0-c250-4647-950b-ec255832e4c7?terminalId=2f17ac62-68e0-45ca-bc54-7fffe2bc150a - application/json;+charset=utf-8 2
info: Microsoft.AspNetCore.Routing.EndpointMiddleware[0]
      Executing endpoint 'HTTP: PUT /api/v1/terminals/{terminalId:guid}/kitchen-operations/routes/{routeId:guid}'
info: Microsoft.AspNetCore.Http.Result.JsonResult[1]
      Setting HTTP status code 401.
info: Microsoft.AspNetCore.Http.Result.JsonResult[3]
      Writing value of type 'KitchenOperationsErrorEnvelopeV1' as Json.
info: Microsoft.AspNetCore.Routing.EndpointMiddleware[1]
      Executed endpoint 'HTTP: PUT /api/v1/terminals/{terminalId:guid}/kitchen-operations/routes/{routeId:guid}'
info: Microsoft.AspNetCore.Hosting.Diagnostics[2]
      Request finished HTTP/1.1 PUT https://127.0.0.1:42937/api/v1/terminals/2f17ac62-68e0-45ca-bc54-7fffe2bc150a/kitchen-operations/routes/4bcfa9d0-c250-4647-950b-ec255832e4c7?terminalId=2f17ac62-68e0-45ca-bc54-7fffe2bc150a - 401 - application/json;+charset=utf-8 0.3502ms
info: Microsoft.AspNetCore.Hosting.Diagnostics[1]
      Request starting HTTP/1.1 GET http://127.0.0.1:42937/api/v1/terminals/ca272d81-beba-4d5a-8186-1aa2f1a1b32f/kitchen-operations/tickets?terminalId=ca272d81-beba-4d5a-8186-1aa2f1a1b32f - - -
info: Microsoft.AspNetCore.Routing.EndpointMiddleware[0]
      Executing endpoint 'HTTP: GET /api/v1/terminals/{terminalId:guid}/kitchen-operations/tickets'
info: Microsoft.AspNetCore.Http.Result.JsonResult[1]
      Setting HTTP status code 401.
info: Microsoft.AspNetCore.Http.Result.JsonResult[3]
      Writing value of type 'KitchenOperationsErrorEnvelopeV1' as Json.
info: Microsoft.AspNetCore.Routing.EndpointMiddleware[1]
      Executed endpoint 'HTTP: GET /api/v1/terminals/{terminalId:guid}/kitchen-operations/tickets'
info: Microsoft.AspNetCore.Hosting.Diagnostics[2]
      Request finished HTTP/1.1 GET https://127.0.0.1:42937/api/v1/terminals/ca272d81-beba-4d5a-8186-1aa2f1a1b32f/kitchen-operations/tickets?terminalId=ca272d81-beba-4d5a-8186-1aa2f1a1b32f - 401 - application/json;+charset=utf-8 1.1502ms
info: Microsoft.AspNetCore.Hosting.Diagnostics[1]
      Request starting HTTP/1.1 GET http://127.0.0.1:42937/api/v1/terminals/4e38fa63-2f71-4e22-b4d7-0dcd10b13b30/kitchen-operations/tickets/daca5f49-5849-4428-9a58-0f8cccfee9bc?terminalId=4e38fa63-2f71-4e22-b4d7-0dcd10b13b30 - - -
info: Microsoft.AspNetCore.Routing.EndpointMiddleware[0]
      Executing endpoint 'HTTP: GET /api/v1/terminals/{terminalId:guid}/kitchen-operations/tickets/{ticketId:guid}'
info: Microsoft.AspNetCore.Http.Result.JsonResult[1]
      Setting HTTP status code 401.
info: Microsoft.AspNetCore.Http.Result.JsonResult[3]
      Writing value of type 'KitchenOperationsErrorEnvelopeV1' as Json.
info: Microsoft.AspNetCore.Routing.EndpointMiddleware[1]
      Executed endpoint 'HTTP: GET /api/v1/terminals/{terminalId:guid}/kitchen-operations/tickets/{ticketId:guid}'
info: Microsoft.AspNetCore.Hosting.Diagnostics[2]
      Request finished HTTP/1.1 GET https://127.0.0.1:42937/api/v1/terminals/4e38fa63-2f71-4e22-b4d7-0dcd10b13b30/kitchen-operations/tickets/daca5f49-5849-4428-9a58-0f8cccfee9bc?terminalId=4e38fa63-2f71-4e22-b4d7-0dcd10b13b30 - 401 - application/json;+charset=utf-8 0.9026ms
info: Microsoft.AspNetCore.Hosting.Diagnostics[1]
      Request starting HTTP/1.1 POST http://127.0.0.1:42937/api/v1/terminals/6e539613-85ad-47cc-816b-91fa5057c8b7/kitchen-operations/tickets/66c3e74d-b514-4f4b-abe2-d371015ebb07/items/0582dd80-3f64-409b-94cb-0048a214790b/transition?terminalId=6e539613-85ad-47cc-816b-91fa5057c8b7 - application/json;+charset=utf-8 2
info: Microsoft.AspNetCore.Routing.EndpointMiddleware[0]
      Executing endpoint 'HTTP: POST /api/v1/terminals/{terminalId:guid}/kitchen-operations/tickets/{ticketId:guid}/items/{itemId:guid}/transition'
info: Microsoft.AspNetCore.Http.Result.JsonResult[1]
      Setting HTTP status code 401.
info: Microsoft.AspNetCore.Http.Result.JsonResult[3]
      Writing value of type 'KitchenOperationsErrorEnvelopeV1' as Json.
info: Microsoft.AspNetCore.Routing.EndpointMiddleware[1]
      Executed endpoint 'HTTP: POST /api/v1/terminals/{terminalId:guid}/kitchen-operations/tickets/{ticketId:guid}/items/{itemId:guid}/transition'
info: Microsoft.AspNetCore.Hosting.Diagnostics[2]
      Request finished HTTP/1.1 POST https://127.0.0.1:42937/api/v1/terminals/6e539613-85ad-47cc-816b-91fa5057c8b7/kitchen-operations/tickets/66c3e74d-b514-4f4b-abe2-d371015ebb07/items/0582dd80-3f64-409b-94cb-0048a214790b/transition?terminalId=6e539613-85ad-47cc-816b-91fa5057c8b7 - 401 - application/json;+charset=utf-8 1.0393ms
info: Microsoft.AspNetCore.Hosting.Diagnostics[1]
      Request starting HTTP/1.1 POST http://127.0.0.1:42937/api/v1/terminals/59562ea2-1dc7-442a-9025-2290c05b0cd8/kitchen-operations/tickets/03122ac9-840e-408b-98de-9fde42367df5/items/4c5f82fa-66c2-4431-b778-e4cc5c69ba67/undo?terminalId=59562ea2-1dc7-442a-9025-2290c05b0cd8 - application/json;+charset=utf-8 2
info: Microsoft.AspNetCore.Routing.EndpointMiddleware[0]
      Executing endpoint 'HTTP: POST /api/v1/terminals/{terminalId:guid}/kitchen-operations/tickets/{ticketId:guid}/items/{itemId:guid}/undo'
info: Microsoft.AspNetCore.Http.Result.JsonResult[1]
      Setting HTTP status code 401.
info: Microsoft.AspNetCore.Http.Result.JsonResult[3]
      Writing value of type 'KitchenOperationsErrorEnvelopeV1' as Json.
info: Microsoft.AspNetCore.Routing.EndpointMiddleware[1]
      Executed endpoint 'HTTP: POST /api/v1/terminals/{terminalId:guid}/kitchen-operations/tickets/{ticketId:guid}/items/{itemId:guid}/undo'
info: Microsoft.AspNetCore.Hosting.Diagnostics[2]
      Request finished HTTP/1.1 POST https://127.0.0.1:42937/api/v1/terminals/59562ea2-1dc7-442a-9025-2290c05b0cd8/kitchen-operations/tickets/03122ac9-840e-408b-98de-9fde42367df5/items/4c5f82fa-66c2-4431-b778-e4cc5c69ba67/undo?terminalId=59562ea2-1dc7-442a-9025-2290c05b0cd8 - 401 - application/json;+charset=utf-8 0.3072ms
info: Microsoft.AspNetCore.Hosting.Diagnostics[1]
      Request starting HTTP/1.1 POST http://127.0.0.1:42937/api/v1/terminals/bc242e91-31e6-47e7-9fc7-1442353f8956/kitchen-operations/tickets/2d2fe033-58bd-4432-8c7e-5d332aa122d0/transition?terminalId=bc242e91-31e6-47e7-9fc7-1442353f8956 - application/json;+charset=utf-8 2
info: Microsoft.AspNetCore.Routing.EndpointMiddleware[0]
      Executing endpoint 'HTTP: POST /api/v1/terminals/{terminalId:guid}/kitchen-operations/tickets/{ticketId:guid}/transition'
info: Microsoft.AspNetCore.Http.Result.JsonResult[1]
      Setting HTTP status code 401.
info: Microsoft.AspNetCore.Http.Result.JsonResult[3]
      Writing value of type 'KitchenOperationsErrorEnvelopeV1' as Json.
info: Microsoft.AspNetCore.Routing.EndpointMiddleware[1]
      Executed endpoint 'HTTP: POST /api/v1/terminals/{terminalId:guid}/kitchen-operations/tickets/{ticketId:guid}/transition'
info: Microsoft.AspNetCore.Hosting.Diagnostics[2]
      Request finished HTTP/1.1 POST https://127.0.0.1:42937/api/v1/terminals/bc242e91-31e6-47e7-9fc7-1442353f8956/kitchen-operations/tickets/2d2fe033-58bd-4432-8c7e-5d332aa122d0/transition?terminalId=bc242e91-31e6-47e7-9fc7-1442353f8956 - 401 - application/json;+charset=utf-8 0.4135ms
info: Microsoft.AspNetCore.Hosting.Diagnostics[1]
      Request starting HTTP/1.1 POST http://127.0.0.1:42937/api/v1/terminals/67f34c80-da35-4917-9d35-317aa27f122e/offline-reconciliation/?terminalId=67f34c80-da35-4917-9d35-317aa27f122e - application/json;+charset=utf-8 2
info: Microsoft.AspNetCore.Routing.EndpointMiddleware[0]
      Executing endpoint 'HTTP: POST /api/v1/terminals/{terminalId:guid}/offline-reconciliation/'
info: Microsoft.AspNetCore.Http.Result.JsonResult[1]
      Setting HTTP status code 401.
info: Microsoft.AspNetCore.Http.Result.JsonResult[3]
      Writing value of type 'OfflineReconciliationErrorV1' as Json.
info: Microsoft.AspNetCore.Routing.EndpointMiddleware[1]
      Executed endpoint 'HTTP: POST /api/v1/terminals/{terminalId:guid}/offline-reconciliation/'
info: Microsoft.AspNetCore.Hosting.Diagnostics[2]
      Request finished HTTP/1.1 POST https://127.0.0.1:42937/api/v1/terminals/67f34c80-da35-4917-9d35-317aa27f122e/offline-reconciliation/?terminalId=67f34c80-da35-4917-9d35-317aa27f122e - 401 - application/json;+charset=utf-8 0.5669ms
info: Microsoft.AspNetCore.Hosting.Diagnostics[1]
      Request starting HTTP/1.1 GET http://127.0.0.1:42937/api/v1/terminals/257e5b91-6320-4f63-8de5-65edf5be849b/online-channels?terminalId=257e5b91-6320-4f63-8de5-65edf5be849b - - -
info: Microsoft.AspNetCore.Routing.EndpointMiddleware[0]
      Executing endpoint 'HTTP: GET /api/v1/terminals/{terminalId:guid}/online-channels'
info: Microsoft.AspNetCore.Http.Result.JsonResult[1]
      Setting HTTP status code 401.
info: Microsoft.AspNetCore.Http.Result.JsonResult[3]
      Writing value of type '<>f__AnonymousType5`1' as Json.
info: Microsoft.AspNetCore.Routing.EndpointMiddleware[1]
      Executed endpoint 'HTTP: GET /api/v1/terminals/{terminalId:guid}/online-channels'
info: Microsoft.AspNetCore.Hosting.Diagnostics[2]
      Request finished HTTP/1.1 GET https://127.0.0.1:42937/api/v1/terminals/257e5b91-6320-4f63-8de5-65edf5be849b/online-channels?terminalId=257e5b91-6320-4f63-8de5-65edf5be849b - 401 - application/json;+charset=utf-8 3.0432ms
info: Microsoft.AspNetCore.Hosting.Diagnostics[1]
      Request starting HTTP/1.1 GET http://127.0.0.1:42937/api/v1/terminals/dbab2097-7109-4036-8c29-cb317bd59682/online-menu/probe?terminalId=dbab2097-7109-4036-8c29-cb317bd59682 - - -
info: Microsoft.AspNetCore.Routing.EndpointMiddleware[0]
      Executing endpoint 'HTTP: GET /api/v1/terminals/{terminalId:guid}/online-menu/{provider}'
info: Microsoft.AspNetCore.Http.Result.JsonResult[1]
      Setting HTTP status code 401.
info: Microsoft.AspNetCore.Http.Result.JsonResult[3]
      Writing value of type '<>f__AnonymousType5`1' as Json.
info: Microsoft.AspNetCore.Routing.EndpointMiddleware[1]
      Executed endpoint 'HTTP: GET /api/v1/terminals/{terminalId:guid}/online-menu/{provider}'
info: Microsoft.AspNetCore.Hosting.Diagnostics[2]
      Request finished HTTP/1.1 GET https://127.0.0.1:42937/api/v1/terminals/dbab2097-7109-4036-8c29-cb317bd59682/online-menu/probe?terminalId=dbab2097-7109-4036-8c29-cb317bd59682 - 401 - application/json;+charset=utf-8 2.8564ms
info: Microsoft.AspNetCore.Hosting.Diagnostics[1]
      Request starting HTTP/1.1 PUT http://127.0.0.1:42937/api/v1/terminals/74095881-0261-42fe-923e-536cf3f2c51c/online-menu/probe/mappings/bbc54308-6cbc-49a0-9922-3553e42b10b5?terminalId=74095881-0261-42fe-923e-536cf3f2c51c - application/json;+charset=utf-8 2
info: Microsoft.AspNetCore.Routing.EndpointMiddleware[0]
      Executing endpoint 'HTTP: PUT /api/v1/terminals/{terminalId:guid}/online-menu/{provider}/mappings/{productId:guid}'
info: Microsoft.AspNetCore.Http.Result.JsonResult[1]
      Setting HTTP status code 401.
info: Microsoft.AspNetCore.Http.Result.JsonResult[3]
      Writing value of type '<>f__AnonymousType5`1' as Json.
info: Microsoft.AspNetCore.Routing.EndpointMiddleware[1]
      Executed endpoint 'HTTP: PUT /api/v1/terminals/{terminalId:guid}/online-menu/{provider}/mappings/{productId:guid}'
info: Microsoft.AspNetCore.Hosting.Diagnostics[2]
      Request finished HTTP/1.1 PUT https://127.0.0.1:42937/api/v1/terminals/74095881-0261-42fe-923e-536cf3f2c51c/online-menu/probe/mappings/bbc54308-6cbc-49a0-9922-3553e42b10b5?terminalId=74095881-0261-42fe-923e-536cf3f2c51c - 401 - application/json;+charset=utf-8 0.4620ms
info: Microsoft.AspNetCore.Hosting.Diagnostics[1]
      Request starting HTTP/1.1 DELETE http://127.0.0.1:42937/api/v1/terminals/c19b7d4a-858c-45ae-91a3-6e64ff7204df/online-menu/probe/mappings/f7d94b8b-243b-499b-be06-d4d34fddbe38?terminalId=c19b7d4a-858c-45ae-91a3-6e64ff7204df - application/json;+charset=utf-8 2
info: Microsoft.AspNetCore.Routing.EndpointMiddleware[0]
      Executing endpoint 'HTTP: DELETE /api/v1/terminals/{terminalId:guid}/online-menu/{provider}/mappings/{productId:guid}'
info: Microsoft.AspNetCore.Http.Result.JsonResult[1]
      Setting HTTP status code 401.
info: Microsoft.AspNetCore.Http.Result.JsonResult[3]
      Writing value of type '<>f__AnonymousType5`1' as Json.
info: Microsoft.AspNetCore.Routing.EndpointMiddleware[1]
      Executed endpoint 'HTTP: DELETE /api/v1/terminals/{terminalId:guid}/online-menu/{provider}/mappings/{productId:guid}'
info: Microsoft.AspNetCore.Hosting.Diagnostics[2]
      Request finished HTTP/1.1 DELETE https://127.0.0.1:42937/api/v1/terminals/c19b7d4a-858c-45ae-91a3-6e64ff7204df/online-menu/probe/mappings/f7d94b8b-243b-499b-be06-d4d34fddbe38?terminalId=c19b7d4a-858c-45ae-91a3-6e64ff7204df - 401 - application/json;+charset=utf-8 0.4012ms
info: Microsoft.AspNetCore.Hosting.Diagnostics[1]
      Request starting HTTP/1.1 GET http://127.0.0.1:42937/api/v1/terminals/38ce6f96-11a6-447b-920a-e6d06334dcb4/online-operations/?terminalId=38ce6f96-11a6-447b-920a-e6d06334dcb4 - - -
info: Microsoft.AspNetCore.Routing.EndpointMiddleware[0]
      Executing endpoint 'HTTP: GET /api/v1/terminals/{terminalId:guid}/online-operations/'
info: Microsoft.AspNetCore.Http.Result.JsonResult[1]
      Setting HTTP status code 401.
info: Microsoft.AspNetCore.Http.Result.JsonResult[3]
      Writing value of type '<>f__AnonymousType5`1' as Json.
info: Microsoft.AspNetCore.Routing.EndpointMiddleware[1]
      Executed endpoint 'HTTP: GET /api/v1/terminals/{terminalId:guid}/online-operations/'
info: Microsoft.AspNetCore.Hosting.Diagnostics[2]
      Request finished HTTP/1.1 GET https://127.0.0.1:42937/api/v1/terminals/38ce6f96-11a6-447b-920a-e6d06334dcb4/online-operations/?terminalId=38ce6f96-11a6-447b-920a-e6d06334dcb4 - 401 - application/json;+charset=utf-8 2.4806ms
info: Microsoft.AspNetCore.Hosting.Diagnostics[1]
      Request starting HTTP/1.1 POST http://127.0.0.1:42937/api/v1/terminals/98d57cbb-a2d1-4eca-86f2-8b72498c1223/online-operations/orders/6d94766c-9a25-46bf-9431-6804a76e9fa7/cancel?terminalId=98d57cbb-a2d1-4eca-86f2-8b72498c1223 - application/json;+charset=utf-8 2
info: Microsoft.AspNetCore.Routing.EndpointMiddleware[0]
      Executing endpoint 'HTTP: POST /api/v1/terminals/{terminalId:guid}/online-operations/orders/{orderId:guid}/cancel'
info: Microsoft.AspNetCore.Http.Result.JsonResult[1]
      Setting HTTP status code 401.
info: Microsoft.AspNetCore.Http.Result.JsonResult[3]
      Writing value of type '<>f__AnonymousType5`1' as Json.
info: Microsoft.AspNetCore.Routing.EndpointMiddleware[1]
      Executed endpoint 'HTTP: POST /api/v1/terminals/{terminalId:guid}/online-operations/orders/{orderId:guid}/cancel'
info: Microsoft.AspNetCore.Hosting.Diagnostics[2]
      Request finished HTTP/1.1 POST https://127.0.0.1:42937/api/v1/terminals/98d57cbb-a2d1-4eca-86f2-8b72498c1223/online-operations/orders/6d94766c-9a25-46bf-9431-6804a76e9fa7/cancel?terminalId=98d57cbb-a2d1-4eca-86f2-8b72498c1223 - 401 - application/json;+charset=utf-8 2.4616ms
info: Microsoft.AspNetCore.Hosting.Diagnostics[1]
      Request starting HTTP/1.1 GET http://127.0.0.1:42937/api/v1/terminals/05606c09-5095-4f1b-9dc9-f02fecf08485/online-operations/orders/721ba06b-9d61-4ca4-9f05-b14c88963868/customer-note?terminalId=05606c09-5095-4f1b-9dc9-f02fecf08485 - - -
info: Microsoft.AspNetCore.Routing.EndpointMiddleware[0]
      Executing endpoint 'HTTP: GET /api/v1/terminals/{terminalId:guid}/online-operations/orders/{orderId:guid}/customer-note'
info: Microsoft.AspNetCore.Http.Result.JsonResult[1]
      Setting HTTP status code 401.
info: Microsoft.AspNetCore.Http.Result.JsonResult[3]
      Writing value of type '<>f__AnonymousType5`1' as Json.
info: Microsoft.AspNetCore.Routing.EndpointMiddleware[1]
      Executed endpoint 'HTTP: GET /api/v1/terminals/{terminalId:guid}/online-operations/orders/{orderId:guid}/customer-note'
info: Microsoft.AspNetCore.Hosting.Diagnostics[2]
      Request finished HTTP/1.1 GET https://127.0.0.1:42937/api/v1/terminals/05606c09-5095-4f1b-9dc9-f02fecf08485/online-operations/orders/721ba06b-9d61-4ca4-9f05-b14c88963868/customer-note?terminalId=05606c09-5095-4f1b-9dc9-f02fecf08485 - 401 - application/json;+charset=utf-8 2.1025ms
info: Microsoft.AspNetCore.Hosting.Diagnostics[1]
      Request starting HTTP/1.1 POST http://127.0.0.1:42937/api/v1/terminals/a884a3db-a476-43f9-8d67-f1c6b3ac67ef/online-operations/orders/3be5570c-8d96-48a5-84b5-6fa44b7f5768/hand-over?terminalId=a884a3db-a476-43f9-8d67-f1c6b3ac67ef - application/json;+charset=utf-8 2
info: Microsoft.AspNetCore.Routing.EndpointMiddleware[0]
      Executing endpoint 'HTTP: POST /api/v1/terminals/{terminalId:guid}/online-operations/orders/{orderId:guid}/hand-over'
info: Microsoft.AspNetCore.Http.Result.JsonResult[1]
      Setting HTTP status code 401.
info: Microsoft.AspNetCore.Http.Result.JsonResult[3]
      Writing value of type '<>f__AnonymousType5`1' as Json.
info: Microsoft.AspNetCore.Routing.EndpointMiddleware[1]
      Executed endpoint 'HTTP: POST /api/v1/terminals/{terminalId:guid}/online-operations/orders/{orderId:guid}/hand-over'
info: Microsoft.AspNetCore.Hosting.Diagnostics[2]
      Request finished HTTP/1.1 POST https://127.0.0.1:42937/api/v1/terminals/a884a3db-a476-43f9-8d67-f1c6b3ac67ef/online-operations/orders/3be5570c-8d96-48a5-84b5-6fa44b7f5768/hand-over?terminalId=a884a3db-a476-43f9-8d67-f1c6b3ac67ef - 401 - application/json;+charset=utf-8 0.5023ms
info: Microsoft.AspNetCore.Hosting.Diagnostics[1]
      Request starting HTTP/1.1 POST http://127.0.0.1:42937/api/v1/terminals/32648137-4741-496d-9047-0eb8bed648f4/online-ordering/catalog-publications/?terminalId=32648137-4741-496d-9047-0eb8bed648f4 - application/json;+charset=utf-8 2
info: Microsoft.AspNetCore.Routing.EndpointMiddleware[0]
      Executing endpoint 'HTTP: POST /api/v1/terminals/{terminalId:guid}/online-ordering/catalog-publications/'
info: Microsoft.AspNetCore.Http.Result.JsonResult[1]
      Setting HTTP status code 401.
info: Microsoft.AspNetCore.Http.Result.JsonResult[3]
      Writing value of type '<>f__AnonymousType5`1' as Json.
info: Microsoft.AspNetCore.Routing.EndpointMiddleware[1]
      Executed endpoint 'HTTP: POST /api/v1/terminals/{terminalId:guid}/online-ordering/catalog-publications/'
info: Microsoft.AspNetCore.Hosting.Diagnostics[2]
      Request finished HTTP/1.1 POST https://127.0.0.1:42937/api/v1/terminals/32648137-4741-496d-9047-0eb8bed648f4/online-ordering/catalog-publications/?terminalId=32648137-4741-496d-9047-0eb8bed648f4 - 401 - application/json;+charset=utf-8 0.4750ms
info: Microsoft.AspNetCore.Hosting.Diagnostics[1]
      Request starting HTTP/1.1 GET http://127.0.0.1:42937/api/v1/terminals/4a0ceda6-23bc-480c-8517-9dd252fbbede/online-platform-credentials/?terminalId=4a0ceda6-23bc-480c-8517-9dd252fbbede - - -
info: Microsoft.AspNetCore.Routing.EndpointMiddleware[0]
      Executing endpoint 'HTTP: GET /api/v1/terminals/{terminalId:guid}/online-platform-credentials/'
info: Microsoft.AspNetCore.Http.Result.JsonResult[1]
      Setting HTTP status code 401.
info: Microsoft.AspNetCore.Http.Result.JsonResult[3]
      Writing value of type '<>f__AnonymousType5`1' as Json.
info: Microsoft.AspNetCore.Routing.EndpointMiddleware[1]
      Executed endpoint 'HTTP: GET /api/v1/terminals/{terminalId:guid}/online-platform-credentials/'
info: Microsoft.AspNetCore.Hosting.Diagnostics[2]
      Request finished HTTP/1.1 GET https://127.0.0.1:42937/api/v1/terminals/4a0ceda6-23bc-480c-8517-9dd252fbbede/online-platform-credentials/?terminalId=4a0ceda6-23bc-480c-8517-9dd252fbbede - 401 - application/json;+charset=utf-8 2.0048ms
info: Microsoft.AspNetCore.Hosting.Diagnostics[1]
      Request starting HTTP/1.1 PUT http://127.0.0.1:42937/api/v1/terminals/9cb00d30-116e-4bc4-8642-84eaa48b2898/online-platform-credentials/probe?terminalId=9cb00d30-116e-4bc4-8642-84eaa48b2898 - application/json;+charset=utf-8 2
info: Microsoft.AspNetCore.Routing.EndpointMiddleware[0]
      Executing endpoint 'HTTP: PUT /api/v1/terminals/{terminalId:guid}/online-platform-credentials/{provider}'
info: Microsoft.AspNetCore.Http.Result.JsonResult[1]
      Setting HTTP status code 401.
info: Microsoft.AspNetCore.Http.Result.JsonResult[3]
      Writing value of type '<>f__AnonymousType5`1' as Json.
info: Microsoft.AspNetCore.Routing.EndpointMiddleware[1]
      Executed endpoint 'HTTP: PUT /api/v1/terminals/{terminalId:guid}/online-platform-credentials/{provider}'
info: Microsoft.AspNetCore.Hosting.Diagnostics[2]
      Request finished HTTP/1.1 PUT https://127.0.0.1:42937/api/v1/terminals/9cb00d30-116e-4bc4-8642-84eaa48b2898/online-platform-credentials/probe?terminalId=9cb00d30-116e-4bc4-8642-84eaa48b2898 - 401 - application/json;+charset=utf-8 0.5545ms
info: Microsoft.AspNetCore.Hosting.Diagnostics[1]
      Request starting HTTP/1.1 GET http://127.0.0.1:42937/api/v1/terminals/896257ae-dd56-41fe-a2e8-0ba98bd1174b/online-problems/?terminalId=896257ae-dd56-41fe-a2e8-0ba98bd1174b - - -
info: Microsoft.AspNetCore.Routing.EndpointMiddleware[0]
      Executing endpoint 'HTTP: GET /api/v1/terminals/{terminalId:guid}/online-problems/'
info: Microsoft.AspNetCore.Http.Result.JsonResult[1]
      Setting HTTP status code 401.
info: Microsoft.AspNetCore.Http.Result.JsonResult[3]
      Writing value of type '<>f__AnonymousType5`1' as Json.
info: Microsoft.AspNetCore.Routing.EndpointMiddleware[1]
      Executed endpoint 'HTTP: GET /api/v1/terminals/{terminalId:guid}/online-problems/'
info: Microsoft.AspNetCore.Hosting.Diagnostics[2]
      Request finished HTTP/1.1 GET https://127.0.0.1:42937/api/v1/terminals/896257ae-dd56-41fe-a2e8-0ba98bd1174b/online-problems/?terminalId=896257ae-dd56-41fe-a2e8-0ba98bd1174b - 401 - application/json;+charset=utf-8 2.0825ms
info: Microsoft.AspNetCore.Hosting.Diagnostics[1]
      Request starting HTTP/1.1 POST http://127.0.0.1:42937/api/v1/terminals/a1654646-0a5a-41ee-b529-75a34dde8c33/online-problems/20d44a03-35bd-4368-b856-e6512709c017/resolve?terminalId=a1654646-0a5a-41ee-b529-75a34dde8c33 - application/json;+charset=utf-8 2
info: Microsoft.AspNetCore.Routing.EndpointMiddleware[0]
      Executing endpoint 'HTTP: POST /api/v1/terminals/{terminalId:guid}/online-problems/{caseId:guid}/resolve'
info: Microsoft.AspNetCore.Http.Result.JsonResult[1]
      Setting HTTP status code 401.
info: Microsoft.AspNetCore.Http.Result.JsonResult[3]
      Writing value of type '<>f__AnonymousType5`1' as Json.
info: Microsoft.AspNetCore.Routing.EndpointMiddleware[1]
      Executed endpoint 'HTTP: POST /api/v1/terminals/{terminalId:guid}/online-problems/{caseId:guid}/resolve'
info: Microsoft.AspNetCore.Hosting.Diagnostics[2]
      Request finished HTTP/1.1 POST https://127.0.0.1:42937/api/v1/terminals/a1654646-0a5a-41ee-b529-75a34dde8c33/online-problems/20d44a03-35bd-4368-b856-e6512709c017/resolve?terminalId=a1654646-0a5a-41ee-b529-75a34dde8c33 - 401 - application/json;+charset=utf-8 0.3395ms
info: Microsoft.AspNetCore.Hosting.Diagnostics[1]
      Request starting HTTP/1.1 POST http://127.0.0.1:42937/api/v1/terminals/cbf4162a-52d7-4ed9-a521-0e67c6b1d4d7/online-problems/5f6ed5fb-1279-477f-b267-0974a3f06165/retry?terminalId=cbf4162a-52d7-4ed9-a521-0e67c6b1d4d7 - application/json;+charset=utf-8 2
info: Microsoft.AspNetCore.Routing.EndpointMiddleware[0]
      Executing endpoint 'HTTP: POST /api/v1/terminals/{terminalId:guid}/online-problems/{caseId:guid}/retry'
info: Microsoft.AspNetCore.Http.Result.JsonResult[1]
      Setting HTTP status code 401.
info: Microsoft.AspNetCore.Http.Result.JsonResult[3]
      Writing value of type '<>f__AnonymousType5`1' as Json.
info: Microsoft.AspNetCore.Routing.EndpointMiddleware[1]
      Executed endpoint 'HTTP: POST /api/v1/terminals/{terminalId:guid}/online-problems/{caseId:guid}/retry'
info: Microsoft.AspNetCore.Hosting.Diagnostics[2]
      Request finished HTTP/1.1 POST https://127.0.0.1:42937/api/v1/terminals/cbf4162a-52d7-4ed9-a521-0e67c6b1d4d7/online-problems/5f6ed5fb-1279-477f-b267-0974a3f06165/retry?terminalId=cbf4162a-52d7-4ed9-a521-0e67c6b1d4d7 - 401 - application/json;+charset=utf-8 0.5896ms
info: Microsoft.AspNetCore.Hosting.Diagnostics[1]
      Request starting HTTP/1.1 GET http://127.0.0.1:42937/api/v1/terminals/579dce55-178d-492b-a1d4-e1294f4a4512/online-store-status/?terminalId=579dce55-178d-492b-a1d4-e1294f4a4512 - - -
info: Microsoft.AspNetCore.Routing.EndpointMiddleware[0]
      Executing endpoint 'HTTP: GET /api/v1/terminals/{terminalId:guid}/online-store-status/'
info: Microsoft.AspNetCore.Http.Result.JsonResult[1]
      Setting HTTP status code 401.
info: Microsoft.AspNetCore.Http.Result.JsonResult[3]
      Writing value of type '<>f__AnonymousType5`1' as Json.
info: Microsoft.AspNetCore.Routing.EndpointMiddleware[1]
      Executed endpoint 'HTTP: GET /api/v1/terminals/{terminalId:guid}/online-store-status/'
info: Microsoft.AspNetCore.Hosting.Diagnostics[2]
      Request finished HTTP/1.1 GET https://127.0.0.1:42937/api/v1/terminals/579dce55-178d-492b-a1d4-e1294f4a4512/online-store-status/?terminalId=579dce55-178d-492b-a1d4-e1294f4a4512 - 401 - application/json;+charset=utf-8 2.0074ms
info: Microsoft.AspNetCore.Hosting.Diagnostics[1]
      Request starting HTTP/1.1 PUT http://127.0.0.1:42937/api/v1/terminals/0f67577e-ec11-41bd-ac17-3309ad5a7e6d/online-store-status/probe?terminalId=0f67577e-ec11-41bd-ac17-3309ad5a7e6d - application/json;+charset=utf-8 2
info: Microsoft.AspNetCore.Routing.EndpointMiddleware[0]
      Executing endpoint 'HTTP: PUT /api/v1/terminals/{terminalId:guid}/online-store-status/{provider}'
info: Microsoft.AspNetCore.Http.Result.JsonResult[1]
      Setting HTTP status code 401.
info: Microsoft.AspNetCore.Http.Result.JsonResult[3]
      Writing value of type '<>f__AnonymousType5`1' as Json.
info: Microsoft.AspNetCore.Routing.EndpointMiddleware[1]
      Executed endpoint 'HTTP: PUT /api/v1/terminals/{terminalId:guid}/online-store-status/{provider}'
info: Microsoft.AspNetCore.Hosting.Diagnostics[2]
      Request finished HTTP/1.1 PUT https://127.0.0.1:42937/api/v1/terminals/0f67577e-ec11-41bd-ac17-3309ad5a7e6d/online-store-status/probe?terminalId=0f67577e-ec11-41bd-ac17-3309ad5a7e6d - 401 - application/json;+charset=utf-8 0.3849ms
info: Microsoft.AspNetCore.Hosting.Diagnostics[1]
      Request starting HTTP/1.1 POST http://127.0.0.1:42937/api/v1/terminals/291af1ed-c11e-44c1-a045-3723046a6658/orders?terminalId=291af1ed-c11e-44c1-a045-3723046a6658 - application/json;+charset=utf-8 2
info: Microsoft.AspNetCore.Routing.EndpointMiddleware[0]
      Executing endpoint 'HTTP: POST /api/v1/terminals/{terminalId:guid}/orders'
info: Microsoft.AspNetCore.Routing.EndpointMiddleware[1]
      Executed endpoint 'HTTP: POST /api/v1/terminals/{terminalId:guid}/orders'
info: Microsoft.AspNetCore.Hosting.Diagnostics[2]
      Request finished HTTP/1.1 POST https://127.0.0.1:42937/api/v1/terminals/291af1ed-c11e-44c1-a045-3723046a6658/orders?terminalId=291af1ed-c11e-44c1-a045-3723046a6658 - 401 - application/json;+charset=utf-8 0.3967ms
info: Microsoft.AspNetCore.Hosting.Diagnostics[1]
      Request starting HTTP/1.1 GET http://127.0.0.1:42937/api/v1/terminals/3f6a52a9-13ff-47d6-b89f-6b1958d17db5/orders/active?terminalId=3f6a52a9-13ff-47d6-b89f-6b1958d17db5 - - -
info: Microsoft.AspNetCore.Routing.EndpointMiddleware[0]
      Executing endpoint 'HTTP: GET /api/v1/terminals/{terminalId:guid}/orders/active'
info: Microsoft.AspNetCore.Routing.EndpointMiddleware[1]
      Executed endpoint 'HTTP: GET /api/v1/terminals/{terminalId:guid}/orders/active'
info: Microsoft.AspNetCore.Hosting.Diagnostics[2]
      Request finished HTTP/1.1 GET https://127.0.0.1:42937/api/v1/terminals/3f6a52a9-13ff-47d6-b89f-6b1958d17db5/orders/active?terminalId=3f6a52a9-13ff-47d6-b89f-6b1958d17db5 - 401 - application/json;+charset=utf-8 1.7574ms
info: Microsoft.AspNetCore.Hosting.Diagnostics[1]
      Request starting HTTP/1.1 GET http://127.0.0.1:42937/api/v1/terminals/6449dcca-db5c-4303-b67a-2961cbc09ae3/orders/awaiting-payment?terminalId=6449dcca-db5c-4303-b67a-2961cbc09ae3 - - -
info: Microsoft.AspNetCore.Routing.EndpointMiddleware[0]
      Executing endpoint 'HTTP: GET /api/v1/terminals/{terminalId:guid}/orders/awaiting-payment'
info: Microsoft.AspNetCore.Http.Result.JsonResult[1]
      Setting HTTP status code 401.
info: Microsoft.AspNetCore.Http.Result.JsonResult[3]
      Writing value of type '<>f__AnonymousType5`1' as Json.
info: Microsoft.AspNetCore.Routing.EndpointMiddleware[1]
      Executed endpoint 'HTTP: GET /api/v1/terminals/{terminalId:guid}/orders/awaiting-payment'
info: Microsoft.AspNetCore.Hosting.Diagnostics[2]
      Request finished HTTP/1.1 GET https://127.0.0.1:42937/api/v1/terminals/6449dcca-db5c-4303-b67a-2961cbc09ae3/orders/awaiting-payment?terminalId=6449dcca-db5c-4303-b67a-2961cbc09ae3 - 401 - application/json;+charset=utf-8 2.0602ms
info: Microsoft.AspNetCore.Hosting.Diagnostics[1]
      Request starting HTTP/1.1 POST http://127.0.0.1:42937/api/v1/terminals/06fe89db-0f7a-47e0-903e-a598f761ddd6/orders/handoff-note/pop?terminalId=06fe89db-0f7a-47e0-903e-a598f761ddd6 - application/json;+charset=utf-8 2
info: Microsoft.AspNetCore.Routing.EndpointMiddleware[0]
      Executing endpoint 'HTTP: POST /api/v1/terminals/{terminalId:guid}/orders/handoff-note/pop'
info: Microsoft.AspNetCore.Http.Result.JsonResult[1]
      Setting HTTP status code 401.
info: Microsoft.AspNetCore.Http.Result.JsonResult[3]
      Writing value of type '<>f__AnonymousType5`1' as Json.
info: Microsoft.AspNetCore.Routing.EndpointMiddleware[1]
      Executed endpoint 'HTTP: POST /api/v1/terminals/{terminalId:guid}/orders/handoff-note/pop'
info: Microsoft.AspNetCore.Hosting.Diagnostics[2]
      Request finished HTTP/1.1 POST https://127.0.0.1:42937/api/v1/terminals/06fe89db-0f7a-47e0-903e-a598f761ddd6/orders/handoff-note/pop?terminalId=06fe89db-0f7a-47e0-903e-a598f761ddd6 - 401 - application/json;+charset=utf-8 0.6006ms
info: Microsoft.AspNetCore.Hosting.Diagnostics[1]
      Request starting HTTP/1.1 GET http://127.0.0.1:42937/api/v1/terminals/17ea86c4-67df-4e75-bda0-f6fe31487730/orders/my-shift-summary?terminalId=17ea86c4-67df-4e75-bda0-f6fe31487730 - - -
info: Microsoft.AspNetCore.Routing.EndpointMiddleware[0]
      Executing endpoint 'HTTP: GET /api/v1/terminals/{terminalId:guid}/orders/my-shift-summary'
info: Microsoft.AspNetCore.Http.Result.JsonResult[1]
      Setting HTTP status code 401.
info: Microsoft.AspNetCore.Http.Result.JsonResult[3]
      Writing value of type '<>f__AnonymousType5`1' as Json.
info: Microsoft.AspNetCore.Routing.EndpointMiddleware[1]
      Executed endpoint 'HTTP: GET /api/v1/terminals/{terminalId:guid}/orders/my-shift-summary'
info: Microsoft.AspNetCore.Hosting.Diagnostics[2]
      Request finished HTTP/1.1 GET https://127.0.0.1:42937/api/v1/terminals/17ea86c4-67df-4e75-bda0-f6fe31487730/orders/my-shift-summary?terminalId=17ea86c4-67df-4e75-bda0-f6fe31487730 - 401 - application/json;+charset=utf-8 1.3593ms
info: Microsoft.AspNetCore.Hosting.Diagnostics[1]
      Request starting HTTP/1.1 GET http://127.0.0.1:42937/api/v1/terminals/1b1790d6-8fd0-44d2-9563-dcadfb769383/orders/pending?terminalId=1b1790d6-8fd0-44d2-9563-dcadfb769383 - - -
info: Microsoft.AspNetCore.Routing.EndpointMiddleware[0]
      Executing endpoint 'HTTP: GET /api/v1/terminals/{terminalId:guid}/orders/pending'
info: Microsoft.AspNetCore.Http.Result.JsonResult[1]
      Setting HTTP status code 401.
info: Microsoft.AspNetCore.Http.Result.JsonResult[3]
      Writing value of type '<>f__AnonymousType5`1' as Json.
info: Microsoft.AspNetCore.Routing.EndpointMiddleware[1]
      Executed endpoint 'HTTP: GET /api/v1/terminals/{terminalId:guid}/orders/pending'
info: Microsoft.AspNetCore.Hosting.Diagnostics[2]
      Request finished HTTP/1.1 GET https://127.0.0.1:42937/api/v1/terminals/1b1790d6-8fd0-44d2-9563-dcadfb769383/orders/pending?terminalId=1b1790d6-8fd0-44d2-9563-dcadfb769383 - 401 - application/json;+charset=utf-8 1.5416ms
info: Microsoft.AspNetCore.Hosting.Diagnostics[1]
      Request starting HTTP/1.1 GET http://127.0.0.1:42937/api/v1/terminals/1d34dd97-81e5-4583-9054-bfa8d8547338/orders/staff?terminalId=1d34dd97-81e5-4583-9054-bfa8d8547338 - - -
info: Microsoft.AspNetCore.Routing.EndpointMiddleware[0]
      Executing endpoint 'HTTP: GET /api/v1/terminals/{terminalId:guid}/orders/staff'
info: Microsoft.AspNetCore.Http.Result.JsonResult[1]
      Setting HTTP status code 401.
info: Microsoft.AspNetCore.Http.Result.JsonResult[3]
      Writing value of type '<>f__AnonymousType5`1' as Json.
info: Microsoft.AspNetCore.Routing.EndpointMiddleware[1]
      Executed endpoint 'HTTP: GET /api/v1/terminals/{terminalId:guid}/orders/staff'
info: Microsoft.AspNetCore.Hosting.Diagnostics[2]
      Request finished HTTP/1.1 GET https://127.0.0.1:42937/api/v1/terminals/1d34dd97-81e5-4583-9054-bfa8d8547338/orders/staff?terminalId=1d34dd97-81e5-4583-9054-bfa8d8547338 - 401 - application/json;+charset=utf-8 2.3424ms
info: Microsoft.AspNetCore.Hosting.Diagnostics[1]
      Request starting HTTP/1.1 GET http://127.0.0.1:42937/api/v1/terminals/dbd8bbe4-4f9b-4ee5-a51b-e27d18286602/orders/suggested-waiter?terminalId=dbd8bbe4-4f9b-4ee5-a51b-e27d18286602 - - -
info: Microsoft.AspNetCore.Routing.EndpointMiddleware[0]
      Executing endpoint 'HTTP: GET /api/v1/terminals/{terminalId:guid}/orders/suggested-waiter'
info: Microsoft.AspNetCore.Http.Result.JsonResult[1]
      Setting HTTP status code 401.
info: Microsoft.AspNetCore.Http.Result.JsonResult[3]
      Writing value of type '<>f__AnonymousType5`1' as Json.
info: Microsoft.AspNetCore.Routing.EndpointMiddleware[1]
      Executed endpoint 'HTTP: GET /api/v1/terminals/{terminalId:guid}/orders/suggested-waiter'
info: Microsoft.AspNetCore.Hosting.Diagnostics[2]
      Request finished HTTP/1.1 GET https://127.0.0.1:42937/api/v1/terminals/dbd8bbe4-4f9b-4ee5-a51b-e27d18286602/orders/suggested-waiter?terminalId=dbd8bbe4-4f9b-4ee5-a51b-e27d18286602 - 401 - application/json;+charset=utf-8 1.3781ms
info: Microsoft.AspNetCore.Hosting.Diagnostics[1]
      Request starting HTTP/1.1 POST http://127.0.0.1:42937/api/v1/terminals/bde612b9-4b4c-46f0-b42c-9faf2847343f/orders/table?terminalId=bde612b9-4b4c-46f0-b42c-9faf2847343f - application/json;+charset=utf-8 2
info: Microsoft.AspNetCore.Routing.EndpointMiddleware[0]
      Executing endpoint 'HTTP: POST /api/v1/terminals/{terminalId:guid}/orders/table'
info: Microsoft.AspNetCore.Routing.EndpointMiddleware[1]
      Executed endpoint 'HTTP: POST /api/v1/terminals/{terminalId:guid}/orders/table'
info: Microsoft.AspNetCore.Hosting.Diagnostics[2]
      Request finished HTTP/1.1 POST https://127.0.0.1:42937/api/v1/terminals/bde612b9-4b4c-46f0-b42c-9faf2847343f/orders/table?terminalId=bde612b9-4b4c-46f0-b42c-9faf2847343f - 401 - application/json;+charset=utf-8 0.9142ms
info: Microsoft.AspNetCore.Hosting.Diagnostics[1]
      Request starting HTTP/1.1 POST http://127.0.0.1:42937/api/v1/terminals/288c6483-f809-4e4c-a003-9cfd1094ced2/orders/table-draft?terminalId=288c6483-f809-4e4c-a003-9cfd1094ced2 - application/json;+charset=utf-8 2
info: Microsoft.AspNetCore.Routing.EndpointMiddleware[0]
      Executing endpoint 'HTTP: POST /api/v1/terminals/{terminalId:guid}/orders/table-draft'
info: Microsoft.AspNetCore.Http.Result.JsonResult[1]
      Setting HTTP status code 401.
info: Microsoft.AspNetCore.Http.Result.JsonResult[3]
      Writing value of type '<>f__AnonymousType5`1' as Json.
info: Microsoft.AspNetCore.Routing.EndpointMiddleware[1]
      Executed endpoint 'HTTP: POST /api/v1/terminals/{terminalId:guid}/orders/table-draft'
info: Microsoft.AspNetCore.Hosting.Diagnostics[2]
      Request finished HTTP/1.1 POST https://127.0.0.1:42937/api/v1/terminals/288c6483-f809-4e4c-a003-9cfd1094ced2/orders/table-draft?terminalId=288c6483-f809-4e4c-a003-9cfd1094ced2 - 401 - application/json;+charset=utf-8 1.0576ms
info: Microsoft.AspNetCore.Hosting.Diagnostics[1]
      Request starting HTTP/1.1 GET http://127.0.0.1:42937/api/v1/terminals/6b2c5aa8-8886-4a68-94e1-598c0f84ad57/orders/table/f1a22ac0-e8eb-48a2-991a-18d1600ecfa5?terminalId=6b2c5aa8-8886-4a68-94e1-598c0f84ad57 - - -
info: Microsoft.AspNetCore.Routing.EndpointMiddleware[0]
      Executing endpoint 'HTTP: GET /api/v1/terminals/{terminalId:guid}/orders/table/{tableId:guid}'
info: Microsoft.AspNetCore.Http.Result.JsonResult[1]
      Setting HTTP status code 401.
info: Microsoft.AspNetCore.Http.Result.JsonResult[3]
      Writing value of type '<>f__AnonymousType5`1' as Json.
info: Microsoft.AspNetCore.Routing.EndpointMiddleware[1]
      Executed endpoint 'HTTP: GET /api/v1/terminals/{terminalId:guid}/orders/table/{tableId:guid}'
info: Microsoft.AspNetCore.Hosting.Diagnostics[2]
      Request finished HTTP/1.1 GET https://127.0.0.1:42937/api/v1/terminals/6b2c5aa8-8886-4a68-94e1-598c0f84ad57/orders/table/f1a22ac0-e8eb-48a2-991a-18d1600ecfa5?terminalId=6b2c5aa8-8886-4a68-94e1-598c0f84ad57 - 401 - application/json;+charset=utf-8 2.8856ms
info: Microsoft.AspNetCore.Hosting.Diagnostics[1]
      Request starting HTTP/1.1 POST http://127.0.0.1:42937/api/v1/terminals/eaa906e9-3ec9-4133-8d4f-dd4340a80939/orders/transfer-server?terminalId=eaa906e9-3ec9-4133-8d4f-dd4340a80939 - application/json;+charset=utf-8 2
info: Microsoft.AspNetCore.Routing.EndpointMiddleware[0]
      Executing endpoint 'HTTP: POST /api/v1/terminals/{terminalId:guid}/orders/transfer-server'
info: Microsoft.AspNetCore.Http.Result.JsonResult[1]
      Setting HTTP status code 401.
info: Microsoft.AspNetCore.Http.Result.JsonResult[3]
      Writing value of type '<>f__AnonymousType5`1' as Json.
info: Microsoft.AspNetCore.Routing.EndpointMiddleware[1]
      Executed endpoint 'HTTP: POST /api/v1/terminals/{terminalId:guid}/orders/transfer-server'
info: Microsoft.AspNetCore.Hosting.Diagnostics[2]
      Request finished HTTP/1.1 POST https://127.0.0.1:42937/api/v1/terminals/eaa906e9-3ec9-4133-8d4f-dd4340a80939/orders/transfer-server?terminalId=eaa906e9-3ec9-4133-8d4f-dd4340a80939 - 401 - application/json;+charset=utf-8 0.6375ms
info: Microsoft.AspNetCore.Hosting.Diagnostics[1]
      Request starting HTTP/1.1 GET http://127.0.0.1:42937/api/v1/terminals/317949cf-17c9-46ee-a465-8afa8e28bddc/orders/waiter-load?terminalId=317949cf-17c9-46ee-a465-8afa8e28bddc - - -
info: Microsoft.AspNetCore.Routing.EndpointMiddleware[0]
      Executing endpoint 'HTTP: GET /api/v1/terminals/{terminalId:guid}/orders/waiter-load'
info: Microsoft.AspNetCore.Http.Result.JsonResult[1]
      Setting HTTP status code 401.
info: Microsoft.AspNetCore.Http.Result.JsonResult[3]
      Writing value of type '<>f__AnonymousType5`1' as Json.
info: Microsoft.AspNetCore.Routing.EndpointMiddleware[1]
      Executed endpoint 'HTTP: GET /api/v1/terminals/{terminalId:guid}/orders/waiter-load'
info: Microsoft.AspNetCore.Hosting.Diagnostics[2]
      Request finished HTTP/1.1 GET https://127.0.0.1:42937/api/v1/terminals/317949cf-17c9-46ee-a465-8afa8e28bddc/orders/waiter-load?terminalId=317949cf-17c9-46ee-a465-8afa8e28bddc - 401 - application/json;+charset=utf-8 1.1567ms
info: Microsoft.AspNetCore.Hosting.Diagnostics[1]
      Request starting HTTP/1.1 GET http://127.0.0.1:42937/api/v1/terminals/c1702873-184e-4a27-93f6-5a520599129c/orders/c7eff7d8-19b2-49fd-b880-8e67af885dea?terminalId=c1702873-184e-4a27-93f6-5a520599129c - - -
info: Microsoft.AspNetCore.Routing.EndpointMiddleware[0]
      Executing endpoint 'HTTP: GET /api/v1/terminals/{terminalId:guid}/orders/{orderId:guid}'
info: Microsoft.AspNetCore.Http.Result.JsonResult[1]
      Setting HTTP status code 401.
info: Microsoft.AspNetCore.Http.Result.JsonResult[3]
      Writing value of type '<>f__AnonymousType5`1' as Json.
info: Microsoft.AspNetCore.Routing.EndpointMiddleware[1]
      Executed endpoint 'HTTP: GET /api/v1/terminals/{terminalId:guid}/orders/{orderId:guid}'
info: Microsoft.AspNetCore.Hosting.Diagnostics[2]
      Request finished HTTP/1.1 GET https://127.0.0.1:42937/api/v1/terminals/c1702873-184e-4a27-93f6-5a520599129c/orders/c7eff7d8-19b2-49fd-b880-8e67af885dea?terminalId=c1702873-184e-4a27-93f6-5a520599129c - 401 - application/json;+charset=utf-8 1.1172ms
info: Microsoft.AspNetCore.Hosting.Diagnostics[1]
      Request starting HTTP/1.1 POST http://127.0.0.1:42937/api/v1/terminals/c5a9d9b4-87c1-452a-bada-a9a5822bc579/orders/d2ec0a02-3d76-4e80-b518-7a366f34360f/accept?terminalId=c5a9d9b4-87c1-452a-bada-a9a5822bc579 - application/json;+charset=utf-8 2
info: Microsoft.AspNetCore.Routing.EndpointMiddleware[0]
      Executing endpoint 'HTTP: POST /api/v1/terminals/{terminalId:guid}/orders/{orderId:guid}/accept'
info: Microsoft.AspNetCore.Http.Result.JsonResult[1]
      Setting HTTP status code 401.
info: Microsoft.AspNetCore.Http.Result.JsonResult[3]
      Writing value of type '<>f__AnonymousType5`1' as Json.
info: Microsoft.AspNetCore.Routing.EndpointMiddleware[1]
      Executed endpoint 'HTTP: POST /api/v1/terminals/{terminalId:guid}/orders/{orderId:guid}/accept'
info: Microsoft.AspNetCore.Hosting.Diagnostics[2]
      Request finished HTTP/1.1 POST https://127.0.0.1:42937/api/v1/terminals/c5a9d9b4-87c1-452a-bada-a9a5822bc579/orders/d2ec0a02-3d76-4e80-b518-7a366f34360f/accept?terminalId=c5a9d9b4-87c1-452a-bada-a9a5822bc579 - 401 - application/json;+charset=utf-8 0.3964ms
info: Microsoft.AspNetCore.Hosting.Diagnostics[1]
      Request starting HTTP/1.1 POST http://127.0.0.1:42937/api/v1/terminals/26809235-fba8-4165-a166-415910bf2817/orders/6c5e0bc5-e7a4-4fc8-b5a7-8f1f261d9154/fire-course?terminalId=26809235-fba8-4165-a166-415910bf2817 - application/json;+charset=utf-8 2
info: Microsoft.AspNetCore.Routing.EndpointMiddleware[0]
      Executing endpoint 'HTTP: POST /api/v1/terminals/{terminalId:guid}/orders/{orderId:guid}/fire-course'
info: Microsoft.AspNetCore.Http.Result.JsonResult[1]
      Setting HTTP status code 401.
info: Microsoft.AspNetCore.Http.Result.JsonResult[3]
      Writing value of type '<>f__AnonymousType5`1' as Json.
info: Microsoft.AspNetCore.Routing.EndpointMiddleware[1]
      Executed endpoint 'HTTP: POST /api/v1/terminals/{terminalId:guid}/orders/{orderId:guid}/fire-course'
info: Microsoft.AspNetCore.Hosting.Diagnostics[2]
      Request finished HTTP/1.1 POST https://127.0.0.1:42937/api/v1/terminals/26809235-fba8-4165-a166-415910bf2817/orders/6c5e0bc5-e7a4-4fc8-b5a7-8f1f261d9154/fire-course?terminalId=26809235-fba8-4165-a166-415910bf2817 - 401 - application/json;+charset=utf-8 0.3222ms
info: Microsoft.AspNetCore.Hosting.Diagnostics[1]
      Request starting HTTP/1.1 POST http://127.0.0.1:42937/api/v1/terminals/298ed65b-b18e-47a8-b868-fcdd8c31bdf0/orders/f91b0a8e-5a8e-4d32-972c-2b6da1b396e1/items?terminalId=298ed65b-b18e-47a8-b868-fcdd8c31bdf0 - application/json;+charset=utf-8 2
info: Microsoft.AspNetCore.Routing.EndpointMiddleware[0]
      Executing endpoint 'HTTP: POST /api/v1/terminals/{terminalId:guid}/orders/{orderId:guid}/items'
info: Microsoft.AspNetCore.Routing.EndpointMiddleware[1]
      Executed endpoint 'HTTP: POST /api/v1/terminals/{terminalId:guid}/orders/{orderId:guid}/items'
info: Microsoft.AspNetCore.Hosting.Diagnostics[2]
      Request finished HTTP/1.1 POST https://127.0.0.1:42937/api/v1/terminals/298ed65b-b18e-47a8-b868-fcdd8c31bdf0/orders/f91b0a8e-5a8e-4d32-972c-2b6da1b396e1/items?terminalId=298ed65b-b18e-47a8-b868-fcdd8c31bdf0 - 401 - application/json;+charset=utf-8 0.4878ms
info: Microsoft.AspNetCore.Hosting.Diagnostics[1]
      Request starting HTTP/1.1 PATCH http://127.0.0.1:42937/api/v1/terminals/029c8284-fac6-44b5-a318-9ce77783069b/orders/206d561f-c959-4d24-8857-5a5c5f69876b/items/2fcac267-8d0d-4201-9804-bc55d9027de4?terminalId=029c8284-fac6-44b5-a318-9ce77783069b - application/json;+charset=utf-8 2
info: Microsoft.AspNetCore.Routing.EndpointMiddleware[0]
      Executing endpoint 'HTTP: PATCH /api/v1/terminals/{terminalId:guid}/orders/{orderId:guid}/items/{itemId:guid}'
info: Microsoft.AspNetCore.Routing.EndpointMiddleware[1]
      Executed endpoint 'HTTP: PATCH /api/v1/terminals/{terminalId:guid}/orders/{orderId:guid}/items/{itemId:guid}'
info: Microsoft.AspNetCore.Hosting.Diagnostics[2]
      Request finished HTTP/1.1 PATCH https://127.0.0.1:42937/api/v1/terminals/029c8284-fac6-44b5-a318-9ce77783069b/orders/206d561f-c959-4d24-8857-5a5c5f69876b/items/2fcac267-8d0d-4201-9804-bc55d9027de4?terminalId=029c8284-fac6-44b5-a318-9ce77783069b - 401 - application/json;+charset=utf-8 0.4540ms
info: Microsoft.AspNetCore.Hosting.Diagnostics[1]
      Request starting HTTP/1.1 DELETE http://127.0.0.1:42937/api/v1/terminals/39b7d029-cefa-491d-b69a-3b23f27d27b0/orders/b17be6bc-ff4e-42f4-9ffd-6dcbf5e55545/items/b84c6415-0c0b-44dd-b2fd-3efa8836011b?terminalId=39b7d029-cefa-491d-b69a-3b23f27d27b0 - application/json;+charset=utf-8 2
info: Microsoft.AspNetCore.Routing.EndpointMiddleware[0]
      Executing endpoint 'HTTP: DELETE /api/v1/terminals/{terminalId:guid}/orders/{orderId:guid}/items/{itemId:guid}'
info: Microsoft.AspNetCore.Routing.EndpointMiddleware[1]
      Executed endpoint 'HTTP: DELETE /api/v1/terminals/{terminalId:guid}/orders/{orderId:guid}/items/{itemId:guid}'
info: Microsoft.AspNetCore.Hosting.Diagnostics[2]
      Request finished HTTP/1.1 DELETE https://127.0.0.1:42937/api/v1/terminals/39b7d029-cefa-491d-b69a-3b23f27d27b0/orders/b17be6bc-ff4e-42f4-9ffd-6dcbf5e55545/items/b84c6415-0c0b-44dd-b2fd-3efa8836011b?terminalId=39b7d029-cefa-491d-b69a-3b23f27d27b0 - 400 0 - 0.1278ms
info: Microsoft.AspNetCore.Hosting.Diagnostics[1]
      Request starting HTTP/1.1 POST http://127.0.0.1:42937/api/v1/terminals/50aba5c0-046f-4335-ad0a-f50c469df9aa/orders/61ca94d1-81f0-4e87-a7a6-d65dea86f5c1/items/3a5bd4ec-3201-417f-9ff4-cef1a27d5e3e/comp?terminalId=50aba5c0-046f-4335-ad0a-f50c469df9aa - application/json;+charset=utf-8 2
info: Microsoft.AspNetCore.Routing.EndpointMiddleware[0]
      Executing endpoint 'HTTP: POST /api/v1/terminals/{terminalId:guid}/orders/{orderId:guid}/items/{itemId:guid}/comp'
info: Microsoft.AspNetCore.Http.Result.JsonResult[1]
      Setting HTTP status code 401.
info: Microsoft.AspNetCore.Http.Result.JsonResult[3]
      Writing value of type '<>f__AnonymousType5`1' as Json.
info: Microsoft.AspNetCore.Routing.EndpointMiddleware[1]
      Executed endpoint 'HTTP: POST /api/v1/terminals/{terminalId:guid}/orders/{orderId:guid}/items/{itemId:guid}/comp'
info: Microsoft.AspNetCore.Hosting.Diagnostics[2]
      Request finished HTTP/1.1 POST https://127.0.0.1:42937/api/v1/terminals/50aba5c0-046f-4335-ad0a-f50c469df9aa/orders/61ca94d1-81f0-4e87-a7a6-d65dea86f5c1/items/3a5bd4ec-3201-417f-9ff4-cef1a27d5e3e/comp?terminalId=50aba5c0-046f-4335-ad0a-f50c469df9aa - 401 - application/json;+charset=utf-8 0.3007ms
info: Microsoft.AspNetCore.Hosting.Diagnostics[1]
      Request starting HTTP/1.1 POST http://127.0.0.1:42937/api/v1/terminals/16ea34a1-d19a-4e96-95ef-b08c9376aa65/orders/4d81208f-d507-43f8-bee2-d8a0f4153e52/items/da1bc28f-cfee-4653-ad46-f3740f2b217b/void?terminalId=16ea34a1-d19a-4e96-95ef-b08c9376aa65 - application/json;+charset=utf-8 2
info: Microsoft.AspNetCore.Routing.EndpointMiddleware[0]
      Executing endpoint 'HTTP: POST /api/v1/terminals/{terminalId:guid}/orders/{orderId:guid}/items/{itemId:guid}/void'
info: Microsoft.AspNetCore.Http.Result.JsonResult[1]
      Setting HTTP status code 401.
info: Microsoft.AspNetCore.Http.Result.JsonResult[3]
      Writing value of type '<>f__AnonymousType5`1' as Json.
info: Microsoft.AspNetCore.Routing.EndpointMiddleware[1]
      Executed endpoint 'HTTP: POST /api/v1/terminals/{terminalId:guid}/orders/{orderId:guid}/items/{itemId:guid}/void'
info: Microsoft.AspNetCore.Hosting.Diagnostics[2]
      Request finished HTTP/1.1 POST https://127.0.0.1:42937/api/v1/terminals/16ea34a1-d19a-4e96-95ef-b08c9376aa65/orders/4d81208f-d507-43f8-bee2-d8a0f4153e52/items/da1bc28f-cfee-4653-ad46-f3740f2b217b/void?terminalId=16ea34a1-d19a-4e96-95ef-b08c9376aa65 - 401 - application/json;+charset=utf-8 1.0574ms
info: Microsoft.AspNetCore.Hosting.Diagnostics[1]
      Request starting HTTP/1.1 POST http://127.0.0.1:42937/api/v1/terminals/a6f13e4e-a0da-474b-acaf-9efb3f6f4cdc/orders/0d86588b-9dfb-4449-891e-1ce893e17748/items/e67f0071-ccc1-426a-bdaf-df4a3078c375/void-sent?terminalId=a6f13e4e-a0da-474b-acaf-9efb3f6f4cdc - application/json;+charset=utf-8 2
info: Microsoft.AspNetCore.Routing.EndpointMiddleware[0]
      Executing endpoint 'HTTP: POST /api/v1/terminals/{terminalId:guid}/orders/{orderId:guid}/items/{itemId:guid}/void-sent'
info: Microsoft.AspNetCore.Http.Result.JsonResult[1]
      Setting HTTP status code 401.
info: Microsoft.AspNetCore.Http.Result.JsonResult[3]
      Writing value of type '<>f__AnonymousType5`1' as Json.
info: Microsoft.AspNetCore.Routing.EndpointMiddleware[1]
      Executed endpoint 'HTTP: POST /api/v1/terminals/{terminalId:guid}/orders/{orderId:guid}/items/{itemId:guid}/void-sent'
info: Microsoft.AspNetCore.Hosting.Diagnostics[2]
      Request finished HTTP/1.1 POST https://127.0.0.1:42937/api/v1/terminals/a6f13e4e-a0da-474b-acaf-9efb3f6f4cdc/orders/0d86588b-9dfb-4449-891e-1ce893e17748/items/e67f0071-ccc1-426a-bdaf-df4a3078c375/void-sent?terminalId=a6f13e4e-a0da-474b-acaf-9efb3f6f4cdc - 401 - application/json;+charset=utf-8 0.8478ms
info: Microsoft.AspNetCore.Hosting.Diagnostics[1]
      Request starting HTTP/1.1 POST http://127.0.0.1:42937/api/v1/terminals/b8db47a6-0b9f-4a77-b9f0-b55803350437/orders/59083189-53af-4aac-8f18-cbc9e103b02e/recall-from-cashier?terminalId=b8db47a6-0b9f-4a77-b9f0-b55803350437 - application/json;+charset=utf-8 2
info: Microsoft.AspNetCore.Routing.EndpointMiddleware[0]
      Executing endpoint 'HTTP: POST /api/v1/terminals/{terminalId:guid}/orders/{orderId:guid}/recall-from-cashier'
info: Microsoft.AspNetCore.Http.Result.JsonResult[1]
      Setting HTTP status code 401.
info: Microsoft.AspNetCore.Http.Result.JsonResult[3]
      Writing value of type '<>f__AnonymousType5`1' as Json.
info: Microsoft.AspNetCore.Routing.EndpointMiddleware[1]
      Executed endpoint 'HTTP: POST /api/v1/terminals/{terminalId:guid}/orders/{orderId:guid}/recall-from-cashier'
info: Microsoft.AspNetCore.Hosting.Diagnostics[2]
      Request finished HTTP/1.1 POST https://127.0.0.1:42937/api/v1/terminals/b8db47a6-0b9f-4a77-b9f0-b55803350437/orders/59083189-53af-4aac-8f18-cbc9e103b02e/recall-from-cashier?terminalId=b8db47a6-0b9f-4a77-b9f0-b55803350437 - 401 - application/json;+charset=utf-8 1.0476ms
info: Microsoft.AspNetCore.Hosting.Diagnostics[1]
      Request starting HTTP/1.1 POST http://127.0.0.1:42937/api/v1/terminals/9a454a3d-c953-48b7-8326-c01d8a030d97/orders/6ff47758-4fed-45bf-ba22-25eee279343e/reject?terminalId=9a454a3d-c953-48b7-8326-c01d8a030d97 - application/json;+charset=utf-8 2
info: Microsoft.AspNetCore.Routing.EndpointMiddleware[0]
      Executing endpoint 'HTTP: POST /api/v1/terminals/{terminalId:guid}/orders/{orderId:guid}/reject'
info: Microsoft.AspNetCore.Http.Result.JsonResult[1]
      Setting HTTP status code 401.
info: Microsoft.AspNetCore.Http.Result.JsonResult[3]
      Writing value of type '<>f__AnonymousType5`1' as Json.
info: Microsoft.AspNetCore.Routing.EndpointMiddleware[1]
      Executed endpoint 'HTTP: POST /api/v1/terminals/{terminalId:guid}/orders/{orderId:guid}/reject'
info: Microsoft.AspNetCore.Hosting.Diagnostics[2]
      Request finished HTTP/1.1 POST https://127.0.0.1:42937/api/v1/terminals/9a454a3d-c953-48b7-8326-c01d8a030d97/orders/6ff47758-4fed-45bf-ba22-25eee279343e/reject?terminalId=9a454a3d-c953-48b7-8326-c01d8a030d97 - 401 - application/json;+charset=utf-8 0.4696ms
info: Microsoft.AspNetCore.Hosting.Diagnostics[1]
      Request starting HTTP/1.1 POST http://127.0.0.1:42937/api/v1/terminals/56570f1b-c140-44d7-a662-939fdce5b075/orders/63986216-476f-4bdc-8977-f84028a25255/send-to-cashier?terminalId=56570f1b-c140-44d7-a662-939fdce5b075 - application/json;+charset=utf-8 2
info: Microsoft.AspNetCore.Routing.EndpointMiddleware[0]
      Executing endpoint 'HTTP: POST /api/v1/terminals/{terminalId:guid}/orders/{orderId:guid}/send-to-cashier'
info: Microsoft.AspNetCore.Http.Result.JsonResult[1]
      Setting HTTP status code 401.
info: Microsoft.AspNetCore.Http.Result.JsonResult[3]
      Writing value of type '<>f__AnonymousType5`1' as Json.
info: Microsoft.AspNetCore.Routing.EndpointMiddleware[1]
      Executed endpoint 'HTTP: POST /api/v1/terminals/{terminalId:guid}/orders/{orderId:guid}/send-to-cashier'
info: Microsoft.AspNetCore.Hosting.Diagnostics[2]
      Request finished HTTP/1.1 POST https://127.0.0.1:42937/api/v1/terminals/56570f1b-c140-44d7-a662-939fdce5b075/orders/63986216-476f-4bdc-8977-f84028a25255/send-to-cashier?terminalId=56570f1b-c140-44d7-a662-939fdce5b075 - 401 - application/json;+charset=utf-8 0.3517ms
info: Microsoft.AspNetCore.Hosting.Diagnostics[1]
      Request starting HTTP/1.1 POST http://127.0.0.1:42937/api/v1/terminals/b9f89884-4329-4c75-9e14-1ea6e8f2f73f/orders/be26e55d-8d12-4566-af23-56922129c146/submit?terminalId=b9f89884-4329-4c75-9e14-1ea6e8f2f73f - application/json;+charset=utf-8 2
info: Microsoft.AspNetCore.Routing.EndpointMiddleware[0]
      Executing endpoint 'HTTP: POST /api/v1/terminals/{terminalId:guid}/orders/{orderId:guid}/submit'
info: Microsoft.AspNetCore.Routing.EndpointMiddleware[1]
      Executed endpoint 'HTTP: POST /api/v1/terminals/{terminalId:guid}/orders/{orderId:guid}/submit'
info: Microsoft.AspNetCore.Hosting.Diagnostics[2]
      Request finished HTTP/1.1 POST https://127.0.0.1:42937/api/v1/terminals/b9f89884-4329-4c75-9e14-1ea6e8f2f73f/orders/be26e55d-8d12-4566-af23-56922129c146/submit?terminalId=b9f89884-4329-4c75-9e14-1ea6e8f2f73f - 401 - application/json;+charset=utf-8 0.4731ms
info: Microsoft.AspNetCore.Hosting.Diagnostics[1]
      Request starting HTTP/1.1 POST http://127.0.0.1:42937/api/v1/terminals/1e7abbdd-3fae-4d8f-912d-4f0f8f98e61a/orders/ae3025b6-c439-47c1-a84b-efee29b795a9/submit-draft?terminalId=1e7abbdd-3fae-4d8f-912d-4f0f8f98e61a - application/json;+charset=utf-8 2
info: Microsoft.AspNetCore.Routing.EndpointMiddleware[0]
      Executing endpoint 'HTTP: POST /api/v1/terminals/{terminalId:guid}/orders/{orderId:guid}/submit-draft'
info: Microsoft.AspNetCore.Http.Result.JsonResult[1]
      Setting HTTP status code 401.
info: Microsoft.AspNetCore.Http.Result.JsonResult[3]
      Writing value of type '<>f__AnonymousType5`1' as Json.
info: Microsoft.AspNetCore.Routing.EndpointMiddleware[1]
      Executed endpoint 'HTTP: POST /api/v1/terminals/{terminalId:guid}/orders/{orderId:guid}/submit-draft'
info: Microsoft.AspNetCore.Hosting.Diagnostics[2]
      Request finished HTTP/1.1 POST https://127.0.0.1:42937/api/v1/terminals/1e7abbdd-3fae-4d8f-912d-4f0f8f98e61a/orders/ae3025b6-c439-47c1-a84b-efee29b795a9/submit-draft?terminalId=1e7abbdd-3fae-4d8f-912d-4f0f8f98e61a - 401 - application/json;+charset=utf-8 0.3517ms
info: Microsoft.AspNetCore.Hosting.Diagnostics[1]
      Request starting HTTP/1.1 POST http://127.0.0.1:42937/api/v1/terminals/08320961-10b8-480b-bc84-637e7f58b4cd/pairings/approve?terminalId=08320961-10b8-480b-bc84-637e7f58b4cd - application/json;+charset=utf-8 2
info: Microsoft.AspNetCore.Routing.EndpointMiddleware[0]
      Executing endpoint 'HTTP: POST /api/v1/terminals/{terminalId:guid}/pairings/approve'
info: Microsoft.AspNetCore.Routing.EndpointMiddleware[1]
      Executed endpoint 'HTTP: POST /api/v1/terminals/{terminalId:guid}/pairings/approve'
info: Microsoft.AspNetCore.Hosting.Diagnostics[2]
      Request finished HTTP/1.1 POST https://127.0.0.1:42937/api/v1/terminals/08320961-10b8-480b-bc84-637e7f58b4cd/pairings/approve?terminalId=08320961-10b8-480b-bc84-637e7f58b4cd - 401 - application/json;+charset=utf-8 0.5498ms
info: Microsoft.AspNetCore.Hosting.Diagnostics[1]
      Request starting HTTP/1.1 GET http://127.0.0.1:42937/api/v1/terminals/8d95888e-93e0-4f9a-89b3-f11b85d5071a/push/public-key?terminalId=8d95888e-93e0-4f9a-89b3-f11b85d5071a - - -
info: Microsoft.AspNetCore.Routing.EndpointMiddleware[0]
      Executing endpoint 'HTTP: GET /api/v1/terminals/{terminalId:guid}/push/public-key'
info: Microsoft.AspNetCore.Routing.EndpointMiddleware[1]
      Executed endpoint 'HTTP: GET /api/v1/terminals/{terminalId:guid}/push/public-key'
info: Microsoft.AspNetCore.Hosting.Diagnostics[2]
      Request finished HTTP/1.1 GET https://127.0.0.1:42937/api/v1/terminals/8d95888e-93e0-4f9a-89b3-f11b85d5071a/push/public-key?terminalId=8d95888e-93e0-4f9a-89b3-f11b85d5071a - 401 - application/json;+charset=utf-8 1.7019ms
info: Microsoft.AspNetCore.Hosting.Diagnostics[1]
      Request starting HTTP/1.1 POST http://127.0.0.1:42937/api/v1/terminals/0273ce67-4e89-4c5f-9981-94c41e46f551/push/subscriptions?terminalId=0273ce67-4e89-4c5f-9981-94c41e46f551 - application/json;+charset=utf-8 2
info: Microsoft.AspNetCore.Routing.EndpointMiddleware[0]
      Executing endpoint 'HTTP: POST /api/v1/terminals/{terminalId:guid}/push/subscriptions'
info: Microsoft.AspNetCore.Routing.EndpointMiddleware[1]
      Executed endpoint 'HTTP: POST /api/v1/terminals/{terminalId:guid}/push/subscriptions'
info: Microsoft.AspNetCore.Hosting.Diagnostics[2]
      Request finished HTTP/1.1 POST https://127.0.0.1:42937/api/v1/terminals/0273ce67-4e89-4c5f-9981-94c41e46f551/push/subscriptions?terminalId=0273ce67-4e89-4c5f-9981-94c41e46f551 - 401 - application/json;+charset=utf-8 0.4477ms
info: Microsoft.AspNetCore.Hosting.Diagnostics[1]
      Request starting HTTP/1.1 DELETE http://127.0.0.1:42937/api/v1/terminals/428ad2bc-16cc-43e8-88f5-b25b8a4c2b4e/push/subscriptions?terminalId=428ad2bc-16cc-43e8-88f5-b25b8a4c2b4e - application/json;+charset=utf-8 2
info: Microsoft.AspNetCore.Routing.EndpointMiddleware[0]
      Executing endpoint 'HTTP: DELETE /api/v1/terminals/{terminalId:guid}/push/subscriptions'
info: Microsoft.AspNetCore.Routing.EndpointMiddleware[1]
      Executed endpoint 'HTTP: DELETE /api/v1/terminals/{terminalId:guid}/push/subscriptions'
info: Microsoft.AspNetCore.Hosting.Diagnostics[2]
      Request finished HTTP/1.1 DELETE https://127.0.0.1:42937/api/v1/terminals/428ad2bc-16cc-43e8-88f5-b25b8a4c2b4e/push/subscriptions?terminalId=428ad2bc-16cc-43e8-88f5-b25b8a4c2b4e - 400 0 - 0.2202ms
info: Microsoft.AspNetCore.Hosting.Diagnostics[1]
      Request starting HTTP/1.1 POST http://127.0.0.1:42937/api/v1/terminals/347a7c14-4d17-49ea-95b4-dcfaf2d6adb0/qnb-credential/?terminalId=347a7c14-4d17-49ea-95b4-dcfaf2d6adb0 - application/json;+charset=utf-8 2
info: Microsoft.AspNetCore.Routing.EndpointMiddleware[0]
      Executing endpoint 'HTTP: POST /api/v1/terminals/{terminalId:guid}/qnb-credential/'
info: Microsoft.AspNetCore.Http.Result.JsonResult[1]
      Setting HTTP status code 401.
info: Microsoft.AspNetCore.Http.Result.JsonResult[3]
      Writing value of type '<>f__AnonymousType5`1' as Json.
info: Microsoft.AspNetCore.Routing.EndpointMiddleware[1]
      Executed endpoint 'HTTP: POST /api/v1/terminals/{terminalId:guid}/qnb-credential/'
info: Microsoft.AspNetCore.Hosting.Diagnostics[2]
      Request finished HTTP/1.1 POST https://127.0.0.1:42937/api/v1/terminals/347a7c14-4d17-49ea-95b4-dcfaf2d6adb0/qnb-credential/?terminalId=347a7c14-4d17-49ea-95b4-dcfaf2d6adb0 - 401 - application/json;+charset=utf-8 0.4785ms
info: Microsoft.AspNetCore.Hosting.Diagnostics[1]
      Request starting HTTP/1.1 GET http://127.0.0.1:42937/api/v1/terminals/82405d9e-ba8b-46c3-abd8-24a44e294fba/qnb-credential/status?terminalId=82405d9e-ba8b-46c3-abd8-24a44e294fba - - -
info: Microsoft.AspNetCore.Routing.EndpointMiddleware[0]
      Executing endpoint 'HTTP: GET /api/v1/terminals/{terminalId:guid}/qnb-credential/status'
info: Microsoft.AspNetCore.Http.Result.JsonResult[1]
      Setting HTTP status code 401.
info: Microsoft.AspNetCore.Http.Result.JsonResult[3]
      Writing value of type '<>f__AnonymousType5`1' as Json.
info: Microsoft.AspNetCore.Routing.EndpointMiddleware[1]
      Executed endpoint 'HTTP: GET /api/v1/terminals/{terminalId:guid}/qnb-credential/status'
info: Microsoft.AspNetCore.Hosting.Diagnostics[2]
      Request finished HTTP/1.1 GET https://127.0.0.1:42937/api/v1/terminals/82405d9e-ba8b-46c3-abd8-24a44e294fba/qnb-credential/status?terminalId=82405d9e-ba8b-46c3-abd8-24a44e294fba - 401 - application/json;+charset=utf-8 2.0783ms
info: Microsoft.AspNetCore.Hosting.Diagnostics[1]
      Request starting HTTP/1.1 POST http://127.0.0.1:42937/api/v1/terminals/29f05267-84f1-4c7f-a654-8e6716729f0d/qnb-credential/test-connection?terminalId=29f05267-84f1-4c7f-a654-8e6716729f0d - application/json;+charset=utf-8 2
info: Microsoft.AspNetCore.Routing.EndpointMiddleware[0]
      Executing endpoint 'HTTP: POST /api/v1/terminals/{terminalId:guid}/qnb-credential/test-connection'
info: Microsoft.AspNetCore.Http.Result.JsonResult[1]
      Setting HTTP status code 401.
info: Microsoft.AspNetCore.Http.Result.JsonResult[3]
      Writing value of type '<>f__AnonymousType5`1' as Json.
info: Microsoft.AspNetCore.Routing.EndpointMiddleware[1]
      Executed endpoint 'HTTP: POST /api/v1/terminals/{terminalId:guid}/qnb-credential/test-connection'
info: Microsoft.AspNetCore.Hosting.Diagnostics[2]
      Request finished HTTP/1.1 POST https://127.0.0.1:42937/api/v1/terminals/29f05267-84f1-4c7f-a654-8e6716729f0d/qnb-credential/test-connection?terminalId=29f05267-84f1-4c7f-a654-8e6716729f0d - 401 - application/json;+charset=utf-8 0.3160ms
info: Microsoft.AspNetCore.Hosting.Diagnostics[1]
      Request starting HTTP/1.1 POST http://127.0.0.1:42937/api/v1/terminals/9507f44a-3368-441a-9b28-51626c4393a5/relay-credential/?terminalId=9507f44a-3368-441a-9b28-51626c4393a5 - application/json;+charset=utf-8 2
info: Microsoft.AspNetCore.Routing.EndpointMiddleware[0]
      Executing endpoint 'HTTP: POST /api/v1/terminals/{terminalId:guid}/relay-credential/'
info: Microsoft.AspNetCore.Http.Result.JsonResult[1]
      Setting HTTP status code 401.
info: Microsoft.AspNetCore.Http.Result.JsonResult[3]
      Writing value of type '<>f__AnonymousType5`1' as Json.
info: Microsoft.AspNetCore.Routing.EndpointMiddleware[1]
      Executed endpoint 'HTTP: POST /api/v1/terminals/{terminalId:guid}/relay-credential/'
info: Microsoft.AspNetCore.Hosting.Diagnostics[2]
      Request finished HTTP/1.1 POST https://127.0.0.1:42937/api/v1/terminals/9507f44a-3368-441a-9b28-51626c4393a5/relay-credential/?terminalId=9507f44a-3368-441a-9b28-51626c4393a5 - 401 - application/json;+charset=utf-8 0.5853ms
info: Microsoft.AspNetCore.Hosting.Diagnostics[1]
      Request starting HTTP/1.1 POST http://127.0.0.1:42937/api/v1/terminals/83069c33-fa34-47d0-9d81-079b1f3111ff/relay-credential/provision?terminalId=83069c33-fa34-47d0-9d81-079b1f3111ff - application/json;+charset=utf-8 2
info: Microsoft.AspNetCore.Routing.EndpointMiddleware[0]
      Executing endpoint 'HTTP: POST /api/v1/terminals/{terminalId:guid}/relay-credential/provision'
info: Microsoft.AspNetCore.Http.Result.JsonResult[1]
      Setting HTTP status code 401.
info: Microsoft.AspNetCore.Http.Result.JsonResult[3]
      Writing value of type '<>f__AnonymousType5`1' as Json.
info: Microsoft.AspNetCore.Routing.EndpointMiddleware[1]
      Executed endpoint 'HTTP: POST /api/v1/terminals/{terminalId:guid}/relay-credential/provision'
info: Microsoft.AspNetCore.Hosting.Diagnostics[2]
      Request finished HTTP/1.1 POST https://127.0.0.1:42937/api/v1/terminals/83069c33-fa34-47d0-9d81-079b1f3111ff/relay-credential/provision?terminalId=83069c33-fa34-47d0-9d81-079b1f3111ff - 401 - application/json;+charset=utf-8 1.3360ms
info: Microsoft.AspNetCore.Hosting.Diagnostics[1]
      Request starting HTTP/1.1 GET http://127.0.0.1:42937/api/v1/terminals/f05af5ca-6f2f-4419-b375-da4d23cc0bba/relay-credential/status?terminalId=f05af5ca-6f2f-4419-b375-da4d23cc0bba - - -
info: Microsoft.AspNetCore.Routing.EndpointMiddleware[0]
      Executing endpoint 'HTTP: GET /api/v1/terminals/{terminalId:guid}/relay-credential/status'
info: Microsoft.AspNetCore.Http.Result.JsonResult[1]
      Setting HTTP status code 401.
info: Microsoft.AspNetCore.Http.Result.JsonResult[3]
      Writing value of type '<>f__AnonymousType5`1' as Json.
info: Microsoft.AspNetCore.Routing.EndpointMiddleware[1]
      Executed endpoint 'HTTP: GET /api/v1/terminals/{terminalId:guid}/relay-credential/status'
info: Microsoft.AspNetCore.Hosting.Diagnostics[2]
      Request finished HTTP/1.1 GET https://127.0.0.1:42937/api/v1/terminals/f05af5ca-6f2f-4419-b375-da4d23cc0bba/relay-credential/status?terminalId=f05af5ca-6f2f-4419-b375-da4d23cc0bba - 401 - application/json;+charset=utf-8 2.3267ms
info: Microsoft.AspNetCore.Hosting.Diagnostics[1]
      Request starting HTTP/1.1 GET http://127.0.0.1:42937/api/v1/terminals/93917e89-2a9a-4b5d-9b4c-641d83f6fc3e/runtime-configuration?terminalId=93917e89-2a9a-4b5d-9b4c-641d83f6fc3e - - -
info: Microsoft.AspNetCore.Routing.EndpointMiddleware[0]
      Executing endpoint 'HTTP: GET /api/v1/terminals/{terminalId:guid}/runtime-configuration'
info: Microsoft.AspNetCore.Routing.EndpointMiddleware[1]
      Executed endpoint 'HTTP: GET /api/v1/terminals/{terminalId:guid}/runtime-configuration'
info: Microsoft.AspNetCore.Hosting.Diagnostics[2]
      Request finished HTTP/1.1 GET https://127.0.0.1:42937/api/v1/terminals/93917e89-2a9a-4b5d-9b4c-641d83f6fc3e/runtime-configuration?terminalId=93917e89-2a9a-4b5d-9b4c-641d83f6fc3e - 401 - application/json;+charset=utf-8 1.6414ms
info: Microsoft.AspNetCore.Hosting.Diagnostics[1]
      Request starting HTTP/1.1 GET http://127.0.0.1:42937/api/v1/terminals/77ab4b2c-18e1-425d-ae33-f88ab03fc4fa/table-management/floor-plans/0b815f08-464d-4d12-9480-d0ef349f1451?terminalId=77ab4b2c-18e1-425d-ae33-f88ab03fc4fa - - -
info: Microsoft.AspNetCore.Routing.EndpointMiddleware[0]
      Executing endpoint 'HTTP: GET /api/v1/terminals/{terminalId:guid}/table-management/floor-plans/{zoneId:guid}'
info: Microsoft.AspNetCore.Http.Result.JsonResult[1]
      Setting HTTP status code 401.
info: Microsoft.AspNetCore.Http.Result.JsonResult[3]
      Writing value of type 'TableManagementErrorEnvelope' as Json.
info: Microsoft.AspNetCore.Routing.EndpointMiddleware[1]
      Executed endpoint 'HTTP: GET /api/v1/terminals/{terminalId:guid}/table-management/floor-plans/{zoneId:guid}'
info: Microsoft.AspNetCore.Hosting.Diagnostics[2]
      Request finished HTTP/1.1 GET https://127.0.0.1:42937/api/v1/terminals/77ab4b2c-18e1-425d-ae33-f88ab03fc4fa/table-management/floor-plans/0b815f08-464d-4d12-9480-d0ef349f1451?terminalId=77ab4b2c-18e1-425d-ae33-f88ab03fc4fa - 401 - application/json;+charset=utf-8 2.0315ms
info: Microsoft.AspNetCore.Hosting.Diagnostics[1]
      Request starting HTTP/1.1 PUT http://127.0.0.1:42937/api/v1/terminals/e4b136fd-d87f-46ff-8d9e-ff72ae8693d3/table-management/floor-plans/8d52ce2a-519d-470b-9a5f-f847d5eb7057?terminalId=e4b136fd-d87f-46ff-8d9e-ff72ae8693d3 - application/json;+charset=utf-8 2
info: Microsoft.AspNetCore.Routing.EndpointMiddleware[0]
      Executing endpoint 'HTTP: PUT /api/v1/terminals/{terminalId:guid}/table-management/floor-plans/{zoneId:guid}'
info: Microsoft.AspNetCore.Http.Result.JsonResult[1]
      Setting HTTP status code 401.
info: Microsoft.AspNetCore.Http.Result.JsonResult[3]
      Writing value of type 'TableManagementErrorEnvelope' as Json.
info: Microsoft.AspNetCore.Routing.EndpointMiddleware[1]
      Executed endpoint 'HTTP: PUT /api/v1/terminals/{terminalId:guid}/table-management/floor-plans/{zoneId:guid}'
info: Microsoft.AspNetCore.Hosting.Diagnostics[2]
      Request finished HTTP/1.1 PUT https://127.0.0.1:42937/api/v1/terminals/e4b136fd-d87f-46ff-8d9e-ff72ae8693d3/table-management/floor-plans/8d52ce2a-519d-470b-9a5f-f847d5eb7057?terminalId=e4b136fd-d87f-46ff-8d9e-ff72ae8693d3 - 401 - application/json;+charset=utf-8 0.6601ms
info: Microsoft.AspNetCore.Hosting.Diagnostics[1]
      Request starting HTTP/1.1 POST http://127.0.0.1:42937/api/v1/terminals/aea17b2f-ee5c-43c4-8713-ecda282cbe6a/table-management/merges?terminalId=aea17b2f-ee5c-43c4-8713-ecda282cbe6a - application/json;+charset=utf-8 2
info: Microsoft.AspNetCore.Routing.EndpointMiddleware[0]
      Executing endpoint 'HTTP: POST /api/v1/terminals/{terminalId:guid}/table-management/merges'
info: Microsoft.AspNetCore.Http.Result.JsonResult[1]
      Setting HTTP status code 401.
info: Microsoft.AspNetCore.Http.Result.JsonResult[3]
      Writing value of type 'TableManagementErrorEnvelope' as Json.
info: Microsoft.AspNetCore.Routing.EndpointMiddleware[1]
      Executed endpoint 'HTTP: POST /api/v1/terminals/{terminalId:guid}/table-management/merges'
info: Microsoft.AspNetCore.Hosting.Diagnostics[2]
      Request finished HTTP/1.1 POST https://127.0.0.1:42937/api/v1/terminals/aea17b2f-ee5c-43c4-8713-ecda282cbe6a/table-management/merges?terminalId=aea17b2f-ee5c-43c4-8713-ecda282cbe6a - 401 - application/json;+charset=utf-8 1.0483ms
info: Microsoft.AspNetCore.Hosting.Diagnostics[1]
      Request starting HTTP/1.1 POST http://127.0.0.1:42937/api/v1/terminals/6172d5a0-041c-4ff4-aa12-ddc878aa9705/table-management/merges/b0b70a0a-1baf-464c-8970-05be6609f4f8/unmerge?terminalId=6172d5a0-041c-4ff4-aa12-ddc878aa9705 - application/json;+charset=utf-8 2
info: Microsoft.AspNetCore.Routing.EndpointMiddleware[0]
      Executing endpoint 'HTTP: POST /api/v1/terminals/{terminalId:guid}/table-management/merges/{mergeGroupId:guid}/unmerge'
info: Microsoft.AspNetCore.Http.Result.JsonResult[1]
      Setting HTTP status code 401.
info: Microsoft.AspNetCore.Http.Result.JsonResult[3]
      Writing value of type 'TableManagementErrorEnvelope' as Json.
info: Microsoft.AspNetCore.Routing.EndpointMiddleware[1]
      Executed endpoint 'HTTP: POST /api/v1/terminals/{terminalId:guid}/table-management/merges/{mergeGroupId:guid}/unmerge'
info: Microsoft.AspNetCore.Hosting.Diagnostics[2]
      Request finished HTTP/1.1 POST https://127.0.0.1:42937/api/v1/terminals/6172d5a0-041c-4ff4-aa12-ddc878aa9705/table-management/merges/b0b70a0a-1baf-464c-8970-05be6609f4f8/unmerge?terminalId=6172d5a0-041c-4ff4-aa12-ddc878aa9705 - 401 - application/json;+charset=utf-8 0.5803ms
info: Microsoft.AspNetCore.Hosting.Diagnostics[1]
      Request starting HTTP/1.1 POST http://127.0.0.1:42937/api/v1/terminals/f65b4db8-4a2a-49ce-9963-24df34953342/table-management/reservations?terminalId=f65b4db8-4a2a-49ce-9963-24df34953342 - application/json;+charset=utf-8 2
info: Microsoft.AspNetCore.Routing.EndpointMiddleware[0]
      Executing endpoint 'HTTP: POST /api/v1/terminals/{terminalId:guid}/table-management/reservations'
info: Microsoft.AspNetCore.Http.Result.JsonResult[1]
      Setting HTTP status code 401.
info: Microsoft.AspNetCore.Http.Result.JsonResult[3]
      Writing value of type 'TableManagementErrorEnvelope' as Json.
info: Microsoft.AspNetCore.Routing.EndpointMiddleware[1]
      Executed endpoint 'HTTP: POST /api/v1/terminals/{terminalId:guid}/table-management/reservations'
info: Microsoft.AspNetCore.Hosting.Diagnostics[2]
      Request finished HTTP/1.1 POST https://127.0.0.1:42937/api/v1/terminals/f65b4db8-4a2a-49ce-9963-24df34953342/table-management/reservations?terminalId=f65b4db8-4a2a-49ce-9963-24df34953342 - 401 - application/json;+charset=utf-8 0.3812ms
info: Microsoft.AspNetCore.Hosting.Diagnostics[1]
      Request starting HTTP/1.1 GET http://127.0.0.1:42937/api/v1/terminals/3f1e8fe7-4bc4-4dc0-8729-67f7642d17ca/table-management/reservations/e43a34ee-9fb0-42f2-a3f1-f4d8f5518d04?terminalId=3f1e8fe7-4bc4-4dc0-8729-67f7642d17ca - - -
info: Microsoft.AspNetCore.Routing.EndpointMiddleware[0]
      Executing endpoint 'HTTP: GET /api/v1/terminals/{terminalId:guid}/table-management/reservations/{reservationId:guid}'
info: Microsoft.AspNetCore.Http.Result.JsonResult[1]
      Setting HTTP status code 401.
info: Microsoft.AspNetCore.Http.Result.JsonResult[3]
      Writing value of type 'TableManagementErrorEnvelope' as Json.
info: Microsoft.AspNetCore.Routing.EndpointMiddleware[1]
      Executed endpoint 'HTTP: GET /api/v1/terminals/{terminalId:guid}/table-management/reservations/{reservationId:guid}'
info: Microsoft.AspNetCore.Hosting.Diagnostics[2]
      Request finished HTTP/1.1 GET https://127.0.0.1:42937/api/v1/terminals/3f1e8fe7-4bc4-4dc0-8729-67f7642d17ca/table-management/reservations/e43a34ee-9fb0-42f2-a3f1-f4d8f5518d04?terminalId=3f1e8fe7-4bc4-4dc0-8729-67f7642d17ca - 401 - application/json;+charset=utf-8 1.9040ms
info: Microsoft.AspNetCore.Hosting.Diagnostics[1]
      Request starting HTTP/1.1 POST http://127.0.0.1:42937/api/v1/terminals/6495ead1-9da9-4a7f-bbca-287617255db3/table-management/reservations/0f53901d-633d-4215-b019-28e939b255a5/cancel?terminalId=6495ead1-9da9-4a7f-bbca-287617255db3 - application/json;+charset=utf-8 2
info: Microsoft.AspNetCore.Routing.EndpointMiddleware[0]
      Executing endpoint 'HTTP: POST /api/v1/terminals/{terminalId:guid}/table-management/reservations/{reservationId:guid}/cancel'
info: Microsoft.AspNetCore.Http.Result.JsonResult[1]
      Setting HTTP status code 401.
info: Microsoft.AspNetCore.Http.Result.JsonResult[3]
      Writing value of type 'TableManagementErrorEnvelope' as Json.
info: Microsoft.AspNetCore.Routing.EndpointMiddleware[1]
      Executed endpoint 'HTTP: POST /api/v1/terminals/{terminalId:guid}/table-management/reservations/{reservationId:guid}/cancel'
info: Microsoft.AspNetCore.Hosting.Diagnostics[2]
      Request finished HTTP/1.1 POST https://127.0.0.1:42937/api/v1/terminals/6495ead1-9da9-4a7f-bbca-287617255db3/table-management/reservations/0f53901d-633d-4215-b019-28e939b255a5/cancel?terminalId=6495ead1-9da9-4a7f-bbca-287617255db3 - 401 - application/json;+charset=utf-8 0.4303ms
info: Microsoft.AspNetCore.Hosting.Diagnostics[1]
      Request starting HTTP/1.1 POST http://127.0.0.1:42937/api/v1/terminals/d2d68103-ea2e-47d9-bc43-866bcf2b1170/table-management/reservations/89a2c2cd-1c7c-4c92-b966-e7c242b8f446/claim?terminalId=d2d68103-ea2e-47d9-bc43-866bcf2b1170 - application/json;+charset=utf-8 2
info: Microsoft.AspNetCore.Routing.EndpointMiddleware[0]
      Executing endpoint 'HTTP: POST /api/v1/terminals/{terminalId:guid}/table-management/reservations/{reservationId:guid}/claim'
info: Microsoft.AspNetCore.Http.Result.JsonResult[1]
      Setting HTTP status code 401.
info: Microsoft.AspNetCore.Http.Result.JsonResult[3]
      Writing value of type 'TableManagementErrorEnvelope' as Json.
info: Microsoft.AspNetCore.Routing.EndpointMiddleware[1]
      Executed endpoint 'HTTP: POST /api/v1/terminals/{terminalId:guid}/table-management/reservations/{reservationId:guid}/claim'
info: Microsoft.AspNetCore.Hosting.Diagnostics[2]
      Request finished HTTP/1.1 POST https://127.0.0.1:42937/api/v1/terminals/d2d68103-ea2e-47d9-bc43-866bcf2b1170/table-management/reservations/89a2c2cd-1c7c-4c92-b966-e7c242b8f446/claim?terminalId=d2d68103-ea2e-47d9-bc43-866bcf2b1170 - 401 - application/json;+charset=utf-8 0.4727ms
info: Microsoft.AspNetCore.Hosting.Diagnostics[1]
      Request starting HTTP/1.1 POST http://127.0.0.1:42937/api/v1/terminals/e95514bf-3e38-488a-af8b-d10d2cb98122/table-management/reservations/8273cccd-5fdf-402d-8009-e4f76cdacdff/expire?terminalId=e95514bf-3e38-488a-af8b-d10d2cb98122 - application/json;+charset=utf-8 2
info: Microsoft.AspNetCore.Routing.EndpointMiddleware[0]
      Executing endpoint 'HTTP: POST /api/v1/terminals/{terminalId:guid}/table-management/reservations/{reservationId:guid}/expire'
info: Microsoft.AspNetCore.Http.Result.JsonResult[1]
      Setting HTTP status code 401.
info: Microsoft.AspNetCore.Http.Result.JsonResult[3]
      Writing value of type 'TableManagementErrorEnvelope' as Json.
info: Microsoft.AspNetCore.Routing.EndpointMiddleware[1]
      Executed endpoint 'HTTP: POST /api/v1/terminals/{terminalId:guid}/table-management/reservations/{reservationId:guid}/expire'
info: Microsoft.AspNetCore.Hosting.Diagnostics[2]
      Request finished HTTP/1.1 POST https://127.0.0.1:42937/api/v1/terminals/e95514bf-3e38-488a-af8b-d10d2cb98122/table-management/reservations/8273cccd-5fdf-402d-8009-e4f76cdacdff/expire?terminalId=e95514bf-3e38-488a-af8b-d10d2cb98122 - 401 - application/json;+charset=utf-8 0.4512ms
info: Microsoft.AspNetCore.Hosting.Diagnostics[1]
      Request starting HTTP/1.1 GET http://127.0.0.1:42937/api/v1/terminals/06e75240-0632-492c-833c-f0dfd0c91f4f/table-management/tables?terminalId=06e75240-0632-492c-833c-f0dfd0c91f4f - - -
info: Microsoft.AspNetCore.Routing.EndpointMiddleware[0]
      Executing endpoint 'HTTP: GET /api/v1/terminals/{terminalId:guid}/table-management/tables'
info: Microsoft.AspNetCore.Http.Result.JsonResult[1]
      Setting HTTP status code 401.
info: Microsoft.AspNetCore.Http.Result.JsonResult[3]
      Writing value of type 'TableManagementErrorEnvelope' as Json.
info: Microsoft.AspNetCore.Routing.EndpointMiddleware[1]
      Executed endpoint 'HTTP: GET /api/v1/terminals/{terminalId:guid}/table-management/tables'
info: Microsoft.AspNetCore.Hosting.Diagnostics[2]
      Request finished HTTP/1.1 GET https://127.0.0.1:42937/api/v1/terminals/06e75240-0632-492c-833c-f0dfd0c91f4f/table-management/tables?terminalId=06e75240-0632-492c-833c-f0dfd0c91f4f - 401 - application/json;+charset=utf-8 2.9729ms
info: Microsoft.AspNetCore.Hosting.Diagnostics[1]
      Request starting HTTP/1.1 POST http://127.0.0.1:42937/api/v1/terminals/159290ee-27ec-4035-8ce6-7ec34b1a9bb7/table-management/tables?terminalId=159290ee-27ec-4035-8ce6-7ec34b1a9bb7 - application/json;+charset=utf-8 2
info: Microsoft.AspNetCore.Routing.EndpointMiddleware[0]
      Executing endpoint 'HTTP: POST /api/v1/terminals/{terminalId:guid}/table-management/tables'
info: Microsoft.AspNetCore.Http.Result.JsonResult[1]
      Setting HTTP status code 401.
info: Microsoft.AspNetCore.Http.Result.JsonResult[3]
      Writing value of type 'TableManagementErrorEnvelope' as Json.
info: Microsoft.AspNetCore.Routing.EndpointMiddleware[1]
      Executed endpoint 'HTTP: POST /api/v1/terminals/{terminalId:guid}/table-management/tables'
info: Microsoft.AspNetCore.Hosting.Diagnostics[2]
      Request finished HTTP/1.1 POST https://127.0.0.1:42937/api/v1/terminals/159290ee-27ec-4035-8ce6-7ec34b1a9bb7/table-management/tables?terminalId=159290ee-27ec-4035-8ce6-7ec34b1a9bb7 - 401 - application/json;+charset=utf-8 0.4652ms
info: Microsoft.AspNetCore.Hosting.Diagnostics[1]
      Request starting HTTP/1.1 GET http://127.0.0.1:42937/api/v1/terminals/306f88f9-4d23-4db3-93c8-38dcccf68214/table-management/tables/3edae34b-5a17-4820-bd7c-d5a5c23fa50e?terminalId=306f88f9-4d23-4db3-93c8-38dcccf68214 - - -
info: Microsoft.AspNetCore.Routing.EndpointMiddleware[0]
      Executing endpoint 'HTTP: GET /api/v1/terminals/{terminalId:guid}/table-management/tables/{tableId:guid}'
info: Microsoft.AspNetCore.Http.Result.JsonResult[1]
      Setting HTTP status code 401.
info: Microsoft.AspNetCore.Http.Result.JsonResult[3]
      Writing value of type 'TableManagementErrorEnvelope' as Json.
info: Microsoft.AspNetCore.Routing.EndpointMiddleware[1]
      Executed endpoint 'HTTP: GET /api/v1/terminals/{terminalId:guid}/table-management/tables/{tableId:guid}'
info: Microsoft.AspNetCore.Hosting.Diagnostics[2]
      Request finished HTTP/1.1 GET https://127.0.0.1:42937/api/v1/terminals/306f88f9-4d23-4db3-93c8-38dcccf68214/table-management/tables/3edae34b-5a17-4820-bd7c-d5a5c23fa50e?terminalId=306f88f9-4d23-4db3-93c8-38dcccf68214 - 401 - application/json;+charset=utf-8 1.7915ms
info: Microsoft.AspNetCore.Hosting.Diagnostics[1]
      Request starting HTTP/1.1 PUT http://127.0.0.1:42937/api/v1/terminals/276e5199-13d7-45b1-8943-edb14d16f78e/table-management/tables/697279a0-2d7e-439f-ac07-ce15f07aa59d?terminalId=276e5199-13d7-45b1-8943-edb14d16f78e - application/json;+charset=utf-8 2
info: Microsoft.AspNetCore.Routing.EndpointMiddleware[0]
      Executing endpoint 'HTTP: PUT /api/v1/terminals/{terminalId:guid}/table-management/tables/{tableId:guid}'
info: Microsoft.AspNetCore.Http.Result.JsonResult[1]
      Setting HTTP status code 401.
info: Microsoft.AspNetCore.Http.Result.JsonResult[3]
      Writing value of type 'TableManagementErrorEnvelope' as Json.
info: Microsoft.AspNetCore.Routing.EndpointMiddleware[1]
      Executed endpoint 'HTTP: PUT /api/v1/terminals/{terminalId:guid}/table-management/tables/{tableId:guid}'
info: Microsoft.AspNetCore.Hosting.Diagnostics[2]
      Request finished HTTP/1.1 PUT https://127.0.0.1:42937/api/v1/terminals/276e5199-13d7-45b1-8943-edb14d16f78e/table-management/tables/697279a0-2d7e-439f-ac07-ce15f07aa59d?terminalId=276e5199-13d7-45b1-8943-edb14d16f78e - 401 - application/json;+charset=utf-8 0.4479ms
info: Microsoft.AspNetCore.Hosting.Diagnostics[1]
      Request starting HTTP/1.1 GET http://127.0.0.1:42937/api/v1/terminals/c1df0bb7-a48b-4240-b442-efee2ffbe50b/table-management/tables/9169b71f-288d-4ae3-a430-fafc362999e1/current-pointer?terminalId=c1df0bb7-a48b-4240-b442-efee2ffbe50b - - -
info: Microsoft.AspNetCore.Routing.EndpointMiddleware[0]
      Executing endpoint 'HTTP: GET /api/v1/terminals/{terminalId:guid}/table-management/tables/{tableId:guid}/current-pointer'
info: Microsoft.AspNetCore.Http.Result.JsonResult[1]
      Setting HTTP status code 401.
info: Microsoft.AspNetCore.Http.Result.JsonResult[3]
      Writing value of type 'TableManagementErrorEnvelope' as Json.
info: Microsoft.AspNetCore.Routing.EndpointMiddleware[1]
      Executed endpoint 'HTTP: GET /api/v1/terminals/{terminalId:guid}/table-management/tables/{tableId:guid}/current-pointer'
info: Microsoft.AspNetCore.Hosting.Diagnostics[2]
      Request finished HTTP/1.1 GET https://127.0.0.1:42937/api/v1/terminals/c1df0bb7-a48b-4240-b442-efee2ffbe50b/table-management/tables/9169b71f-288d-4ae3-a430-fafc362999e1/current-pointer?terminalId=c1df0bb7-a48b-4240-b442-efee2ffbe50b - 401 - application/json;+charset=utf-8 2.3378ms
info: Microsoft.AspNetCore.Hosting.Diagnostics[1]
      Request starting HTTP/1.1 POST http://127.0.0.1:42937/api/v1/terminals/ac195683-8ae3-4c99-8000-ed8c4ce2bbd0/table-management/tables/f9fe2788-cf11-448f-a481-b49088cf77de/status?terminalId=ac195683-8ae3-4c99-8000-ed8c4ce2bbd0 - application/json;+charset=utf-8 2
info: Microsoft.AspNetCore.Routing.EndpointMiddleware[0]
      Executing endpoint 'HTTP: POST /api/v1/terminals/{terminalId:guid}/table-management/tables/{tableId:guid}/status'
info: Microsoft.AspNetCore.Http.Result.JsonResult[1]
      Setting HTTP status code 401.
info: Microsoft.AspNetCore.Http.Result.JsonResult[3]
      Writing value of type 'TableManagementErrorEnvelope' as Json.
info: Microsoft.AspNetCore.Routing.EndpointMiddleware[1]
      Executed endpoint 'HTTP: POST /api/v1/terminals/{terminalId:guid}/table-management/tables/{tableId:guid}/status'
info: Microsoft.AspNetCore.Hosting.Diagnostics[2]
      Request finished HTTP/1.1 POST https://127.0.0.1:42937/api/v1/terminals/ac195683-8ae3-4c99-8000-ed8c4ce2bbd0/table-management/tables/f9fe2788-cf11-448f-a481-b49088cf77de/status?terminalId=ac195683-8ae3-4c99-8000-ed8c4ce2bbd0 - 401 - application/json;+charset=utf-8 0.4253ms
info: Microsoft.AspNetCore.Hosting.Diagnostics[1]
      Request starting HTTP/1.1 POST http://127.0.0.1:42937/api/v1/terminals/ab7a7108-832a-47b2-bf32-43de932146a0/table-management/transfers?terminalId=ab7a7108-832a-47b2-bf32-43de932146a0 - application/json;+charset=utf-8 2
info: Microsoft.AspNetCore.Routing.EndpointMiddleware[0]
      Executing endpoint 'HTTP: POST /api/v1/terminals/{terminalId:guid}/table-management/transfers'
info: Microsoft.AspNetCore.Http.Result.JsonResult[1]
      Setting HTTP status code 401.
info: Microsoft.AspNetCore.Http.Result.JsonResult[3]
      Writing value of type 'TableManagementErrorEnvelope' as Json.
info: Microsoft.AspNetCore.Routing.EndpointMiddleware[1]
      Executed endpoint 'HTTP: POST /api/v1/terminals/{terminalId:guid}/table-management/transfers'
info: Microsoft.AspNetCore.Hosting.Diagnostics[2]
      Request finished HTTP/1.1 POST https://127.0.0.1:42937/api/v1/terminals/ab7a7108-832a-47b2-bf32-43de932146a0/table-management/transfers?terminalId=ab7a7108-832a-47b2-bf32-43de932146a0 - 401 - application/json;+charset=utf-8 0.4017ms
info: Microsoft.AspNetCore.Hosting.Diagnostics[1]
      Request starting HTTP/1.1 GET http://127.0.0.1:42937/api/v1/terminals/3fb390c3-23b7-40a8-8d15-9f8bff46cc3f/table-management/zones?terminalId=3fb390c3-23b7-40a8-8d15-9f8bff46cc3f - - -
info: Microsoft.AspNetCore.Routing.EndpointMiddleware[0]
      Executing endpoint 'HTTP: GET /api/v1/terminals/{terminalId:guid}/table-management/zones'
info: Microsoft.AspNetCore.Http.Result.JsonResult[1]
      Setting HTTP status code 401.
info: Microsoft.AspNetCore.Http.Result.JsonResult[3]
      Writing value of type 'TableManagementErrorEnvelope' as Json.
info: Microsoft.AspNetCore.Routing.EndpointMiddleware[1]
      Executed endpoint 'HTTP: GET /api/v1/terminals/{terminalId:guid}/table-management/zones'
info: Microsoft.AspNetCore.Hosting.Diagnostics[2]
      Request finished HTTP/1.1 GET https://127.0.0.1:42937/api/v1/terminals/3fb390c3-23b7-40a8-8d15-9f8bff46cc3f/table-management/zones?terminalId=3fb390c3-23b7-40a8-8d15-9f8bff46cc3f - 401 - application/json;+charset=utf-8 1.1270ms
info: Microsoft.AspNetCore.Hosting.Diagnostics[1]
      Request starting HTTP/1.1 POST http://127.0.0.1:42937/api/v1/terminals/4837dae0-2928-489a-beca-c68fa8da3055/table-management/zones?terminalId=4837dae0-2928-489a-beca-c68fa8da3055 - application/json;+charset=utf-8 2
info: Microsoft.AspNetCore.Routing.EndpointMiddleware[0]
      Executing endpoint 'HTTP: POST /api/v1/terminals/{terminalId:guid}/table-management/zones'
info: Microsoft.AspNetCore.Http.Result.JsonResult[1]
      Setting HTTP status code 401.
info: Microsoft.AspNetCore.Http.Result.JsonResult[3]
      Writing value of type 'TableManagementErrorEnvelope' as Json.
info: Microsoft.AspNetCore.Routing.EndpointMiddleware[1]
      Executed endpoint 'HTTP: POST /api/v1/terminals/{terminalId:guid}/table-management/zones'
info: Microsoft.AspNetCore.Hosting.Diagnostics[2]
      Request finished HTTP/1.1 POST https://127.0.0.1:42937/api/v1/terminals/4837dae0-2928-489a-beca-c68fa8da3055/table-management/zones?terminalId=4837dae0-2928-489a-beca-c68fa8da3055 - 401 - application/json;+charset=utf-8 0.7206ms
info: Microsoft.AspNetCore.Hosting.Diagnostics[1]
      Request starting HTTP/1.1 PUT http://127.0.0.1:42937/api/v1/terminals/1be00751-711b-4d24-aa7c-ac41a8bfe997/table-management/zones/e0e14647-9ab9-490e-9f46-1ff0abc83f73?terminalId=1be00751-711b-4d24-aa7c-ac41a8bfe997 - application/json;+charset=utf-8 2
info: Microsoft.AspNetCore.Routing.EndpointMiddleware[0]
      Executing endpoint 'HTTP: PUT /api/v1/terminals/{terminalId:guid}/table-management/zones/{zoneId:guid}'
info: Microsoft.AspNetCore.Http.Result.JsonResult[1]
      Setting HTTP status code 401.
info: Microsoft.AspNetCore.Http.Result.JsonResult[3]
      Writing value of type 'TableManagementErrorEnvelope' as Json.
info: Microsoft.AspNetCore.Routing.EndpointMiddleware[1]
      Executed endpoint 'HTTP: PUT /api/v1/terminals/{terminalId:guid}/table-management/zones/{zoneId:guid}'
info: Microsoft.AspNetCore.Hosting.Diagnostics[2]
      Request finished HTTP/1.1 PUT https://127.0.0.1:42937/api/v1/terminals/1be00751-711b-4d24-aa7c-ac41a8bfe997/table-management/zones/e0e14647-9ab9-490e-9f46-1ff0abc83f73?terminalId=1be00751-711b-4d24-aa7c-ac41a8bfe997 - 401 - application/json;+charset=utf-8 0.4248ms
info: Microsoft.AspNetCore.Hosting.Diagnostics[1]
      Request starting HTTP/1.1 DELETE http://127.0.0.1:42937/api/v1/terminals/deec0c8a-f33f-4acc-9d66-be20ad6a5c2f/table-management/zones/67f67360-e539-4b6b-be51-9bd55c3a6bbd?terminalId=deec0c8a-f33f-4acc-9d66-be20ad6a5c2f - application/json;+charset=utf-8 2
info: Microsoft.AspNetCore.Routing.EndpointMiddleware[0]
      Executing endpoint 'HTTP: DELETE /api/v1/terminals/{terminalId:guid}/table-management/zones/{zoneId:guid}'
info: Microsoft.AspNetCore.Http.Result.JsonResult[1]
      Setting HTTP status code 401.
info: Microsoft.AspNetCore.Http.Result.JsonResult[3]
      Writing value of type 'TableManagementErrorEnvelope' as Json.
info: Microsoft.AspNetCore.Routing.EndpointMiddleware[1]
      Executed endpoint 'HTTP: DELETE /api/v1/terminals/{terminalId:guid}/table-management/zones/{zoneId:guid}'
info: Microsoft.AspNetCore.Hosting.Diagnostics[2]
      Request finished HTTP/1.1 DELETE https://127.0.0.1:42937/api/v1/terminals/deec0c8a-f33f-4acc-9d66-be20ad6a5c2f/table-management/zones/67f67360-e539-4b6b-be51-9bd55c3a6bbd?terminalId=deec0c8a-f33f-4acc-9d66-be20ad6a5c2f - 401 - application/json;+charset=utf-8 0.5609ms
info: Microsoft.AspNetCore.Hosting.Diagnostics[1]
      Request starting HTTP/1.1 POST http://127.0.0.1:42937/api/v1/terminals/6708d759-2136-46b3-8c46-ab15569bad6b/token-credential/?terminalId=6708d759-2136-46b3-8c46-ab15569bad6b - application/json;+charset=utf-8 2
info: Microsoft.AspNetCore.Routing.EndpointMiddleware[0]
      Executing endpoint 'HTTP: POST /api/v1/terminals/{terminalId:guid}/token-credential/'
info: Microsoft.AspNetCore.Http.Result.JsonResult[1]
      Setting HTTP status code 401.
info: Microsoft.AspNetCore.Http.Result.JsonResult[3]
      Writing value of type '<>f__AnonymousType5`1' as Json.
info: Microsoft.AspNetCore.Routing.EndpointMiddleware[1]
      Executed endpoint 'HTTP: POST /api/v1/terminals/{terminalId:guid}/token-credential/'
info: Microsoft.AspNetCore.Hosting.Diagnostics[2]
      Request finished HTTP/1.1 POST https://127.0.0.1:42937/api/v1/terminals/6708d759-2136-46b3-8c46-ab15569bad6b/token-credential/?terminalId=6708d759-2136-46b3-8c46-ab15569bad6b - 401 - application/json;+charset=utf-8 0.4837ms
info: Microsoft.AspNetCore.Hosting.Diagnostics[1]
      Request starting HTTP/1.1 GET http://127.0.0.1:42937/api/v1/terminals/cf540dce-0245-44e4-bbdf-3c45377d33ca/token-credential/status?terminalId=cf540dce-0245-44e4-bbdf-3c45377d33ca - - -
info: Microsoft.AspNetCore.Routing.EndpointMiddleware[0]
      Executing endpoint 'HTTP: GET /api/v1/terminals/{terminalId:guid}/token-credential/status'
info: Microsoft.AspNetCore.Http.Result.JsonResult[1]
      Setting HTTP status code 401.
info: Microsoft.AspNetCore.Http.Result.JsonResult[3]
      Writing value of type '<>f__AnonymousType5`1' as Json.
info: Microsoft.AspNetCore.Routing.EndpointMiddleware[1]
      Executed endpoint 'HTTP: GET /api/v1/terminals/{terminalId:guid}/token-credential/status'
info: Microsoft.AspNetCore.Hosting.Diagnostics[2]
      Request finished HTTP/1.1 GET https://127.0.0.1:42937/api/v1/terminals/cf540dce-0245-44e4-bbdf-3c45377d33ca/token-credential/status?terminalId=cf540dce-0245-44e4-bbdf-3c45377d33ca - 401 - application/json;+charset=utf-8 1.6115ms
info: Microsoft.AspNetCore.Hosting.Diagnostics[1]
      Request starting HTTP/1.1 GET http://127.0.0.1:42937/api/{**path}?terminalId=1578838f-7142-4307-a46d-0c905f4f6b52 - - -
info: Microsoft.AspNetCore.Routing.EndpointMiddleware[0]
      Executing endpoint 'HTTP: GET, POST, PUT, PATCH, DELETE, OPTIONS /api/{**path}'
info: Microsoft.AspNetCore.Http.Result.JsonResult[1]
      Setting HTTP status code 404.
info: Microsoft.AspNetCore.Http.Result.JsonResult[3]
      Writing value of type 'ApiErrorEnvelope' as Json.
info: Microsoft.AspNetCore.Routing.EndpointMiddleware[1]
      Executed endpoint 'HTTP: GET, POST, PUT, PATCH, DELETE, OPTIONS /api/{**path}'
info: Microsoft.AspNetCore.Hosting.Diagnostics[2]
      Request finished HTTP/1.1 GET https://127.0.0.1:42937/api/{**path}?terminalId=1578838f-7142-4307-a46d-0c905f4f6b52 - 404 - application/json;+charset=utf-8 0.2691ms
info: Microsoft.AspNetCore.Hosting.Diagnostics[1]
      Request starting HTTP/1.1 POST http://127.0.0.1:42937/api/{**path}?terminalId=f6c43841-65ec-4429-ae93-bf5dc8ffdc93 - application/json;+charset=utf-8 2
info: Microsoft.AspNetCore.Routing.EndpointMiddleware[0]
      Executing endpoint 'HTTP: GET, POST, PUT, PATCH, DELETE, OPTIONS /api/{**path}'
info: Microsoft.AspNetCore.Http.Result.JsonResult[1]
      Setting HTTP status code 404.
info: Microsoft.AspNetCore.Http.Result.JsonResult[3]
      Writing value of type 'ApiErrorEnvelope' as Json.
info: Microsoft.AspNetCore.Routing.EndpointMiddleware[1]
      Executed endpoint 'HTTP: GET, POST, PUT, PATCH, DELETE, OPTIONS /api/{**path}'
info: Microsoft.AspNetCore.Hosting.Diagnostics[2]
      Request finished HTTP/1.1 POST https://127.0.0.1:42937/api/{**path}?terminalId=f6c43841-65ec-4429-ae93-bf5dc8ffdc93 - 404 - application/json;+charset=utf-8 0.1368ms
info: Microsoft.AspNetCore.Hosting.Diagnostics[1]
      Request starting HTTP/1.1 PUT http://127.0.0.1:42937/api/{**path}?terminalId=34cb92af-e4bd-4a02-b96f-f9de653227f7 - application/json;+charset=utf-8 2
info: Microsoft.AspNetCore.Routing.EndpointMiddleware[0]
      Executing endpoint 'HTTP: GET, POST, PUT, PATCH, DELETE, OPTIONS /api/{**path}'
info: Microsoft.AspNetCore.Http.Result.JsonResult[1]
      Setting HTTP status code 404.
info: Microsoft.AspNetCore.Http.Result.JsonResult[3]
      Writing value of type 'ApiErrorEnvelope' as Json.
info: Microsoft.AspNetCore.Routing.EndpointMiddleware[1]
      Executed endpoint 'HTTP: GET, POST, PUT, PATCH, DELETE, OPTIONS /api/{**path}'
info: Microsoft.AspNetCore.Hosting.Diagnostics[2]
      Request finished HTTP/1.1 PUT https://127.0.0.1:42937/api/{**path}?terminalId=34cb92af-e4bd-4a02-b96f-f9de653227f7 - 404 - application/json;+charset=utf-8 0.1146ms
info: Microsoft.AspNetCore.Hosting.Diagnostics[1]
      Request starting HTTP/1.1 PATCH http://127.0.0.1:42937/api/{**path}?terminalId=a4f3c9dc-e9d5-4d77-8534-a5f761a2688a - application/json;+charset=utf-8 2
info: Microsoft.AspNetCore.Routing.EndpointMiddleware[0]
      Executing endpoint 'HTTP: GET, POST, PUT, PATCH, DELETE, OPTIONS /api/{**path}'
info: Microsoft.AspNetCore.Http.Result.JsonResult[1]
      Setting HTTP status code 404.
info: Microsoft.AspNetCore.Http.Result.JsonResult[3]
      Writing value of type 'ApiErrorEnvelope' as Json.
info: Microsoft.AspNetCore.Routing.EndpointMiddleware[1]
      Executed endpoint 'HTTP: GET, POST, PUT, PATCH, DELETE, OPTIONS /api/{**path}'
info: Microsoft.AspNetCore.Hosting.Diagnostics[2]
      Request finished HTTP/1.1 PATCH https://127.0.0.1:42937/api/{**path}?terminalId=a4f3c9dc-e9d5-4d77-8534-a5f761a2688a - 404 - application/json;+charset=utf-8 0.1659ms
info: Microsoft.AspNetCore.Hosting.Diagnostics[1]
      Request starting HTTP/1.1 DELETE http://127.0.0.1:42937/api/{**path}?terminalId=ee075759-0362-4c28-82ff-f337de395f31 - application/json;+charset=utf-8 2
info: Microsoft.AspNetCore.Routing.EndpointMiddleware[0]
      Executing endpoint 'HTTP: GET, POST, PUT, PATCH, DELETE, OPTIONS /api/{**path}'
info: Microsoft.AspNetCore.Http.Result.JsonResult[1]
      Setting HTTP status code 404.
info: Microsoft.AspNetCore.Http.Result.JsonResult[3]
      Writing value of type 'ApiErrorEnvelope' as Json.
info: Microsoft.AspNetCore.Routing.EndpointMiddleware[1]
      Executed endpoint 'HTTP: GET, POST, PUT, PATCH, DELETE, OPTIONS /api/{**path}'
info: Microsoft.AspNetCore.Hosting.Diagnostics[2]
      Request finished HTTP/1.1 DELETE https://127.0.0.1:42937/api/{**path}?terminalId=ee075759-0362-4c28-82ff-f337de395f31 - 404 - application/json;+charset=utf-8 0.1545ms
info: Microsoft.AspNetCore.Hosting.Diagnostics[1]
      Request starting HTTP/1.1 OPTIONS http://127.0.0.1:42937/api/{**path}?terminalId=b4fbb5cf-554e-4cbc-9800-7b8d99b8ca64 - application/json;+charset=utf-8 2
info: Microsoft.AspNetCore.Routing.EndpointMiddleware[0]
      Executing endpoint 'HTTP: GET, POST, PUT, PATCH, DELETE, OPTIONS /api/{**path}'
info: Microsoft.AspNetCore.Http.Result.JsonResult[1]
      Setting HTTP status code 404.
info: Microsoft.AspNetCore.Http.Result.JsonResult[3]
      Writing value of type 'ApiErrorEnvelope' as Json.
info: Microsoft.AspNetCore.Routing.EndpointMiddleware[1]
      Executed endpoint 'HTTP: GET, POST, PUT, PATCH, DELETE, OPTIONS /api/{**path}'
info: Microsoft.AspNetCore.Hosting.Diagnostics[2]
      Request finished HTTP/1.1 OPTIONS https://127.0.0.1:42937/api/{**path}?terminalId=b4fbb5cf-554e-4cbc-9800-7b8d99b8ca64 - 404 - application/json;+charset=utf-8 0.1094ms
info: Microsoft.AspNetCore.Hosting.Diagnostics[1]
      Request starting HTTP/1.1 GET http://127.0.0.1:42937/health/ready?terminalId=2545d3db-139d-4a89-a794-9dff3ccdb2e1 - - -
info: Microsoft.AspNetCore.Routing.EndpointMiddleware[0]
      Executing endpoint 'HTTP: GET /health/ready'
info: Microsoft.AspNetCore.Http.Result.OkObjectResult[1]
      Setting HTTP status code 200.
info: Microsoft.AspNetCore.Http.Result.OkObjectResult[3]
      Writing value of type '<>f__AnonymousType0`1' as Json.
info: Microsoft.AspNetCore.Routing.EndpointMiddleware[1]
      Executed endpoint 'HTTP: GET /health/ready'
info: Microsoft.AspNetCore.Hosting.Diagnostics[2]
      Request finished HTTP/1.1 GET https://127.0.0.1:42937/health/ready?terminalId=2545d3db-139d-4a89-a794-9dff3ccdb2e1 - 200 - application/json;+charset=utf-8 5.1433ms
info: Microsoft.AspNetCore.Hosting.Diagnostics[1]
      Request starting HTTP/1.1 POST http://127.0.0.1:42937/api/v1/auth/login - application/json;+charset=utf-8 112
info: Microsoft.AspNetCore.Routing.EndpointMiddleware[0]
      Executing endpoint 'HTTP: POST /api/v1/auth/login'
  Passed ALKAROS.Audit.AuthorizationProbes.AuthorizationProbes.D1EveryNonPublicRouteRejectsAnonymousCaller [1 s]
  Standard Output Messages:
 D1	POST	/api/v1/auth/login	400	public
 D1	POST	/api/v1/auth/logout	401	private
 D1	POST	/api/v1/auth/pin	401	private
 D1	GET	/api/v1/auth/session	401	private
 D1	GET	/api/v1/auth/session/current	401	private
 D1	POST	/api/v1/auth/unlock	401	private
 D1	POST	/api/v1/customer-displays/pairing-requests	400	public
 D1	POST	/api/v1/customer-displays/pairing-requests/{requestId:guid}/complete	404	public
 D1	GET	/api/v1/customer-displays/{displayId:guid}/screensaver	401	private
 D1	GET	/api/v1/customer-displays/{displayId:guid}/snapshot	401	private
 D1	POST	/api/v1/integrations/trendyol-go/orders/webhook/{eventType}	503	public
 D1	POST	/api/v1/integrations/yemeksepeti/orders/webhook	503	public
 D1	GET	/api/v1/management/authorization/behavioural-tightenings	401	private
 D1	POST	/api/v1/management/authorization/behavioural-tightenings/{tighteningId:guid}/clear	401	private
 D1	GET	/api/v1/management/authorization/delegations	401	private
 D1	POST	/api/v1/management/authorization/delegations	401	private
 D1	POST	/api/v1/management/authorization/delegations/{delegationId:guid}/revoke	401	private
 D1	POST	/api/v1/management/authorization/grants/{grantId:guid}/approve	401	private
 D1	POST	/api/v1/management/authorization/grants/{grantId:guid}/deny	401	private
 D1	GET	/api/v1/management/authorization/pending-grants	401	private
 D1	GET	/api/v1/management/business-identity/accent-palette	401	private
 D1	PUT	/api/v1/management/business-identity/logo	404	second-pass
 D1	DELETE	/api/v1/management/business-identity/logo	401	private
 D1	GET	/api/v1/management/catalog/categories	401	private
 D1	POST	/api/v1/management/catalog/categories	401	private
 D1	GET	/api/v1/management/catalog/effective-price	401	private
 D1	GET	/api/v1/management/catalog/modifier-groups	401	private
 D1	POST	/api/v1/management/catalog/modifier-groups	401	private
 D1	GET	/api/v1/management/catalog/modifiers	401	private
 D1	POST	/api/v1/management/catalog/modifiers	401	private
 D1	GET	/api/v1/management/catalog/prices	401	private
 D1	POST	/api/v1/management/catalog/prices	401	private
 D1	GET	/api/v1/management/catalog/product-modifier-assignments	401	private
 D1	POST	/api/v1/management/catalog/product-modifier-assignments	401	private
 D1	GET	/api/v1/management/catalog/products	401	private
 D1	POST	/api/v1/management/catalog/products	401	private
 D1	POST	/api/v1/management/catalog/products/{productId:guid}/availability	401	private
 D1	POST	/api/v1/management/catalog/products/{productId:guid}/prep-time	401	private
 D1	GET	/api/v1/management/catalog/tax-profiles	401	private
 D1	POST	/api/v1/management/catalog/tax-profiles	401	private
 D1	PUT	/api/v1/management/customer-display/screensaver	404	second-pass
 D1	DELETE	/api/v1/management/customer-display/screensaver	401	private
 D1	POST	/api/v1/management/inventory/modifiers/{modifierId:guid}/stock-mappings	401	private
 D1	GET	/api/v1/management/inventory/modifiers/{modifierId:guid}/stock-mappings	401	private
 D1	DELETE	/api/v1/management/inventory/modifiers/{modifierId:guid}/stock-mappings/{stockItemId:guid}	401	private
 D1	POST	/api/v1/management/inventory/products/{productId:guid}/stock-mappings	401	private
 D1	GET	/api/v1/management/inventory/products/{productId:guid}/stock-mappings	401	private
 D1	DELETE	/api/v1/management/inventory/products/{productId:guid}/stock-mappings/{stockItemId:guid}	401	private
 D1	GET	/api/v1/management/inventory/reports/actual-vs-theoretical	401	private
 D1	GET	/api/v1/management/inventory/reports/critical-stock	401	private
 D1	GET	/api/v1/management/inventory/stock-items	401	private
 D1	POST	/api/v1/management/inventory/stock-items	401	private
 D1	POST	/api/v1/management/inventory/stock-items/{stockItemId:guid}/physical-counts	401	private
 D1	PUT	/api/v1/management/inventory/stock-items/{stockItemId:guid}/reorder-point	401	private
 D1	POST	/api/v1/management/inventory/stock-items/{stockItemId:guid}/waste	401	private
 D1	GET	/api/v1/management/inventory/stock-locations	401	private
 D1	POST	/api/v1/management/inventory/stock-locations	401	private
 D1	GET	/api/v1/management/inventory/waste	401	private
 D1	POST	/api/v1/management/menus-and-specials/daily-menus	401	private
 D1	GET	/api/v1/management/menus-and-specials/daily-menus/by-date/{businessDate}	401	private
 D1	PUT	/api/v1/management/menus-and-specials/daily-menus/items/{dailyMenuItemId:guid}/planned-portions	401	private
 D1	PUT	/api/v1/management/menus-and-specials/daily-menus/items/{dailyMenuItemId:guid}/price	401	private
 D1	PUT	/api/v1/management/menus-and-specials/daily-menus/items/{dailyMenuItemId:guid}/status	401	private
 D1	GET	/api/v1/management/menus-and-specials/daily-menus/{dailyMenuId:guid}	401	private
 D1	POST	/api/v1/management/menus-and-specials/daily-menus/{dailyMenuId:guid}/close	401	private
 D1	POST	/api/v1/management/menus-and-specials/daily-menus/{dailyMenuId:guid}/items	401	private
 D1	POST	/api/v1/management/menus-and-specials/daily-menus/{dailyMenuId:guid}/open	401	private
 D1	GET	/api/v1/management/menus-and-specials/menus	401	private
 D1	POST	/api/v1/management/menus-and-specials/menus	401	private
 D1	GET	/api/v1/management/menus-and-specials/menus/{menuId:guid}	401	private
 D1	PUT	/api/v1/management/menus-and-specials/menus/{menuId:guid}	401	private
 D1	POST	/api/v1/management/menus-and-specials/menus/{menuId:guid}/items	401	private
 D1	POST	/api/v1/management/menus-and-specials/menus/{menuId:guid}/items/reorder	401	private
 D1	PUT	/api/v1/management/menus-and-specials/menus/{menuId:guid}/items/{menuItemId:guid}	401	private
 D1	GET	/api/v1/management/observability/alerts/active	401	private
 D1	GET	/api/v1/management/observability/alerts/by-source	401	private
 D1	POST	/api/v1/management/observability/alerts/raise	401	private
 D1	GET	/api/v1/management/observability/alerts/{alertId:guid}	401	private
 D1	POST	/api/v1/management/observability/alerts/{alertId:guid}/acknowledge	401	private
 D1	POST	/api/v1/management/observability/alerts/{alertId:guid}/escalate	401	private
 D1	GET	/api/v1/management/observability/alerts/{alertId:guid}/events	401	private
 D1	POST	/api/v1/management/observability/alerts/{alertId:guid}/resolve	401	private
 D1	POST	/api/v1/management/observability/alerts/{alertId:guid}/suppress	401	private
 D1	POST	/api/v1/management/observability/health-checks	401	private
 D1	GET	/api/v1/management/observability/health-checks/by-target	401	private
 D1	GET	/api/v1/management/observability/health-checks/unhealthy	401	private
 D1	GET	/api/v1/management/observability/health-checks/{healthCheckId:guid}	401	private
 D1	GET	/api/v1/management/payments/manual-confirmations	401	private
 D1	POST	/api/v1/management/payments/reconciliation-scan	401	private
 D1	GET	/api/v1/management/payments/settlement-report	401	private
 D1	GET	/api/v1/management/production/batches	401	private
 D1	POST	/api/v1/management/production/batches	401	private
 D1	GET	/api/v1/management/production/batches/by-number/{batchNumber}	401	private
 D1	GET	/api/v1/management/production/batches/{batchId:guid}	401	private
 D1	POST	/api/v1/management/production/batches/{batchId:guid}/cancel	401	private
 D1	POST	/api/v1/management/production/batches/{batchId:guid}/complete	401	private
 D1	GET	/api/v1/management/production/batches/{batchId:guid}/consumptions	401	private
 D1	GET	/api/v1/management/production/batches/{batchId:guid}/outputs	401	private
 D1	PUT	/api/v1/management/production/batches/{batchId:guid}/recipe-version	401	private
 D1	POST	/api/v1/management/production/batches/{batchId:guid}/start	401	private
 D1	GET	/api/v1/management/purchasing/purchase-orders	401	private
 D1	POST	/api/v1/management/purchasing/purchase-orders	401	private
 D1	GET	/api/v1/management/purchasing/purchase-orders/{orderId:guid}	401	private
 D1	POST	/api/v1/management/purchasing/purchase-orders/{orderId:guid}/cancel	401	private
 D1	POST	/api/v1/management/purchasing/purchase-orders/{orderId:guid}/receipts	401	private
 D1	GET	/api/v1/management/purchasing/purchase-orders/{orderId:guid}/receipts	401	private
 D1	POST	/api/v1/management/purchasing/purchase-orders/{orderId:guid}/submit	401	private
 D1	GET	/api/v1/management/purchasing/receipts/{receiptId:guid}	401	private
 D1	GET	/api/v1/management/purchasing/suppliers	401	private
 D1	POST	/api/v1/management/purchasing/suppliers	401	private
 D1	GET	/api/v1/management/purchasing/suppliers/{supplierId:guid}	401	private
 D1	PUT	/api/v1/management/purchasing/suppliers/{supplierId:guid}	401	private
 D1	POST	/api/v1/management/purchasing/suppliers/{supplierId:guid}/activate	401	private
 D1	POST	/api/v1/management/purchasing/suppliers/{supplierId:guid}/deactivate	401	private
 D1	GET	/api/v1/management/recipes/	401	private
 D1	POST	/api/v1/management/recipes/	401	private
 D1	POST	/api/v1/management/recipes/products/{productId:guid}/mapping	401	private
 D1	GET	/api/v1/management/recipes/products/{productId:guid}/mapping	401	private
 D1	DELETE	/api/v1/management/recipes/products/{productId:guid}/mapping	401	private
 D1	GET	/api/v1/management/recipes/unit-conversions	401	private
 D1	POST	/api/v1/management/recipes/unit-conversions	401	private
 D1	POST	/api/v1/management/recipes/versions/{versionId:guid}/ingredients	401	private
 D1	DELETE	/api/v1/management/recipes/versions/{versionId:guid}/ingredients/{ingredientItemId:guid}	401	private
 D1	POST	/api/v1/management/recipes/versions/{versionId:guid}/lock	401	private
 D1	GET	/api/v1/management/recipes/{recipeId:guid}/versions	401	private
 D1	POST	/api/v1/management/recipes/{recipeId:guid}/versions	401	private
 D1	POST	/api/v1/management/recipes/{recipeId:guid}/versions/next	401	private
 D1	POST	/api/v1/management/recipes/{recipeId:guid}/versions/{versionNumber:int}/activate	401	private
 D1	POST	/api/v1/management/recipes/{recipeVersionId:guid}/cost-snapshots/	401	private
 D1	GET	/api/v1/management/recipes/{recipeVersionId:guid}/cost-snapshots/effective	401	private
 D1	POST	/api/v1/management/reconciliation/cases/	401	private
 D1	GET	/api/v1/management/reconciliation/cases/	401	private
 D1	GET	/api/v1/management/reconciliation/cases/{caseId:guid}	401	private
 D1	GET	/api/v1/management/reconciliation/cases/{caseId:guid}/actions	401	private
 D1	POST	/api/v1/management/reconciliation/cases/{caseId:guid}/notes	401	private
 D1	POST	/api/v1/management/reconciliation/cases/{caseId:guid}/transition	401	private
 D1	POST	/api/v1/management/reconciliation/online-orders/cases/{caseId:guid}/resolve	401	private
 D1	POST	/api/v1/management/reconciliation/online-orders/cases/{caseId:guid}/retry	401	private
 D1	POST	/api/v1/management/reconciliation/online-orders/scan	401	private
 D1	POST	/api/v1/management/reporting/business-day/open	401	private
 D1	GET	/api/v1/management/reporting/business-day/{businessDate}	401	private
 D1	POST	/api/v1/management/reporting/business-day/{businessDate}/close	401	private
 D1	GET	/api/v1/management/reporting/business-day/{businessDate}/full-report	401	private
 D1	GET	/api/v1/management/reports/channels/	401	private
 D1	POST	/api/v1/management/roles/permissions	401	second-pass
 D1	POST	/api/v1/management/roles/roles	401	second-pass
 D1	POST	/api/v1/management/roles/roles/{roleId:guid}/permissions	401	second-pass
 D1	DELETE	/api/v1/management/roles/roles/{roleId:guid}/permissions/{permissionCode}	401	private
 D1	POST	/api/v1/management/roles/roles/{roleId:guid}/users/{userId:guid}	401	private
 D1	DELETE	/api/v1/management/roles/roles/{roleId:guid}/users/{userId:guid}	401	private
 D1	GET	/api/v1/management/security/backup/restore-attempts	401	private
 D1	GET	/api/v1/management/security/backup/rpo	401	private
 D1	POST	/api/v1/management/security/diagnostic-bundle	401	private
 D1	GET	/api/v1/management/security/maintenance/jobs	401	private
 D1	POST	/api/v1/management/security/maintenance/jobs/{name}/run	401	private
 D1	GET	/api/v1/management/security/orders/backlog	401	private
 D1	POST	/api/v1/management/security/orders/close-settled	401	private
 D1	GET	/api/v1/management/security/outbox/dead-letters	401	private
 D1	POST	/api/v1/management/security/outbox/dead-letters/{id:guid}/requeue	401	private
 D1	GET	/api/v1/management/security/secrets	401	private
 D1	GET	/api/v1/management/security/secrets/{name}/rotation	401	private
 D1	POST	/api/v1/management/security/secrets/{name}/rotation/initialize	401	private
 D1	POST	/api/v1/management/security/secrets/{name}/rotation/revoke	401	private
 D1	POST	/api/v1/management/security/secrets/{name}/rotation/rollback	401	private
 D1	POST	/api/v1/management/security/secrets/{name}/rotation/rotate	401	private
 D1	GET	/api/v1/management/security/users/lookup	401	private
 D1	POST	/api/v1/management/security/users/{userId:guid}/deactivate	401	private
 D1	POST	/api/v1/management/security/users/{userId:guid}/force-unlock	401	private
 D1	POST	/api/v1/management/security/users/{userId:guid}/reactivate	401	private
 D1	POST	/api/v1/management/security/users/{userId:guid}/revoke-sessions	401	private
 D1	GET	/api/v1/management/settings/	401	private
 D1	GET	/api/v1/management/settings/{key}	401	private
 D1	PUT	/api/v1/management/settings/{key}	401	private
 D1	DELETE	/api/v1/management/settings/{key}	401	private
 D1	GET	/api/v1/management/settings/{key}/history	401	private
 D1	POST	/api/v1/management/users/	401	second-pass
 D1	GET	/api/v1/nfc/tables/{tableId:guid}/catalog	200	public
 D1	POST	/api/v1/nfc/tables/{tableId:guid}/orders	400	public
 D1	GET	/api/v1/qr/bill	401	public
 D1	GET	/api/v1/qr/branding	200	public
 D1	GET	/api/v1/qr/logo	404	public
 D1	GET	/api/v1/qr/menu	401	public
 D1	POST	/api/v1/qr/orders	400	public
 D1	GET	/api/v1/qr/orders/{submissionId:guid}	401	public
 D1	POST	/api/v1/qr/sessions	400	public
 D1	POST	/api/v1/terminals/{terminalId:guid}/billing/bills/from-order/{orderId:guid}	401	private
 D1	GET	/api/v1/terminals/{terminalId:guid}/billing/bills/{billId:guid}/adjustments	401	private
 D1	POST	/api/v1/terminals/{terminalId:guid}/billing/bills/{billId:guid}/discount	401	private
 D1	GET	/api/v1/terminals/{terminalId:guid}/billing/bills/{billId:guid}/split-design/	401	private
 D1	PUT	/api/v1/terminals/{terminalId:guid}/billing/bills/{billId:guid}/split-design/amounts	401	private
 D1	POST	/api/v1/terminals/{terminalId:guid}/billing/bills/{billId:guid}/split-design/clear	401	private
 D1	PUT	/api/v1/terminals/{terminalId:guid}/billing/bills/{billId:guid}/split-design/custom	401	private
 D1	PUT	/api/v1/terminals/{terminalId:guid}/billing/bills/{billId:guid}/split-design/equal	401	private
 D1	PUT	/api/v1/terminals/{terminalId:guid}/billing/bills/{billId:guid}/split-design/items	401	private
 D1	GET	/api/v1/terminals/{terminalId:guid}/billing/bills/{billId:guid}/split-design/owners	401	private
 D1	GET	/api/v1/terminals/{terminalId:guid}/billing/bills/{billId:guid}/tenders/	401	private
 D1	POST	/api/v1/terminals/{terminalId:guid}/billing/bills/{billId:guid}/tenders/	401	private
 D1	POST	/api/v1/terminals/{terminalId:guid}/billing/bills/{billId:guid}/tenders/confirmations/{confirmationId:guid}/approve	401	private
 D1	POST	/api/v1/terminals/{terminalId:guid}/billing/bills/{billId:guid}/tenders/confirmations/{confirmationId:guid}/reject	401	private
 D1	POST	/api/v1/terminals/{terminalId:guid}/billing/bills/{billId:guid}/tenders/unsettled/{paymentId:guid}/card-charged	401	private
 D1	POST	/api/v1/terminals/{terminalId:guid}/billing/bills/{billId:guid}/tenders/unsettled/{paymentId:guid}/not-charged	401	private
 D1	POST	/api/v1/terminals/{terminalId:guid}/billing/bills/{billId:guid}/tip	401	private
 D1	POST	/api/v1/terminals/{terminalId:guid}/cash-sessions/	401	private
 D1	GET	/api/v1/terminals/{terminalId:guid}/cash-sessions/active	401	private
 D1	GET	/api/v1/terminals/{terminalId:guid}/cash-sessions/suggested-opening-balance	401	private
 D1	POST	/api/v1/terminals/{terminalId:guid}/cash-sessions/{cashSessionId:guid}/cash-movements	401	private
 D1	POST	/api/v1/terminals/{terminalId:guid}/cash-sessions/{cashSessionId:guid}/cash-tender	401	private
 D1	POST	/api/v1/terminals/{terminalId:guid}/cash-sessions/{cashSessionId:guid}/close	401	private
 D1	POST	/api/v1/terminals/{terminalId:guid}/cash-sessions/{cashSessionId:guid}/counts	401	private
 D1	GET	/api/v1/terminals/{terminalId:guid}/cash-sessions/{cashSessionId:guid}/expected-cash	401	private
 D1	POST	/api/v1/terminals/{terminalId:guid}/cash-sessions/{cashSessionId:guid}/reconcile	401	private
 D1	POST	/api/v1/terminals/{terminalId:guid}/cash-sessions/{cashSessionId:guid}/start-count	401	private
 D1	GET	/api/v1/terminals/{terminalId:guid}/catalog	401	private
 D1	POST	/api/v1/terminals/{terminalId:guid}/display-sessions/revoke	401	private
 D1	POST	/api/v1/terminals/{terminalId:guid}/help-requests/	401	private
 D1	GET	/api/v1/terminals/{terminalId:guid}/kitchen-operations/audit/aggregate/{aggregateType}/{aggregateId:guid}	401	private
 D1	GET	/api/v1/terminals/{terminalId:guid}/kitchen-operations/audit/correlation/{correlationId}	401	private
 D1	GET	/api/v1/terminals/{terminalId:guid}/kitchen-operations/categories	401	private
 D1	GET	/api/v1/terminals/{terminalId:guid}/kitchen-operations/deliveries/unknown	401	private
 D1	GET	/api/v1/terminals/{terminalId:guid}/kitchen-operations/deliveries/{deliveryId:guid}	401	private
 D1	POST	/api/v1/terminals/{terminalId:guid}/kitchen-operations/deliveries/{deliveryId:guid}/reprint-approval	401	private
 D1	POST	/api/v1/terminals/{terminalId:guid}/kitchen-operations/deliveries/{deliveryId:guid}/reprint-rejection	401	private
 D1	POST	/api/v1/terminals/{terminalId:guid}/kitchen-operations/operations/backups	401	private
 D1	GET	/api/v1/terminals/{terminalId:guid}/kitchen-operations/operations/backups/recent	401	private
 D1	GET	/api/v1/terminals/{terminalId:guid}/kitchen-operations/operations/health/latest	401	private
 D1	GET	/api/v1/terminals/{terminalId:guid}/kitchen-operations/operations/live-sync	401	private
 D1	GET	/api/v1/terminals/{terminalId:guid}/kitchen-operations/operations/performance-report	401	private
 D1	GET	/api/v1/terminals/{terminalId:guid}/kitchen-operations/print-jobs	401	private
 D1	GET	/api/v1/terminals/{terminalId:guid}/kitchen-operations/print-jobs/{jobId:guid}	401	private
 D1	GET	/api/v1/terminals/{terminalId:guid}/kitchen-operations/printers	401	private
 D1	PUT	/api/v1/terminals/{terminalId:guid}/kitchen-operations/printers/{printerId:guid}	401	private
 D1	POST	/api/v1/terminals/{terminalId:guid}/kitchen-operations/products/{productId:guid}/suspend	401	private
 D1	GET	/api/v1/terminals/{terminalId:guid}/kitchen-operations/routes	401	private
 D1	POST	/api/v1/terminals/{terminalId:guid}/kitchen-operations/routes/{routeId:guid}	401	private
 D1	PUT	/api/v1/terminals/{terminalId:guid}/kitchen-operations/routes/{routeId:guid}	401	private
 D1	GET	/api/v1/terminals/{terminalId:guid}/kitchen-operations/tickets	401	private
 D1	GET	/api/v1/terminals/{terminalId:guid}/kitchen-operations/tickets/{ticketId:guid}	401	private
 D1	POST	/api/v1/terminals/{terminalId:guid}/kitchen-operations/tickets/{ticketId:guid}/items/{itemId:guid}/transition	401	private
 D1	POST	/api/v1/terminals/{terminalId:guid}/kitchen-operations/tickets/{ticketId:guid}/items/{itemId:guid}/undo	401	private
 D1	POST	/api/v1/terminals/{terminalId:guid}/kitchen-operations/tickets/{ticketId:guid}/transition	401	private
 D1	POST	/api/v1/terminals/{terminalId:guid}/offline-reconciliation/	401	private
 D1	GET	/api/v1/terminals/{terminalId:guid}/online-channels	401	private
 D1	GET	/api/v1/terminals/{terminalId:guid}/online-menu/{provider}	401	private
 D1	PUT	/api/v1/terminals/{terminalId:guid}/online-menu/{provider}/mappings/{productId:guid}	401	private
 D1	DELETE	/api/v1/terminals/{terminalId:guid}/online-menu/{provider}/mappings/{productId:guid}	401	private
 D1	GET	/api/v1/terminals/{terminalId:guid}/online-operations/	401	private
 D1	POST	/api/v1/terminals/{terminalId:guid}/online-operations/orders/{orderId:guid}/cancel	401	private
 D1	GET	/api/v1/terminals/{terminalId:guid}/online-operations/orders/{orderId:guid}/customer-note	401	private
 D1	POST	/api/v1/terminals/{terminalId:guid}/online-operations/orders/{orderId:guid}/hand-over	401	private
 D1	POST	/api/v1/terminals/{terminalId:guid}/online-ordering/catalog-publications/	401	private
 D1	GET	/api/v1/terminals/{terminalId:guid}/online-platform-credentials/	401	private
 D1	PUT	/api/v1/terminals/{terminalId:guid}/online-platform-credentials/{provider}	401	private
 D1	GET	/api/v1/terminals/{terminalId:guid}/online-problems/	401	private
 D1	POST	/api/v1/terminals/{terminalId:guid}/online-problems/{caseId:guid}/resolve	401	private
 D1	POST	/api/v1/terminals/{terminalId:guid}/online-problems/{caseId:guid}/retry	401	private
 D1	GET	/api/v1/terminals/{terminalId:guid}/online-store-status/	401	private
 D1	PUT	/api/v1/terminals/{terminalId:guid}/online-store-status/{provider}	401	private
 D1	POST	/api/v1/terminals/{terminalId:guid}/orders	401	private
 D1	GET	/api/v1/terminals/{terminalId:guid}/orders/active	401	private
 D1	GET	/api/v1/terminals/{terminalId:guid}/orders/awaiting-payment	401	private
 D1	POST	/api/v1/terminals/{terminalId:guid}/orders/handoff-note/pop	401	private
 D1	GET	/api/v1/terminals/{terminalId:guid}/orders/my-shift-summary	401	private
 D1	GET	/api/v1/terminals/{terminalId:guid}/orders/pending	401	private
 D1	GET	/api/v1/terminals/{terminalId:guid}/orders/staff	401	private
 D1	GET	/api/v1/terminals/{terminalId:guid}/orders/suggested-waiter	401	private
 D1	POST	/api/v1/terminals/{terminalId:guid}/orders/table	401	private
 D1	POST	/api/v1/terminals/{terminalId:guid}/orders/table-draft	401	private
 D1	GET	/api/v1/terminals/{terminalId:guid}/orders/table/{tableId:guid}	401	private
 D1	POST	/api/v1/terminals/{terminalId:guid}/orders/transfer-server	401	private
 D1	GET	/api/v1/terminals/{terminalId:guid}/orders/waiter-load	401	private
 D1	GET	/api/v1/terminals/{terminalId:guid}/orders/{orderId:guid}	401	private
 D1	POST	/api/v1/terminals/{terminalId:guid}/orders/{orderId:guid}/accept	401	private
 D1	POST	/api/v1/terminals/{terminalId:guid}/orders/{orderId:guid}/fire-course	401	private
 D1	POST	/api/v1/terminals/{terminalId:guid}/orders/{orderId:guid}/items	401	private
 D1	PATCH	/api/v1/terminals/{terminalId:guid}/orders/{orderId:guid}/items/{itemId:guid}	401	private
 D1	DELETE	/api/v1/terminals/{terminalId:guid}/orders/{orderId:guid}/items/{itemId:guid}	400	second-pass
 D1	POST	/api/v1/terminals/{terminalId:guid}/orders/{orderId:guid}/items/{itemId:guid}/comp	401	private
 D1	POST	/api/v1/terminals/{terminalId:guid}/orders/{orderId:guid}/items/{itemId:guid}/void	401	private
 D1	POST	/api/v1/terminals/{terminalId:guid}/orders/{orderId:guid}/items/{itemId:guid}/void-sent	401	private
 D1	POST	/api/v1/terminals/{terminalId:guid}/orders/{orderId:guid}/recall-from-cashier	401	private
 D1	POST	/api/v1/terminals/{terminalId:guid}/orders/{orderId:guid}/reject	401	private
 D1	POST	/api/v1/terminals/{terminalId:guid}/orders/{orderId:guid}/send-to-cashier	401	private
 D1	POST	/api/v1/terminals/{terminalId:guid}/orders/{orderId:guid}/submit	401	private
 D1	POST	/api/v1/terminals/{terminalId:guid}/orders/{orderId:guid}/submit-draft	401	private
 D1	POST	/api/v1/terminals/{terminalId:guid}/pairings/approve	401	private
 D1	GET	/api/v1/terminals/{terminalId:guid}/push/public-key	401	private
 D1	POST	/api/v1/terminals/{terminalId:guid}/push/subscriptions	401	private
 D1	DELETE	/api/v1/terminals/{terminalId:guid}/push/subscriptions	400	second-pass
 D1	POST	/api/v1/terminals/{terminalId:guid}/qnb-credential/	401	private
 D1	GET	/api/v1/terminals/{terminalId:guid}/qnb-credential/status	401	private
 D1	POST	/api/v1/terminals/{terminalId:guid}/qnb-credential/test-connection	401	private
 D1	POST	/api/v1/terminals/{terminalId:guid}/relay-credential/	401	private
 D1	POST	/api/v1/terminals/{terminalId:guid}/relay-credential/provision	401	private
 D1	GET	/api/v1/terminals/{terminalId:guid}/relay-credential/status	401	private
 D1	GET	/api/v1/terminals/{terminalId:guid}/runtime-configuration	401	private
 D1	GET	/api/v1/terminals/{terminalId:guid}/table-management/floor-plans/{zoneId:guid}	401	private
 D1	PUT	/api/v1/terminals/{terminalId:guid}/table-management/floor-plans/{zoneId:guid}	401	private
 D1	POST	/api/v1/terminals/{terminalId:guid}/table-management/merges	401	private
 D1	POST	/api/v1/terminals/{terminalId:guid}/table-management/merges/{mergeGroupId:guid}/unmerge	401	private
 D1	POST	/api/v1/terminals/{terminalId:guid}/table-management/reservations	401	private
 D1	GET	/api/v1/terminals/{terminalId:guid}/table-management/reservations/{reservationId:guid}	401	private
 D1	POST	/api/v1/terminals/{terminalId:guid}/table-management/reservations/{reservationId:guid}/cancel	401	private
 D1	POST	/api/v1/terminals/{terminalId:guid}/table-management/reservations/{reservationId:guid}/claim	401	private
 D1	POST	/api/v1/terminals/{terminalId:guid}/table-management/reservations/{reservationId:guid}/expire	401	private
 D1	GET	/api/v1/terminals/{terminalId:guid}/table-management/tables	401	private
 D1	POST	/api/v1/terminals/{terminalId:guid}/table-management/tables	401	private
 D1	GET	/api/v1/terminals/{terminalId:guid}/table-management/tables/{tableId:guid}	401	private
 D1	PUT	/api/v1/terminals/{terminalId:guid}/table-management/tables/{tableId:guid}	401	private
 D1	GET	/api/v1/terminals/{terminalId:guid}/table-management/tables/{tableId:guid}/current-pointer	401	private
 D1	POST	/api/v1/terminals/{terminalId:guid}/table-management/tables/{tableId:guid}/status	401	private
 D1	POST	/api/v1/terminals/{terminalId:guid}/table-management/transfers	401	private
 D1	GET	/api/v1/terminals/{terminalId:guid}/table-management/zones	401	private
 D1	POST	/api/v1/terminals/{terminalId:guid}/table-management/zones	401	private
 D1	PUT	/api/v1/terminals/{terminalId:guid}/table-management/zones/{zoneId:guid}	401	private
 D1	DELETE	/api/v1/terminals/{terminalId:guid}/table-management/zones/{zoneId:guid}	401	private
 D1	POST	/api/v1/terminals/{terminalId:guid}/token-credential/	401	private
 D1	GET	/api/v1/terminals/{terminalId:guid}/token-credential/status	401	private
 D1	GET	/api/{**path}	404	public
 D1	POST	/api/{**path}	404	public
 D1	PUT	/api/{**path}	404	public
 D1	PATCH	/api/{**path}	404	public
 D1	DELETE	/api/{**path}	404	public
 D1	OPTIONS	/api/{**path}	404	public
 D1	GET	/health/ready	200	public


info: Microsoft.AspNetCore.Http.Result.JsonResult[1]
      Setting HTTP status code 401.
info: Microsoft.AspNetCore.Http.Result.JsonResult[3]
      Writing value of type 'ApiErrorEnvelope' as Json.
info: Microsoft.AspNetCore.Routing.EndpointMiddleware[1]
      Executed endpoint 'HTTP: POST /api/v1/auth/login'
info: Microsoft.AspNetCore.Hosting.Diagnostics[2]
      Request finished HTTP/1.1 POST https://127.0.0.1:42937/api/v1/auth/login - 401 - application/json;+charset=utf-8 436.7280ms
info: Microsoft.AspNetCore.Hosting.Diagnostics[1]
      Request starting HTTP/1.1 POST http://127.0.0.1:42937/api/v1/auth/login - application/json;+charset=utf-8 112
info: Microsoft.AspNetCore.Routing.EndpointMiddleware[0]
      Executing endpoint 'HTTP: POST /api/v1/auth/login'
info: Microsoft.AspNetCore.Http.Result.JsonResult[1]
      Setting HTTP status code 401.
info: Microsoft.AspNetCore.Http.Result.JsonResult[3]
      Writing value of type 'ApiErrorEnvelope' as Json.
info: Microsoft.AspNetCore.Routing.EndpointMiddleware[1]
      Executed endpoint 'HTTP: POST /api/v1/auth/login'
info: Microsoft.AspNetCore.Hosting.Diagnostics[2]
      Request finished HTTP/1.1 POST https://127.0.0.1:42937/api/v1/auth/login - 401 - application/json;+charset=utf-8 441.2664ms
info: Microsoft.AspNetCore.Hosting.Diagnostics[1]
      Request starting HTTP/1.1 POST http://127.0.0.1:42937/api/v1/auth/login - application/json;+charset=utf-8 112
info: Microsoft.AspNetCore.Routing.EndpointMiddleware[0]
      Executing endpoint 'HTTP: POST /api/v1/auth/login'
info: Microsoft.AspNetCore.Http.Result.JsonResult[1]
      Setting HTTP status code 401.
info: Microsoft.AspNetCore.Http.Result.JsonResult[3]
      Writing value of type 'ApiErrorEnvelope' as Json.
info: Microsoft.AspNetCore.Routing.EndpointMiddleware[1]
      Executed endpoint 'HTTP: POST /api/v1/auth/login'
info: Microsoft.AspNetCore.Hosting.Diagnostics[2]
      Request finished HTTP/1.1 POST https://127.0.0.1:42937/api/v1/auth/login - 401 - application/json;+charset=utf-8 484.9829ms
info: Microsoft.AspNetCore.Hosting.Diagnostics[1]
      Request starting HTTP/1.1 POST http://127.0.0.1:42937/api/v1/auth/login - application/json;+charset=utf-8 112
info: Microsoft.AspNetCore.Routing.EndpointMiddleware[0]
      Executing endpoint 'HTTP: POST /api/v1/auth/login'
info: Microsoft.AspNetCore.Http.Result.JsonResult[1]
      Setting HTTP status code 401.
info: Microsoft.AspNetCore.Http.Result.JsonResult[3]
      Writing value of type 'ApiErrorEnvelope' as Json.
info: Microsoft.AspNetCore.Routing.EndpointMiddleware[1]
      Executed endpoint 'HTTP: POST /api/v1/auth/login'
info: Microsoft.AspNetCore.Hosting.Diagnostics[2]
      Request finished HTTP/1.1 POST https://127.0.0.1:42937/api/v1/auth/login - 401 - application/json;+charset=utf-8 505.5611ms
info: Microsoft.AspNetCore.Hosting.Diagnostics[1]
      Request starting HTTP/1.1 POST http://127.0.0.1:42937/api/v1/auth/login - application/json;+charset=utf-8 112
info: Microsoft.AspNetCore.Routing.EndpointMiddleware[0]
      Executing endpoint 'HTTP: POST /api/v1/auth/login'
info: Microsoft.AspNetCore.Http.Result.JsonResult[1]
      Setting HTTP status code 401.
info: Microsoft.AspNetCore.Http.Result.JsonResult[3]
      Writing value of type 'ApiErrorEnvelope' as Json.
info: Microsoft.AspNetCore.Routing.EndpointMiddleware[1]
      Executed endpoint 'HTTP: POST /api/v1/auth/login'
info: Microsoft.AspNetCore.Hosting.Diagnostics[2]
      Request finished HTTP/1.1 POST https://127.0.0.1:42937/api/v1/auth/login - 401 - application/json;+charset=utf-8 419.5861ms
info: Microsoft.AspNetCore.Hosting.Diagnostics[1]
      Request starting HTTP/1.1 POST http://127.0.0.1:42937/api/v1/auth/login - application/json;+charset=utf-8 116
info: Microsoft.AspNetCore.Routing.EndpointMiddleware[0]
      Executing endpoint 'HTTP: POST /api/v1/auth/login'
info: Microsoft.AspNetCore.Http.Result.JsonResult[1]
      Setting HTTP status code 401.
info: Microsoft.AspNetCore.Http.Result.JsonResult[3]
      Writing value of type 'ApiErrorEnvelope' as Json.
info: Microsoft.AspNetCore.Routing.EndpointMiddleware[1]
      Executed endpoint 'HTTP: POST /api/v1/auth/login'
info: Microsoft.AspNetCore.Hosting.Diagnostics[2]
      Request finished HTTP/1.1 POST https://127.0.0.1:42937/api/v1/auth/login - 401 - application/json;+charset=utf-8 171.9606ms
  Passed ALKAROS.Audit.AuthorizationProbes.AuthorizationProbes.A1LoginLocksAccountAfterRepeatedFailures [2 s]
info: Microsoft.AspNetCore.Hosting.Diagnostics[1]
      Request starting HTTP/1.1 POST http://127.0.0.1:42937/api/v1/auth/login - application/json;+charset=utf-8 116
info: Microsoft.AspNetCore.Routing.EndpointMiddleware[0]
      Executing endpoint 'HTTP: POST /api/v1/auth/login'
info: Microsoft.AspNetCore.Http.Result.OkObjectResult[1]
      Setting HTTP status code 200.
info: Microsoft.AspNetCore.Http.Result.OkObjectResult[3]
      Writing value of type '<>f__AnonymousType3`6' as Json.
info: Microsoft.AspNetCore.Routing.EndpointMiddleware[1]
      Executed endpoint 'HTTP: POST /api/v1/auth/login'
info: Microsoft.AspNetCore.Hosting.Diagnostics[2]
      Request finished HTTP/1.1 POST https://127.0.0.1:42937/api/v1/auth/login - 200 - application/json;+charset=utf-8 464.7988ms
info: Microsoft.AspNetCore.Hosting.Diagnostics[1]
      Request starting HTTP/1.1 GET http://127.0.0.1:42937/api/v1/management/authorization/pending-grants - - -
info: Microsoft.AspNetCore.Routing.EndpointMiddleware[0]
      Executing endpoint 'HTTP: GET /api/v1/management/authorization/pending-grants'
info: Microsoft.AspNetCore.Http.Result.OkObjectResult[1]
      Setting HTTP status code 200.
info: Microsoft.AspNetCore.Http.Result.OkObjectResult[3]
      Writing value of type 'PendingGrantV1[]' as Json.
info: Microsoft.AspNetCore.Routing.EndpointMiddleware[1]
      Executed endpoint 'HTTP: GET /api/v1/management/authorization/pending-grants'
info: Microsoft.AspNetCore.Hosting.Diagnostics[2]
      Request finished HTTP/1.1 GET https://127.0.0.1:42937/api/v1/management/authorization/pending-grants - 200 - application/json;+charset=utf-8 13.1968ms
info: Microsoft.AspNetCore.Hosting.Diagnostics[1]
      Request starting HTTP/1.1 POST http://127.0.0.1:42937/api/v1/management/authorization/grants/472bcadd-f2ee-4158-87af-dae218f0ca5c/approve - application/json;+charset=utf-8 2
info: Microsoft.AspNetCore.Routing.EndpointMiddleware[0]
      Executing endpoint 'HTTP: POST /api/v1/management/authorization/grants/{grantId:guid}/approve'
info: Microsoft.AspNetCore.Http.Result.JsonResult[1]
      Setting HTTP status code 403.
info: Microsoft.AspNetCore.Http.Result.JsonResult[3]
      Writing value of type 'AuthorizationDecisionErrorEnvelopeV1' as Json.
info: Microsoft.AspNetCore.Routing.EndpointMiddleware[1]
      Executed endpoint 'HTTP: POST /api/v1/management/authorization/grants/{grantId:guid}/approve'
info: Microsoft.AspNetCore.Hosting.Diagnostics[2]
      Request finished HTTP/1.1 POST https://127.0.0.1:42937/api/v1/management/authorization/grants/472bcadd-f2ee-4158-87af-dae218f0ca5c/approve - 403 - application/json;+charset=utf-8 10.0646ms
info: Microsoft.AspNetCore.Hosting.Diagnostics[1]
      Request starting HTTP/1.1 POST http://127.0.0.1:42937/api/v1/terminals/dc3014ff-c8d5-47cc-a428-7d0997499dad/cash-sessions - application/json;+charset=utf-8 22
info: Microsoft.AspNetCore.Routing.EndpointMiddleware[0]
      Executing endpoint 'HTTP: POST /api/v1/terminals/{terminalId:guid}/cash-sessions/'
info: Microsoft.AspNetCore.Routing.EndpointMiddleware[1]
      Executed endpoint 'HTTP: POST /api/v1/terminals/{terminalId:guid}/cash-sessions/'
info: Microsoft.AspNetCore.Hosting.Diagnostics[2]
      Request finished HTTP/1.1 POST https://127.0.0.1:42937/api/v1/terminals/dc3014ff-c8d5-47cc-a428-7d0997499dad/cash-sessions - 403 - application/json;+charset=utf-8 3.7998ms
info: Microsoft.AspNetCore.Hosting.Diagnostics[1]
      Request starting HTTP/1.1 POST http://127.0.0.1:42937/api/v1/auth/login - application/json;+charset=utf-8 116
info: Microsoft.AspNetCore.Routing.EndpointMiddleware[0]
      Executing endpoint 'HTTP: POST /api/v1/auth/login'
info: Microsoft.AspNetCore.Http.Result.OkObjectResult[1]
      Setting HTTP status code 200.
info: Microsoft.AspNetCore.Http.Result.OkObjectResult[3]
      Writing value of type '<>f__AnonymousType3`6' as Json.
info: Microsoft.AspNetCore.Routing.EndpointMiddleware[1]
      Executed endpoint 'HTTP: POST /api/v1/auth/login'
info: Microsoft.AspNetCore.Hosting.Diagnostics[2]
      Request finished HTTP/1.1 POST https://127.0.0.1:42937/api/v1/auth/login - 200 - application/json;+charset=utf-8 424.2166ms
info: Microsoft.AspNetCore.Hosting.Diagnostics[1]
      Request starting HTTP/1.1 POST http://127.0.0.1:42937/api/v1/terminals/0d830de4-d961-493d-abb7-abe20952c3eb/orders/def4f0b5-a551-4a20-9128-7baab883f1d8/items/839ff517-0f34-4cb9-b222-46cc979f804f/comp - application/json;+charset=utf-8 119
info: Microsoft.AspNetCore.Routing.EndpointMiddleware[0]
      Executing endpoint 'HTTP: POST /api/v1/terminals/{terminalId:guid}/orders/{orderId:guid}/items/{itemId:guid}/comp'
info: Microsoft.AspNetCore.Http.Result.JsonResult[1]
      Setting HTTP status code 403.
info: Microsoft.AspNetCore.Http.Result.JsonResult[3]
      Writing value of type '<>f__AnonymousType5`1' as Json.
info: Microsoft.AspNetCore.Routing.EndpointMiddleware[1]
      Executed endpoint 'HTTP: POST /api/v1/terminals/{terminalId:guid}/orders/{orderId:guid}/items/{itemId:guid}/comp'
info: Microsoft.AspNetCore.Hosting.Diagnostics[2]
      Request finished HTTP/1.1 POST https://127.0.0.1:42937/api/v1/terminals/0d830de4-d961-493d-abb7-abe20952c3eb/orders/def4f0b5-a551-4a20-9128-7baab883f1d8/items/839ff517-0f34-4cb9-b222-46cc979f804f/comp - 403 - application/json;+charset=utf-8 12.8946ms
info: Microsoft.AspNetCore.Hosting.Diagnostics[1]
      Request starting HTTP/1.1 GET http://127.0.0.1:42937/api/v1/management/authorization/pending-grants - - -
info: Microsoft.AspNetCore.Routing.EndpointMiddleware[0]
      Executing endpoint 'HTTP: GET /api/v1/management/authorization/pending-grants'
info: Microsoft.AspNetCore.Http.Result.OkObjectResult[1]
      Setting HTTP status code 200.
info: Microsoft.AspNetCore.Http.Result.OkObjectResult[3]
      Writing value of type 'PendingGrantV1[]' as Json.
info: Microsoft.AspNetCore.Routing.EndpointMiddleware[1]
      Executed endpoint 'HTTP: GET /api/v1/management/authorization/pending-grants'
info: Microsoft.AspNetCore.Hosting.Diagnostics[2]
      Request finished HTTP/1.1 GET https://127.0.0.1:42937/api/v1/management/authorization/pending-grants - 200 - application/json;+charset=utf-8 8.1190ms
info: Microsoft.AspNetCore.Hosting.Diagnostics[1]
      Request starting HTTP/1.1 GET http://127.0.0.1:42937/api/v1/management/authorization/pending-grants - - -
info: Microsoft.AspNetCore.Routing.EndpointMiddleware[0]
      Executing endpoint 'HTTP: GET /api/v1/management/authorization/pending-grants'
info: Microsoft.AspNetCore.Http.Result.JsonResult[1]
      Setting HTTP status code 403.
info: Microsoft.AspNetCore.Http.Result.JsonResult[3]
      Writing value of type 'AuthorizationDecisionErrorEnvelopeV1' as Json.
info: Microsoft.AspNetCore.Routing.EndpointMiddleware[1]
      Executed endpoint 'HTTP: GET /api/v1/management/authorization/pending-grants'
info: Microsoft.AspNetCore.Hosting.Diagnostics[2]
      Request finished HTTP/1.1 GET https://127.0.0.1:42937/api/v1/management/authorization/pending-grants - 403 - application/json;+charset=utf-8 10.4009ms
info: Microsoft.AspNetCore.Hosting.Diagnostics[1]
      Request starting HTTP/1.1 GET http://127.0.0.1:42937/api/v1/auth/session?terminalId=290ef465-8b7e-4583-a526-016144aa1bbf - - -
info: Microsoft.AspNetCore.Routing.EndpointMiddleware[0]
      Executing endpoint 'HTTP: GET /api/v1/auth/session'
info: Microsoft.AspNetCore.Http.Result.OkObjectResult[1]
      Setting HTTP status code 200.
info: Microsoft.AspNetCore.Http.Result.OkObjectResult[3]
      Writing value of type '<>f__AnonymousType4`5' as Json.
info: Microsoft.AspNetCore.Routing.EndpointMiddleware[1]
      Executed endpoint 'HTTP: GET /api/v1/auth/session'
info: Microsoft.AspNetCore.Hosting.Diagnostics[2]
      Request finished HTTP/1.1 GET https://127.0.0.1:42937/api/v1/auth/session?terminalId=290ef465-8b7e-4583-a526-016144aa1bbf - 200 - application/json;+charset=utf-8 4.8940ms
info: Microsoft.AspNetCore.Hosting.Diagnostics[1]
      Request starting HTTP/1.1 GET http://127.0.0.1:42937/api/v1/auth/session?terminalId=290ef465-8b7e-4583-a526-016144aa1bbf - - -
info: Microsoft.AspNetCore.Routing.EndpointMiddleware[0]
      Executing endpoint 'HTTP: GET /api/v1/auth/session'
info: Microsoft.AspNetCore.Routing.EndpointMiddleware[1]
      Executed endpoint 'HTTP: GET /api/v1/auth/session'
info: Microsoft.AspNetCore.Hosting.Diagnostics[2]
      Request finished HTTP/1.1 GET https://127.0.0.1:42937/api/v1/auth/session?terminalId=290ef465-8b7e-4583-a526-016144aa1bbf - 401 - application/json;+charset=utf-8 1.3869ms
info: Microsoft.AspNetCore.Hosting.Diagnostics[1]
      Request starting HTTP/1.1 GET http://127.0.0.1:42937/api/v1/terminals/953f3bfd-ffef-4df3-b255-d139e68d9306/orders/active - - -
info: Microsoft.AspNetCore.Routing.EndpointMiddleware[0]
      Executing endpoint 'HTTP: GET /api/v1/terminals/{terminalId:guid}/orders/active'
info: Microsoft.AspNetCore.Routing.EndpointMiddleware[1]
      Executed endpoint 'HTTP: GET /api/v1/terminals/{terminalId:guid}/orders/active'
info: Microsoft.AspNetCore.Hosting.Diagnostics[2]
      Request finished HTTP/1.1 GET https://127.0.0.1:42937/api/v1/terminals/953f3bfd-ffef-4df3-b255-d139e68d9306/orders/active - 401 - application/json;+charset=utf-8 3.2648ms
info: Microsoft.AspNetCore.Hosting.Diagnostics[1]
      Request starting HTTP/1.1 POST http://127.0.0.1:42937/api/v1/terminals/953f3bfd-ffef-4df3-b255-d139e68d9306/cash-sessions - application/json;+charset=utf-8 21
info: Microsoft.AspNetCore.Routing.EndpointMiddleware[0]
      Executing endpoint 'HTTP: POST /api/v1/terminals/{terminalId:guid}/cash-sessions/'
info: Microsoft.AspNetCore.Routing.EndpointMiddleware[1]
      Executed endpoint 'HTTP: POST /api/v1/terminals/{terminalId:guid}/cash-sessions/'
info: Microsoft.AspNetCore.Hosting.Diagnostics[2]
      Request finished HTTP/1.1 POST https://127.0.0.1:42937/api/v1/terminals/953f3bfd-ffef-4df3-b255-d139e68d9306/cash-sessions - 401 - application/json;+charset=utf-8 2.0027ms
[xUnit.net 00:00:24.17]   Finished:    ALKAROS.Audit.AuthorizationProbes
  Passed ALKAROS.Audit.AuthorizationProbes.AuthorizationProbes.C6SupervisorLoginReachesDecisionSurface [489 ms]
  Standard Output Messages:
 supervisor (real login) -> pending-grants: 200; cookies set: alkaros.cashier, alkaros.manager


  Passed ALKAROS.Audit.AuthorizationProbes.AuthorizationProbes.C1RequesterCannotApproveOwnGrant [22 ms]
  Standard Output Messages:
 self-approve status: 403


  Passed ALKAROS.Audit.AuthorizationProbes.AuthorizationProbes.A4DisplaySessionCannotMutateCashierResources [11 ms]
  Passed ALKAROS.Audit.AuthorizationProbes.AuthorizationProbes.C3WaiterCompOnUnassignedCheckIsNotEscalated [450 ms]
  Standard Output Messages:
 waiter comp on an unassigned check: HTTP 403, grant denied/auto


  Passed ALKAROS.Audit.AuthorizationProbes.AuthorizationProbes.B2RevokedPermissionTakesEffectOnNextRequest [30 ms]
  Passed ALKAROS.Audit.AuthorizationProbes.AuthorizationProbes.A5DeactivatedUserSessionIsRejected [16 ms]
  Passed ALKAROS.Audit.AuthorizationProbes.AuthorizationProbes.E1SessionForTerminalACannotActOnTerminalB [17 ms]

Test Run Failed.
Total tests: 25
     Passed: 24
     Failed: 1
 Total time: 25.0461 Seconds
