Test run for /cal399/evidence/V1-RMD-399/probes/AuthorizationProbes/bin/Release/net8.0/ALKAROS.Audit.AuthorizationProbes.dll (.NETCoreApp,Version=v8.0)
A total of 1 test files matched the specified pattern.
/cal399/evidence/V1-RMD-399/probes/AuthorizationProbes/bin/Release/net8.0/ALKAROS.Audit.AuthorizationProbes.dll
[xUnit.net 00:00:00.00] xUnit.net VSTest Adapter v2.8.2+699d445a1a (64-bit .NET 8.0.30)
[xUnit.net 00:00:00.09]   Discovering: ALKAROS.Audit.AuthorizationProbes
[xUnit.net 00:00:00.16]   Discovered:  ALKAROS.Audit.AuthorizationProbes
[xUnit.net 00:00:00.17]   Starting:    ALKAROS.Audit.AuthorizationProbes
warn: Microsoft.AspNetCore.Hosting.Diagnostics[15]
      Overriding HTTP_PORTS '8080' and HTTPS_PORTS ''. Binding to values defined by URLS instead 'http://127.0.0.1:0'.
info: Microsoft.Hosting.Lifetime[14]
      Now listening on: http://127.0.0.1:45923
info: Microsoft.Hosting.Lifetime[0]
      Application started. Press Ctrl+C to shut down.
info: Microsoft.Hosting.Lifetime[0]
      Hosting environment: Production
info: Microsoft.Hosting.Lifetime[0]
      Content root path: /cal399/evidence/V1-RMD-399/probes/AuthorizationProbes/bin/Release/net8.0
info: Microsoft.AspNetCore.Hosting.Diagnostics[1]
      Request starting HTTP/1.1 POST http://127.0.0.1:45923/api/v1/auth/login - application/json;+charset=utf-8 116
info: Microsoft.AspNetCore.Routing.EndpointMiddleware[0]
      Executing endpoint 'HTTP: POST /api/v1/auth/login'
info: Microsoft.AspNetCore.Http.Result.OkObjectResult[1]
      Setting HTTP status code 200.
info: Microsoft.AspNetCore.Http.Result.OkObjectResult[3]
      Writing value of type '<>f__AnonymousType3`6' as Json.
info: Microsoft.AspNetCore.Routing.EndpointMiddleware[1]
      Executed endpoint 'HTTP: POST /api/v1/auth/login'
info: Microsoft.AspNetCore.Hosting.Diagnostics[2]
      Request finished HTTP/1.1 POST https://127.0.0.1:45923/api/v1/auth/login - 200 - application/json;+charset=utf-8 2361.8680ms
info: Microsoft.AspNetCore.Hosting.Diagnostics[1]
      Request starting HTTP/1.1 POST http://127.0.0.1:45923/api/v1/auth/login - application/json;+charset=utf-8 116
info: Microsoft.AspNetCore.Routing.EndpointMiddleware[0]
      Executing endpoint 'HTTP: POST /api/v1/auth/login'
info: Microsoft.AspNetCore.Http.Result.OkObjectResult[1]
      Setting HTTP status code 200.
info: Microsoft.AspNetCore.Http.Result.OkObjectResult[3]
      Writing value of type '<>f__AnonymousType3`6' as Json.
info: Microsoft.AspNetCore.Routing.EndpointMiddleware[1]
      Executed endpoint 'HTTP: POST /api/v1/auth/login'
info: Microsoft.AspNetCore.Hosting.Diagnostics[2]
      Request finished HTTP/1.1 POST https://127.0.0.1:45923/api/v1/auth/login - 200 - application/json;+charset=utf-8 458.3864ms
info: Microsoft.AspNetCore.Hosting.Diagnostics[1]
      Request starting HTTP/1.1 GET http://127.0.0.1:45923/api/v1/auth/session?terminalId=534e2272-6b2f-43b2-aca2-6cd94fc07aaf - - -
info: Microsoft.AspNetCore.Routing.EndpointMiddleware[0]
      Executing endpoint 'HTTP: GET /api/v1/auth/session'
info: Microsoft.AspNetCore.Http.Result.OkObjectResult[1]
      Setting HTTP status code 200.
info: Microsoft.AspNetCore.Http.Result.OkObjectResult[3]
      Writing value of type '<>f__AnonymousType4`5' as Json.
info: Microsoft.AspNetCore.Routing.EndpointMiddleware[1]
      Executed endpoint 'HTTP: GET /api/v1/auth/session'
info: Microsoft.AspNetCore.Hosting.Diagnostics[2]
      Request finished HTTP/1.1 GET https://127.0.0.1:45923/api/v1/auth/session?terminalId=534e2272-6b2f-43b2-aca2-6cd94fc07aaf - 200 - application/json;+charset=utf-8 29.8583ms
info: Microsoft.AspNetCore.Hosting.Diagnostics[1]
      Request starting HTTP/1.1 POST http://127.0.0.1:45923/api/v1/management/security/users/538d681b-92d2-413e-afd6-c0c956b52c53/revoke-sessions - application/json;+charset=utf-8 2
info: Microsoft.AspNetCore.Routing.EndpointMiddleware[0]
      Executing endpoint 'HTTP: POST /api/v1/management/security/users/{userId:guid}/revoke-sessions'
info: Microsoft.AspNetCore.Http.Result.OkObjectResult[1]
      Setting HTTP status code 200.
info: Microsoft.AspNetCore.Http.Result.OkObjectResult[3]
      Writing value of type 'RevokeSessionsResultV1' as Json.
info: Microsoft.AspNetCore.Routing.EndpointMiddleware[1]
      Executed endpoint 'HTTP: POST /api/v1/management/security/users/{userId:guid}/revoke-sessions'
info: Microsoft.AspNetCore.Hosting.Diagnostics[2]
      Request finished HTTP/1.1 POST https://127.0.0.1:45923/api/v1/management/security/users/538d681b-92d2-413e-afd6-c0c956b52c53/revoke-sessions - 200 - application/json;+charset=utf-8 206.0034ms
info: Microsoft.AspNetCore.Hosting.Diagnostics[1]
      Request starting HTTP/1.1 GET http://127.0.0.1:45923/api/v1/auth/session?terminalId=534e2272-6b2f-43b2-aca2-6cd94fc07aaf - - -
info: Microsoft.AspNetCore.Routing.EndpointMiddleware[0]
      Executing endpoint 'HTTP: GET /api/v1/auth/session'
info: Microsoft.AspNetCore.Routing.EndpointMiddleware[1]
      Executed endpoint 'HTTP: GET /api/v1/auth/session'
info: Microsoft.AspNetCore.Hosting.Diagnostics[2]
      Request finished HTTP/1.1 GET https://127.0.0.1:45923/api/v1/auth/session?terminalId=534e2272-6b2f-43b2-aca2-6cd94fc07aaf - 401 - application/json;+charset=utf-8 12.9480ms
  Passed ALKAROS.Audit.AuthorizationProbes.AuthorizationProbes.A5ManagerRevokeSessionsEndsVictimSessionOnNextRequest [3 s]
  Standard Output Messages:
 revoke-sessions by a real manager login: 200


[xUnit.net 00:00:10.03]     ALKAROS.Audit.AuthorizationProbes.AuthorizationProbes.C4DelegationCanBeCreatedThroughSomeRoute [FAIL]
[xUnit.net 00:00:10.03]       Assert.NotEmpty() Failure: Collection was empty
[xUnit.net 00:00:10.04]       Stack Trace:
[xUnit.net 00:00:10.04]         /cal399/evidence/V1-RMD-399/probes/AuthorizationProbes/AuthorizationProbes.cs(243,0): at ALKAROS.Audit.AuthorizationProbes.AuthorizationProbes.C4DelegationCanBeCreatedThroughSomeRoute()
[xUnit.net 00:00:10.04]            at System.RuntimeMethodHandle.InvokeMethod(Object target, Void** arguments, Signature sig, Boolean isConstructor)
[xUnit.net 00:00:10.04]            at System.Reflection.MethodBaseInvoker.InvokeWithNoArgs(Object obj, BindingFlags invokeAttr)
[xUnit.net 00:00:10.04]       Output:
[xUnit.net 00:00:10.04]         delegation-creating routes: []
  Failed ALKAROS.Audit.AuthorizationProbes.AuthorizationProbes.C4DelegationCanBeCreatedThroughSomeRoute [1 s]
  Error Message:
   Assert.NotEmpty() Failure: Collection was empty
  Stack Trace:
     at ALKAROS.Audit.AuthorizationProbes.AuthorizationProbes.C4DelegationCanBeCreatedThroughSomeRoute() in /cal399/evidence/V1-RMD-399/probes/AuthorizationProbes/AuthorizationProbes.cs:line 243
   at System.RuntimeMethodHandle.InvokeMethod(Object target, Void** arguments, Signature sig, Boolean isConstructor)
   at System.Reflection.MethodBaseInvoker.InvokeWithNoArgs(Object obj, BindingFlags invokeAttr)
  Standard Output Messages:
 delegation-creating routes: []


info: Microsoft.AspNetCore.Hosting.Diagnostics[1]
      Request starting HTTP/1.1 POST http://127.0.0.1:45923/api/v1/auth/logout?terminalId=5dcd269a-097a-490b-9602-0a256d0ad304 - application/json;+charset=utf-8 2
info: Microsoft.AspNetCore.Routing.EndpointMiddleware[0]
      Executing endpoint 'HTTP: POST /api/v1/auth/logout'
info: Microsoft.AspNetCore.Http.Result.NoContentResult[1]
      Setting HTTP status code 204.
info: Microsoft.AspNetCore.Routing.EndpointMiddleware[1]
      Executed endpoint 'HTTP: POST /api/v1/auth/logout'
info: Microsoft.AspNetCore.Hosting.Diagnostics[2]
      Request finished HTTP/1.1 POST https://127.0.0.1:45923/api/v1/auth/logout?terminalId=5dcd269a-097a-490b-9602-0a256d0ad304 - 204 - - 10.7738ms
info: Microsoft.AspNetCore.Hosting.Diagnostics[1]
      Request starting HTTP/1.1 POST http://127.0.0.1:45923/api/v1/auth/pin?terminalId=a7d4f7db-dffa-43da-b746-7b82099ed443 - application/json;+charset=utf-8 2
info: Microsoft.AspNetCore.Routing.EndpointMiddleware[0]
      Executing endpoint 'HTTP: POST /api/v1/auth/pin'
info: Microsoft.AspNetCore.Http.Result.BadRequestObjectResult[1]
      Setting HTTP status code 400.
info: Microsoft.AspNetCore.Http.Result.BadRequestObjectResult[3]
      Writing value of type '<>f__AnonymousType5`1' as Json.
info: Microsoft.AspNetCore.Routing.EndpointMiddleware[1]
      Executed endpoint 'HTTP: POST /api/v1/auth/pin'
info: Microsoft.AspNetCore.Hosting.Diagnostics[2]
      Request finished HTTP/1.1 POST https://127.0.0.1:45923/api/v1/auth/pin?terminalId=a7d4f7db-dffa-43da-b746-7b82099ed443 - 400 - application/json;+charset=utf-8 11.2144ms
info: Microsoft.AspNetCore.Hosting.Diagnostics[1]
      Request starting HTTP/1.1 POST http://127.0.0.1:45923/api/v1/auth/unlock?terminalId=b740a307-a3d4-4a57-8a45-339a4bfc68cb - application/json;+charset=utf-8 2
info: Microsoft.AspNetCore.Routing.EndpointMiddleware[0]
      Executing endpoint 'HTTP: POST /api/v1/auth/unlock'
info: Microsoft.AspNetCore.Http.Result.BadRequestObjectResult[1]
      Setting HTTP status code 400.
info: Microsoft.AspNetCore.Http.Result.BadRequestObjectResult[3]
      Writing value of type '<>f__AnonymousType5`1' as Json.
info: Microsoft.AspNetCore.Routing.EndpointMiddleware[1]
      Executed endpoint 'HTTP: POST /api/v1/auth/unlock'
info: Microsoft.AspNetCore.Hosting.Diagnostics[2]
      Request finished HTTP/1.1 POST https://127.0.0.1:45923/api/v1/auth/unlock?terminalId=b740a307-a3d4-4a57-8a45-339a4bfc68cb - 400 - application/json;+charset=utf-8 8.0179ms
info: Microsoft.AspNetCore.Hosting.Diagnostics[1]
      Request starting HTTP/1.1 POST http://127.0.0.1:45923/api/v1/management/authorization/behavioural-tightenings/0541b45b-e22c-418f-b582-49f1c8f63bbc/clear?terminalId=5aea0e6b-6926-4ad7-994e-9667450477c8 - application/json;+charset=utf-8 2
info: Microsoft.AspNetCore.Routing.EndpointMiddleware[0]
      Executing endpoint 'HTTP: POST /api/v1/management/authorization/behavioural-tightenings/{tighteningId:guid}/clear'
info: Microsoft.AspNetCore.Http.Result.JsonResult[1]
      Setting HTTP status code 403.
info: Microsoft.AspNetCore.Http.Result.JsonResult[3]
      Writing value of type 'AuthorizationDecisionErrorEnvelopeV1' as Json.
info: Microsoft.AspNetCore.Routing.EndpointMiddleware[1]
      Executed endpoint 'HTTP: POST /api/v1/management/authorization/behavioural-tightenings/{tighteningId:guid}/clear'
info: Microsoft.AspNetCore.Hosting.Diagnostics[2]
      Request finished HTTP/1.1 POST https://127.0.0.1:45923/api/v1/management/authorization/behavioural-tightenings/0541b45b-e22c-418f-b582-49f1c8f63bbc/clear?terminalId=5aea0e6b-6926-4ad7-994e-9667450477c8 - 403 - application/json;+charset=utf-8 29.6222ms
info: Microsoft.AspNetCore.Hosting.Diagnostics[1]
      Request starting HTTP/1.1 POST http://127.0.0.1:45923/api/v1/management/authorization/delegations/f11b758c-179a-490b-8ab8-39c4edc06af0/revoke?terminalId=9c2f3b99-540c-48ab-bcda-2fe2f001e90b - application/json;+charset=utf-8 2
info: Microsoft.AspNetCore.Routing.EndpointMiddleware[0]
      Executing endpoint 'HTTP: POST /api/v1/management/authorization/delegations/{delegationId:guid}/revoke'
info: Microsoft.AspNetCore.Http.Result.JsonResult[1]
      Setting HTTP status code 403.
info: Microsoft.AspNetCore.Http.Result.JsonResult[3]
      Writing value of type 'AuthorizationDecisionErrorEnvelopeV1' as Json.
info: Microsoft.AspNetCore.Routing.EndpointMiddleware[1]
      Executed endpoint 'HTTP: POST /api/v1/management/authorization/delegations/{delegationId:guid}/revoke'
info: Microsoft.AspNetCore.Hosting.Diagnostics[2]
      Request finished HTTP/1.1 POST https://127.0.0.1:45923/api/v1/management/authorization/delegations/f11b758c-179a-490b-8ab8-39c4edc06af0/revoke?terminalId=9c2f3b99-540c-48ab-bcda-2fe2f001e90b - 403 - application/json;+charset=utf-8 15.2737ms
info: Microsoft.AspNetCore.Hosting.Diagnostics[1]
      Request starting HTTP/1.1 POST http://127.0.0.1:45923/api/v1/management/authorization/grants/45c7d5e1-f697-4177-98c4-81d04bc2dc95/approve?terminalId=49ebc2d3-2421-4e7c-801d-33418ab1d120 - application/json;+charset=utf-8 2
info: Microsoft.AspNetCore.Routing.EndpointMiddleware[0]
      Executing endpoint 'HTTP: POST /api/v1/management/authorization/grants/{grantId:guid}/approve'
info: Microsoft.AspNetCore.Http.Result.JsonResult[1]
      Setting HTTP status code 403.
info: Microsoft.AspNetCore.Http.Result.JsonResult[3]
      Writing value of type 'AuthorizationDecisionErrorEnvelopeV1' as Json.
info: Microsoft.AspNetCore.Routing.EndpointMiddleware[1]
      Executed endpoint 'HTTP: POST /api/v1/management/authorization/grants/{grantId:guid}/approve'
info: Microsoft.AspNetCore.Hosting.Diagnostics[2]
      Request finished HTTP/1.1 POST https://127.0.0.1:45923/api/v1/management/authorization/grants/45c7d5e1-f697-4177-98c4-81d04bc2dc95/approve?terminalId=49ebc2d3-2421-4e7c-801d-33418ab1d120 - 403 - application/json;+charset=utf-8 8.2856ms
info: Microsoft.AspNetCore.Hosting.Diagnostics[1]
      Request starting HTTP/1.1 POST http://127.0.0.1:45923/api/v1/management/authorization/grants/c4c1b9ff-eb31-4d36-8b59-fe94c69fc85a/deny?terminalId=380a6c72-1629-422d-a94f-5eeede62d3e0 - application/json;+charset=utf-8 2
info: Microsoft.AspNetCore.Routing.EndpointMiddleware[0]
      Executing endpoint 'HTTP: POST /api/v1/management/authorization/grants/{grantId:guid}/deny'
info: Microsoft.AspNetCore.Http.Result.JsonResult[1]
      Setting HTTP status code 403.
info: Microsoft.AspNetCore.Http.Result.JsonResult[3]
      Writing value of type 'AuthorizationDecisionErrorEnvelopeV1' as Json.
info: Microsoft.AspNetCore.Routing.EndpointMiddleware[1]
      Executed endpoint 'HTTP: POST /api/v1/management/authorization/grants/{grantId:guid}/deny'
info: Microsoft.AspNetCore.Hosting.Diagnostics[2]
      Request finished HTTP/1.1 POST https://127.0.0.1:45923/api/v1/management/authorization/grants/c4c1b9ff-eb31-4d36-8b59-fe94c69fc85a/deny?terminalId=380a6c72-1629-422d-a94f-5eeede62d3e0 - 403 - application/json;+charset=utf-8 10.6824ms
info: Microsoft.AspNetCore.Hosting.Diagnostics[1]
      Request starting HTTP/1.1 PUT http://127.0.0.1:45923/api/v1/management/business-identity/logo?terminalId=b9e0b53c-b6ee-43d6-9c4b-f87bc1f2c5ce - application/json;+charset=utf-8 2
info: Microsoft.AspNetCore.Routing.EndpointMiddleware[0]
      Executing endpoint 'HTTP: GET, POST, PUT, PATCH, DELETE, OPTIONS /api/{**path}'
info: Microsoft.AspNetCore.Http.Result.JsonResult[1]
      Setting HTTP status code 404.
info: Microsoft.AspNetCore.Http.Result.JsonResult[3]
      Writing value of type 'ApiErrorEnvelope' as Json.
info: Microsoft.AspNetCore.Routing.EndpointMiddleware[1]
      Executed endpoint 'HTTP: GET, POST, PUT, PATCH, DELETE, OPTIONS /api/{**path}'
info: Microsoft.AspNetCore.Hosting.Diagnostics[2]
      Request finished HTTP/1.1 PUT https://127.0.0.1:45923/api/v1/management/business-identity/logo?terminalId=b9e0b53c-b6ee-43d6-9c4b-f87bc1f2c5ce - 404 - application/json;+charset=utf-8 2.3107ms
info: Microsoft.AspNetCore.Hosting.Diagnostics[1]
      Request starting HTTP/1.1 DELETE http://127.0.0.1:45923/api/v1/management/business-identity/logo?terminalId=0caf4963-3378-4798-9c41-092874ef84ac - application/json;+charset=utf-8 2
info: Microsoft.AspNetCore.Routing.EndpointMiddleware[0]
      Executing endpoint 'HTTP: DELETE /api/v1/management/business-identity/logo'
info: Microsoft.AspNetCore.Http.Result.JsonResult[1]
      Setting HTTP status code 403.
info: Microsoft.AspNetCore.Http.Result.JsonResult[3]
      Writing value of type 'SettingsApiErrorEnvelopeV1' as Json.
info: Microsoft.AspNetCore.Routing.EndpointMiddleware[1]
      Executed endpoint 'HTTP: DELETE /api/v1/management/business-identity/logo'
info: Microsoft.AspNetCore.Hosting.Diagnostics[2]
      Request finished HTTP/1.1 DELETE https://127.0.0.1:45923/api/v1/management/business-identity/logo?terminalId=0caf4963-3378-4798-9c41-092874ef84ac - 403 - application/json;+charset=utf-8 17.6973ms
info: Microsoft.AspNetCore.Hosting.Diagnostics[1]
      Request starting HTTP/1.1 POST http://127.0.0.1:45923/api/v1/management/catalog/categories?terminalId=afa82ea2-a9cf-4553-965e-967733958df9 - application/json;+charset=utf-8 2
info: Microsoft.AspNetCore.Routing.EndpointMiddleware[0]
      Executing endpoint 'HTTP: POST /api/v1/management/catalog/categories'
info: Microsoft.AspNetCore.Http.Result.JsonResult[1]
      Setting HTTP status code 403.
info: Microsoft.AspNetCore.Http.Result.JsonResult[3]
      Writing value of type 'CatalogApiErrorEnvelopeV1' as Json.
info: Microsoft.AspNetCore.Routing.EndpointMiddleware[1]
      Executed endpoint 'HTTP: POST /api/v1/management/catalog/categories'
info: Microsoft.AspNetCore.Hosting.Diagnostics[2]
      Request finished HTTP/1.1 POST https://127.0.0.1:45923/api/v1/management/catalog/categories?terminalId=afa82ea2-a9cf-4553-965e-967733958df9 - 403 - application/json;+charset=utf-8 17.0920ms
info: Microsoft.AspNetCore.Hosting.Diagnostics[1]
      Request starting HTTP/1.1 POST http://127.0.0.1:45923/api/v1/management/catalog/modifier-groups?terminalId=6ba146d1-b038-40ce-ac0f-0ddc86e27ac6 - application/json;+charset=utf-8 2
info: Microsoft.AspNetCore.Routing.EndpointMiddleware[0]
      Executing endpoint 'HTTP: POST /api/v1/management/catalog/modifier-groups'
info: Microsoft.AspNetCore.Http.Result.JsonResult[1]
      Setting HTTP status code 403.
info: Microsoft.AspNetCore.Http.Result.JsonResult[3]
      Writing value of type 'CatalogApiErrorEnvelopeV1' as Json.
info: Microsoft.AspNetCore.Routing.EndpointMiddleware[1]
      Executed endpoint 'HTTP: POST /api/v1/management/catalog/modifier-groups'
info: Microsoft.AspNetCore.Hosting.Diagnostics[2]
      Request finished HTTP/1.1 POST https://127.0.0.1:45923/api/v1/management/catalog/modifier-groups?terminalId=6ba146d1-b038-40ce-ac0f-0ddc86e27ac6 - 403 - application/json;+charset=utf-8 11.1518ms
info: Microsoft.AspNetCore.Hosting.Diagnostics[1]
      Request starting HTTP/1.1 POST http://127.0.0.1:45923/api/v1/management/catalog/modifiers?terminalId=81e53fab-e5ac-4202-b80e-b5207fdc9205 - application/json;+charset=utf-8 2
info: Microsoft.AspNetCore.Routing.EndpointMiddleware[0]
      Executing endpoint 'HTTP: POST /api/v1/management/catalog/modifiers'
info: Microsoft.AspNetCore.Http.Result.JsonResult[1]
      Setting HTTP status code 403.
info: Microsoft.AspNetCore.Http.Result.JsonResult[3]
      Writing value of type 'CatalogApiErrorEnvelopeV1' as Json.
info: Microsoft.AspNetCore.Routing.EndpointMiddleware[1]
      Executed endpoint 'HTTP: POST /api/v1/management/catalog/modifiers'
info: Microsoft.AspNetCore.Hosting.Diagnostics[2]
      Request finished HTTP/1.1 POST https://127.0.0.1:45923/api/v1/management/catalog/modifiers?terminalId=81e53fab-e5ac-4202-b80e-b5207fdc9205 - 403 - application/json;+charset=utf-8 8.6313ms
info: Microsoft.AspNetCore.Hosting.Diagnostics[1]
      Request starting HTTP/1.1 POST http://127.0.0.1:45923/api/v1/management/catalog/prices?terminalId=5bd14122-9075-421c-acf4-64b224c56ab6 - application/json;+charset=utf-8 2
info: Microsoft.AspNetCore.Routing.EndpointMiddleware[0]
      Executing endpoint 'HTTP: POST /api/v1/management/catalog/prices'
info: Microsoft.AspNetCore.Http.Result.JsonResult[1]
      Setting HTTP status code 403.
info: Microsoft.AspNetCore.Http.Result.JsonResult[3]
      Writing value of type 'CatalogApiErrorEnvelopeV1' as Json.
info: Microsoft.AspNetCore.Routing.EndpointMiddleware[1]
      Executed endpoint 'HTTP: POST /api/v1/management/catalog/prices'
info: Microsoft.AspNetCore.Hosting.Diagnostics[2]
      Request finished HTTP/1.1 POST https://127.0.0.1:45923/api/v1/management/catalog/prices?terminalId=5bd14122-9075-421c-acf4-64b224c56ab6 - 403 - application/json;+charset=utf-8 5.5776ms
info: Microsoft.AspNetCore.Hosting.Diagnostics[1]
      Request starting HTTP/1.1 POST http://127.0.0.1:45923/api/v1/management/catalog/product-modifier-assignments?terminalId=c46668bb-6405-4af1-bf95-564cbb8d037e - application/json;+charset=utf-8 2
info: Microsoft.AspNetCore.Routing.EndpointMiddleware[0]
      Executing endpoint 'HTTP: POST /api/v1/management/catalog/product-modifier-assignments'
info: Microsoft.AspNetCore.Http.Result.JsonResult[1]
      Setting HTTP status code 403.
info: Microsoft.AspNetCore.Http.Result.JsonResult[3]
      Writing value of type 'CatalogApiErrorEnvelopeV1' as Json.
info: Microsoft.AspNetCore.Routing.EndpointMiddleware[1]
      Executed endpoint 'HTTP: POST /api/v1/management/catalog/product-modifier-assignments'
info: Microsoft.AspNetCore.Hosting.Diagnostics[2]
      Request finished HTTP/1.1 POST https://127.0.0.1:45923/api/v1/management/catalog/product-modifier-assignments?terminalId=c46668bb-6405-4af1-bf95-564cbb8d037e - 403 - application/json;+charset=utf-8 8.2667ms
info: Microsoft.AspNetCore.Hosting.Diagnostics[1]
      Request starting HTTP/1.1 POST http://127.0.0.1:45923/api/v1/management/catalog/products?terminalId=c2d32381-aebb-4e7d-85be-31615dd82b6b - application/json;+charset=utf-8 2
info: Microsoft.AspNetCore.Routing.EndpointMiddleware[0]
      Executing endpoint 'HTTP: POST /api/v1/management/catalog/products'
info: Microsoft.AspNetCore.Http.Result.JsonResult[1]
      Setting HTTP status code 403.
info: Microsoft.AspNetCore.Http.Result.JsonResult[3]
      Writing value of type 'CatalogApiErrorEnvelopeV1' as Json.
info: Microsoft.AspNetCore.Routing.EndpointMiddleware[1]
      Executed endpoint 'HTTP: POST /api/v1/management/catalog/products'
info: Microsoft.AspNetCore.Hosting.Diagnostics[2]
      Request finished HTTP/1.1 POST https://127.0.0.1:45923/api/v1/management/catalog/products?terminalId=c2d32381-aebb-4e7d-85be-31615dd82b6b - 403 - application/json;+charset=utf-8 7.0367ms
info: Microsoft.AspNetCore.Hosting.Diagnostics[1]
      Request starting HTTP/1.1 POST http://127.0.0.1:45923/api/v1/management/catalog/products/2126a405-a4cd-4403-9607-27e2679387b7/availability?terminalId=cadb0f2d-ad9c-4ea1-ba5c-29b9fc22daaa - application/json;+charset=utf-8 2
info: Microsoft.AspNetCore.Routing.EndpointMiddleware[0]
      Executing endpoint 'HTTP: POST /api/v1/management/catalog/products/{productId:guid}/availability'
info: Microsoft.AspNetCore.Http.Result.JsonResult[1]
      Setting HTTP status code 403.
info: Microsoft.AspNetCore.Http.Result.JsonResult[3]
      Writing value of type 'CatalogApiErrorEnvelopeV1' as Json.
info: Microsoft.AspNetCore.Routing.EndpointMiddleware[1]
      Executed endpoint 'HTTP: POST /api/v1/management/catalog/products/{productId:guid}/availability'
info: Microsoft.AspNetCore.Hosting.Diagnostics[2]
      Request finished HTTP/1.1 POST https://127.0.0.1:45923/api/v1/management/catalog/products/2126a405-a4cd-4403-9607-27e2679387b7/availability?terminalId=cadb0f2d-ad9c-4ea1-ba5c-29b9fc22daaa - 403 - application/json;+charset=utf-8 5.4115ms
info: Microsoft.AspNetCore.Hosting.Diagnostics[1]
      Request starting HTTP/1.1 POST http://127.0.0.1:45923/api/v1/management/catalog/products/10c17a71-d592-485e-a91e-748bff6e6df1/prep-time?terminalId=1ffc98bd-4bb2-4163-8edb-fa5de02c00a1 - application/json;+charset=utf-8 2
info: Microsoft.AspNetCore.Routing.EndpointMiddleware[0]
      Executing endpoint 'HTTP: POST /api/v1/management/catalog/products/{productId:guid}/prep-time'
info: Microsoft.AspNetCore.Http.Result.JsonResult[1]
      Setting HTTP status code 403.
info: Microsoft.AspNetCore.Http.Result.JsonResult[3]
      Writing value of type 'CatalogApiErrorEnvelopeV1' as Json.
info: Microsoft.AspNetCore.Routing.EndpointMiddleware[1]
      Executed endpoint 'HTTP: POST /api/v1/management/catalog/products/{productId:guid}/prep-time'
info: Microsoft.AspNetCore.Hosting.Diagnostics[2]
      Request finished HTTP/1.1 POST https://127.0.0.1:45923/api/v1/management/catalog/products/10c17a71-d592-485e-a91e-748bff6e6df1/prep-time?terminalId=1ffc98bd-4bb2-4163-8edb-fa5de02c00a1 - 403 - application/json;+charset=utf-8 6.9979ms
info: Microsoft.AspNetCore.Hosting.Diagnostics[1]
      Request starting HTTP/1.1 POST http://127.0.0.1:45923/api/v1/management/catalog/tax-profiles?terminalId=5f716c9c-9d7d-42bb-acd1-dec63cef6312 - application/json;+charset=utf-8 2
info: Microsoft.AspNetCore.Routing.EndpointMiddleware[0]
      Executing endpoint 'HTTP: POST /api/v1/management/catalog/tax-profiles'
info: Microsoft.AspNetCore.Http.Result.JsonResult[1]
      Setting HTTP status code 403.
info: Microsoft.AspNetCore.Http.Result.JsonResult[3]
      Writing value of type 'CatalogApiErrorEnvelopeV1' as Json.
info: Microsoft.AspNetCore.Routing.EndpointMiddleware[1]
      Executed endpoint 'HTTP: POST /api/v1/management/catalog/tax-profiles'
info: Microsoft.AspNetCore.Hosting.Diagnostics[2]
      Request finished HTTP/1.1 POST https://127.0.0.1:45923/api/v1/management/catalog/tax-profiles?terminalId=5f716c9c-9d7d-42bb-acd1-dec63cef6312 - 403 - application/json;+charset=utf-8 6.2459ms
info: Microsoft.AspNetCore.Hosting.Diagnostics[1]
      Request starting HTTP/1.1 PUT http://127.0.0.1:45923/api/v1/management/customer-display/screensaver?terminalId=b9038525-a7db-4cc2-91de-b06647d7a9bb - application/json;+charset=utf-8 2
info: Microsoft.AspNetCore.Routing.EndpointMiddleware[0]
      Executing endpoint 'HTTP: GET, POST, PUT, PATCH, DELETE, OPTIONS /api/{**path}'
info: Microsoft.AspNetCore.Http.Result.JsonResult[1]
      Setting HTTP status code 404.
info: Microsoft.AspNetCore.Http.Result.JsonResult[3]
      Writing value of type 'ApiErrorEnvelope' as Json.
info: Microsoft.AspNetCore.Routing.EndpointMiddleware[1]
      Executed endpoint 'HTTP: GET, POST, PUT, PATCH, DELETE, OPTIONS /api/{**path}'
info: Microsoft.AspNetCore.Hosting.Diagnostics[2]
      Request finished HTTP/1.1 PUT https://127.0.0.1:45923/api/v1/management/customer-display/screensaver?terminalId=b9038525-a7db-4cc2-91de-b06647d7a9bb - 404 - application/json;+charset=utf-8 0.7747ms
info: Microsoft.AspNetCore.Hosting.Diagnostics[1]
      Request starting HTTP/1.1 DELETE http://127.0.0.1:45923/api/v1/management/customer-display/screensaver?terminalId=fe04e226-fc18-4aa5-9a58-611843479df0 - application/json;+charset=utf-8 2
info: Microsoft.AspNetCore.Routing.EndpointMiddleware[0]
      Executing endpoint 'HTTP: DELETE /api/v1/management/customer-display/screensaver'
info: Microsoft.AspNetCore.Http.Result.JsonResult[1]
      Setting HTTP status code 403.
info: Microsoft.AspNetCore.Http.Result.JsonResult[3]
      Writing value of type 'CatalogApiErrorEnvelopeV1' as Json.
info: Microsoft.AspNetCore.Routing.EndpointMiddleware[1]
      Executed endpoint 'HTTP: DELETE /api/v1/management/customer-display/screensaver'
info: Microsoft.AspNetCore.Hosting.Diagnostics[2]
      Request finished HTTP/1.1 DELETE https://127.0.0.1:45923/api/v1/management/customer-display/screensaver?terminalId=fe04e226-fc18-4aa5-9a58-611843479df0 - 403 - application/json;+charset=utf-8 4.3221ms
info: Microsoft.AspNetCore.Hosting.Diagnostics[1]
      Request starting HTTP/1.1 POST http://127.0.0.1:45923/api/v1/management/inventory/modifiers/18868563-be94-409d-8271-e72024c89fb4/stock-mappings?terminalId=9b80ba64-d462-4062-b7e1-53d75012254f - application/json;+charset=utf-8 2
info: Microsoft.AspNetCore.Routing.EndpointMiddleware[0]
      Executing endpoint 'HTTP: POST /api/v1/management/inventory/modifiers/{modifierId:guid}/stock-mappings'
info: Microsoft.AspNetCore.Http.Result.JsonResult[1]
      Setting HTTP status code 403.
info: Microsoft.AspNetCore.Http.Result.JsonResult[3]
      Writing value of type 'StockMasterApiErrorEnvelopeV1' as Json.
info: Microsoft.AspNetCore.Routing.EndpointMiddleware[1]
      Executed endpoint 'HTTP: POST /api/v1/management/inventory/modifiers/{modifierId:guid}/stock-mappings'
info: Microsoft.AspNetCore.Hosting.Diagnostics[2]
      Request finished HTTP/1.1 POST https://127.0.0.1:45923/api/v1/management/inventory/modifiers/18868563-be94-409d-8271-e72024c89fb4/stock-mappings?terminalId=9b80ba64-d462-4062-b7e1-53d75012254f - 403 - application/json;+charset=utf-8 16.7884ms
info: Microsoft.AspNetCore.Hosting.Diagnostics[1]
      Request starting HTTP/1.1 DELETE http://127.0.0.1:45923/api/v1/management/inventory/modifiers/f43ec4d5-bcd0-427a-85dd-81e36c0f7f1e/stock-mappings/1497ed11-a7f6-44d3-94f4-f8341c5a3385?terminalId=72d95200-cb80-4918-8f66-3a89b83887f0 - application/json;+charset=utf-8 2
info: Microsoft.AspNetCore.Routing.EndpointMiddleware[0]
      Executing endpoint 'HTTP: DELETE /api/v1/management/inventory/modifiers/{modifierId:guid}/stock-mappings/{stockItemId:guid}'
info: Microsoft.AspNetCore.Http.Result.JsonResult[1]
      Setting HTTP status code 403.
info: Microsoft.AspNetCore.Http.Result.JsonResult[3]
      Writing value of type 'StockMasterApiErrorEnvelopeV1' as Json.
info: Microsoft.AspNetCore.Routing.EndpointMiddleware[1]
      Executed endpoint 'HTTP: DELETE /api/v1/management/inventory/modifiers/{modifierId:guid}/stock-mappings/{stockItemId:guid}'
info: Microsoft.AspNetCore.Hosting.Diagnostics[2]
      Request finished HTTP/1.1 DELETE https://127.0.0.1:45923/api/v1/management/inventory/modifiers/f43ec4d5-bcd0-427a-85dd-81e36c0f7f1e/stock-mappings/1497ed11-a7f6-44d3-94f4-f8341c5a3385?terminalId=72d95200-cb80-4918-8f66-3a89b83887f0 - 403 - application/json;+charset=utf-8 12.2981ms
info: Microsoft.AspNetCore.Hosting.Diagnostics[1]
      Request starting HTTP/1.1 POST http://127.0.0.1:45923/api/v1/management/inventory/products/eec94336-bc96-476c-9df3-6b641089ae31/stock-mappings?terminalId=27aeae7a-afed-4f85-a90b-bfd866bd6962 - application/json;+charset=utf-8 2
info: Microsoft.AspNetCore.Routing.EndpointMiddleware[0]
      Executing endpoint 'HTTP: POST /api/v1/management/inventory/products/{productId:guid}/stock-mappings'
info: Microsoft.AspNetCore.Http.Result.JsonResult[1]
      Setting HTTP status code 403.
info: Microsoft.AspNetCore.Http.Result.JsonResult[3]
      Writing value of type 'StockMasterApiErrorEnvelopeV1' as Json.
info: Microsoft.AspNetCore.Routing.EndpointMiddleware[1]
      Executed endpoint 'HTTP: POST /api/v1/management/inventory/products/{productId:guid}/stock-mappings'
info: Microsoft.AspNetCore.Hosting.Diagnostics[2]
      Request finished HTTP/1.1 POST https://127.0.0.1:45923/api/v1/management/inventory/products/eec94336-bc96-476c-9df3-6b641089ae31/stock-mappings?terminalId=27aeae7a-afed-4f85-a90b-bfd866bd6962 - 403 - application/json;+charset=utf-8 7.3785ms
info: Microsoft.AspNetCore.Hosting.Diagnostics[1]
      Request starting HTTP/1.1 DELETE http://127.0.0.1:45923/api/v1/management/inventory/products/832c6e3d-6901-471f-b6b4-d106500f63ad/stock-mappings/8465d320-9eb3-4835-a574-1d496f3c46c4?terminalId=e35959c9-3e27-4f03-9895-e8689b920b3b - application/json;+charset=utf-8 2
info: Microsoft.AspNetCore.Routing.EndpointMiddleware[0]
      Executing endpoint 'HTTP: DELETE /api/v1/management/inventory/products/{productId:guid}/stock-mappings/{stockItemId:guid}'
info: Microsoft.AspNetCore.Http.Result.JsonResult[1]
      Setting HTTP status code 403.
info: Microsoft.AspNetCore.Http.Result.JsonResult[3]
      Writing value of type 'StockMasterApiErrorEnvelopeV1' as Json.
info: Microsoft.AspNetCore.Routing.EndpointMiddleware[1]
      Executed endpoint 'HTTP: DELETE /api/v1/management/inventory/products/{productId:guid}/stock-mappings/{stockItemId:guid}'
info: Microsoft.AspNetCore.Hosting.Diagnostics[2]
      Request finished HTTP/1.1 DELETE https://127.0.0.1:45923/api/v1/management/inventory/products/832c6e3d-6901-471f-b6b4-d106500f63ad/stock-mappings/8465d320-9eb3-4835-a574-1d496f3c46c4?terminalId=e35959c9-3e27-4f03-9895-e8689b920b3b - 403 - application/json;+charset=utf-8 5.1273ms
info: Microsoft.AspNetCore.Hosting.Diagnostics[1]
      Request starting HTTP/1.1 POST http://127.0.0.1:45923/api/v1/management/inventory/stock-items?terminalId=0f25c7fa-6e46-4b70-bf48-b7d086623d67 - application/json;+charset=utf-8 2
info: Microsoft.AspNetCore.Routing.EndpointMiddleware[0]
      Executing endpoint 'HTTP: POST /api/v1/management/inventory/stock-items'
info: Microsoft.AspNetCore.Http.Result.JsonResult[1]
      Setting HTTP status code 403.
info: Microsoft.AspNetCore.Http.Result.JsonResult[3]
      Writing value of type 'StockMasterApiErrorEnvelopeV1' as Json.
info: Microsoft.AspNetCore.Routing.EndpointMiddleware[1]
      Executed endpoint 'HTTP: POST /api/v1/management/inventory/stock-items'
info: Microsoft.AspNetCore.Hosting.Diagnostics[2]
      Request finished HTTP/1.1 POST https://127.0.0.1:45923/api/v1/management/inventory/stock-items?terminalId=0f25c7fa-6e46-4b70-bf48-b7d086623d67 - 403 - application/json;+charset=utf-8 8.4931ms
info: Microsoft.AspNetCore.Hosting.Diagnostics[1]
      Request starting HTTP/1.1 POST http://127.0.0.1:45923/api/v1/management/inventory/stock-items/bc4ae224-d0b1-4dae-8e2f-50af2a4e387a/physical-counts?terminalId=99201613-e710-4514-a8b1-cf70a24aa743 - application/json;+charset=utf-8 2
info: Microsoft.AspNetCore.Routing.EndpointMiddleware[0]
      Executing endpoint 'HTTP: POST /api/v1/management/inventory/stock-items/{stockItemId:guid}/physical-counts'
info: Microsoft.AspNetCore.Http.Result.JsonResult[1]
      Setting HTTP status code 403.
info: Microsoft.AspNetCore.Http.Result.JsonResult[3]
      Writing value of type 'StockMasterApiErrorEnvelopeV1' as Json.
info: Microsoft.AspNetCore.Routing.EndpointMiddleware[1]
      Executed endpoint 'HTTP: POST /api/v1/management/inventory/stock-items/{stockItemId:guid}/physical-counts'
info: Microsoft.AspNetCore.Hosting.Diagnostics[2]
      Request finished HTTP/1.1 POST https://127.0.0.1:45923/api/v1/management/inventory/stock-items/bc4ae224-d0b1-4dae-8e2f-50af2a4e387a/physical-counts?terminalId=99201613-e710-4514-a8b1-cf70a24aa743 - 403 - application/json;+charset=utf-8 6.6986ms
info: Microsoft.AspNetCore.Hosting.Diagnostics[1]
      Request starting HTTP/1.1 PUT http://127.0.0.1:45923/api/v1/management/inventory/stock-items/0ad99636-122d-4830-a293-6c50f04b2e97/reorder-point?terminalId=bedd240e-fbff-4a34-99f0-27aeb65f28b3 - application/json;+charset=utf-8 2
info: Microsoft.AspNetCore.Routing.EndpointMiddleware[0]
      Executing endpoint 'HTTP: PUT /api/v1/management/inventory/stock-items/{stockItemId:guid}/reorder-point'
info: Microsoft.AspNetCore.Http.Result.JsonResult[1]
      Setting HTTP status code 403.
info: Microsoft.AspNetCore.Http.Result.JsonResult[3]
      Writing value of type 'StockMasterApiErrorEnvelopeV1' as Json.
info: Microsoft.AspNetCore.Routing.EndpointMiddleware[1]
      Executed endpoint 'HTTP: PUT /api/v1/management/inventory/stock-items/{stockItemId:guid}/reorder-point'
info: Microsoft.AspNetCore.Hosting.Diagnostics[2]
      Request finished HTTP/1.1 PUT https://127.0.0.1:45923/api/v1/management/inventory/stock-items/0ad99636-122d-4830-a293-6c50f04b2e97/reorder-point?terminalId=bedd240e-fbff-4a34-99f0-27aeb65f28b3 - 403 - application/json;+charset=utf-8 8.0598ms
info: Microsoft.AspNetCore.Hosting.Diagnostics[1]
      Request starting HTTP/1.1 POST http://127.0.0.1:45923/api/v1/management/inventory/stock-items/810287f1-7404-4041-b4a1-4e8971d3e21a/waste?terminalId=e149a089-284a-49ac-b883-61aafdf6cf7d - application/json;+charset=utf-8 2
info: Microsoft.AspNetCore.Routing.EndpointMiddleware[0]
      Executing endpoint 'HTTP: POST /api/v1/management/inventory/stock-items/{stockItemId:guid}/waste'
info: Microsoft.AspNetCore.Http.Result.JsonResult[1]
      Setting HTTP status code 403.
info: Microsoft.AspNetCore.Http.Result.JsonResult[3]
      Writing value of type 'StockMasterApiErrorEnvelopeV1' as Json.
info: Microsoft.AspNetCore.Routing.EndpointMiddleware[1]
      Executed endpoint 'HTTP: POST /api/v1/management/inventory/stock-items/{stockItemId:guid}/waste'
info: Microsoft.AspNetCore.Hosting.Diagnostics[2]
      Request finished HTTP/1.1 POST https://127.0.0.1:45923/api/v1/management/inventory/stock-items/810287f1-7404-4041-b4a1-4e8971d3e21a/waste?terminalId=e149a089-284a-49ac-b883-61aafdf6cf7d - 403 - application/json;+charset=utf-8 6.4572ms
info: Microsoft.AspNetCore.Hosting.Diagnostics[1]
      Request starting HTTP/1.1 POST http://127.0.0.1:45923/api/v1/management/inventory/stock-locations?terminalId=26abe87d-9e8b-47d7-b9f6-ad0dec5af271 - application/json;+charset=utf-8 2
info: Microsoft.AspNetCore.Routing.EndpointMiddleware[0]
      Executing endpoint 'HTTP: POST /api/v1/management/inventory/stock-locations'
info: Microsoft.AspNetCore.Http.Result.JsonResult[1]
      Setting HTTP status code 403.
info: Microsoft.AspNetCore.Http.Result.JsonResult[3]
      Writing value of type 'StockMasterApiErrorEnvelopeV1' as Json.
info: Microsoft.AspNetCore.Routing.EndpointMiddleware[1]
      Executed endpoint 'HTTP: POST /api/v1/management/inventory/stock-locations'
info: Microsoft.AspNetCore.Hosting.Diagnostics[2]
      Request finished HTTP/1.1 POST https://127.0.0.1:45923/api/v1/management/inventory/stock-locations?terminalId=26abe87d-9e8b-47d7-b9f6-ad0dec5af271 - 403 - application/json;+charset=utf-8 7.0214ms
info: Microsoft.AspNetCore.Hosting.Diagnostics[1]
      Request starting HTTP/1.1 POST http://127.0.0.1:45923/api/v1/management/menus-and-specials/daily-menus?terminalId=a1a4c289-5544-46f3-a59c-546f8d0d0817 - application/json;+charset=utf-8 2
info: Microsoft.AspNetCore.Routing.EndpointMiddleware[0]
      Executing endpoint 'HTTP: POST /api/v1/management/menus-and-specials/daily-menus'
info: Microsoft.AspNetCore.Http.Result.JsonResult[1]
      Setting HTTP status code 403.
info: Microsoft.AspNetCore.Http.Result.JsonResult[3]
      Writing value of type 'MenuApiErrorEnvelopeV1' as Json.
info: Microsoft.AspNetCore.Routing.EndpointMiddleware[1]
      Executed endpoint 'HTTP: POST /api/v1/management/menus-and-specials/daily-menus'
info: Microsoft.AspNetCore.Hosting.Diagnostics[2]
      Request finished HTTP/1.1 POST https://127.0.0.1:45923/api/v1/management/menus-and-specials/daily-menus?terminalId=a1a4c289-5544-46f3-a59c-546f8d0d0817 - 403 - application/json;+charset=utf-8 21.3336ms
info: Microsoft.AspNetCore.Hosting.Diagnostics[1]
      Request starting HTTP/1.1 PUT http://127.0.0.1:45923/api/v1/management/menus-and-specials/daily-menus/items/32aa87dc-e698-48ae-b3ee-ae401f14c3b3/planned-portions?terminalId=bbb38151-43c7-42e8-923f-8798f7a90024 - application/json;+charset=utf-8 2
info: Microsoft.AspNetCore.Routing.EndpointMiddleware[0]
      Executing endpoint 'HTTP: PUT /api/v1/management/menus-and-specials/daily-menus/items/{dailyMenuItemId:guid}/planned-portions'
info: Microsoft.AspNetCore.Http.Result.JsonResult[1]
      Setting HTTP status code 403.
info: Microsoft.AspNetCore.Http.Result.JsonResult[3]
      Writing value of type 'MenuApiErrorEnvelopeV1' as Json.
info: Microsoft.AspNetCore.Routing.EndpointMiddleware[1]
      Executed endpoint 'HTTP: PUT /api/v1/management/menus-and-specials/daily-menus/items/{dailyMenuItemId:guid}/planned-portions'
info: Microsoft.AspNetCore.Hosting.Diagnostics[2]
      Request finished HTTP/1.1 PUT https://127.0.0.1:45923/api/v1/management/menus-and-specials/daily-menus/items/32aa87dc-e698-48ae-b3ee-ae401f14c3b3/planned-portions?terminalId=bbb38151-43c7-42e8-923f-8798f7a90024 - 403 - application/json;+charset=utf-8 8.9274ms
info: Microsoft.AspNetCore.Hosting.Diagnostics[1]
      Request starting HTTP/1.1 PUT http://127.0.0.1:45923/api/v1/management/menus-and-specials/daily-menus/items/34b0e915-b5cc-4691-9eb5-7ee7001482a0/price?terminalId=f3a4223a-adc1-44d4-b536-b068472fef5d - application/json;+charset=utf-8 2
info: Microsoft.AspNetCore.Routing.EndpointMiddleware[0]
      Executing endpoint 'HTTP: PUT /api/v1/management/menus-and-specials/daily-menus/items/{dailyMenuItemId:guid}/price'
info: Microsoft.AspNetCore.Http.Result.JsonResult[1]
      Setting HTTP status code 403.
info: Microsoft.AspNetCore.Http.Result.JsonResult[3]
      Writing value of type 'MenuApiErrorEnvelopeV1' as Json.
info: Microsoft.AspNetCore.Routing.EndpointMiddleware[1]
      Executed endpoint 'HTTP: PUT /api/v1/management/menus-and-specials/daily-menus/items/{dailyMenuItemId:guid}/price'
info: Microsoft.AspNetCore.Hosting.Diagnostics[2]
      Request finished HTTP/1.1 PUT https://127.0.0.1:45923/api/v1/management/menus-and-specials/daily-menus/items/34b0e915-b5cc-4691-9eb5-7ee7001482a0/price?terminalId=f3a4223a-adc1-44d4-b536-b068472fef5d - 403 - application/json;+charset=utf-8 8.8024ms
info: Microsoft.AspNetCore.Hosting.Diagnostics[1]
      Request starting HTTP/1.1 PUT http://127.0.0.1:45923/api/v1/management/menus-and-specials/daily-menus/items/6a62e976-d7a5-48e9-9866-84fa8f0499e3/status?terminalId=f03555f8-1ffd-45a0-8932-e736fb30e8f5 - application/json;+charset=utf-8 2
info: Microsoft.AspNetCore.Routing.EndpointMiddleware[0]
      Executing endpoint 'HTTP: PUT /api/v1/management/menus-and-specials/daily-menus/items/{dailyMenuItemId:guid}/status'
info: Microsoft.AspNetCore.Http.Result.JsonResult[1]
      Setting HTTP status code 403.
info: Microsoft.AspNetCore.Http.Result.JsonResult[3]
      Writing value of type 'MenuApiErrorEnvelopeV1' as Json.
info: Microsoft.AspNetCore.Routing.EndpointMiddleware[1]
      Executed endpoint 'HTTP: PUT /api/v1/management/menus-and-specials/daily-menus/items/{dailyMenuItemId:guid}/status'
info: Microsoft.AspNetCore.Hosting.Diagnostics[2]
      Request finished HTTP/1.1 PUT https://127.0.0.1:45923/api/v1/management/menus-and-specials/daily-menus/items/6a62e976-d7a5-48e9-9866-84fa8f0499e3/status?terminalId=f03555f8-1ffd-45a0-8932-e736fb30e8f5 - 403 - application/json;+charset=utf-8 4.8204ms
info: Microsoft.AspNetCore.Hosting.Diagnostics[1]
      Request starting HTTP/1.1 POST http://127.0.0.1:45923/api/v1/management/menus-and-specials/daily-menus/ab751a1c-0512-4c30-8b7a-0a60e9134583/close?terminalId=7e5774d9-52a0-47ae-9a46-4e144af48f8b - application/json;+charset=utf-8 2
info: Microsoft.AspNetCore.Routing.EndpointMiddleware[0]
      Executing endpoint 'HTTP: POST /api/v1/management/menus-and-specials/daily-menus/{dailyMenuId:guid}/close'
info: Microsoft.AspNetCore.Http.Result.JsonResult[1]
      Setting HTTP status code 403.
info: Microsoft.AspNetCore.Http.Result.JsonResult[3]
      Writing value of type 'MenuApiErrorEnvelopeV1' as Json.
info: Microsoft.AspNetCore.Routing.EndpointMiddleware[1]
      Executed endpoint 'HTTP: POST /api/v1/management/menus-and-specials/daily-menus/{dailyMenuId:guid}/close'
info: Microsoft.AspNetCore.Hosting.Diagnostics[2]
      Request finished HTTP/1.1 POST https://127.0.0.1:45923/api/v1/management/menus-and-specials/daily-menus/ab751a1c-0512-4c30-8b7a-0a60e9134583/close?terminalId=7e5774d9-52a0-47ae-9a46-4e144af48f8b - 403 - application/json;+charset=utf-8 6.3511ms
info: Microsoft.AspNetCore.Hosting.Diagnostics[1]
      Request starting HTTP/1.1 POST http://127.0.0.1:45923/api/v1/management/menus-and-specials/daily-menus/14616344-570d-476d-b103-1c7d474c9adb/items?terminalId=f7107e4a-621e-4b08-8543-91cc42ed076e - application/json;+charset=utf-8 2
info: Microsoft.AspNetCore.Routing.EndpointMiddleware[0]
      Executing endpoint 'HTTP: POST /api/v1/management/menus-and-specials/daily-menus/{dailyMenuId:guid}/items'
info: Microsoft.AspNetCore.Http.Result.JsonResult[1]
      Setting HTTP status code 403.
info: Microsoft.AspNetCore.Http.Result.JsonResult[3]
      Writing value of type 'MenuApiErrorEnvelopeV1' as Json.
info: Microsoft.AspNetCore.Routing.EndpointMiddleware[1]
      Executed endpoint 'HTTP: POST /api/v1/management/menus-and-specials/daily-menus/{dailyMenuId:guid}/items'
info: Microsoft.AspNetCore.Hosting.Diagnostics[2]
      Request finished HTTP/1.1 POST https://127.0.0.1:45923/api/v1/management/menus-and-specials/daily-menus/14616344-570d-476d-b103-1c7d474c9adb/items?terminalId=f7107e4a-621e-4b08-8543-91cc42ed076e - 403 - application/json;+charset=utf-8 7.0155ms
info: Microsoft.AspNetCore.Hosting.Diagnostics[1]
      Request starting HTTP/1.1 POST http://127.0.0.1:45923/api/v1/management/menus-and-specials/daily-menus/1340c348-fc65-42aa-81fe-bf9cf32f2583/open?terminalId=0cef79b5-c302-422d-8581-ee84027cd2c6 - application/json;+charset=utf-8 2
info: Microsoft.AspNetCore.Routing.EndpointMiddleware[0]
      Executing endpoint 'HTTP: POST /api/v1/management/menus-and-specials/daily-menus/{dailyMenuId:guid}/open'
info: Microsoft.AspNetCore.Http.Result.JsonResult[1]
      Setting HTTP status code 403.
info: Microsoft.AspNetCore.Http.Result.JsonResult[3]
      Writing value of type 'MenuApiErrorEnvelopeV1' as Json.
info: Microsoft.AspNetCore.Routing.EndpointMiddleware[1]
      Executed endpoint 'HTTP: POST /api/v1/management/menus-and-specials/daily-menus/{dailyMenuId:guid}/open'
info: Microsoft.AspNetCore.Hosting.Diagnostics[2]
      Request finished HTTP/1.1 POST https://127.0.0.1:45923/api/v1/management/menus-and-specials/daily-menus/1340c348-fc65-42aa-81fe-bf9cf32f2583/open?terminalId=0cef79b5-c302-422d-8581-ee84027cd2c6 - 403 - application/json;+charset=utf-8 6.5834ms
info: Microsoft.AspNetCore.Hosting.Diagnostics[1]
      Request starting HTTP/1.1 POST http://127.0.0.1:45923/api/v1/management/menus-and-specials/menus?terminalId=becc14ed-0840-4a92-a3b5-9d92f0466320 - application/json;+charset=utf-8 2
info: Microsoft.AspNetCore.Routing.EndpointMiddleware[0]
      Executing endpoint 'HTTP: POST /api/v1/management/menus-and-specials/menus'
info: Microsoft.AspNetCore.Http.Result.JsonResult[1]
      Setting HTTP status code 403.
info: Microsoft.AspNetCore.Http.Result.JsonResult[3]
      Writing value of type 'MenuApiErrorEnvelopeV1' as Json.
info: Microsoft.AspNetCore.Routing.EndpointMiddleware[1]
      Executed endpoint 'HTTP: POST /api/v1/management/menus-and-specials/menus'
info: Microsoft.AspNetCore.Hosting.Diagnostics[2]
      Request finished HTTP/1.1 POST https://127.0.0.1:45923/api/v1/management/menus-and-specials/menus?terminalId=becc14ed-0840-4a92-a3b5-9d92f0466320 - 403 - application/json;+charset=utf-8 10.1210ms
info: Microsoft.AspNetCore.Hosting.Diagnostics[1]
      Request starting HTTP/1.1 PUT http://127.0.0.1:45923/api/v1/management/menus-and-specials/menus/9d0b7572-7862-474d-922e-6d9397f7d457?terminalId=aa830c6c-bc4a-4ad6-b10f-1ec9cbf79dff - application/json;+charset=utf-8 2
info: Microsoft.AspNetCore.Routing.EndpointMiddleware[0]
      Executing endpoint 'HTTP: PUT /api/v1/management/menus-and-specials/menus/{menuId:guid}'
info: Microsoft.AspNetCore.Http.Result.JsonResult[1]
      Setting HTTP status code 403.
info: Microsoft.AspNetCore.Http.Result.JsonResult[3]
      Writing value of type 'MenuApiErrorEnvelopeV1' as Json.
info: Microsoft.AspNetCore.Routing.EndpointMiddleware[1]
      Executed endpoint 'HTTP: PUT /api/v1/management/menus-and-specials/menus/{menuId:guid}'
info: Microsoft.AspNetCore.Hosting.Diagnostics[2]
      Request finished HTTP/1.1 PUT https://127.0.0.1:45923/api/v1/management/menus-and-specials/menus/9d0b7572-7862-474d-922e-6d9397f7d457?terminalId=aa830c6c-bc4a-4ad6-b10f-1ec9cbf79dff - 403 - application/json;+charset=utf-8 6.4093ms
info: Microsoft.AspNetCore.Hosting.Diagnostics[1]
      Request starting HTTP/1.1 POST http://127.0.0.1:45923/api/v1/management/menus-and-specials/menus/5c6158c4-3491-48da-8034-7953646c693c/items?terminalId=dd63a518-ee04-4452-9306-9b32226e5e46 - application/json;+charset=utf-8 2
info: Microsoft.AspNetCore.Routing.EndpointMiddleware[0]
      Executing endpoint 'HTTP: POST /api/v1/management/menus-and-specials/menus/{menuId:guid}/items'
info: Microsoft.AspNetCore.Http.Result.JsonResult[1]
      Setting HTTP status code 403.
info: Microsoft.AspNetCore.Http.Result.JsonResult[3]
      Writing value of type 'MenuApiErrorEnvelopeV1' as Json.
info: Microsoft.AspNetCore.Routing.EndpointMiddleware[1]
      Executed endpoint 'HTTP: POST /api/v1/management/menus-and-specials/menus/{menuId:guid}/items'
info: Microsoft.AspNetCore.Hosting.Diagnostics[2]
      Request finished HTTP/1.1 POST https://127.0.0.1:45923/api/v1/management/menus-and-specials/menus/5c6158c4-3491-48da-8034-7953646c693c/items?terminalId=dd63a518-ee04-4452-9306-9b32226e5e46 - 403 - application/json;+charset=utf-8 5.9953ms
info: Microsoft.AspNetCore.Hosting.Diagnostics[1]
      Request starting HTTP/1.1 POST http://127.0.0.1:45923/api/v1/management/menus-and-specials/menus/5ef5dbfa-2cd5-4744-9fe3-3d69fbd048fa/items/reorder?terminalId=c9426ba0-cb8f-400e-a11a-ca473488650f - application/json;+charset=utf-8 2
info: Microsoft.AspNetCore.Routing.EndpointMiddleware[0]
      Executing endpoint 'HTTP: POST /api/v1/management/menus-and-specials/menus/{menuId:guid}/items/reorder'
info: Microsoft.AspNetCore.Http.Result.JsonResult[1]
      Setting HTTP status code 403.
info: Microsoft.AspNetCore.Http.Result.JsonResult[3]
      Writing value of type 'MenuApiErrorEnvelopeV1' as Json.
info: Microsoft.AspNetCore.Routing.EndpointMiddleware[1]
      Executed endpoint 'HTTP: POST /api/v1/management/menus-and-specials/menus/{menuId:guid}/items/reorder'
info: Microsoft.AspNetCore.Hosting.Diagnostics[2]
      Request finished HTTP/1.1 POST https://127.0.0.1:45923/api/v1/management/menus-and-specials/menus/5ef5dbfa-2cd5-4744-9fe3-3d69fbd048fa/items/reorder?terminalId=c9426ba0-cb8f-400e-a11a-ca473488650f - 403 - application/json;+charset=utf-8 6.1526ms
info: Microsoft.AspNetCore.Hosting.Diagnostics[1]
      Request starting HTTP/1.1 PUT http://127.0.0.1:45923/api/v1/management/menus-and-specials/menus/7312cfd6-2d29-4a62-8115-297cd0ed2cfb/items/a53a6404-c44a-4f14-998a-ecbe91d3948b?terminalId=640e738e-0771-435a-833a-09426ea105e4 - application/json;+charset=utf-8 2
info: Microsoft.AspNetCore.Routing.EndpointMiddleware[0]
      Executing endpoint 'HTTP: PUT /api/v1/management/menus-and-specials/menus/{menuId:guid}/items/{menuItemId:guid}'
info: Microsoft.AspNetCore.Http.Result.JsonResult[1]
      Setting HTTP status code 403.
info: Microsoft.AspNetCore.Http.Result.JsonResult[3]
      Writing value of type 'MenuApiErrorEnvelopeV1' as Json.
info: Microsoft.AspNetCore.Routing.EndpointMiddleware[1]
      Executed endpoint 'HTTP: PUT /api/v1/management/menus-and-specials/menus/{menuId:guid}/items/{menuItemId:guid}'
info: Microsoft.AspNetCore.Hosting.Diagnostics[2]
      Request finished HTTP/1.1 PUT https://127.0.0.1:45923/api/v1/management/menus-and-specials/menus/7312cfd6-2d29-4a62-8115-297cd0ed2cfb/items/a53a6404-c44a-4f14-998a-ecbe91d3948b?terminalId=640e738e-0771-435a-833a-09426ea105e4 - 403 - application/json;+charset=utf-8 7.6647ms
info: Microsoft.AspNetCore.Hosting.Diagnostics[1]
      Request starting HTTP/1.1 POST http://127.0.0.1:45923/api/v1/management/observability/alerts/raise?terminalId=b65ae87c-f5fe-4897-bdb7-02bc4d9e5e21 - application/json;+charset=utf-8 2
info: Microsoft.AspNetCore.Routing.EndpointMiddleware[0]
      Executing endpoint 'HTTP: POST /api/v1/management/observability/alerts/raise'
info: Microsoft.AspNetCore.Http.Result.JsonResult[1]
      Setting HTTP status code 403.
info: Microsoft.AspNetCore.Http.Result.JsonResult[3]
      Writing value of type 'ObservabilityApiErrorEnvelopeV1' as Json.
info: Microsoft.AspNetCore.Routing.EndpointMiddleware[1]
      Executed endpoint 'HTTP: POST /api/v1/management/observability/alerts/raise'
info: Microsoft.AspNetCore.Hosting.Diagnostics[2]
      Request finished HTTP/1.1 POST https://127.0.0.1:45923/api/v1/management/observability/alerts/raise?terminalId=b65ae87c-f5fe-4897-bdb7-02bc4d9e5e21 - 403 - application/json;+charset=utf-8 12.7208ms
info: Microsoft.AspNetCore.Hosting.Diagnostics[1]
      Request starting HTTP/1.1 POST http://127.0.0.1:45923/api/v1/management/observability/alerts/2031ef65-650a-48cf-bfdf-aeea5a808475/acknowledge?terminalId=80ec9825-e264-4fb4-b23c-bc756c4dc222 - application/json;+charset=utf-8 2
info: Microsoft.AspNetCore.Routing.EndpointMiddleware[0]
      Executing endpoint 'HTTP: POST /api/v1/management/observability/alerts/{alertId:guid}/acknowledge'
info: Microsoft.AspNetCore.Http.Result.JsonResult[1]
      Setting HTTP status code 403.
info: Microsoft.AspNetCore.Http.Result.JsonResult[3]
      Writing value of type 'ObservabilityApiErrorEnvelopeV1' as Json.
info: Microsoft.AspNetCore.Routing.EndpointMiddleware[1]
      Executed endpoint 'HTTP: POST /api/v1/management/observability/alerts/{alertId:guid}/acknowledge'
info: Microsoft.AspNetCore.Hosting.Diagnostics[2]
      Request finished HTTP/1.1 POST https://127.0.0.1:45923/api/v1/management/observability/alerts/2031ef65-650a-48cf-bfdf-aeea5a808475/acknowledge?terminalId=80ec9825-e264-4fb4-b23c-bc756c4dc222 - 403 - application/json;+charset=utf-8 9.0722ms
info: Microsoft.AspNetCore.Hosting.Diagnostics[1]
      Request starting HTTP/1.1 POST http://127.0.0.1:45923/api/v1/management/observability/alerts/62134719-f6cf-49e3-b2d7-bfae7cbba243/escalate?terminalId=98f2e249-3473-4224-a6ec-9faa3e596777 - application/json;+charset=utf-8 2
info: Microsoft.AspNetCore.Routing.EndpointMiddleware[0]
      Executing endpoint 'HTTP: POST /api/v1/management/observability/alerts/{alertId:guid}/escalate'
info: Microsoft.AspNetCore.Http.Result.JsonResult[1]
      Setting HTTP status code 403.
info: Microsoft.AspNetCore.Http.Result.JsonResult[3]
      Writing value of type 'ObservabilityApiErrorEnvelopeV1' as Json.
info: Microsoft.AspNetCore.Routing.EndpointMiddleware[1]
      Executed endpoint 'HTTP: POST /api/v1/management/observability/alerts/{alertId:guid}/escalate'
info: Microsoft.AspNetCore.Hosting.Diagnostics[2]
      Request finished HTTP/1.1 POST https://127.0.0.1:45923/api/v1/management/observability/alerts/62134719-f6cf-49e3-b2d7-bfae7cbba243/escalate?terminalId=98f2e249-3473-4224-a6ec-9faa3e596777 - 403 - application/json;+charset=utf-8 6.5061ms
info: Microsoft.AspNetCore.Hosting.Diagnostics[1]
      Request starting HTTP/1.1 POST http://127.0.0.1:45923/api/v1/management/observability/alerts/7828942f-34c2-4635-86c7-d55cf6c267ec/resolve?terminalId=8f0ea4d2-9332-4f6a-9485-2a318aef5bf6 - application/json;+charset=utf-8 2
info: Microsoft.AspNetCore.Routing.EndpointMiddleware[0]
      Executing endpoint 'HTTP: POST /api/v1/management/observability/alerts/{alertId:guid}/resolve'
info: Microsoft.AspNetCore.Http.Result.JsonResult[1]
      Setting HTTP status code 403.
info: Microsoft.AspNetCore.Http.Result.JsonResult[3]
      Writing value of type 'ObservabilityApiErrorEnvelopeV1' as Json.
info: Microsoft.AspNetCore.Routing.EndpointMiddleware[1]
      Executed endpoint 'HTTP: POST /api/v1/management/observability/alerts/{alertId:guid}/resolve'
info: Microsoft.AspNetCore.Hosting.Diagnostics[2]
      Request finished HTTP/1.1 POST https://127.0.0.1:45923/api/v1/management/observability/alerts/7828942f-34c2-4635-86c7-d55cf6c267ec/resolve?terminalId=8f0ea4d2-9332-4f6a-9485-2a318aef5bf6 - 403 - application/json;+charset=utf-8 5.5515ms
info: Microsoft.AspNetCore.Hosting.Diagnostics[1]
      Request starting HTTP/1.1 POST http://127.0.0.1:45923/api/v1/management/observability/alerts/1f2798ed-6052-47b5-97c2-fe2f6d197c9e/suppress?terminalId=eae417ad-7950-4442-8886-ff9fa1b69895 - application/json;+charset=utf-8 2
info: Microsoft.AspNetCore.Routing.EndpointMiddleware[0]
      Executing endpoint 'HTTP: POST /api/v1/management/observability/alerts/{alertId:guid}/suppress'
info: Microsoft.AspNetCore.Http.Result.JsonResult[1]
      Setting HTTP status code 403.
info: Microsoft.AspNetCore.Http.Result.JsonResult[3]
      Writing value of type 'ObservabilityApiErrorEnvelopeV1' as Json.
info: Microsoft.AspNetCore.Routing.EndpointMiddleware[1]
      Executed endpoint 'HTTP: POST /api/v1/management/observability/alerts/{alertId:guid}/suppress'
info: Microsoft.AspNetCore.Hosting.Diagnostics[2]
      Request finished HTTP/1.1 POST https://127.0.0.1:45923/api/v1/management/observability/alerts/1f2798ed-6052-47b5-97c2-fe2f6d197c9e/suppress?terminalId=eae417ad-7950-4442-8886-ff9fa1b69895 - 403 - application/json;+charset=utf-8 6.9787ms
info: Microsoft.AspNetCore.Hosting.Diagnostics[1]
      Request starting HTTP/1.1 POST http://127.0.0.1:45923/api/v1/management/observability/health-checks?terminalId=66d1c0dd-6e07-448f-b4a5-63ee864d7188 - application/json;+charset=utf-8 2
info: Microsoft.AspNetCore.Routing.EndpointMiddleware[0]
      Executing endpoint 'HTTP: POST /api/v1/management/observability/health-checks'
info: Microsoft.AspNetCore.Http.Result.JsonResult[1]
      Setting HTTP status code 403.
info: Microsoft.AspNetCore.Http.Result.JsonResult[3]
      Writing value of type 'ObservabilityApiErrorEnvelopeV1' as Json.
info: Microsoft.AspNetCore.Routing.EndpointMiddleware[1]
      Executed endpoint 'HTTP: POST /api/v1/management/observability/health-checks'
info: Microsoft.AspNetCore.Hosting.Diagnostics[2]
      Request finished HTTP/1.1 POST https://127.0.0.1:45923/api/v1/management/observability/health-checks?terminalId=66d1c0dd-6e07-448f-b4a5-63ee864d7188 - 403 - application/json;+charset=utf-8 6.6201ms
info: Microsoft.AspNetCore.Hosting.Diagnostics[1]
      Request starting HTTP/1.1 POST http://127.0.0.1:45923/api/v1/management/payments/reconciliation-scan?terminalId=0e1141bf-8fa8-483d-a1b7-4e5bc9177c08 - application/json;+charset=utf-8 2
info: Microsoft.AspNetCore.Routing.EndpointMiddleware[0]
      Executing endpoint 'HTTP: POST /api/v1/management/payments/reconciliation-scan'
info: Microsoft.AspNetCore.Http.Result.JsonResult[1]
      Setting HTTP status code 403.
info: Microsoft.AspNetCore.Http.Result.JsonResult[3]
      Writing value of type 'ReconciliationCaseApiErrorEnvelopeV1' as Json.
info: Microsoft.AspNetCore.Routing.EndpointMiddleware[1]
      Executed endpoint 'HTTP: POST /api/v1/management/payments/reconciliation-scan'
info: Microsoft.AspNetCore.Hosting.Diagnostics[2]
      Request finished HTTP/1.1 POST https://127.0.0.1:45923/api/v1/management/payments/reconciliation-scan?terminalId=0e1141bf-8fa8-483d-a1b7-4e5bc9177c08 - 403 - application/json;+charset=utf-8 14.0682ms
info: Microsoft.AspNetCore.Hosting.Diagnostics[1]
      Request starting HTTP/1.1 POST http://127.0.0.1:45923/api/v1/management/production/batches?terminalId=29e0f0ad-0797-4306-83a2-5fea8ade8d25 - application/json;+charset=utf-8 2
info: Microsoft.AspNetCore.Routing.EndpointMiddleware[0]
      Executing endpoint 'HTTP: POST /api/v1/management/production/batches'
info: Microsoft.AspNetCore.Http.Result.JsonResult[1]
      Setting HTTP status code 403.
info: Microsoft.AspNetCore.Http.Result.JsonResult[3]
      Writing value of type 'ProductionApiErrorEnvelopeV1' as Json.
info: Microsoft.AspNetCore.Routing.EndpointMiddleware[1]
      Executed endpoint 'HTTP: POST /api/v1/management/production/batches'
info: Microsoft.AspNetCore.Hosting.Diagnostics[2]
      Request finished HTTP/1.1 POST https://127.0.0.1:45923/api/v1/management/production/batches?terminalId=29e0f0ad-0797-4306-83a2-5fea8ade8d25 - 403 - application/json;+charset=utf-8 15.7555ms
info: Microsoft.AspNetCore.Hosting.Diagnostics[1]
      Request starting HTTP/1.1 POST http://127.0.0.1:45923/api/v1/management/production/batches/c51e3f5f-1ac5-40f7-a299-4ef4ff733575/cancel?terminalId=6f782b20-b2b7-46e3-8ea2-02cc32240a61 - application/json;+charset=utf-8 2
info: Microsoft.AspNetCore.Routing.EndpointMiddleware[0]
      Executing endpoint 'HTTP: POST /api/v1/management/production/batches/{batchId:guid}/cancel'
info: Microsoft.AspNetCore.Http.Result.JsonResult[1]
      Setting HTTP status code 403.
info: Microsoft.AspNetCore.Http.Result.JsonResult[3]
      Writing value of type 'ProductionApiErrorEnvelopeV1' as Json.
info: Microsoft.AspNetCore.Routing.EndpointMiddleware[1]
      Executed endpoint 'HTTP: POST /api/v1/management/production/batches/{batchId:guid}/cancel'
info: Microsoft.AspNetCore.Hosting.Diagnostics[2]
      Request finished HTTP/1.1 POST https://127.0.0.1:45923/api/v1/management/production/batches/c51e3f5f-1ac5-40f7-a299-4ef4ff733575/cancel?terminalId=6f782b20-b2b7-46e3-8ea2-02cc32240a61 - 403 - application/json;+charset=utf-8 5.4971ms
info: Microsoft.AspNetCore.Hosting.Diagnostics[1]
      Request starting HTTP/1.1 POST http://127.0.0.1:45923/api/v1/management/production/batches/998404c3-d4bb-47dd-b32e-0cc4bd64f5b6/complete?terminalId=85e275d5-029c-4da4-a8bb-bd82617b2356 - application/json;+charset=utf-8 2
info: Microsoft.AspNetCore.Routing.EndpointMiddleware[0]
      Executing endpoint 'HTTP: POST /api/v1/management/production/batches/{batchId:guid}/complete'
info: Microsoft.AspNetCore.Http.Result.JsonResult[1]
      Setting HTTP status code 403.
info: Microsoft.AspNetCore.Http.Result.JsonResult[3]
      Writing value of type 'ProductionApiErrorEnvelopeV1' as Json.
info: Microsoft.AspNetCore.Routing.EndpointMiddleware[1]
      Executed endpoint 'HTTP: POST /api/v1/management/production/batches/{batchId:guid}/complete'
info: Microsoft.AspNetCore.Hosting.Diagnostics[2]
      Request finished HTTP/1.1 POST https://127.0.0.1:45923/api/v1/management/production/batches/998404c3-d4bb-47dd-b32e-0cc4bd64f5b6/complete?terminalId=85e275d5-029c-4da4-a8bb-bd82617b2356 - 403 - application/json;+charset=utf-8 10.8545ms
info: Microsoft.AspNetCore.Hosting.Diagnostics[1]
      Request starting HTTP/1.1 PUT http://127.0.0.1:45923/api/v1/management/production/batches/a8c9677e-bd04-4164-9870-b5176ec3fd64/recipe-version?terminalId=f6ff4702-c2bf-4b4b-8590-f3562aaf8dcf - application/json;+charset=utf-8 2
info: Microsoft.AspNetCore.Routing.EndpointMiddleware[0]
      Executing endpoint 'HTTP: PUT /api/v1/management/production/batches/{batchId:guid}/recipe-version'
info: Microsoft.AspNetCore.Http.Result.JsonResult[1]
      Setting HTTP status code 403.
info: Microsoft.AspNetCore.Http.Result.JsonResult[3]
      Writing value of type 'ProductionApiErrorEnvelopeV1' as Json.
info: Microsoft.AspNetCore.Routing.EndpointMiddleware[1]
      Executed endpoint 'HTTP: PUT /api/v1/management/production/batches/{batchId:guid}/recipe-version'
info: Microsoft.AspNetCore.Hosting.Diagnostics[2]
      Request finished HTTP/1.1 PUT https://127.0.0.1:45923/api/v1/management/production/batches/a8c9677e-bd04-4164-9870-b5176ec3fd64/recipe-version?terminalId=f6ff4702-c2bf-4b4b-8590-f3562aaf8dcf - 403 - application/json;+charset=utf-8 6.5673ms
info: Microsoft.AspNetCore.Hosting.Diagnostics[1]
      Request starting HTTP/1.1 POST http://127.0.0.1:45923/api/v1/management/production/batches/00f272e2-1836-4243-8521-48400fa16c67/start?terminalId=f9555704-5809-4b5d-b95b-96906d47f472 - application/json;+charset=utf-8 2
info: Microsoft.AspNetCore.Routing.EndpointMiddleware[0]
      Executing endpoint 'HTTP: POST /api/v1/management/production/batches/{batchId:guid}/start'
info: Microsoft.AspNetCore.Http.Result.JsonResult[1]
      Setting HTTP status code 403.
info: Microsoft.AspNetCore.Http.Result.JsonResult[3]
      Writing value of type 'ProductionApiErrorEnvelopeV1' as Json.
info: Microsoft.AspNetCore.Routing.EndpointMiddleware[1]
      Executed endpoint 'HTTP: POST /api/v1/management/production/batches/{batchId:guid}/start'
info: Microsoft.AspNetCore.Hosting.Diagnostics[2]
      Request finished HTTP/1.1 POST https://127.0.0.1:45923/api/v1/management/production/batches/00f272e2-1836-4243-8521-48400fa16c67/start?terminalId=f9555704-5809-4b5d-b95b-96906d47f472 - 403 - application/json;+charset=utf-8 4.7595ms
info: Microsoft.AspNetCore.Hosting.Diagnostics[1]
      Request starting HTTP/1.1 POST http://127.0.0.1:45923/api/v1/management/purchasing/purchase-orders?terminalId=854ccfc5-2988-4ba7-bc84-2e5c3b8556ba - application/json;+charset=utf-8 2
info: Microsoft.AspNetCore.Routing.EndpointMiddleware[0]
      Executing endpoint 'HTTP: POST /api/v1/management/purchasing/purchase-orders'
info: Microsoft.AspNetCore.Http.Result.JsonResult[1]
      Setting HTTP status code 403.
info: Microsoft.AspNetCore.Http.Result.JsonResult[3]
      Writing value of type 'PurchasingApiErrorEnvelopeV1' as Json.
info: Microsoft.AspNetCore.Routing.EndpointMiddleware[1]
      Executed endpoint 'HTTP: POST /api/v1/management/purchasing/purchase-orders'
info: Microsoft.AspNetCore.Hosting.Diagnostics[2]
      Request finished HTTP/1.1 POST https://127.0.0.1:45923/api/v1/management/purchasing/purchase-orders?terminalId=854ccfc5-2988-4ba7-bc84-2e5c3b8556ba - 403 - application/json;+charset=utf-8 15.1600ms
info: Microsoft.AspNetCore.Hosting.Diagnostics[1]
      Request starting HTTP/1.1 POST http://127.0.0.1:45923/api/v1/management/purchasing/purchase-orders/344a93d0-a566-4f60-91ac-86eb88290029/cancel?terminalId=7e08c25c-5e27-4b39-9a62-42feb7ae99d5 - application/json;+charset=utf-8 2
info: Microsoft.AspNetCore.Routing.EndpointMiddleware[0]
      Executing endpoint 'HTTP: POST /api/v1/management/purchasing/purchase-orders/{orderId:guid}/cancel'
info: Microsoft.AspNetCore.Http.Result.JsonResult[1]
      Setting HTTP status code 403.
info: Microsoft.AspNetCore.Http.Result.JsonResult[3]
      Writing value of type 'PurchasingApiErrorEnvelopeV1' as Json.
info: Microsoft.AspNetCore.Routing.EndpointMiddleware[1]
      Executed endpoint 'HTTP: POST /api/v1/management/purchasing/purchase-orders/{orderId:guid}/cancel'
info: Microsoft.AspNetCore.Hosting.Diagnostics[2]
      Request finished HTTP/1.1 POST https://127.0.0.1:45923/api/v1/management/purchasing/purchase-orders/344a93d0-a566-4f60-91ac-86eb88290029/cancel?terminalId=7e08c25c-5e27-4b39-9a62-42feb7ae99d5 - 403 - application/json;+charset=utf-8 6.7996ms
info: Microsoft.AspNetCore.Hosting.Diagnostics[1]
      Request starting HTTP/1.1 POST http://127.0.0.1:45923/api/v1/management/purchasing/purchase-orders/72a00076-a9cf-4679-a7c8-6e5e73b340af/receipts?terminalId=485d0ce7-8ac8-44dd-9c84-bb3f5342c611 - application/json;+charset=utf-8 2
info: Microsoft.AspNetCore.Routing.EndpointMiddleware[0]
      Executing endpoint 'HTTP: POST /api/v1/management/purchasing/purchase-orders/{orderId:guid}/receipts'
info: Microsoft.AspNetCore.Http.Result.JsonResult[1]
      Setting HTTP status code 403.
info: Microsoft.AspNetCore.Http.Result.JsonResult[3]
      Writing value of type 'PurchasingApiErrorEnvelopeV1' as Json.
info: Microsoft.AspNetCore.Routing.EndpointMiddleware[1]
      Executed endpoint 'HTTP: POST /api/v1/management/purchasing/purchase-orders/{orderId:guid}/receipts'
info: Microsoft.AspNetCore.Hosting.Diagnostics[2]
      Request finished HTTP/1.1 POST https://127.0.0.1:45923/api/v1/management/purchasing/purchase-orders/72a00076-a9cf-4679-a7c8-6e5e73b340af/receipts?terminalId=485d0ce7-8ac8-44dd-9c84-bb3f5342c611 - 403 - application/json;+charset=utf-8 8.3318ms
info: Microsoft.AspNetCore.Hosting.Diagnostics[1]
      Request starting HTTP/1.1 POST http://127.0.0.1:45923/api/v1/management/purchasing/purchase-orders/c4c9999d-c80b-4a2b-91a6-4d3832f13200/submit?terminalId=8d747f2d-cd52-4f84-997b-0c852483be05 - application/json;+charset=utf-8 2
info: Microsoft.AspNetCore.Routing.EndpointMiddleware[0]
      Executing endpoint 'HTTP: POST /api/v1/management/purchasing/purchase-orders/{orderId:guid}/submit'
info: Microsoft.AspNetCore.Http.Result.JsonResult[1]
      Setting HTTP status code 403.
info: Microsoft.AspNetCore.Http.Result.JsonResult[3]
      Writing value of type 'PurchasingApiErrorEnvelopeV1' as Json.
info: Microsoft.AspNetCore.Routing.EndpointMiddleware[1]
      Executed endpoint 'HTTP: POST /api/v1/management/purchasing/purchase-orders/{orderId:guid}/submit'
info: Microsoft.AspNetCore.Hosting.Diagnostics[2]
      Request finished HTTP/1.1 POST https://127.0.0.1:45923/api/v1/management/purchasing/purchase-orders/c4c9999d-c80b-4a2b-91a6-4d3832f13200/submit?terminalId=8d747f2d-cd52-4f84-997b-0c852483be05 - 403 - application/json;+charset=utf-8 6.0961ms
info: Microsoft.AspNetCore.Hosting.Diagnostics[1]
      Request starting HTTP/1.1 POST http://127.0.0.1:45923/api/v1/management/purchasing/suppliers?terminalId=0338d36d-3f0b-4f9b-9305-03e7b3962e88 - application/json;+charset=utf-8 2
info: Microsoft.AspNetCore.Routing.EndpointMiddleware[0]
      Executing endpoint 'HTTP: POST /api/v1/management/purchasing/suppliers'
info: Microsoft.AspNetCore.Http.Result.JsonResult[1]
      Setting HTTP status code 403.
info: Microsoft.AspNetCore.Http.Result.JsonResult[3]
      Writing value of type 'PurchasingApiErrorEnvelopeV1' as Json.
info: Microsoft.AspNetCore.Routing.EndpointMiddleware[1]
      Executed endpoint 'HTTP: POST /api/v1/management/purchasing/suppliers'
info: Microsoft.AspNetCore.Hosting.Diagnostics[2]
      Request finished HTTP/1.1 POST https://127.0.0.1:45923/api/v1/management/purchasing/suppliers?terminalId=0338d36d-3f0b-4f9b-9305-03e7b3962e88 - 403 - application/json;+charset=utf-8 6.9835ms
info: Microsoft.AspNetCore.Hosting.Diagnostics[1]
      Request starting HTTP/1.1 PUT http://127.0.0.1:45923/api/v1/management/purchasing/suppliers/5718c97c-8e72-46fe-a51c-898429e00c83?terminalId=bf36a934-130c-4c85-8c86-24ff097f4b31 - application/json;+charset=utf-8 2
info: Microsoft.AspNetCore.Routing.EndpointMiddleware[0]
      Executing endpoint 'HTTP: PUT /api/v1/management/purchasing/suppliers/{supplierId:guid}'
info: Microsoft.AspNetCore.Http.Result.JsonResult[1]
      Setting HTTP status code 403.
info: Microsoft.AspNetCore.Http.Result.JsonResult[3]
      Writing value of type 'PurchasingApiErrorEnvelopeV1' as Json.
info: Microsoft.AspNetCore.Routing.EndpointMiddleware[1]
      Executed endpoint 'HTTP: PUT /api/v1/management/purchasing/suppliers/{supplierId:guid}'
info: Microsoft.AspNetCore.Hosting.Diagnostics[2]
      Request finished HTTP/1.1 PUT https://127.0.0.1:45923/api/v1/management/purchasing/suppliers/5718c97c-8e72-46fe-a51c-898429e00c83?terminalId=bf36a934-130c-4c85-8c86-24ff097f4b31 - 403 - application/json;+charset=utf-8 6.3403ms
info: Microsoft.AspNetCore.Hosting.Diagnostics[1]
      Request starting HTTP/1.1 POST http://127.0.0.1:45923/api/v1/management/purchasing/suppliers/065617a6-3ebb-4af7-83c3-5baa84c3652b/activate?terminalId=ba22a088-5d17-4464-83da-2b99f7ab36f0 - application/json;+charset=utf-8 2
info: Microsoft.AspNetCore.Routing.EndpointMiddleware[0]
      Executing endpoint 'HTTP: POST /api/v1/management/purchasing/suppliers/{supplierId:guid}/activate'
info: Microsoft.AspNetCore.Http.Result.JsonResult[1]
      Setting HTTP status code 403.
info: Microsoft.AspNetCore.Http.Result.JsonResult[3]
      Writing value of type 'PurchasingApiErrorEnvelopeV1' as Json.
info: Microsoft.AspNetCore.Routing.EndpointMiddleware[1]
      Executed endpoint 'HTTP: POST /api/v1/management/purchasing/suppliers/{supplierId:guid}/activate'
info: Microsoft.AspNetCore.Hosting.Diagnostics[2]
      Request finished HTTP/1.1 POST https://127.0.0.1:45923/api/v1/management/purchasing/suppliers/065617a6-3ebb-4af7-83c3-5baa84c3652b/activate?terminalId=ba22a088-5d17-4464-83da-2b99f7ab36f0 - 403 - application/json;+charset=utf-8 6.1542ms
info: Microsoft.AspNetCore.Hosting.Diagnostics[1]
      Request starting HTTP/1.1 POST http://127.0.0.1:45923/api/v1/management/purchasing/suppliers/e6edf400-c3f4-4d40-9223-50f61f5886f4/deactivate?terminalId=953cab08-4915-4da3-81b0-f43b2bcb943b - application/json;+charset=utf-8 2
info: Microsoft.AspNetCore.Routing.EndpointMiddleware[0]
      Executing endpoint 'HTTP: POST /api/v1/management/purchasing/suppliers/{supplierId:guid}/deactivate'
info: Microsoft.AspNetCore.Http.Result.JsonResult[1]
      Setting HTTP status code 403.
info: Microsoft.AspNetCore.Http.Result.JsonResult[3]
      Writing value of type 'PurchasingApiErrorEnvelopeV1' as Json.
info: Microsoft.AspNetCore.Routing.EndpointMiddleware[1]
      Executed endpoint 'HTTP: POST /api/v1/management/purchasing/suppliers/{supplierId:guid}/deactivate'
info: Microsoft.AspNetCore.Hosting.Diagnostics[2]
      Request finished HTTP/1.1 POST https://127.0.0.1:45923/api/v1/management/purchasing/suppliers/e6edf400-c3f4-4d40-9223-50f61f5886f4/deactivate?terminalId=953cab08-4915-4da3-81b0-f43b2bcb943b - 403 - application/json;+charset=utf-8 5.5281ms
info: Microsoft.AspNetCore.Hosting.Diagnostics[1]
      Request starting HTTP/1.1 POST http://127.0.0.1:45923/api/v1/management/recipes/?terminalId=2273670c-7750-40b5-b766-b691ce6278bf - application/json;+charset=utf-8 2
info: Microsoft.AspNetCore.Routing.EndpointMiddleware[0]
      Executing endpoint 'HTTP: POST /api/v1/management/recipes/'
info: Microsoft.AspNetCore.Http.Result.JsonResult[1]
      Setting HTTP status code 403.
info: Microsoft.AspNetCore.Http.Result.JsonResult[3]
      Writing value of type '<>f__AnonymousType5`1' as Json.
info: Microsoft.AspNetCore.Routing.EndpointMiddleware[1]
      Executed endpoint 'HTTP: POST /api/v1/management/recipes/'
info: Microsoft.AspNetCore.Hosting.Diagnostics[2]
      Request finished HTTP/1.1 POST https://127.0.0.1:45923/api/v1/management/recipes/?terminalId=2273670c-7750-40b5-b766-b691ce6278bf - 403 - application/json;+charset=utf-8 11.0799ms
info: Microsoft.AspNetCore.Hosting.Diagnostics[1]
      Request starting HTTP/1.1 POST http://127.0.0.1:45923/api/v1/management/recipes/products/48904c91-b361-4c53-8c61-aec28725804f/mapping?terminalId=49298d56-993e-425d-bd70-bb7685433919 - application/json;+charset=utf-8 2
info: Microsoft.AspNetCore.Routing.EndpointMiddleware[0]
      Executing endpoint 'HTTP: POST /api/v1/management/recipes/products/{productId:guid}/mapping'
info: Microsoft.AspNetCore.Http.Result.JsonResult[1]
      Setting HTTP status code 403.
info: Microsoft.AspNetCore.Http.Result.JsonResult[3]
      Writing value of type '<>f__AnonymousType5`1' as Json.
info: Microsoft.AspNetCore.Routing.EndpointMiddleware[1]
      Executed endpoint 'HTTP: POST /api/v1/management/recipes/products/{productId:guid}/mapping'
info: Microsoft.AspNetCore.Hosting.Diagnostics[2]
      Request finished HTTP/1.1 POST https://127.0.0.1:45923/api/v1/management/recipes/products/48904c91-b361-4c53-8c61-aec28725804f/mapping?terminalId=49298d56-993e-425d-bd70-bb7685433919 - 403 - application/json;+charset=utf-8 6.4503ms
info: Microsoft.AspNetCore.Hosting.Diagnostics[1]
      Request starting HTTP/1.1 DELETE http://127.0.0.1:45923/api/v1/management/recipes/products/afa0a018-aea8-4e44-8035-290d069d97f1/mapping?terminalId=e8cb34fe-099c-462d-aea8-66d79f02c149 - application/json;+charset=utf-8 2
info: Microsoft.AspNetCore.Routing.EndpointMiddleware[0]
      Executing endpoint 'HTTP: DELETE /api/v1/management/recipes/products/{productId:guid}/mapping'
info: Microsoft.AspNetCore.Http.Result.JsonResult[1]
      Setting HTTP status code 403.
info: Microsoft.AspNetCore.Http.Result.JsonResult[3]
      Writing value of type '<>f__AnonymousType5`1' as Json.
info: Microsoft.AspNetCore.Routing.EndpointMiddleware[1]
      Executed endpoint 'HTTP: DELETE /api/v1/management/recipes/products/{productId:guid}/mapping'
info: Microsoft.AspNetCore.Hosting.Diagnostics[2]
      Request finished HTTP/1.1 DELETE https://127.0.0.1:45923/api/v1/management/recipes/products/afa0a018-aea8-4e44-8035-290d069d97f1/mapping?terminalId=e8cb34fe-099c-462d-aea8-66d79f02c149 - 403 - application/json;+charset=utf-8 7.5474ms
info: Microsoft.AspNetCore.Hosting.Diagnostics[1]
      Request starting HTTP/1.1 POST http://127.0.0.1:45923/api/v1/management/recipes/unit-conversions?terminalId=663295c7-7d51-4430-bf6a-6fc0a356f85e - application/json;+charset=utf-8 2
info: Microsoft.AspNetCore.Routing.EndpointMiddleware[0]
      Executing endpoint 'HTTP: POST /api/v1/management/recipes/unit-conversions'
info: Microsoft.AspNetCore.Http.Result.JsonResult[1]
      Setting HTTP status code 403.
info: Microsoft.AspNetCore.Http.Result.JsonResult[3]
      Writing value of type '<>f__AnonymousType5`1' as Json.
info: Microsoft.AspNetCore.Routing.EndpointMiddleware[1]
      Executed endpoint 'HTTP: POST /api/v1/management/recipes/unit-conversions'
info: Microsoft.AspNetCore.Hosting.Diagnostics[2]
      Request finished HTTP/1.1 POST https://127.0.0.1:45923/api/v1/management/recipes/unit-conversions?terminalId=663295c7-7d51-4430-bf6a-6fc0a356f85e - 403 - application/json;+charset=utf-8 8.4776ms
info: Microsoft.AspNetCore.Hosting.Diagnostics[1]
      Request starting HTTP/1.1 POST http://127.0.0.1:45923/api/v1/management/recipes/versions/9c17ff94-f18c-4973-828d-185c2acdcc17/ingredients?terminalId=362b5dba-dd88-4616-8658-2c18ca7c9828 - application/json;+charset=utf-8 2
info: Microsoft.AspNetCore.Routing.EndpointMiddleware[0]
      Executing endpoint 'HTTP: POST /api/v1/management/recipes/versions/{versionId:guid}/ingredients'
info: Microsoft.AspNetCore.Http.Result.JsonResult[1]
      Setting HTTP status code 403.
info: Microsoft.AspNetCore.Http.Result.JsonResult[3]
      Writing value of type '<>f__AnonymousType5`1' as Json.
info: Microsoft.AspNetCore.Routing.EndpointMiddleware[1]
      Executed endpoint 'HTTP: POST /api/v1/management/recipes/versions/{versionId:guid}/ingredients'
info: Microsoft.AspNetCore.Hosting.Diagnostics[2]
      Request finished HTTP/1.1 POST https://127.0.0.1:45923/api/v1/management/recipes/versions/9c17ff94-f18c-4973-828d-185c2acdcc17/ingredients?terminalId=362b5dba-dd88-4616-8658-2c18ca7c9828 - 403 - application/json;+charset=utf-8 5.5841ms
info: Microsoft.AspNetCore.Hosting.Diagnostics[1]
      Request starting HTTP/1.1 DELETE http://127.0.0.1:45923/api/v1/management/recipes/versions/f32fa14a-b4fc-407e-94f6-2e658402b8cc/ingredients/17e02f20-92f1-4624-bd33-c429acf47b23?terminalId=11aa0d87-96ab-4fc1-97e5-6a4a8414f08d - application/json;+charset=utf-8 2
info: Microsoft.AspNetCore.Routing.EndpointMiddleware[0]
      Executing endpoint 'HTTP: DELETE /api/v1/management/recipes/versions/{versionId:guid}/ingredients/{ingredientItemId:guid}'
info: Microsoft.AspNetCore.Http.Result.JsonResult[1]
      Setting HTTP status code 403.
info: Microsoft.AspNetCore.Http.Result.JsonResult[3]
      Writing value of type '<>f__AnonymousType5`1' as Json.
info: Microsoft.AspNetCore.Routing.EndpointMiddleware[1]
      Executed endpoint 'HTTP: DELETE /api/v1/management/recipes/versions/{versionId:guid}/ingredients/{ingredientItemId:guid}'
info: Microsoft.AspNetCore.Hosting.Diagnostics[2]
      Request finished HTTP/1.1 DELETE https://127.0.0.1:45923/api/v1/management/recipes/versions/f32fa14a-b4fc-407e-94f6-2e658402b8cc/ingredients/17e02f20-92f1-4624-bd33-c429acf47b23?terminalId=11aa0d87-96ab-4fc1-97e5-6a4a8414f08d - 403 - application/json;+charset=utf-8 6.9197ms
info: Microsoft.AspNetCore.Hosting.Diagnostics[1]
      Request starting HTTP/1.1 POST http://127.0.0.1:45923/api/v1/management/recipes/versions/02da9173-6405-4795-aa0c-79e0577a35ab/lock?terminalId=1f80a892-268c-49ce-bb5c-2baffc8cf4d2 - application/json;+charset=utf-8 2
info: Microsoft.AspNetCore.Routing.EndpointMiddleware[0]
      Executing endpoint 'HTTP: POST /api/v1/management/recipes/versions/{versionId:guid}/lock'
info: Microsoft.AspNetCore.Http.Result.JsonResult[1]
      Setting HTTP status code 403.
info: Microsoft.AspNetCore.Http.Result.JsonResult[3]
      Writing value of type '<>f__AnonymousType5`1' as Json.
info: Microsoft.AspNetCore.Routing.EndpointMiddleware[1]
      Executed endpoint 'HTTP: POST /api/v1/management/recipes/versions/{versionId:guid}/lock'
info: Microsoft.AspNetCore.Hosting.Diagnostics[2]
      Request finished HTTP/1.1 POST https://127.0.0.1:45923/api/v1/management/recipes/versions/02da9173-6405-4795-aa0c-79e0577a35ab/lock?terminalId=1f80a892-268c-49ce-bb5c-2baffc8cf4d2 - 403 - application/json;+charset=utf-8 5.1596ms
info: Microsoft.AspNetCore.Hosting.Diagnostics[1]
      Request starting HTTP/1.1 POST http://127.0.0.1:45923/api/v1/management/recipes/e282dbc9-99b9-41de-b780-5428ae20f692/versions?terminalId=86d7752b-dd0d-416a-ab68-ee8f2c2197b5 - application/json;+charset=utf-8 2
info: Microsoft.AspNetCore.Routing.EndpointMiddleware[0]
      Executing endpoint 'HTTP: POST /api/v1/management/recipes/{recipeId:guid}/versions'
info: Microsoft.AspNetCore.Http.Result.JsonResult[1]
      Setting HTTP status code 403.
info: Microsoft.AspNetCore.Http.Result.JsonResult[3]
      Writing value of type '<>f__AnonymousType5`1' as Json.
info: Microsoft.AspNetCore.Routing.EndpointMiddleware[1]
      Executed endpoint 'HTTP: POST /api/v1/management/recipes/{recipeId:guid}/versions'
info: Microsoft.AspNetCore.Hosting.Diagnostics[2]
      Request finished HTTP/1.1 POST https://127.0.0.1:45923/api/v1/management/recipes/e282dbc9-99b9-41de-b780-5428ae20f692/versions?terminalId=86d7752b-dd0d-416a-ab68-ee8f2c2197b5 - 403 - application/json;+charset=utf-8 6.6024ms
info: Microsoft.AspNetCore.Hosting.Diagnostics[1]
      Request starting HTTP/1.1 POST http://127.0.0.1:45923/api/v1/management/recipes/617343b6-936b-409a-8bb0-f5b37a844765/versions/next?terminalId=0672c6ec-9fce-4cd6-ad0f-adcd65a29a00 - application/json;+charset=utf-8 2
info: Microsoft.AspNetCore.Routing.EndpointMiddleware[0]
      Executing endpoint 'HTTP: POST /api/v1/management/recipes/{recipeId:guid}/versions/next'
info: Microsoft.AspNetCore.Http.Result.JsonResult[1]
      Setting HTTP status code 403.
info: Microsoft.AspNetCore.Http.Result.JsonResult[3]
      Writing value of type '<>f__AnonymousType5`1' as Json.
info: Microsoft.AspNetCore.Routing.EndpointMiddleware[1]
      Executed endpoint 'HTTP: POST /api/v1/management/recipes/{recipeId:guid}/versions/next'
info: Microsoft.AspNetCore.Hosting.Diagnostics[2]
      Request finished HTTP/1.1 POST https://127.0.0.1:45923/api/v1/management/recipes/617343b6-936b-409a-8bb0-f5b37a844765/versions/next?terminalId=0672c6ec-9fce-4cd6-ad0f-adcd65a29a00 - 403 - application/json;+charset=utf-8 6.1518ms
info: Microsoft.AspNetCore.Hosting.Diagnostics[1]
      Request starting HTTP/1.1 POST http://127.0.0.1:45923/api/v1/management/recipes/d20264fc-ca02-4aa4-b077-092311fc8418/versions/1/activate?terminalId=f0682a72-b9d8-47e4-8412-7d743fc922f2 - application/json;+charset=utf-8 2
info: Microsoft.AspNetCore.Routing.EndpointMiddleware[0]
      Executing endpoint 'HTTP: POST /api/v1/management/recipes/{recipeId:guid}/versions/{versionNumber:int}/activate'
info: Microsoft.AspNetCore.Http.Result.JsonResult[1]
      Setting HTTP status code 403.
info: Microsoft.AspNetCore.Http.Result.JsonResult[3]
      Writing value of type '<>f__AnonymousType5`1' as Json.
info: Microsoft.AspNetCore.Routing.EndpointMiddleware[1]
      Executed endpoint 'HTTP: POST /api/v1/management/recipes/{recipeId:guid}/versions/{versionNumber:int}/activate'
info: Microsoft.AspNetCore.Hosting.Diagnostics[2]
      Request finished HTTP/1.1 POST https://127.0.0.1:45923/api/v1/management/recipes/d20264fc-ca02-4aa4-b077-092311fc8418/versions/1/activate?terminalId=f0682a72-b9d8-47e4-8412-7d743fc922f2 - 403 - application/json;+charset=utf-8 4.7059ms
info: Microsoft.AspNetCore.Hosting.Diagnostics[1]
      Request starting HTTP/1.1 POST http://127.0.0.1:45923/api/v1/management/recipes/11954851-c93c-42f1-8da0-f79fae6e4f9d/cost-snapshots/?terminalId=3e2bb760-78e1-4029-ad65-950642c02e82 - application/json;+charset=utf-8 2
info: Microsoft.AspNetCore.Routing.EndpointMiddleware[0]
      Executing endpoint 'HTTP: POST /api/v1/management/recipes/{recipeVersionId:guid}/cost-snapshots/'
info: Microsoft.AspNetCore.Http.Result.JsonResult[1]
      Setting HTTP status code 403.
info: Microsoft.AspNetCore.Http.Result.JsonResult[3]
      Writing value of type 'RecipeCostSnapshotApiErrorEnvelopeV1' as Json.
info: Microsoft.AspNetCore.Routing.EndpointMiddleware[1]
      Executed endpoint 'HTTP: POST /api/v1/management/recipes/{recipeVersionId:guid}/cost-snapshots/'
info: Microsoft.AspNetCore.Hosting.Diagnostics[2]
      Request finished HTTP/1.1 POST https://127.0.0.1:45923/api/v1/management/recipes/11954851-c93c-42f1-8da0-f79fae6e4f9d/cost-snapshots/?terminalId=3e2bb760-78e1-4029-ad65-950642c02e82 - 403 - application/json;+charset=utf-8 13.4930ms
info: Microsoft.AspNetCore.Hosting.Diagnostics[1]
      Request starting HTTP/1.1 POST http://127.0.0.1:45923/api/v1/management/reconciliation/cases/?terminalId=199e7606-32ee-477d-b6e6-06057bc698dc - application/json;+charset=utf-8 2
info: Microsoft.AspNetCore.Routing.EndpointMiddleware[0]
      Executing endpoint 'HTTP: POST /api/v1/management/reconciliation/cases/'
info: Microsoft.AspNetCore.Http.Result.JsonResult[1]
      Setting HTTP status code 403.
info: Microsoft.AspNetCore.Http.Result.JsonResult[3]
      Writing value of type 'ReconciliationCaseApiErrorEnvelopeV1' as Json.
info: Microsoft.AspNetCore.Routing.EndpointMiddleware[1]
      Executed endpoint 'HTTP: POST /api/v1/management/reconciliation/cases/'
info: Microsoft.AspNetCore.Hosting.Diagnostics[2]
      Request finished HTTP/1.1 POST https://127.0.0.1:45923/api/v1/management/reconciliation/cases/?terminalId=199e7606-32ee-477d-b6e6-06057bc698dc - 403 - application/json;+charset=utf-8 6.1814ms
info: Microsoft.AspNetCore.Hosting.Diagnostics[1]
      Request starting HTTP/1.1 POST http://127.0.0.1:45923/api/v1/management/reconciliation/cases/63aef4a4-fa64-482f-b1b2-ec0f47cce0ad/notes?terminalId=3ea53fc9-f608-4590-af5f-bf4fc1d67a64 - application/json;+charset=utf-8 2
info: Microsoft.AspNetCore.Routing.EndpointMiddleware[0]
      Executing endpoint 'HTTP: POST /api/v1/management/reconciliation/cases/{caseId:guid}/notes'
info: Microsoft.AspNetCore.Http.Result.JsonResult[1]
      Setting HTTP status code 403.
info: Microsoft.AspNetCore.Http.Result.JsonResult[3]
      Writing value of type 'ReconciliationCaseApiErrorEnvelopeV1' as Json.
info: Microsoft.AspNetCore.Routing.EndpointMiddleware[1]
      Executed endpoint 'HTTP: POST /api/v1/management/reconciliation/cases/{caseId:guid}/notes'
info: Microsoft.AspNetCore.Hosting.Diagnostics[2]
      Request finished HTTP/1.1 POST https://127.0.0.1:45923/api/v1/management/reconciliation/cases/63aef4a4-fa64-482f-b1b2-ec0f47cce0ad/notes?terminalId=3ea53fc9-f608-4590-af5f-bf4fc1d67a64 - 403 - application/json;+charset=utf-8 7.5044ms
info: Microsoft.AspNetCore.Hosting.Diagnostics[1]
      Request starting HTTP/1.1 POST http://127.0.0.1:45923/api/v1/management/reconciliation/cases/151de614-c79b-4d19-8553-8dbcffe64c4a/transition?terminalId=9c799924-47ae-4707-8e86-85789a10c98c - application/json;+charset=utf-8 2
info: Microsoft.AspNetCore.Routing.EndpointMiddleware[0]
      Executing endpoint 'HTTP: POST /api/v1/management/reconciliation/cases/{caseId:guid}/transition'
info: Microsoft.AspNetCore.Http.Result.JsonResult[1]
      Setting HTTP status code 403.
info: Microsoft.AspNetCore.Http.Result.JsonResult[3]
      Writing value of type 'ReconciliationCaseApiErrorEnvelopeV1' as Json.
info: Microsoft.AspNetCore.Routing.EndpointMiddleware[1]
      Executed endpoint 'HTTP: POST /api/v1/management/reconciliation/cases/{caseId:guid}/transition'
info: Microsoft.AspNetCore.Hosting.Diagnostics[2]
      Request finished HTTP/1.1 POST https://127.0.0.1:45923/api/v1/management/reconciliation/cases/151de614-c79b-4d19-8553-8dbcffe64c4a/transition?terminalId=9c799924-47ae-4707-8e86-85789a10c98c - 403 - application/json;+charset=utf-8 7.0481ms
info: Microsoft.AspNetCore.Hosting.Diagnostics[1]
      Request starting HTTP/1.1 POST http://127.0.0.1:45923/api/v1/management/reconciliation/online-orders/cases/b9dcf5a6-5d9d-4937-8fac-418cde785af4/resolve?terminalId=3db30fd5-ce2a-4813-b607-1eaa58fe6e17 - application/json;+charset=utf-8 2
info: Microsoft.AspNetCore.Routing.EndpointMiddleware[0]
      Executing endpoint 'HTTP: POST /api/v1/management/reconciliation/online-orders/cases/{caseId:guid}/resolve'
info: Microsoft.AspNetCore.Http.Result.JsonResult[1]
      Setting HTTP status code 403.
info: Microsoft.AspNetCore.Http.Result.JsonResult[3]
      Writing value of type 'ReconciliationCaseApiErrorEnvelopeV1' as Json.
info: Microsoft.AspNetCore.Routing.EndpointMiddleware[1]
      Executed endpoint 'HTTP: POST /api/v1/management/reconciliation/online-orders/cases/{caseId:guid}/resolve'
info: Microsoft.AspNetCore.Hosting.Diagnostics[2]
      Request finished HTTP/1.1 POST https://127.0.0.1:45923/api/v1/management/reconciliation/online-orders/cases/b9dcf5a6-5d9d-4937-8fac-418cde785af4/resolve?terminalId=3db30fd5-ce2a-4813-b607-1eaa58fe6e17 - 403 - application/json;+charset=utf-8 9.8344ms
info: Microsoft.AspNetCore.Hosting.Diagnostics[1]
      Request starting HTTP/1.1 POST http://127.0.0.1:45923/api/v1/management/reconciliation/online-orders/cases/b1c931e9-4546-40a9-ae23-3364ec52306c/retry?terminalId=17e43c14-805d-4121-a783-757c2afe43a7 - application/json;+charset=utf-8 2
info: Microsoft.AspNetCore.Routing.EndpointMiddleware[0]
      Executing endpoint 'HTTP: POST /api/v1/management/reconciliation/online-orders/cases/{caseId:guid}/retry'
info: Microsoft.AspNetCore.Http.Result.JsonResult[1]
      Setting HTTP status code 403.
info: Microsoft.AspNetCore.Http.Result.JsonResult[3]
      Writing value of type 'ReconciliationCaseApiErrorEnvelopeV1' as Json.
info: Microsoft.AspNetCore.Routing.EndpointMiddleware[1]
      Executed endpoint 'HTTP: POST /api/v1/management/reconciliation/online-orders/cases/{caseId:guid}/retry'
info: Microsoft.AspNetCore.Hosting.Diagnostics[2]
      Request finished HTTP/1.1 POST https://127.0.0.1:45923/api/v1/management/reconciliation/online-orders/cases/b1c931e9-4546-40a9-ae23-3364ec52306c/retry?terminalId=17e43c14-805d-4121-a783-757c2afe43a7 - 403 - application/json;+charset=utf-8 6.6913ms
info: Microsoft.AspNetCore.Hosting.Diagnostics[1]
      Request starting HTTP/1.1 POST http://127.0.0.1:45923/api/v1/management/reconciliation/online-orders/scan?terminalId=d2d81737-9cf4-4e77-887c-487b895f1af2 - application/json;+charset=utf-8 2
info: Microsoft.AspNetCore.Routing.EndpointMiddleware[0]
      Executing endpoint 'HTTP: POST /api/v1/management/reconciliation/online-orders/scan'
info: Microsoft.AspNetCore.Http.Result.JsonResult[1]
      Setting HTTP status code 403.
info: Microsoft.AspNetCore.Http.Result.JsonResult[3]
      Writing value of type 'ReconciliationCaseApiErrorEnvelopeV1' as Json.
info: Microsoft.AspNetCore.Routing.EndpointMiddleware[1]
      Executed endpoint 'HTTP: POST /api/v1/management/reconciliation/online-orders/scan'
info: Microsoft.AspNetCore.Hosting.Diagnostics[2]
      Request finished HTTP/1.1 POST https://127.0.0.1:45923/api/v1/management/reconciliation/online-orders/scan?terminalId=d2d81737-9cf4-4e77-887c-487b895f1af2 - 403 - application/json;+charset=utf-8 4.3479ms
info: Microsoft.AspNetCore.Hosting.Diagnostics[1]
      Request starting HTTP/1.1 POST http://127.0.0.1:45923/api/v1/management/reporting/business-day/open?terminalId=c9f6370f-4d4f-40a1-871f-36c5db4f6d3b - application/json;+charset=utf-8 2
info: Microsoft.AspNetCore.Routing.EndpointMiddleware[0]
      Executing endpoint 'HTTP: POST /api/v1/management/reporting/business-day/open'
info: Microsoft.AspNetCore.Http.Result.JsonResult[1]
      Setting HTTP status code 403.
info: Microsoft.AspNetCore.Http.Result.JsonResult[3]
      Writing value of type 'EndOfDayApiErrorEnvelopeV1' as Json.
info: Microsoft.AspNetCore.Routing.EndpointMiddleware[1]
      Executed endpoint 'HTTP: POST /api/v1/management/reporting/business-day/open'
info: Microsoft.AspNetCore.Hosting.Diagnostics[2]
      Request finished HTTP/1.1 POST https://127.0.0.1:45923/api/v1/management/reporting/business-day/open?terminalId=c9f6370f-4d4f-40a1-871f-36c5db4f6d3b - 403 - application/json;+charset=utf-8 13.9517ms
info: Microsoft.AspNetCore.Hosting.Diagnostics[1]
      Request starting HTTP/1.1 POST http://127.0.0.1:45923/api/v1/management/reporting/business-day/2026-09-28/close?terminalId=51d315ad-666c-43c6-b9a1-64e5a56354e8 - application/json;+charset=utf-8 2
info: Microsoft.AspNetCore.Routing.EndpointMiddleware[0]
      Executing endpoint 'HTTP: POST /api/v1/management/reporting/business-day/{businessDate}/close'
info: Microsoft.AspNetCore.Http.Result.JsonResult[1]
      Setting HTTP status code 403.
info: Microsoft.AspNetCore.Http.Result.JsonResult[3]
      Writing value of type 'EndOfDayApiErrorEnvelopeV1' as Json.
info: Microsoft.AspNetCore.Routing.EndpointMiddleware[1]
      Executed endpoint 'HTTP: POST /api/v1/management/reporting/business-day/{businessDate}/close'
info: Microsoft.AspNetCore.Hosting.Diagnostics[2]
      Request finished HTTP/1.1 POST https://127.0.0.1:45923/api/v1/management/reporting/business-day/2026-09-28/close?terminalId=51d315ad-666c-43c6-b9a1-64e5a56354e8 - 403 - application/json;+charset=utf-8 9.7359ms
info: Microsoft.AspNetCore.Hosting.Diagnostics[1]
      Request starting HTTP/1.1 POST http://127.0.0.1:45923/api/v1/management/roles/permissions?terminalId=cdd118ab-b2e7-4578-8c09-362238466e22 - application/json;+charset=utf-8 2
info: Microsoft.AspNetCore.Routing.EndpointMiddleware[0]
      Executing endpoint 'HTTP: POST /api/v1/management/roles/permissions'
info: Microsoft.AspNetCore.Http.Result.JsonResult[1]
      Setting HTTP status code 400.
info: Microsoft.AspNetCore.Http.Result.JsonResult[3]
      Writing value of type 'RoleManagementErrorEnvelopeV1' as Json.
info: Microsoft.AspNetCore.Routing.EndpointMiddleware[1]
      Executed endpoint 'HTTP: POST /api/v1/management/roles/permissions'
info: Microsoft.AspNetCore.Hosting.Diagnostics[2]
      Request finished HTTP/1.1 POST https://127.0.0.1:45923/api/v1/management/roles/permissions?terminalId=cdd118ab-b2e7-4578-8c09-362238466e22 - 400 - application/json;+charset=utf-8 11.6701ms
info: Microsoft.AspNetCore.Hosting.Diagnostics[1]
      Request starting HTTP/1.1 POST http://127.0.0.1:45923/api/v1/management/roles/roles?terminalId=28d77c63-2a7b-4611-bf16-e791324d1b08 - application/json;+charset=utf-8 2
info: Microsoft.AspNetCore.Routing.EndpointMiddleware[0]
      Executing endpoint 'HTTP: POST /api/v1/management/roles/roles'
info: Microsoft.AspNetCore.Http.Result.JsonResult[1]
      Setting HTTP status code 400.
info: Microsoft.AspNetCore.Http.Result.JsonResult[3]
      Writing value of type 'RoleManagementErrorEnvelopeV1' as Json.
info: Microsoft.AspNetCore.Routing.EndpointMiddleware[1]
      Executed endpoint 'HTTP: POST /api/v1/management/roles/roles'
info: Microsoft.AspNetCore.Hosting.Diagnostics[2]
      Request finished HTTP/1.1 POST https://127.0.0.1:45923/api/v1/management/roles/roles?terminalId=28d77c63-2a7b-4611-bf16-e791324d1b08 - 400 - application/json;+charset=utf-8 7.4617ms
info: Microsoft.AspNetCore.Hosting.Diagnostics[1]
      Request starting HTTP/1.1 POST http://127.0.0.1:45923/api/v1/management/roles/roles/16e1de83-c026-4877-9296-9f2b75da9a3b/permissions?terminalId=b1bc306c-de50-4440-8f86-c97341154e79 - application/json;+charset=utf-8 2
info: Microsoft.AspNetCore.Routing.EndpointMiddleware[0]
      Executing endpoint 'HTTP: POST /api/v1/management/roles/roles/{roleId:guid}/permissions'
info: Microsoft.AspNetCore.Http.Result.JsonResult[1]
      Setting HTTP status code 400.
info: Microsoft.AspNetCore.Http.Result.JsonResult[3]
      Writing value of type 'RoleManagementErrorEnvelopeV1' as Json.
info: Microsoft.AspNetCore.Routing.EndpointMiddleware[1]
      Executed endpoint 'HTTP: POST /api/v1/management/roles/roles/{roleId:guid}/permissions'
info: Microsoft.AspNetCore.Hosting.Diagnostics[2]
      Request finished HTTP/1.1 POST https://127.0.0.1:45923/api/v1/management/roles/roles/16e1de83-c026-4877-9296-9f2b75da9a3b/permissions?terminalId=b1bc306c-de50-4440-8f86-c97341154e79 - 400 - application/json;+charset=utf-8 5.7950ms
info: Microsoft.AspNetCore.Hosting.Diagnostics[1]
      Request starting HTTP/1.1 DELETE http://127.0.0.1:45923/api/v1/management/roles/roles/c7a3053d-2c38-4f76-a701-de269157e0b3/permissions/probe?terminalId=e45eccb3-0d81-4aae-b808-2f3c9a96f7d8 - application/json;+charset=utf-8 2
info: Microsoft.AspNetCore.Routing.EndpointMiddleware[0]
      Executing endpoint 'HTTP: DELETE /api/v1/management/roles/roles/{roleId:guid}/permissions/{permissionCode}'
info: Microsoft.AspNetCore.Http.Result.JsonResult[1]
      Setting HTTP status code 403.
info: Microsoft.AspNetCore.Http.Result.JsonResult[3]
      Writing value of type 'RoleManagementErrorEnvelopeV1' as Json.
info: Microsoft.AspNetCore.Routing.EndpointMiddleware[1]
      Executed endpoint 'HTTP: DELETE /api/v1/management/roles/roles/{roleId:guid}/permissions/{permissionCode}'
info: Microsoft.AspNetCore.Hosting.Diagnostics[2]
      Request finished HTTP/1.1 DELETE https://127.0.0.1:45923/api/v1/management/roles/roles/c7a3053d-2c38-4f76-a701-de269157e0b3/permissions/probe?terminalId=e45eccb3-0d81-4aae-b808-2f3c9a96f7d8 - 403 - application/json;+charset=utf-8 8.9005ms
info: Microsoft.AspNetCore.Hosting.Diagnostics[1]
      Request starting HTTP/1.1 POST http://127.0.0.1:45923/api/v1/management/roles/roles/52898b09-b98e-4a40-9c7e-5449656d8f5b/users/2eac3cb5-0c62-466e-87a6-72dbc6febdff?terminalId=77bdf783-c3a2-4472-b346-5045b815e07d - application/json;+charset=utf-8 2
info: Microsoft.AspNetCore.Routing.EndpointMiddleware[0]
      Executing endpoint 'HTTP: POST /api/v1/management/roles/roles/{roleId:guid}/users/{userId:guid}'
info: Microsoft.AspNetCore.Http.Result.JsonResult[1]
      Setting HTTP status code 403.
info: Microsoft.AspNetCore.Http.Result.JsonResult[3]
      Writing value of type 'RoleManagementErrorEnvelopeV1' as Json.
info: Microsoft.AspNetCore.Routing.EndpointMiddleware[1]
      Executed endpoint 'HTTP: POST /api/v1/management/roles/roles/{roleId:guid}/users/{userId:guid}'
info: Microsoft.AspNetCore.Hosting.Diagnostics[2]
      Request finished HTTP/1.1 POST https://127.0.0.1:45923/api/v1/management/roles/roles/52898b09-b98e-4a40-9c7e-5449656d8f5b/users/2eac3cb5-0c62-466e-87a6-72dbc6febdff?terminalId=77bdf783-c3a2-4472-b346-5045b815e07d - 403 - application/json;+charset=utf-8 7.6522ms
info: Microsoft.AspNetCore.Hosting.Diagnostics[1]
      Request starting HTTP/1.1 DELETE http://127.0.0.1:45923/api/v1/management/roles/roles/40f20dd2-e18e-4e1e-916a-15547ef0339a/users/d8dfdacc-6b61-4954-b157-8a4e90805b07?terminalId=bc050884-657d-4429-8ea2-ae641e346ffd - application/json;+charset=utf-8 2
info: Microsoft.AspNetCore.Routing.EndpointMiddleware[0]
      Executing endpoint 'HTTP: DELETE /api/v1/management/roles/roles/{roleId:guid}/users/{userId:guid}'
info: Microsoft.AspNetCore.Http.Result.JsonResult[1]
      Setting HTTP status code 403.
info: Microsoft.AspNetCore.Http.Result.JsonResult[3]
      Writing value of type 'RoleManagementErrorEnvelopeV1' as Json.
info: Microsoft.AspNetCore.Routing.EndpointMiddleware[1]
      Executed endpoint 'HTTP: DELETE /api/v1/management/roles/roles/{roleId:guid}/users/{userId:guid}'
info: Microsoft.AspNetCore.Hosting.Diagnostics[2]
      Request finished HTTP/1.1 DELETE https://127.0.0.1:45923/api/v1/management/roles/roles/40f20dd2-e18e-4e1e-916a-15547ef0339a/users/d8dfdacc-6b61-4954-b157-8a4e90805b07?terminalId=bc050884-657d-4429-8ea2-ae641e346ffd - 403 - application/json;+charset=utf-8 8.3665ms
info: Microsoft.AspNetCore.Hosting.Diagnostics[1]
      Request starting HTTP/1.1 POST http://127.0.0.1:45923/api/v1/management/security/diagnostic-bundle?terminalId=6c5201cc-b6a9-4ddf-9c73-0e59111110b6 - application/json;+charset=utf-8 2
info: Microsoft.AspNetCore.Routing.EndpointMiddleware[0]
      Executing endpoint 'HTTP: POST /api/v1/management/security/diagnostic-bundle'
info: Microsoft.AspNetCore.Http.Result.JsonResult[1]
      Setting HTTP status code 403.
info: Microsoft.AspNetCore.Http.Result.JsonResult[3]
      Writing value of type 'SecurityAdministrationApiErrorEnvelopeV1' as Json.
info: Microsoft.AspNetCore.Routing.EndpointMiddleware[1]
      Executed endpoint 'HTTP: POST /api/v1/management/security/diagnostic-bundle'
info: Microsoft.AspNetCore.Hosting.Diagnostics[2]
      Request finished HTTP/1.1 POST https://127.0.0.1:45923/api/v1/management/security/diagnostic-bundle?terminalId=6c5201cc-b6a9-4ddf-9c73-0e59111110b6 - 403 - application/json;+charset=utf-8 11.5242ms
info: Microsoft.AspNetCore.Hosting.Diagnostics[1]
      Request starting HTTP/1.1 POST http://127.0.0.1:45923/api/v1/management/security/maintenance/jobs/probe/run?terminalId=f71cbddb-cc08-40cb-9fc7-0905e7947c3b - application/json;+charset=utf-8 2
info: Microsoft.AspNetCore.Routing.EndpointMiddleware[0]
      Executing endpoint 'HTTP: POST /api/v1/management/security/maintenance/jobs/{name}/run'
info: Microsoft.AspNetCore.Http.Result.JsonResult[1]
      Setting HTTP status code 403.
info: Microsoft.AspNetCore.Http.Result.JsonResult[3]
      Writing value of type 'SecurityAdministrationApiErrorEnvelopeV1' as Json.
info: Microsoft.AspNetCore.Routing.EndpointMiddleware[1]
      Executed endpoint 'HTTP: POST /api/v1/management/security/maintenance/jobs/{name}/run'
info: Microsoft.AspNetCore.Hosting.Diagnostics[2]
      Request finished HTTP/1.1 POST https://127.0.0.1:45923/api/v1/management/security/maintenance/jobs/probe/run?terminalId=f71cbddb-cc08-40cb-9fc7-0905e7947c3b - 403 - application/json;+charset=utf-8 5.7970ms
info: Microsoft.AspNetCore.Hosting.Diagnostics[1]
      Request starting HTTP/1.1 POST http://127.0.0.1:45923/api/v1/management/security/orders/close-settled?terminalId=6332ad33-4817-4371-a112-2e77c9e8e6bd - application/json;+charset=utf-8 2
info: Microsoft.AspNetCore.Routing.EndpointMiddleware[0]
      Executing endpoint 'HTTP: POST /api/v1/management/security/orders/close-settled'
info: Microsoft.AspNetCore.Http.Result.JsonResult[1]
      Setting HTTP status code 403.
info: Microsoft.AspNetCore.Http.Result.JsonResult[3]
      Writing value of type 'SecurityAdministrationApiErrorEnvelopeV1' as Json.
info: Microsoft.AspNetCore.Routing.EndpointMiddleware[1]
      Executed endpoint 'HTTP: POST /api/v1/management/security/orders/close-settled'
info: Microsoft.AspNetCore.Hosting.Diagnostics[2]
      Request finished HTTP/1.1 POST https://127.0.0.1:45923/api/v1/management/security/orders/close-settled?terminalId=6332ad33-4817-4371-a112-2e77c9e8e6bd - 403 - application/json;+charset=utf-8 5.9066ms
info: Microsoft.AspNetCore.Hosting.Diagnostics[1]
      Request starting HTTP/1.1 POST http://127.0.0.1:45923/api/v1/management/security/outbox/dead-letters/7eb479a7-2332-45d8-bc38-2c25713926df/requeue?terminalId=d0cb8a3d-eb8d-48ca-bad5-baf886de3673 - application/json;+charset=utf-8 2
info: Microsoft.AspNetCore.Routing.EndpointMiddleware[0]
      Executing endpoint 'HTTP: POST /api/v1/management/security/outbox/dead-letters/{id:guid}/requeue'
info: Microsoft.AspNetCore.Http.Result.JsonResult[1]
      Setting HTTP status code 403.
info: Microsoft.AspNetCore.Http.Result.JsonResult[3]
      Writing value of type 'SecurityAdministrationApiErrorEnvelopeV1' as Json.
info: Microsoft.AspNetCore.Routing.EndpointMiddleware[1]
      Executed endpoint 'HTTP: POST /api/v1/management/security/outbox/dead-letters/{id:guid}/requeue'
info: Microsoft.AspNetCore.Hosting.Diagnostics[2]
      Request finished HTTP/1.1 POST https://127.0.0.1:45923/api/v1/management/security/outbox/dead-letters/7eb479a7-2332-45d8-bc38-2c25713926df/requeue?terminalId=d0cb8a3d-eb8d-48ca-bad5-baf886de3673 - 403 - application/json;+charset=utf-8 4.5291ms
info: Microsoft.AspNetCore.Hosting.Diagnostics[1]
      Request starting HTTP/1.1 POST http://127.0.0.1:45923/api/v1/management/security/secrets/probe/rotation/initialize?terminalId=5839e8d8-0b96-4fb9-9a5a-f09c00a8332c - application/json;+charset=utf-8 2
info: Microsoft.AspNetCore.Routing.EndpointMiddleware[0]
      Executing endpoint 'HTTP: POST /api/v1/management/security/secrets/{name}/rotation/initialize'
info: Microsoft.AspNetCore.Http.Result.JsonResult[1]
      Setting HTTP status code 403.
info: Microsoft.AspNetCore.Http.Result.JsonResult[3]
      Writing value of type 'SecurityAdministrationApiErrorEnvelopeV1' as Json.
info: Microsoft.AspNetCore.Routing.EndpointMiddleware[1]
      Executed endpoint 'HTTP: POST /api/v1/management/security/secrets/{name}/rotation/initialize'
info: Microsoft.AspNetCore.Hosting.Diagnostics[2]
      Request finished HTTP/1.1 POST https://127.0.0.1:45923/api/v1/management/security/secrets/probe/rotation/initialize?terminalId=5839e8d8-0b96-4fb9-9a5a-f09c00a8332c - 403 - application/json;+charset=utf-8 5.2167ms
info: Microsoft.AspNetCore.Hosting.Diagnostics[1]
      Request starting HTTP/1.1 POST http://127.0.0.1:45923/api/v1/management/security/secrets/probe/rotation/revoke?terminalId=5dda340b-0a7c-4d67-98d2-e46c5b14a014 - application/json;+charset=utf-8 2
info: Microsoft.AspNetCore.Routing.EndpointMiddleware[0]
      Executing endpoint 'HTTP: POST /api/v1/management/security/secrets/{name}/rotation/revoke'
info: Microsoft.AspNetCore.Http.Result.JsonResult[1]
      Setting HTTP status code 403.
info: Microsoft.AspNetCore.Http.Result.JsonResult[3]
      Writing value of type 'SecurityAdministrationApiErrorEnvelopeV1' as Json.
info: Microsoft.AspNetCore.Routing.EndpointMiddleware[1]
      Executed endpoint 'HTTP: POST /api/v1/management/security/secrets/{name}/rotation/revoke'
info: Microsoft.AspNetCore.Hosting.Diagnostics[2]
      Request finished HTTP/1.1 POST https://127.0.0.1:45923/api/v1/management/security/secrets/probe/rotation/revoke?terminalId=5dda340b-0a7c-4d67-98d2-e46c5b14a014 - 403 - application/json;+charset=utf-8 6.6865ms
info: Microsoft.AspNetCore.Hosting.Diagnostics[1]
      Request starting HTTP/1.1 POST http://127.0.0.1:45923/api/v1/management/security/secrets/probe/rotation/rollback?terminalId=7ac9c910-f4fc-4dcb-95ad-e4e9f7d0ee96 - application/json;+charset=utf-8 2
info: Microsoft.AspNetCore.Routing.EndpointMiddleware[0]
      Executing endpoint 'HTTP: POST /api/v1/management/security/secrets/{name}/rotation/rollback'
info: Microsoft.AspNetCore.Http.Result.JsonResult[1]
      Setting HTTP status code 403.
info: Microsoft.AspNetCore.Http.Result.JsonResult[3]
      Writing value of type 'SecurityAdministrationApiErrorEnvelopeV1' as Json.
info: Microsoft.AspNetCore.Routing.EndpointMiddleware[1]
      Executed endpoint 'HTTP: POST /api/v1/management/security/secrets/{name}/rotation/rollback'
info: Microsoft.AspNetCore.Hosting.Diagnostics[2]
      Request finished HTTP/1.1 POST https://127.0.0.1:45923/api/v1/management/security/secrets/probe/rotation/rollback?terminalId=7ac9c910-f4fc-4dcb-95ad-e4e9f7d0ee96 - 403 - application/json;+charset=utf-8 6.3168ms
info: Microsoft.AspNetCore.Hosting.Diagnostics[1]
      Request starting HTTP/1.1 POST http://127.0.0.1:45923/api/v1/management/security/secrets/probe/rotation/rotate?terminalId=de33cd15-6e7f-4f54-be02-f9ebe743dc0a - application/json;+charset=utf-8 2
info: Microsoft.AspNetCore.Routing.EndpointMiddleware[0]
      Executing endpoint 'HTTP: POST /api/v1/management/security/secrets/{name}/rotation/rotate'
info: Microsoft.AspNetCore.Http.Result.JsonResult[1]
      Setting HTTP status code 403.
info: Microsoft.AspNetCore.Http.Result.JsonResult[3]
      Writing value of type 'SecurityAdministrationApiErrorEnvelopeV1' as Json.
info: Microsoft.AspNetCore.Routing.EndpointMiddleware[1]
      Executed endpoint 'HTTP: POST /api/v1/management/security/secrets/{name}/rotation/rotate'
info: Microsoft.AspNetCore.Hosting.Diagnostics[2]
      Request finished HTTP/1.1 POST https://127.0.0.1:45923/api/v1/management/security/secrets/probe/rotation/rotate?terminalId=de33cd15-6e7f-4f54-be02-f9ebe743dc0a - 403 - application/json;+charset=utf-8 6.7099ms
info: Microsoft.AspNetCore.Hosting.Diagnostics[1]
      Request starting HTTP/1.1 POST http://127.0.0.1:45923/api/v1/management/security/users/e1c1843e-df15-4cc5-b9db-bf1925883395/force-unlock?terminalId=868026a1-8c9e-42fa-b276-384cadd95bf2 - application/json;+charset=utf-8 2
info: Microsoft.AspNetCore.Routing.EndpointMiddleware[0]
      Executing endpoint 'HTTP: POST /api/v1/management/security/users/{userId:guid}/force-unlock'
info: Microsoft.AspNetCore.Http.Result.JsonResult[1]
      Setting HTTP status code 403.
info: Microsoft.AspNetCore.Http.Result.JsonResult[3]
      Writing value of type 'SecurityAdministrationApiErrorEnvelopeV1' as Json.
info: Microsoft.AspNetCore.Routing.EndpointMiddleware[1]
      Executed endpoint 'HTTP: POST /api/v1/management/security/users/{userId:guid}/force-unlock'
info: Microsoft.AspNetCore.Hosting.Diagnostics[2]
      Request finished HTTP/1.1 POST https://127.0.0.1:45923/api/v1/management/security/users/e1c1843e-df15-4cc5-b9db-bf1925883395/force-unlock?terminalId=868026a1-8c9e-42fa-b276-384cadd95bf2 - 403 - application/json;+charset=utf-8 6.8481ms
info: Microsoft.AspNetCore.Hosting.Diagnostics[1]
      Request starting HTTP/1.1 POST http://127.0.0.1:45923/api/v1/management/security/users/fa137126-fb6a-405f-9b38-9d6b3e9adb64/revoke-sessions?terminalId=8daabfc4-68d4-4781-8b00-f60b6927dbda - application/json;+charset=utf-8 2
info: Microsoft.AspNetCore.Routing.EndpointMiddleware[0]
      Executing endpoint 'HTTP: POST /api/v1/management/security/users/{userId:guid}/revoke-sessions'
info: Microsoft.AspNetCore.Http.Result.JsonResult[1]
      Setting HTTP status code 403.
info: Microsoft.AspNetCore.Http.Result.JsonResult[3]
      Writing value of type 'SecurityAdministrationApiErrorEnvelopeV1' as Json.
info: Microsoft.AspNetCore.Routing.EndpointMiddleware[1]
      Executed endpoint 'HTTP: POST /api/v1/management/security/users/{userId:guid}/revoke-sessions'
info: Microsoft.AspNetCore.Hosting.Diagnostics[2]
      Request finished HTTP/1.1 POST https://127.0.0.1:45923/api/v1/management/security/users/fa137126-fb6a-405f-9b38-9d6b3e9adb64/revoke-sessions?terminalId=8daabfc4-68d4-4781-8b00-f60b6927dbda - 403 - application/json;+charset=utf-8 5.0698ms
info: Microsoft.AspNetCore.Hosting.Diagnostics[1]
      Request starting HTTP/1.1 PUT http://127.0.0.1:45923/api/v1/management/settings/probe?terminalId=13727153-61ed-4df4-8a89-05692779aa72 - application/json;+charset=utf-8 2
info: Microsoft.AspNetCore.Routing.EndpointMiddleware[0]
      Executing endpoint 'HTTP: PUT /api/v1/management/settings/{key}'
info: Microsoft.AspNetCore.Http.Result.JsonResult[1]
      Setting HTTP status code 403.
info: Microsoft.AspNetCore.Http.Result.JsonResult[3]
      Writing value of type 'SettingsApiErrorEnvelopeV1' as Json.
info: Microsoft.AspNetCore.Routing.EndpointMiddleware[1]
      Executed endpoint 'HTTP: PUT /api/v1/management/settings/{key}'
info: Microsoft.AspNetCore.Hosting.Diagnostics[2]
      Request finished HTTP/1.1 PUT https://127.0.0.1:45923/api/v1/management/settings/probe?terminalId=13727153-61ed-4df4-8a89-05692779aa72 - 403 - application/json;+charset=utf-8 7.4977ms
info: Microsoft.AspNetCore.Hosting.Diagnostics[1]
      Request starting HTTP/1.1 DELETE http://127.0.0.1:45923/api/v1/management/settings/probe?terminalId=1b67b541-3bc1-4fc2-86ca-e8bc36bae140 - application/json;+charset=utf-8 2
info: Microsoft.AspNetCore.Routing.EndpointMiddleware[0]
      Executing endpoint 'HTTP: DELETE /api/v1/management/settings/{key}'
info: Microsoft.AspNetCore.Http.Result.JsonResult[1]
      Setting HTTP status code 403.
info: Microsoft.AspNetCore.Http.Result.JsonResult[3]
      Writing value of type 'SettingsApiErrorEnvelopeV1' as Json.
info: Microsoft.AspNetCore.Routing.EndpointMiddleware[1]
      Executed endpoint 'HTTP: DELETE /api/v1/management/settings/{key}'
info: Microsoft.AspNetCore.Hosting.Diagnostics[2]
      Request finished HTTP/1.1 DELETE https://127.0.0.1:45923/api/v1/management/settings/probe?terminalId=1b67b541-3bc1-4fc2-86ca-e8bc36bae140 - 403 - application/json;+charset=utf-8 6.5102ms
info: Microsoft.AspNetCore.Hosting.Diagnostics[1]
      Request starting HTTP/1.1 POST http://127.0.0.1:45923/api/v1/management/users/?terminalId=fee3a433-495a-4562-bc15-30a9f3e7ed7e - application/json;+charset=utf-8 2
info: Microsoft.AspNetCore.Routing.EndpointMiddleware[0]
      Executing endpoint 'HTTP: POST /api/v1/management/users/'
info: Microsoft.AspNetCore.Http.Result.JsonResult[1]
      Setting HTTP status code 400.
info: Microsoft.AspNetCore.Http.Result.JsonResult[3]
      Writing value of type 'RoleManagementErrorEnvelopeV1' as Json.
info: Microsoft.AspNetCore.Routing.EndpointMiddleware[1]
      Executed endpoint 'HTTP: POST /api/v1/management/users/'
info: Microsoft.AspNetCore.Hosting.Diagnostics[2]
      Request finished HTTP/1.1 POST https://127.0.0.1:45923/api/v1/management/users/?terminalId=fee3a433-495a-4562-bc15-30a9f3e7ed7e - 400 - application/json;+charset=utf-8 7.6718ms
info: Microsoft.AspNetCore.Hosting.Diagnostics[1]
      Request starting HTTP/1.1 POST http://127.0.0.1:45923/api/v1/terminals/e2058c3b-3cf5-4eb1-9ab4-3628a988067a/billing/bills/from-order/7a25a01b-5f0d-4b61-8f25-fdf18db048ca?terminalId=e2058c3b-3cf5-4eb1-9ab4-3628a988067a - application/json;+charset=utf-8 2
info: Microsoft.AspNetCore.Routing.EndpointMiddleware[0]
      Executing endpoint 'HTTP: POST /api/v1/terminals/{terminalId:guid}/billing/bills/from-order/{orderId:guid}'
info: Microsoft.AspNetCore.Http.Result.JsonResult[1]
      Setting HTTP status code 403.
info: Microsoft.AspNetCore.Http.Result.JsonResult[3]
      Writing value of type 'BillingSplitErrorEnvelope' as Json.
info: Microsoft.AspNetCore.Routing.EndpointMiddleware[1]
      Executed endpoint 'HTTP: POST /api/v1/terminals/{terminalId:guid}/billing/bills/from-order/{orderId:guid}'
info: Microsoft.AspNetCore.Hosting.Diagnostics[2]
      Request finished HTTP/1.1 POST https://127.0.0.1:45923/api/v1/terminals/e2058c3b-3cf5-4eb1-9ab4-3628a988067a/billing/bills/from-order/7a25a01b-5f0d-4b61-8f25-fdf18db048ca?terminalId=e2058c3b-3cf5-4eb1-9ab4-3628a988067a - 403 - application/json;+charset=utf-8 21.5790ms
info: Microsoft.AspNetCore.Hosting.Diagnostics[1]
      Request starting HTTP/1.1 POST http://127.0.0.1:45923/api/v1/terminals/0c555328-f268-4b20-a992-4d2f1b162c3b/billing/bills/6f889acf-f41b-462e-bf64-6b3193ee02fb/discount?terminalId=0c555328-f268-4b20-a992-4d2f1b162c3b - application/json;+charset=utf-8 2
info: Microsoft.AspNetCore.Routing.EndpointMiddleware[0]
      Executing endpoint 'HTTP: POST /api/v1/terminals/{terminalId:guid}/billing/bills/{billId:guid}/discount'
info: Microsoft.AspNetCore.Http.Result.JsonResult[1]
      Setting HTTP status code 400.
info: Microsoft.AspNetCore.Http.Result.JsonResult[3]
      Writing value of type 'BillingSplitErrorEnvelope' as Json.
info: Microsoft.AspNetCore.Routing.EndpointMiddleware[1]
      Executed endpoint 'HTTP: POST /api/v1/terminals/{terminalId:guid}/billing/bills/{billId:guid}/discount'
info: Microsoft.AspNetCore.Hosting.Diagnostics[2]
      Request finished HTTP/1.1 POST https://127.0.0.1:45923/api/v1/terminals/0c555328-f268-4b20-a992-4d2f1b162c3b/billing/bills/6f889acf-f41b-462e-bf64-6b3193ee02fb/discount?terminalId=0c555328-f268-4b20-a992-4d2f1b162c3b - 400 - application/json;+charset=utf-8 16.3906ms
info: Microsoft.AspNetCore.Hosting.Diagnostics[1]
      Request starting HTTP/1.1 PUT http://127.0.0.1:45923/api/v1/terminals/10757a84-acc9-478d-9665-bfd6a08098d7/billing/bills/cb6eae1d-1dde-4a1e-93c6-154a2a546c8b/split-design/amounts?terminalId=10757a84-acc9-478d-9665-bfd6a08098d7 - application/json;+charset=utf-8 2
info: Microsoft.AspNetCore.Routing.EndpointMiddleware[0]
      Executing endpoint 'HTTP: PUT /api/v1/terminals/{terminalId:guid}/billing/bills/{billId:guid}/split-design/amounts'
info: Microsoft.AspNetCore.Http.Result.JsonResult[1]
      Setting HTTP status code 403.
info: Microsoft.AspNetCore.Http.Result.JsonResult[3]
      Writing value of type 'BillingSplitErrorEnvelope' as Json.
info: Microsoft.AspNetCore.Routing.EndpointMiddleware[1]
      Executed endpoint 'HTTP: PUT /api/v1/terminals/{terminalId:guid}/billing/bills/{billId:guid}/split-design/amounts'
info: Microsoft.AspNetCore.Hosting.Diagnostics[2]
      Request finished HTTP/1.1 PUT https://127.0.0.1:45923/api/v1/terminals/10757a84-acc9-478d-9665-bfd6a08098d7/billing/bills/cb6eae1d-1dde-4a1e-93c6-154a2a546c8b/split-design/amounts?terminalId=10757a84-acc9-478d-9665-bfd6a08098d7 - 403 - application/json;+charset=utf-8 13.2849ms
info: Microsoft.AspNetCore.Hosting.Diagnostics[1]
      Request starting HTTP/1.1 POST http://127.0.0.1:45923/api/v1/terminals/9cb1376b-7e88-4f11-86da-b451437cf2de/billing/bills/2d664c88-9200-4780-81e0-a7dfa94d10ea/split-design/clear?terminalId=9cb1376b-7e88-4f11-86da-b451437cf2de - application/json;+charset=utf-8 2
info: Microsoft.AspNetCore.Routing.EndpointMiddleware[0]
      Executing endpoint 'HTTP: POST /api/v1/terminals/{terminalId:guid}/billing/bills/{billId:guid}/split-design/clear'
info: Microsoft.AspNetCore.Http.Result.JsonResult[1]
      Setting HTTP status code 403.
info: Microsoft.AspNetCore.Http.Result.JsonResult[3]
      Writing value of type 'BillingSplitErrorEnvelope' as Json.
info: Microsoft.AspNetCore.Routing.EndpointMiddleware[1]
      Executed endpoint 'HTTP: POST /api/v1/terminals/{terminalId:guid}/billing/bills/{billId:guid}/split-design/clear'
info: Microsoft.AspNetCore.Hosting.Diagnostics[2]
      Request finished HTTP/1.1 POST https://127.0.0.1:45923/api/v1/terminals/9cb1376b-7e88-4f11-86da-b451437cf2de/billing/bills/2d664c88-9200-4780-81e0-a7dfa94d10ea/split-design/clear?terminalId=9cb1376b-7e88-4f11-86da-b451437cf2de - 403 - application/json;+charset=utf-8 11.6516ms
info: Microsoft.AspNetCore.Hosting.Diagnostics[1]
      Request starting HTTP/1.1 PUT http://127.0.0.1:45923/api/v1/terminals/8d77b536-26cb-4835-9302-f585f03a2cde/billing/bills/acaba68f-8aa3-4c99-b50a-b2d763b2c087/split-design/custom?terminalId=8d77b536-26cb-4835-9302-f585f03a2cde - application/json;+charset=utf-8 2
info: Microsoft.AspNetCore.Routing.EndpointMiddleware[0]
      Executing endpoint 'HTTP: PUT /api/v1/terminals/{terminalId:guid}/billing/bills/{billId:guid}/split-design/custom'
info: Microsoft.AspNetCore.Http.Result.JsonResult[1]
      Setting HTTP status code 403.
info: Microsoft.AspNetCore.Http.Result.JsonResult[3]
      Writing value of type 'BillingSplitErrorEnvelope' as Json.
info: Microsoft.AspNetCore.Routing.EndpointMiddleware[1]
      Executed endpoint 'HTTP: PUT /api/v1/terminals/{terminalId:guid}/billing/bills/{billId:guid}/split-design/custom'
info: Microsoft.AspNetCore.Hosting.Diagnostics[2]
      Request finished HTTP/1.1 PUT https://127.0.0.1:45923/api/v1/terminals/8d77b536-26cb-4835-9302-f585f03a2cde/billing/bills/acaba68f-8aa3-4c99-b50a-b2d763b2c087/split-design/custom?terminalId=8d77b536-26cb-4835-9302-f585f03a2cde - 403 - application/json;+charset=utf-8 9.6595ms
info: Microsoft.AspNetCore.Hosting.Diagnostics[1]
      Request starting HTTP/1.1 PUT http://127.0.0.1:45923/api/v1/terminals/af977427-c91f-4752-a31f-49d9952e06ef/billing/bills/898338ae-822e-4411-92e2-6f0715dd641d/split-design/equal?terminalId=af977427-c91f-4752-a31f-49d9952e06ef - application/json;+charset=utf-8 2
info: Microsoft.AspNetCore.Routing.EndpointMiddleware[0]
      Executing endpoint 'HTTP: PUT /api/v1/terminals/{terminalId:guid}/billing/bills/{billId:guid}/split-design/equal'
info: Microsoft.AspNetCore.Http.Result.JsonResult[1]
      Setting HTTP status code 403.
info: Microsoft.AspNetCore.Http.Result.JsonResult[3]
      Writing value of type 'BillingSplitErrorEnvelope' as Json.
info: Microsoft.AspNetCore.Routing.EndpointMiddleware[1]
      Executed endpoint 'HTTP: PUT /api/v1/terminals/{terminalId:guid}/billing/bills/{billId:guid}/split-design/equal'
info: Microsoft.AspNetCore.Hosting.Diagnostics[2]
      Request finished HTTP/1.1 PUT https://127.0.0.1:45923/api/v1/terminals/af977427-c91f-4752-a31f-49d9952e06ef/billing/bills/898338ae-822e-4411-92e2-6f0715dd641d/split-design/equal?terminalId=af977427-c91f-4752-a31f-49d9952e06ef - 403 - application/json;+charset=utf-8 9.4397ms
info: Microsoft.AspNetCore.Hosting.Diagnostics[1]
      Request starting HTTP/1.1 PUT http://127.0.0.1:45923/api/v1/terminals/ef7e88c8-a43c-4fa8-9864-545a4841013a/billing/bills/5d737e6b-7ac0-4a2f-bbce-968556b34eff/split-design/items?terminalId=ef7e88c8-a43c-4fa8-9864-545a4841013a - application/json;+charset=utf-8 2
info: Microsoft.AspNetCore.Routing.EndpointMiddleware[0]
      Executing endpoint 'HTTP: PUT /api/v1/terminals/{terminalId:guid}/billing/bills/{billId:guid}/split-design/items'
info: Microsoft.AspNetCore.Http.Result.JsonResult[1]
      Setting HTTP status code 403.
info: Microsoft.AspNetCore.Http.Result.JsonResult[3]
      Writing value of type 'BillingSplitErrorEnvelope' as Json.
info: Microsoft.AspNetCore.Routing.EndpointMiddleware[1]
      Executed endpoint 'HTTP: PUT /api/v1/terminals/{terminalId:guid}/billing/bills/{billId:guid}/split-design/items'
info: Microsoft.AspNetCore.Hosting.Diagnostics[2]
      Request finished HTTP/1.1 PUT https://127.0.0.1:45923/api/v1/terminals/ef7e88c8-a43c-4fa8-9864-545a4841013a/billing/bills/5d737e6b-7ac0-4a2f-bbce-968556b34eff/split-design/items?terminalId=ef7e88c8-a43c-4fa8-9864-545a4841013a - 403 - application/json;+charset=utf-8 11.8782ms
info: Microsoft.AspNetCore.Hosting.Diagnostics[1]
      Request starting HTTP/1.1 POST http://127.0.0.1:45923/api/v1/terminals/2a54c150-cb34-439a-aa9b-09cb1e0a6e68/billing/bills/7158592f-8f85-4747-b6f0-d59bcc4b3889/tenders/?terminalId=2a54c150-cb34-439a-aa9b-09cb1e0a6e68 - application/json;+charset=utf-8 2
info: Microsoft.AspNetCore.Routing.EndpointMiddleware[0]
      Executing endpoint 'HTTP: POST /api/v1/terminals/{terminalId:guid}/billing/bills/{billId:guid}/tenders/'
info: Microsoft.AspNetCore.Http.Result.JsonResult[1]
      Setting HTTP status code 400.
info: Microsoft.AspNetCore.Http.Result.JsonResult[3]
      Writing value of type '<>f__AnonymousType5`1' as Json.
info: Microsoft.AspNetCore.Routing.EndpointMiddleware[1]
      Executed endpoint 'HTTP: POST /api/v1/terminals/{terminalId:guid}/billing/bills/{billId:guid}/tenders/'
info: Microsoft.AspNetCore.Hosting.Diagnostics[2]
      Request finished HTTP/1.1 POST https://127.0.0.1:45923/api/v1/terminals/2a54c150-cb34-439a-aa9b-09cb1e0a6e68/billing/bills/7158592f-8f85-4747-b6f0-d59bcc4b3889/tenders/?terminalId=2a54c150-cb34-439a-aa9b-09cb1e0a6e68 - 400 - application/json;+charset=utf-8 16.0108ms
info: Microsoft.AspNetCore.Hosting.Diagnostics[1]
      Request starting HTTP/1.1 POST http://127.0.0.1:45923/api/v1/terminals/1e1015dc-f4d8-43e2-bdb3-c2a068fc81ba/billing/bills/254f4d22-71a5-4c33-8e08-9563388d7330/tenders/confirmations/c643d587-f4a7-486e-965c-6038507c25da/approve?terminalId=1e1015dc-f4d8-43e2-bdb3-c2a068fc81ba - application/json;+charset=utf-8 2
info: Microsoft.AspNetCore.Routing.EndpointMiddleware[0]
      Executing endpoint 'HTTP: POST /api/v1/terminals/{terminalId:guid}/billing/bills/{billId:guid}/tenders/confirmations/{confirmationId:guid}/approve'
info: Microsoft.AspNetCore.Routing.EndpointMiddleware[1]
      Executed endpoint 'HTTP: POST /api/v1/terminals/{terminalId:guid}/billing/bills/{billId:guid}/tenders/confirmations/{confirmationId:guid}/approve'
info: Microsoft.AspNetCore.Hosting.Diagnostics[2]
      Request finished HTTP/1.1 POST https://127.0.0.1:45923/api/v1/terminals/1e1015dc-f4d8-43e2-bdb3-c2a068fc81ba/billing/bills/254f4d22-71a5-4c33-8e08-9563388d7330/tenders/confirmations/c643d587-f4a7-486e-965c-6038507c25da/approve?terminalId=1e1015dc-f4d8-43e2-bdb3-c2a068fc81ba - 403 - application/json;+charset=utf-8 13.1159ms
info: Microsoft.AspNetCore.Hosting.Diagnostics[1]
      Request starting HTTP/1.1 POST http://127.0.0.1:45923/api/v1/terminals/fa8405d0-b6c9-488a-be19-e9e706329485/billing/bills/caafdb25-0eab-4e2c-9cb4-1833ee962caf/tenders/confirmations/9c3123c6-5862-4a42-82a4-89caab177364/reject?terminalId=fa8405d0-b6c9-488a-be19-e9e706329485 - application/json;+charset=utf-8 2
info: Microsoft.AspNetCore.Routing.EndpointMiddleware[0]
      Executing endpoint 'HTTP: POST /api/v1/terminals/{terminalId:guid}/billing/bills/{billId:guid}/tenders/confirmations/{confirmationId:guid}/reject'
info: Microsoft.AspNetCore.Routing.EndpointMiddleware[1]
      Executed endpoint 'HTTP: POST /api/v1/terminals/{terminalId:guid}/billing/bills/{billId:guid}/tenders/confirmations/{confirmationId:guid}/reject'
info: Microsoft.AspNetCore.Hosting.Diagnostics[2]
      Request finished HTTP/1.1 POST https://127.0.0.1:45923/api/v1/terminals/fa8405d0-b6c9-488a-be19-e9e706329485/billing/bills/caafdb25-0eab-4e2c-9cb4-1833ee962caf/tenders/confirmations/9c3123c6-5862-4a42-82a4-89caab177364/reject?terminalId=fa8405d0-b6c9-488a-be19-e9e706329485 - 403 - application/json;+charset=utf-8 9.5691ms
info: Microsoft.AspNetCore.Hosting.Diagnostics[1]
      Request starting HTTP/1.1 POST http://127.0.0.1:45923/api/v1/terminals/217bc48d-0d16-4b15-b6ff-23e8d0f5ed51/billing/bills/f58ef129-ed29-47fa-84e6-349f6a7b12d1/tenders/unsettled/bc16f4d8-57a8-41ac-b494-e62ae039fd96/card-charged?terminalId=217bc48d-0d16-4b15-b6ff-23e8d0f5ed51 - application/json;+charset=utf-8 2
info: Microsoft.AspNetCore.Routing.EndpointMiddleware[0]
      Executing endpoint 'HTTP: POST /api/v1/terminals/{terminalId:guid}/billing/bills/{billId:guid}/tenders/unsettled/{paymentId:guid}/card-charged'
info: Microsoft.AspNetCore.Routing.EndpointMiddleware[1]
      Executed endpoint 'HTTP: POST /api/v1/terminals/{terminalId:guid}/billing/bills/{billId:guid}/tenders/unsettled/{paymentId:guid}/card-charged'
info: Microsoft.AspNetCore.Hosting.Diagnostics[2]
      Request finished HTTP/1.1 POST https://127.0.0.1:45923/api/v1/terminals/217bc48d-0d16-4b15-b6ff-23e8d0f5ed51/billing/bills/f58ef129-ed29-47fa-84e6-349f6a7b12d1/tenders/unsettled/bc16f4d8-57a8-41ac-b494-e62ae039fd96/card-charged?terminalId=217bc48d-0d16-4b15-b6ff-23e8d0f5ed51 - 403 - application/json;+charset=utf-8 8.1428ms
info: Microsoft.AspNetCore.Hosting.Diagnostics[1]
      Request starting HTTP/1.1 POST http://127.0.0.1:45923/api/v1/terminals/f1cd231a-9d52-45e8-93be-963cb419971d/billing/bills/8369f837-0d3b-4ad1-8b21-247ab858a9dc/tenders/unsettled/59a90e50-6311-4587-b3cc-af95f695daad/not-charged?terminalId=f1cd231a-9d52-45e8-93be-963cb419971d - application/json;+charset=utf-8 2
info: Microsoft.AspNetCore.Routing.EndpointMiddleware[0]
      Executing endpoint 'HTTP: POST /api/v1/terminals/{terminalId:guid}/billing/bills/{billId:guid}/tenders/unsettled/{paymentId:guid}/not-charged'
info: Microsoft.AspNetCore.Routing.EndpointMiddleware[1]
      Executed endpoint 'HTTP: POST /api/v1/terminals/{terminalId:guid}/billing/bills/{billId:guid}/tenders/unsettled/{paymentId:guid}/not-charged'
info: Microsoft.AspNetCore.Hosting.Diagnostics[2]
      Request finished HTTP/1.1 POST https://127.0.0.1:45923/api/v1/terminals/f1cd231a-9d52-45e8-93be-963cb419971d/billing/bills/8369f837-0d3b-4ad1-8b21-247ab858a9dc/tenders/unsettled/59a90e50-6311-4587-b3cc-af95f695daad/not-charged?terminalId=f1cd231a-9d52-45e8-93be-963cb419971d - 403 - application/json;+charset=utf-8 10.0876ms
info: Microsoft.AspNetCore.Hosting.Diagnostics[1]
      Request starting HTTP/1.1 POST http://127.0.0.1:45923/api/v1/terminals/b7a59884-6450-4f09-94ee-3f8161f8d1eb/billing/bills/e779dca4-f260-46fa-85e5-28c4c5fbbbd7/tip?terminalId=b7a59884-6450-4f09-94ee-3f8161f8d1eb - application/json;+charset=utf-8 2
info: Microsoft.AspNetCore.Routing.EndpointMiddleware[0]
      Executing endpoint 'HTTP: POST /api/v1/terminals/{terminalId:guid}/billing/bills/{billId:guid}/tip'
info: Microsoft.AspNetCore.Http.Result.JsonResult[1]
      Setting HTTP status code 403.
info: Microsoft.AspNetCore.Http.Result.JsonResult[3]
      Writing value of type 'BillingSplitErrorEnvelope' as Json.
info: Microsoft.AspNetCore.Routing.EndpointMiddleware[1]
      Executed endpoint 'HTTP: POST /api/v1/terminals/{terminalId:guid}/billing/bills/{billId:guid}/tip'
info: Microsoft.AspNetCore.Hosting.Diagnostics[2]
      Request finished HTTP/1.1 POST https://127.0.0.1:45923/api/v1/terminals/b7a59884-6450-4f09-94ee-3f8161f8d1eb/billing/bills/e779dca4-f260-46fa-85e5-28c4c5fbbbd7/tip?terminalId=b7a59884-6450-4f09-94ee-3f8161f8d1eb - 403 - application/json;+charset=utf-8 11.0623ms
info: Microsoft.AspNetCore.Hosting.Diagnostics[1]
      Request starting HTTP/1.1 POST http://127.0.0.1:45923/api/v1/terminals/1617b24d-9fc5-4d6d-8bce-dc37d931ce9c/cash-sessions/?terminalId=1617b24d-9fc5-4d6d-8bce-dc37d931ce9c - application/json;+charset=utf-8 2
info: Microsoft.AspNetCore.Routing.EndpointMiddleware[0]
      Executing endpoint 'HTTP: POST /api/v1/terminals/{terminalId:guid}/cash-sessions/'
info: Microsoft.AspNetCore.Http.Result.CreatedResult[1]
      Setting HTTP status code 201.
info: Microsoft.AspNetCore.Http.Result.CreatedResult[3]
      Writing value of type 'CashSessionSnapshot' as Json.
info: Microsoft.AspNetCore.Routing.EndpointMiddleware[1]
      Executed endpoint 'HTTP: POST /api/v1/terminals/{terminalId:guid}/cash-sessions/'
info: Microsoft.AspNetCore.Hosting.Diagnostics[2]
      Request finished HTTP/1.1 POST https://127.0.0.1:45923/api/v1/terminals/1617b24d-9fc5-4d6d-8bce-dc37d931ce9c/cash-sessions/?terminalId=1617b24d-9fc5-4d6d-8bce-dc37d931ce9c - 201 - application/json;+charset=utf-8 39.3792ms
info: Microsoft.AspNetCore.Hosting.Diagnostics[1]
      Request starting HTTP/1.1 POST http://127.0.0.1:45923/api/v1/terminals/b6cc39a5-eb95-4193-8752-fd6544cbe579/cash-sessions/00d57612-55a5-4662-8855-02ac6fd7219f/cash-movements?terminalId=b6cc39a5-eb95-4193-8752-fd6544cbe579 - application/json;+charset=utf-8 2
info: Microsoft.AspNetCore.Routing.EndpointMiddleware[0]
      Executing endpoint 'HTTP: POST /api/v1/terminals/{terminalId:guid}/cash-sessions/{cashSessionId:guid}/cash-movements'
info: Microsoft.AspNetCore.Routing.EndpointMiddleware[1]
      Executed endpoint 'HTTP: POST /api/v1/terminals/{terminalId:guid}/cash-sessions/{cashSessionId:guid}/cash-movements'
info: Microsoft.AspNetCore.Hosting.Diagnostics[2]
      Request finished HTTP/1.1 POST https://127.0.0.1:45923/api/v1/terminals/b6cc39a5-eb95-4193-8752-fd6544cbe579/cash-sessions/00d57612-55a5-4662-8855-02ac6fd7219f/cash-movements?terminalId=b6cc39a5-eb95-4193-8752-fd6544cbe579 - 400 - application/json;+charset=utf-8 6.6798ms
info: Microsoft.AspNetCore.Hosting.Diagnostics[1]
      Request starting HTTP/1.1 POST http://127.0.0.1:45923/api/v1/terminals/cd03c782-24da-4857-92c5-ca1b0b0e1339/cash-sessions/293240c6-5d24-42eb-8bc7-d0b23dedb1b8/cash-tender?terminalId=cd03c782-24da-4857-92c5-ca1b0b0e1339 - application/json;+charset=utf-8 2
info: Microsoft.AspNetCore.Routing.EndpointMiddleware[0]
      Executing endpoint 'HTTP: POST /api/v1/terminals/{terminalId:guid}/cash-sessions/{cashSessionId:guid}/cash-tender'
info: Microsoft.AspNetCore.Routing.EndpointMiddleware[1]
      Executed endpoint 'HTTP: POST /api/v1/terminals/{terminalId:guid}/cash-sessions/{cashSessionId:guid}/cash-tender'
info: Microsoft.AspNetCore.Hosting.Diagnostics[2]
      Request finished HTTP/1.1 POST https://127.0.0.1:45923/api/v1/terminals/cd03c782-24da-4857-92c5-ca1b0b0e1339/cash-sessions/293240c6-5d24-42eb-8bc7-d0b23dedb1b8/cash-tender?terminalId=cd03c782-24da-4857-92c5-ca1b0b0e1339 - 400 - application/json;+charset=utf-8 15.6924ms
info: Microsoft.AspNetCore.Hosting.Diagnostics[1]
      Request starting HTTP/1.1 POST http://127.0.0.1:45923/api/v1/terminals/cbc176de-3a5c-46e8-8c6c-ef0a01b74d00/cash-sessions/02d38ae5-533b-45e3-b4fd-a767f2a52b69/close?terminalId=cbc176de-3a5c-46e8-8c6c-ef0a01b74d00 - application/json;+charset=utf-8 2
info: Microsoft.AspNetCore.Routing.EndpointMiddleware[0]
      Executing endpoint 'HTTP: POST /api/v1/terminals/{terminalId:guid}/cash-sessions/{cashSessionId:guid}/close'
info: Microsoft.AspNetCore.Routing.EndpointMiddleware[1]
      Executed endpoint 'HTTP: POST /api/v1/terminals/{terminalId:guid}/cash-sessions/{cashSessionId:guid}/close'
info: Microsoft.AspNetCore.Hosting.Diagnostics[2]
      Request finished HTTP/1.1 POST https://127.0.0.1:45923/api/v1/terminals/cbc176de-3a5c-46e8-8c6c-ef0a01b74d00/cash-sessions/02d38ae5-533b-45e3-b4fd-a767f2a52b69/close?terminalId=cbc176de-3a5c-46e8-8c6c-ef0a01b74d00 - 404 - application/json;+charset=utf-8 18.7271ms
info: Microsoft.AspNetCore.Hosting.Diagnostics[1]
      Request starting HTTP/1.1 POST http://127.0.0.1:45923/api/v1/terminals/58ff77a2-f634-41a8-a358-32ec08f84882/cash-sessions/5bff8e71-5683-4cc1-af30-b9505d87620c/counts?terminalId=58ff77a2-f634-41a8-a358-32ec08f84882 - application/json;+charset=utf-8 2
info: Microsoft.AspNetCore.Routing.EndpointMiddleware[0]
      Executing endpoint 'HTTP: POST /api/v1/terminals/{terminalId:guid}/cash-sessions/{cashSessionId:guid}/counts'
info: Microsoft.AspNetCore.Routing.EndpointMiddleware[1]
      Executed endpoint 'HTTP: POST /api/v1/terminals/{terminalId:guid}/cash-sessions/{cashSessionId:guid}/counts'
info: Microsoft.AspNetCore.Hosting.Diagnostics[2]
      Request finished HTTP/1.1 POST https://127.0.0.1:45923/api/v1/terminals/58ff77a2-f634-41a8-a358-32ec08f84882/cash-sessions/5bff8e71-5683-4cc1-af30-b9505d87620c/counts?terminalId=58ff77a2-f634-41a8-a358-32ec08f84882 - 404 - application/json;+charset=utf-8 9.2213ms
info: Microsoft.AspNetCore.Hosting.Diagnostics[1]
      Request starting HTTP/1.1 POST http://127.0.0.1:45923/api/v1/terminals/310fa1dc-45e4-452c-a10c-e188d771d59a/cash-sessions/c747ba19-f829-49c8-86f9-3b0369aa10f3/reconcile?terminalId=310fa1dc-45e4-452c-a10c-e188d771d59a - application/json;+charset=utf-8 2
info: Microsoft.AspNetCore.Routing.EndpointMiddleware[0]
      Executing endpoint 'HTTP: POST /api/v1/terminals/{terminalId:guid}/cash-sessions/{cashSessionId:guid}/reconcile'
info: Microsoft.AspNetCore.Routing.EndpointMiddleware[1]
      Executed endpoint 'HTTP: POST /api/v1/terminals/{terminalId:guid}/cash-sessions/{cashSessionId:guid}/reconcile'
info: Microsoft.AspNetCore.Hosting.Diagnostics[2]
      Request finished HTTP/1.1 POST https://127.0.0.1:45923/api/v1/terminals/310fa1dc-45e4-452c-a10c-e188d771d59a/cash-sessions/c747ba19-f829-49c8-86f9-3b0369aa10f3/reconcile?terminalId=310fa1dc-45e4-452c-a10c-e188d771d59a - 404 - application/json;+charset=utf-8 8.6959ms
info: Microsoft.AspNetCore.Hosting.Diagnostics[1]
      Request starting HTTP/1.1 POST http://127.0.0.1:45923/api/v1/terminals/93218d45-9c7c-4b44-b24c-d3194aaac560/cash-sessions/bf78fb14-ef38-4d25-9131-97f36e569770/start-count?terminalId=93218d45-9c7c-4b44-b24c-d3194aaac560 - application/json;+charset=utf-8 2
info: Microsoft.AspNetCore.Routing.EndpointMiddleware[0]
      Executing endpoint 'HTTP: POST /api/v1/terminals/{terminalId:guid}/cash-sessions/{cashSessionId:guid}/start-count'
info: Microsoft.AspNetCore.Routing.EndpointMiddleware[1]
      Executed endpoint 'HTTP: POST /api/v1/terminals/{terminalId:guid}/cash-sessions/{cashSessionId:guid}/start-count'
info: Microsoft.AspNetCore.Hosting.Diagnostics[2]
      Request finished HTTP/1.1 POST https://127.0.0.1:45923/api/v1/terminals/93218d45-9c7c-4b44-b24c-d3194aaac560/cash-sessions/bf78fb14-ef38-4d25-9131-97f36e569770/start-count?terminalId=93218d45-9c7c-4b44-b24c-d3194aaac560 - 404 - application/json;+charset=utf-8 9.0276ms
info: Microsoft.AspNetCore.Hosting.Diagnostics[1]
      Request starting HTTP/1.1 POST http://127.0.0.1:45923/api/v1/terminals/871addc8-f015-4522-ba0b-b9241ab62ff4/display-sessions/revoke?terminalId=871addc8-f015-4522-ba0b-b9241ab62ff4 - application/json;+charset=utf-8 2
info: Microsoft.AspNetCore.Routing.EndpointMiddleware[0]
      Executing endpoint 'HTTP: POST /api/v1/terminals/{terminalId:guid}/display-sessions/revoke'
info: Microsoft.AspNetCore.Http.Result.OkObjectResult[1]
      Setting HTTP status code 200.
info: Microsoft.AspNetCore.Http.Result.OkObjectResult[3]
      Writing value of type '<>f__AnonymousType13`1' as Json.
info: Microsoft.AspNetCore.Routing.EndpointMiddleware[1]
      Executed endpoint 'HTTP: POST /api/v1/terminals/{terminalId:guid}/display-sessions/revoke'
info: Microsoft.AspNetCore.Hosting.Diagnostics[2]
      Request finished HTTP/1.1 POST https://127.0.0.1:45923/api/v1/terminals/871addc8-f015-4522-ba0b-b9241ab62ff4/display-sessions/revoke?terminalId=871addc8-f015-4522-ba0b-b9241ab62ff4 - 200 - application/json;+charset=utf-8 9.1654ms
info: Microsoft.AspNetCore.Hosting.Diagnostics[1]
      Request starting HTTP/1.1 POST http://127.0.0.1:45923/api/v1/terminals/49f219ea-36f8-4062-a1be-3a4bbcf5df53/help-requests/?terminalId=49f219ea-36f8-4062-a1be-3a4bbcf5df53 - application/json;+charset=utf-8 2
info: Microsoft.AspNetCore.Routing.EndpointMiddleware[0]
      Executing endpoint 'HTTP: POST /api/v1/terminals/{terminalId:guid}/help-requests/'
info: Microsoft.AspNetCore.Http.Result.BadRequestObjectResult[1]
      Setting HTTP status code 400.
info: Microsoft.AspNetCore.Http.Result.BadRequestObjectResult[3]
      Writing value of type '<>f__AnonymousType5`1' as Json.
info: Microsoft.AspNetCore.Routing.EndpointMiddleware[1]
      Executed endpoint 'HTTP: POST /api/v1/terminals/{terminalId:guid}/help-requests/'
info: Microsoft.AspNetCore.Hosting.Diagnostics[2]
      Request finished HTTP/1.1 POST https://127.0.0.1:45923/api/v1/terminals/49f219ea-36f8-4062-a1be-3a4bbcf5df53/help-requests/?terminalId=49f219ea-36f8-4062-a1be-3a4bbcf5df53 - 400 - application/json;+charset=utf-8 5.9176ms
info: Microsoft.AspNetCore.Hosting.Diagnostics[1]
      Request starting HTTP/1.1 POST http://127.0.0.1:45923/api/v1/terminals/d3a5b7d7-3c60-4688-8d27-af7d3b65df7f/kitchen-operations/deliveries/79af37be-977d-4517-a468-b06c2e46f869/reprint-approval?terminalId=d3a5b7d7-3c60-4688-8d27-af7d3b65df7f - application/json;+charset=utf-8 2
info: Microsoft.AspNetCore.Routing.EndpointMiddleware[0]
      Executing endpoint 'HTTP: POST /api/v1/terminals/{terminalId:guid}/kitchen-operations/deliveries/{deliveryId:guid}/reprint-approval'
info: Microsoft.AspNetCore.Http.Result.JsonResult[1]
      Setting HTTP status code 403.
info: Microsoft.AspNetCore.Http.Result.JsonResult[3]
      Writing value of type 'KitchenOperationsErrorEnvelopeV1' as Json.
info: Microsoft.AspNetCore.Routing.EndpointMiddleware[1]
      Executed endpoint 'HTTP: POST /api/v1/terminals/{terminalId:guid}/kitchen-operations/deliveries/{deliveryId:guid}/reprint-approval'
info: Microsoft.AspNetCore.Hosting.Diagnostics[2]
      Request finished HTTP/1.1 POST https://127.0.0.1:45923/api/v1/terminals/d3a5b7d7-3c60-4688-8d27-af7d3b65df7f/kitchen-operations/deliveries/79af37be-977d-4517-a468-b06c2e46f869/reprint-approval?terminalId=d3a5b7d7-3c60-4688-8d27-af7d3b65df7f - 403 - application/json;+charset=utf-8 24.7304ms
info: Microsoft.AspNetCore.Hosting.Diagnostics[1]
      Request starting HTTP/1.1 POST http://127.0.0.1:45923/api/v1/terminals/c89a75ff-2c7b-4544-9405-fa93d18c21a4/kitchen-operations/deliveries/bb0c4fbe-7b09-4e49-9c4f-faeaaabe8d9c/reprint-rejection?terminalId=c89a75ff-2c7b-4544-9405-fa93d18c21a4 - application/json;+charset=utf-8 2
info: Microsoft.AspNetCore.Routing.EndpointMiddleware[0]
      Executing endpoint 'HTTP: POST /api/v1/terminals/{terminalId:guid}/kitchen-operations/deliveries/{deliveryId:guid}/reprint-rejection'
info: Microsoft.AspNetCore.Http.Result.JsonResult[1]
      Setting HTTP status code 403.
info: Microsoft.AspNetCore.Http.Result.JsonResult[3]
      Writing value of type 'KitchenOperationsErrorEnvelopeV1' as Json.
info: Microsoft.AspNetCore.Routing.EndpointMiddleware[1]
      Executed endpoint 'HTTP: POST /api/v1/terminals/{terminalId:guid}/kitchen-operations/deliveries/{deliveryId:guid}/reprint-rejection'
info: Microsoft.AspNetCore.Hosting.Diagnostics[2]
      Request finished HTTP/1.1 POST https://127.0.0.1:45923/api/v1/terminals/c89a75ff-2c7b-4544-9405-fa93d18c21a4/kitchen-operations/deliveries/bb0c4fbe-7b09-4e49-9c4f-faeaaabe8d9c/reprint-rejection?terminalId=c89a75ff-2c7b-4544-9405-fa93d18c21a4 - 403 - application/json;+charset=utf-8 12.2066ms
info: Microsoft.AspNetCore.Hosting.Diagnostics[1]
      Request starting HTTP/1.1 POST http://127.0.0.1:45923/api/v1/terminals/32cbaf24-ad62-4063-baa0-11fc5ddc1f16/kitchen-operations/operations/backups?terminalId=32cbaf24-ad62-4063-baa0-11fc5ddc1f16 - application/json;+charset=utf-8 2
info: Microsoft.AspNetCore.Routing.EndpointMiddleware[0]
      Executing endpoint 'HTTP: POST /api/v1/terminals/{terminalId:guid}/kitchen-operations/operations/backups'
info: Microsoft.AspNetCore.Http.Result.JsonResult[1]
      Setting HTTP status code 403.
info: Microsoft.AspNetCore.Http.Result.JsonResult[3]
      Writing value of type 'KitchenOperationsErrorEnvelopeV1' as Json.
info: Microsoft.AspNetCore.Routing.EndpointMiddleware[1]
      Executed endpoint 'HTTP: POST /api/v1/terminals/{terminalId:guid}/kitchen-operations/operations/backups'
info: Microsoft.AspNetCore.Hosting.Diagnostics[2]
      Request finished HTTP/1.1 POST https://127.0.0.1:45923/api/v1/terminals/32cbaf24-ad62-4063-baa0-11fc5ddc1f16/kitchen-operations/operations/backups?terminalId=32cbaf24-ad62-4063-baa0-11fc5ddc1f16 - 403 - application/json;+charset=utf-8 13.2946ms
info: Microsoft.AspNetCore.Hosting.Diagnostics[1]
      Request starting HTTP/1.1 PUT http://127.0.0.1:45923/api/v1/terminals/4f38d277-14c9-4f94-aab2-45db7c192d6f/kitchen-operations/printers/4b4b0013-d3f2-4d29-a11d-30f62ac81a3b?terminalId=4f38d277-14c9-4f94-aab2-45db7c192d6f - application/json;+charset=utf-8 2
info: Microsoft.AspNetCore.Routing.EndpointMiddleware[0]
      Executing endpoint 'HTTP: PUT /api/v1/terminals/{terminalId:guid}/kitchen-operations/printers/{printerId:guid}'
info: Microsoft.AspNetCore.Http.Result.JsonResult[1]
      Setting HTTP status code 403.
info: Microsoft.AspNetCore.Http.Result.JsonResult[3]
      Writing value of type 'KitchenOperationsErrorEnvelopeV1' as Json.
info: Microsoft.AspNetCore.Routing.EndpointMiddleware[1]
      Executed endpoint 'HTTP: PUT /api/v1/terminals/{terminalId:guid}/kitchen-operations/printers/{printerId:guid}'
info: Microsoft.AspNetCore.Hosting.Diagnostics[2]
      Request finished HTTP/1.1 PUT https://127.0.0.1:45923/api/v1/terminals/4f38d277-14c9-4f94-aab2-45db7c192d6f/kitchen-operations/printers/4b4b0013-d3f2-4d29-a11d-30f62ac81a3b?terminalId=4f38d277-14c9-4f94-aab2-45db7c192d6f - 403 - application/json;+charset=utf-8 6.5484ms
info: Microsoft.AspNetCore.Hosting.Diagnostics[1]
      Request starting HTTP/1.1 POST http://127.0.0.1:45923/api/v1/terminals/2d59d50c-8189-460d-87b4-e7aabf4e348a/kitchen-operations/products/9e7a001e-bd4b-4b3b-992e-1aca80c277b3/suspend?terminalId=2d59d50c-8189-460d-87b4-e7aabf4e348a - application/json;+charset=utf-8 2
info: Microsoft.AspNetCore.Routing.EndpointMiddleware[0]
      Executing endpoint 'HTTP: POST /api/v1/terminals/{terminalId:guid}/kitchen-operations/products/{productId:guid}/suspend'
info: Microsoft.AspNetCore.Http.Result.JsonResult[1]
      Setting HTTP status code 403.
info: Microsoft.AspNetCore.Http.Result.JsonResult[3]
      Writing value of type 'KitchenOperationsErrorEnvelopeV1' as Json.
info: Microsoft.AspNetCore.Routing.EndpointMiddleware[1]
      Executed endpoint 'HTTP: POST /api/v1/terminals/{terminalId:guid}/kitchen-operations/products/{productId:guid}/suspend'
info: Microsoft.AspNetCore.Hosting.Diagnostics[2]
      Request finished HTTP/1.1 POST https://127.0.0.1:45923/api/v1/terminals/2d59d50c-8189-460d-87b4-e7aabf4e348a/kitchen-operations/products/9e7a001e-bd4b-4b3b-992e-1aca80c277b3/suspend?terminalId=2d59d50c-8189-460d-87b4-e7aabf4e348a - 403 - application/json;+charset=utf-8 5.7168ms
info: Microsoft.AspNetCore.Hosting.Diagnostics[1]
      Request starting HTTP/1.1 POST http://127.0.0.1:45923/api/v1/terminals/b4367f1f-fc7f-4240-8c89-fbd784978d82/kitchen-operations/routes/a94b6796-85e3-4491-90f5-34b9c4cd4af4?terminalId=b4367f1f-fc7f-4240-8c89-fbd784978d82 - application/json;+charset=utf-8 2
info: Microsoft.AspNetCore.Routing.EndpointMiddleware[0]
      Executing endpoint 'HTTP: POST /api/v1/terminals/{terminalId:guid}/kitchen-operations/routes/{routeId:guid}'
info: Microsoft.AspNetCore.Http.Result.JsonResult[1]
      Setting HTTP status code 403.
info: Microsoft.AspNetCore.Http.Result.JsonResult[3]
      Writing value of type 'KitchenOperationsErrorEnvelopeV1' as Json.
info: Microsoft.AspNetCore.Routing.EndpointMiddleware[1]
      Executed endpoint 'HTTP: POST /api/v1/terminals/{terminalId:guid}/kitchen-operations/routes/{routeId:guid}'
info: Microsoft.AspNetCore.Hosting.Diagnostics[2]
      Request finished HTTP/1.1 POST https://127.0.0.1:45923/api/v1/terminals/b4367f1f-fc7f-4240-8c89-fbd784978d82/kitchen-operations/routes/a94b6796-85e3-4491-90f5-34b9c4cd4af4?terminalId=b4367f1f-fc7f-4240-8c89-fbd784978d82 - 403 - application/json;+charset=utf-8 7.9435ms
info: Microsoft.AspNetCore.Hosting.Diagnostics[1]
      Request starting HTTP/1.1 PUT http://127.0.0.1:45923/api/v1/terminals/8b1ff81d-99dc-4492-beba-5cc57a073f72/kitchen-operations/routes/dbc2202f-54b8-4e5f-82e9-527fcdb6dc74?terminalId=8b1ff81d-99dc-4492-beba-5cc57a073f72 - application/json;+charset=utf-8 2
info: Microsoft.AspNetCore.Routing.EndpointMiddleware[0]
      Executing endpoint 'HTTP: PUT /api/v1/terminals/{terminalId:guid}/kitchen-operations/routes/{routeId:guid}'
info: Microsoft.AspNetCore.Http.Result.JsonResult[1]
      Setting HTTP status code 403.
info: Microsoft.AspNetCore.Http.Result.JsonResult[3]
      Writing value of type 'KitchenOperationsErrorEnvelopeV1' as Json.
info: Microsoft.AspNetCore.Routing.EndpointMiddleware[1]
      Executed endpoint 'HTTP: PUT /api/v1/terminals/{terminalId:guid}/kitchen-operations/routes/{routeId:guid}'
info: Microsoft.AspNetCore.Hosting.Diagnostics[2]
      Request finished HTTP/1.1 PUT https://127.0.0.1:45923/api/v1/terminals/8b1ff81d-99dc-4492-beba-5cc57a073f72/kitchen-operations/routes/dbc2202f-54b8-4e5f-82e9-527fcdb6dc74?terminalId=8b1ff81d-99dc-4492-beba-5cc57a073f72 - 403 - application/json;+charset=utf-8 5.2852ms
info: Microsoft.AspNetCore.Hosting.Diagnostics[1]
      Request starting HTTP/1.1 POST http://127.0.0.1:45923/api/v1/terminals/62a86731-6a39-46c0-8935-f2775f54b872/kitchen-operations/tickets/29b1a89c-2d36-47b0-90ac-5ff4f5576278/items/ea331c84-86e8-46af-a260-d7de5166c95a/transition?terminalId=62a86731-6a39-46c0-8935-f2775f54b872 - application/json;+charset=utf-8 2
info: Microsoft.AspNetCore.Routing.EndpointMiddleware[0]
      Executing endpoint 'HTTP: POST /api/v1/terminals/{terminalId:guid}/kitchen-operations/tickets/{ticketId:guid}/items/{itemId:guid}/transition'
info: Microsoft.AspNetCore.Http.Result.JsonResult[1]
      Setting HTTP status code 403.
info: Microsoft.AspNetCore.Http.Result.JsonResult[3]
      Writing value of type 'KitchenOperationsErrorEnvelopeV1' as Json.
info: Microsoft.AspNetCore.Routing.EndpointMiddleware[1]
      Executed endpoint 'HTTP: POST /api/v1/terminals/{terminalId:guid}/kitchen-operations/tickets/{ticketId:guid}/items/{itemId:guid}/transition'
info: Microsoft.AspNetCore.Hosting.Diagnostics[2]
      Request finished HTTP/1.1 POST https://127.0.0.1:45923/api/v1/terminals/62a86731-6a39-46c0-8935-f2775f54b872/kitchen-operations/tickets/29b1a89c-2d36-47b0-90ac-5ff4f5576278/items/ea331c84-86e8-46af-a260-d7de5166c95a/transition?terminalId=62a86731-6a39-46c0-8935-f2775f54b872 - 403 - application/json;+charset=utf-8 10.3252ms
info: Microsoft.AspNetCore.Hosting.Diagnostics[1]
      Request starting HTTP/1.1 POST http://127.0.0.1:45923/api/v1/terminals/1cf0a66e-d440-4b81-aeac-68ee4255f9c2/kitchen-operations/tickets/3e9bada4-9a59-41df-9c49-ebb4e0bd4aaa/items/d83f7022-a0ed-4d61-aabb-3cd6bd875f59/undo?terminalId=1cf0a66e-d440-4b81-aeac-68ee4255f9c2 - application/json;+charset=utf-8 2
info: Microsoft.AspNetCore.Routing.EndpointMiddleware[0]
      Executing endpoint 'HTTP: POST /api/v1/terminals/{terminalId:guid}/kitchen-operations/tickets/{ticketId:guid}/items/{itemId:guid}/undo'
info: Microsoft.AspNetCore.Http.Result.JsonResult[1]
      Setting HTTP status code 403.
info: Microsoft.AspNetCore.Http.Result.JsonResult[3]
      Writing value of type 'KitchenOperationsErrorEnvelopeV1' as Json.
info: Microsoft.AspNetCore.Routing.EndpointMiddleware[1]
      Executed endpoint 'HTTP: POST /api/v1/terminals/{terminalId:guid}/kitchen-operations/tickets/{ticketId:guid}/items/{itemId:guid}/undo'
info: Microsoft.AspNetCore.Hosting.Diagnostics[2]
      Request finished HTTP/1.1 POST https://127.0.0.1:45923/api/v1/terminals/1cf0a66e-d440-4b81-aeac-68ee4255f9c2/kitchen-operations/tickets/3e9bada4-9a59-41df-9c49-ebb4e0bd4aaa/items/d83f7022-a0ed-4d61-aabb-3cd6bd875f59/undo?terminalId=1cf0a66e-d440-4b81-aeac-68ee4255f9c2 - 403 - application/json;+charset=utf-8 8.2909ms
info: Microsoft.AspNetCore.Hosting.Diagnostics[1]
      Request starting HTTP/1.1 POST http://127.0.0.1:45923/api/v1/terminals/03ab6397-2829-4e45-9e7b-dfe5ba659a4b/kitchen-operations/tickets/140ac6f4-db8c-4062-bffc-a4c1dfa3cd13/transition?terminalId=03ab6397-2829-4e45-9e7b-dfe5ba659a4b - application/json;+charset=utf-8 2
info: Microsoft.AspNetCore.Routing.EndpointMiddleware[0]
      Executing endpoint 'HTTP: POST /api/v1/terminals/{terminalId:guid}/kitchen-operations/tickets/{ticketId:guid}/transition'
info: Microsoft.AspNetCore.Http.Result.JsonResult[1]
      Setting HTTP status code 403.
info: Microsoft.AspNetCore.Http.Result.JsonResult[3]
      Writing value of type 'KitchenOperationsErrorEnvelopeV1' as Json.
info: Microsoft.AspNetCore.Routing.EndpointMiddleware[1]
      Executed endpoint 'HTTP: POST /api/v1/terminals/{terminalId:guid}/kitchen-operations/tickets/{ticketId:guid}/transition'
info: Microsoft.AspNetCore.Hosting.Diagnostics[2]
      Request finished HTTP/1.1 POST https://127.0.0.1:45923/api/v1/terminals/03ab6397-2829-4e45-9e7b-dfe5ba659a4b/kitchen-operations/tickets/140ac6f4-db8c-4062-bffc-a4c1dfa3cd13/transition?terminalId=03ab6397-2829-4e45-9e7b-dfe5ba659a4b - 403 - application/json;+charset=utf-8 7.3570ms
info: Microsoft.AspNetCore.Hosting.Diagnostics[1]
      Request starting HTTP/1.1 POST http://127.0.0.1:45923/api/v1/terminals/ae00083d-10c0-49fb-a5ae-96999cf809fa/offline-reconciliation/?terminalId=ae00083d-10c0-49fb-a5ae-96999cf809fa - application/json;+charset=utf-8 2
info: Microsoft.AspNetCore.Routing.EndpointMiddleware[0]
      Executing endpoint 'HTTP: POST /api/v1/terminals/{terminalId:guid}/offline-reconciliation/'
info: Microsoft.AspNetCore.Http.Result.JsonResult[1]
      Setting HTTP status code 404.
info: Microsoft.AspNetCore.Http.Result.JsonResult[3]
      Writing value of type 'OfflineReconciliationErrorV1' as Json.
info: Microsoft.AspNetCore.Routing.EndpointMiddleware[1]
      Executed endpoint 'HTTP: POST /api/v1/terminals/{terminalId:guid}/offline-reconciliation/'
info: Microsoft.AspNetCore.Hosting.Diagnostics[2]
      Request finished HTTP/1.1 POST https://127.0.0.1:45923/api/v1/terminals/ae00083d-10c0-49fb-a5ae-96999cf809fa/offline-reconciliation/?terminalId=ae00083d-10c0-49fb-a5ae-96999cf809fa - 404 - application/json;+charset=utf-8 12.9028ms
info: Microsoft.AspNetCore.Hosting.Diagnostics[1]
      Request starting HTTP/1.1 PUT http://127.0.0.1:45923/api/v1/terminals/67a89097-c2ea-4f0c-942f-177c5451c985/online-menu/probe/mappings/94ecf7c8-2019-4dea-b341-6e96717d4d7d?terminalId=67a89097-c2ea-4f0c-942f-177c5451c985 - application/json;+charset=utf-8 2
info: Microsoft.AspNetCore.Routing.EndpointMiddleware[0]
      Executing endpoint 'HTTP: PUT /api/v1/terminals/{terminalId:guid}/online-menu/{provider}/mappings/{productId:guid}'
info: Microsoft.AspNetCore.Http.Result.JsonResult[1]
      Setting HTTP status code 403.
info: Microsoft.AspNetCore.Http.Result.JsonResult[3]
      Writing value of type '<>f__AnonymousType5`1' as Json.
info: Microsoft.AspNetCore.Routing.EndpointMiddleware[1]
      Executed endpoint 'HTTP: PUT /api/v1/terminals/{terminalId:guid}/online-menu/{provider}/mappings/{productId:guid}'
info: Microsoft.AspNetCore.Hosting.Diagnostics[2]
      Request finished HTTP/1.1 PUT https://127.0.0.1:45923/api/v1/terminals/67a89097-c2ea-4f0c-942f-177c5451c985/online-menu/probe/mappings/94ecf7c8-2019-4dea-b341-6e96717d4d7d?terminalId=67a89097-c2ea-4f0c-942f-177c5451c985 - 403 - application/json;+charset=utf-8 12.1967ms
info: Microsoft.AspNetCore.Hosting.Diagnostics[1]
      Request starting HTTP/1.1 DELETE http://127.0.0.1:45923/api/v1/terminals/ad053131-21e9-4020-9a0d-0eabe92e0389/online-menu/probe/mappings/a8e3f443-f2a5-49ae-a8e7-f927ebd0df98?terminalId=ad053131-21e9-4020-9a0d-0eabe92e0389 - application/json;+charset=utf-8 2
info: Microsoft.AspNetCore.Routing.EndpointMiddleware[0]
      Executing endpoint 'HTTP: DELETE /api/v1/terminals/{terminalId:guid}/online-menu/{provider}/mappings/{productId:guid}'
info: Microsoft.AspNetCore.Http.Result.JsonResult[1]
      Setting HTTP status code 403.
info: Microsoft.AspNetCore.Http.Result.JsonResult[3]
      Writing value of type '<>f__AnonymousType5`1' as Json.
info: Microsoft.AspNetCore.Routing.EndpointMiddleware[1]
      Executed endpoint 'HTTP: DELETE /api/v1/terminals/{terminalId:guid}/online-menu/{provider}/mappings/{productId:guid}'
info: Microsoft.AspNetCore.Hosting.Diagnostics[2]
      Request finished HTTP/1.1 DELETE https://127.0.0.1:45923/api/v1/terminals/ad053131-21e9-4020-9a0d-0eabe92e0389/online-menu/probe/mappings/a8e3f443-f2a5-49ae-a8e7-f927ebd0df98?terminalId=ad053131-21e9-4020-9a0d-0eabe92e0389 - 403 - application/json;+charset=utf-8 8.9016ms
info: Microsoft.AspNetCore.Hosting.Diagnostics[1]
      Request starting HTTP/1.1 POST http://127.0.0.1:45923/api/v1/terminals/970d7856-881f-4eef-a6ff-45c919d895be/online-operations/orders/e5ba644d-ff24-4296-98ce-4d8f1521c8bd/cancel?terminalId=970d7856-881f-4eef-a6ff-45c919d895be - application/json;+charset=utf-8 2
info: Microsoft.AspNetCore.Routing.EndpointMiddleware[0]
      Executing endpoint 'HTTP: POST /api/v1/terminals/{terminalId:guid}/online-operations/orders/{orderId:guid}/cancel'
info: Microsoft.AspNetCore.Http.Result.JsonResult[1]
      Setting HTTP status code 403.
info: Microsoft.AspNetCore.Http.Result.JsonResult[3]
      Writing value of type '<>f__AnonymousType5`1' as Json.
info: Microsoft.AspNetCore.Routing.EndpointMiddleware[1]
      Executed endpoint 'HTTP: POST /api/v1/terminals/{terminalId:guid}/online-operations/orders/{orderId:guid}/cancel'
info: Microsoft.AspNetCore.Hosting.Diagnostics[2]
      Request finished HTTP/1.1 POST https://127.0.0.1:45923/api/v1/terminals/970d7856-881f-4eef-a6ff-45c919d895be/online-operations/orders/e5ba644d-ff24-4296-98ce-4d8f1521c8bd/cancel?terminalId=970d7856-881f-4eef-a6ff-45c919d895be - 403 - application/json;+charset=utf-8 11.3170ms
info: Microsoft.AspNetCore.Hosting.Diagnostics[1]
      Request starting HTTP/1.1 POST http://127.0.0.1:45923/api/v1/terminals/7647b2a9-13da-4277-b832-db44699751f9/online-operations/orders/dbce768f-8414-49f9-a1a2-d9508a242cf1/hand-over?terminalId=7647b2a9-13da-4277-b832-db44699751f9 - application/json;+charset=utf-8 2
info: Microsoft.AspNetCore.Routing.EndpointMiddleware[0]
      Executing endpoint 'HTTP: POST /api/v1/terminals/{terminalId:guid}/online-operations/orders/{orderId:guid}/hand-over'
info: Microsoft.AspNetCore.Http.Result.JsonResult[1]
      Setting HTTP status code 403.
info: Microsoft.AspNetCore.Http.Result.JsonResult[3]
      Writing value of type '<>f__AnonymousType5`1' as Json.
info: Microsoft.AspNetCore.Routing.EndpointMiddleware[1]
      Executed endpoint 'HTTP: POST /api/v1/terminals/{terminalId:guid}/online-operations/orders/{orderId:guid}/hand-over'
info: Microsoft.AspNetCore.Hosting.Diagnostics[2]
      Request finished HTTP/1.1 POST https://127.0.0.1:45923/api/v1/terminals/7647b2a9-13da-4277-b832-db44699751f9/online-operations/orders/dbce768f-8414-49f9-a1a2-d9508a242cf1/hand-over?terminalId=7647b2a9-13da-4277-b832-db44699751f9 - 403 - application/json;+charset=utf-8 8.4720ms
info: Microsoft.AspNetCore.Hosting.Diagnostics[1]
      Request starting HTTP/1.1 POST http://127.0.0.1:45923/api/v1/terminals/e17e1406-09bd-4b70-b1b1-9212382b47bc/online-ordering/catalog-publications/?terminalId=e17e1406-09bd-4b70-b1b1-9212382b47bc - application/json;+charset=utf-8 2
info: Microsoft.AspNetCore.Routing.EndpointMiddleware[0]
      Executing endpoint 'HTTP: POST /api/v1/terminals/{terminalId:guid}/online-ordering/catalog-publications/'
info: Microsoft.AspNetCore.Http.Result.JsonResult[1]
      Setting HTTP status code 403.
info: Microsoft.AspNetCore.Http.Result.JsonResult[3]
      Writing value of type '<>f__AnonymousType5`1' as Json.
info: Microsoft.AspNetCore.Routing.EndpointMiddleware[1]
      Executed endpoint 'HTTP: POST /api/v1/terminals/{terminalId:guid}/online-ordering/catalog-publications/'
info: Microsoft.AspNetCore.Hosting.Diagnostics[2]
      Request finished HTTP/1.1 POST https://127.0.0.1:45923/api/v1/terminals/e17e1406-09bd-4b70-b1b1-9212382b47bc/online-ordering/catalog-publications/?terminalId=e17e1406-09bd-4b70-b1b1-9212382b47bc - 403 - application/json;+charset=utf-8 11.6384ms
info: Microsoft.AspNetCore.Hosting.Diagnostics[1]
      Request starting HTTP/1.1 PUT http://127.0.0.1:45923/api/v1/terminals/36ed3321-f141-4466-b23e-e3a5d8032c39/online-platform-credentials/probe?terminalId=36ed3321-f141-4466-b23e-e3a5d8032c39 - application/json;+charset=utf-8 2
info: Microsoft.AspNetCore.Routing.EndpointMiddleware[0]
      Executing endpoint 'HTTP: PUT /api/v1/terminals/{terminalId:guid}/online-platform-credentials/{provider}'
info: Microsoft.AspNetCore.Http.Result.JsonResult[1]
      Setting HTTP status code 403.
info: Microsoft.AspNetCore.Http.Result.JsonResult[3]
      Writing value of type '<>f__AnonymousType5`1' as Json.
info: Microsoft.AspNetCore.Routing.EndpointMiddleware[1]
      Executed endpoint 'HTTP: PUT /api/v1/terminals/{terminalId:guid}/online-platform-credentials/{provider}'
info: Microsoft.AspNetCore.Hosting.Diagnostics[2]
      Request finished HTTP/1.1 PUT https://127.0.0.1:45923/api/v1/terminals/36ed3321-f141-4466-b23e-e3a5d8032c39/online-platform-credentials/probe?terminalId=36ed3321-f141-4466-b23e-e3a5d8032c39 - 403 - application/json;+charset=utf-8 12.8047ms
info: Microsoft.AspNetCore.Hosting.Diagnostics[1]
      Request starting HTTP/1.1 POST http://127.0.0.1:45923/api/v1/terminals/158cd4dc-5f25-45ae-955c-16fba452d7b2/online-problems/335628be-e6ca-4301-909b-aaeac83e6861/resolve?terminalId=158cd4dc-5f25-45ae-955c-16fba452d7b2 - application/json;+charset=utf-8 2
info: Microsoft.AspNetCore.Routing.EndpointMiddleware[0]
      Executing endpoint 'HTTP: POST /api/v1/terminals/{terminalId:guid}/online-problems/{caseId:guid}/resolve'
info: Microsoft.AspNetCore.Http.Result.JsonResult[1]
      Setting HTTP status code 403.
info: Microsoft.AspNetCore.Http.Result.JsonResult[3]
      Writing value of type '<>f__AnonymousType5`1' as Json.
info: Microsoft.AspNetCore.Routing.EndpointMiddleware[1]
      Executed endpoint 'HTTP: POST /api/v1/terminals/{terminalId:guid}/online-problems/{caseId:guid}/resolve'
info: Microsoft.AspNetCore.Hosting.Diagnostics[2]
      Request finished HTTP/1.1 POST https://127.0.0.1:45923/api/v1/terminals/158cd4dc-5f25-45ae-955c-16fba452d7b2/online-problems/335628be-e6ca-4301-909b-aaeac83e6861/resolve?terminalId=158cd4dc-5f25-45ae-955c-16fba452d7b2 - 403 - application/json;+charset=utf-8 10.8247ms
info: Microsoft.AspNetCore.Hosting.Diagnostics[1]
      Request starting HTTP/1.1 POST http://127.0.0.1:45923/api/v1/terminals/abd3f6c1-60d2-4426-8fce-3830ce859da6/online-problems/db0d7285-4b21-4342-9659-3aae391e22d2/retry?terminalId=abd3f6c1-60d2-4426-8fce-3830ce859da6 - application/json;+charset=utf-8 2
info: Microsoft.AspNetCore.Routing.EndpointMiddleware[0]
      Executing endpoint 'HTTP: POST /api/v1/terminals/{terminalId:guid}/online-problems/{caseId:guid}/retry'
info: Microsoft.AspNetCore.Http.Result.JsonResult[1]
      Setting HTTP status code 403.
info: Microsoft.AspNetCore.Http.Result.JsonResult[3]
      Writing value of type '<>f__AnonymousType5`1' as Json.
info: Microsoft.AspNetCore.Routing.EndpointMiddleware[1]
      Executed endpoint 'HTTP: POST /api/v1/terminals/{terminalId:guid}/online-problems/{caseId:guid}/retry'
info: Microsoft.AspNetCore.Hosting.Diagnostics[2]
      Request finished HTTP/1.1 POST https://127.0.0.1:45923/api/v1/terminals/abd3f6c1-60d2-4426-8fce-3830ce859da6/online-problems/db0d7285-4b21-4342-9659-3aae391e22d2/retry?terminalId=abd3f6c1-60d2-4426-8fce-3830ce859da6 - 403 - application/json;+charset=utf-8 7.1126ms
info: Microsoft.AspNetCore.Hosting.Diagnostics[1]
      Request starting HTTP/1.1 PUT http://127.0.0.1:45923/api/v1/terminals/1791d4b5-db7d-4ecf-864a-b55101b1c839/online-store-status/probe?terminalId=1791d4b5-db7d-4ecf-864a-b55101b1c839 - application/json;+charset=utf-8 2
info: Microsoft.AspNetCore.Routing.EndpointMiddleware[0]
      Executing endpoint 'HTTP: PUT /api/v1/terminals/{terminalId:guid}/online-store-status/{provider}'
info: Microsoft.AspNetCore.Http.Result.JsonResult[1]
      Setting HTTP status code 403.
info: Microsoft.AspNetCore.Http.Result.JsonResult[3]
      Writing value of type '<>f__AnonymousType5`1' as Json.
info: Microsoft.AspNetCore.Routing.EndpointMiddleware[1]
      Executed endpoint 'HTTP: PUT /api/v1/terminals/{terminalId:guid}/online-store-status/{provider}'
info: Microsoft.AspNetCore.Hosting.Diagnostics[2]
      Request finished HTTP/1.1 PUT https://127.0.0.1:45923/api/v1/terminals/1791d4b5-db7d-4ecf-864a-b55101b1c839/online-store-status/probe?terminalId=1791d4b5-db7d-4ecf-864a-b55101b1c839 - 403 - application/json;+charset=utf-8 11.4229ms
info: Microsoft.AspNetCore.Hosting.Diagnostics[1]
      Request starting HTTP/1.1 POST http://127.0.0.1:45923/api/v1/terminals/e7560839-ac84-40fa-b2ef-a59a59208147/orders?terminalId=e7560839-ac84-40fa-b2ef-a59a59208147 - application/json;+charset=utf-8 2
info: Microsoft.AspNetCore.Routing.EndpointMiddleware[0]
      Executing endpoint 'HTTP: POST /api/v1/terminals/{terminalId:guid}/orders'
info: Microsoft.AspNetCore.Routing.EndpointMiddleware[1]
      Executed endpoint 'HTTP: POST /api/v1/terminals/{terminalId:guid}/orders'
info: Microsoft.AspNetCore.Hosting.Diagnostics[2]
      Request finished HTTP/1.1 POST https://127.0.0.1:45923/api/v1/terminals/e7560839-ac84-40fa-b2ef-a59a59208147/orders?terminalId=e7560839-ac84-40fa-b2ef-a59a59208147 - 403 - application/json;+charset=utf-8 6.9395ms
info: Microsoft.AspNetCore.Hosting.Diagnostics[1]
      Request starting HTTP/1.1 POST http://127.0.0.1:45923/api/v1/terminals/d3f99946-7111-4068-9e3b-decd9c90a08d/orders/handoff-note/pop?terminalId=d3f99946-7111-4068-9e3b-decd9c90a08d - application/json;+charset=utf-8 2
info: Microsoft.AspNetCore.Routing.EndpointMiddleware[0]
      Executing endpoint 'HTTP: POST /api/v1/terminals/{terminalId:guid}/orders/handoff-note/pop'
info: Microsoft.AspNetCore.Http.Result.NoContentResult[1]
      Setting HTTP status code 204.
info: Microsoft.AspNetCore.Routing.EndpointMiddleware[1]
      Executed endpoint 'HTTP: POST /api/v1/terminals/{terminalId:guid}/orders/handoff-note/pop'
info: Microsoft.AspNetCore.Hosting.Diagnostics[2]
      Request finished HTTP/1.1 POST https://127.0.0.1:45923/api/v1/terminals/d3f99946-7111-4068-9e3b-decd9c90a08d/orders/handoff-note/pop?terminalId=d3f99946-7111-4068-9e3b-decd9c90a08d - 204 - - 34.4652ms
info: Microsoft.AspNetCore.Hosting.Diagnostics[1]
      Request starting HTTP/1.1 POST http://127.0.0.1:45923/api/v1/terminals/ce108293-06e0-4249-9112-00c945e62727/orders/table?terminalId=ce108293-06e0-4249-9112-00c945e62727 - application/json;+charset=utf-8 2
info: Microsoft.AspNetCore.Routing.EndpointMiddleware[0]
      Executing endpoint 'HTTP: POST /api/v1/terminals/{terminalId:guid}/orders/table'
info: Microsoft.AspNetCore.Routing.EndpointMiddleware[1]
      Executed endpoint 'HTTP: POST /api/v1/terminals/{terminalId:guid}/orders/table'
info: Microsoft.AspNetCore.Hosting.Diagnostics[2]
      Request finished HTTP/1.1 POST https://127.0.0.1:45923/api/v1/terminals/ce108293-06e0-4249-9112-00c945e62727/orders/table?terminalId=ce108293-06e0-4249-9112-00c945e62727 - 403 - application/json;+charset=utf-8 11.2673ms
info: Microsoft.AspNetCore.Hosting.Diagnostics[1]
      Request starting HTTP/1.1 POST http://127.0.0.1:45923/api/v1/terminals/f8570ae6-9cf3-4524-8cba-a2c94dc21292/orders/table-draft?terminalId=f8570ae6-9cf3-4524-8cba-a2c94dc21292 - application/json;+charset=utf-8 2
info: Microsoft.AspNetCore.Routing.EndpointMiddleware[0]
      Executing endpoint 'HTTP: POST /api/v1/terminals/{terminalId:guid}/orders/table-draft'
info: Microsoft.AspNetCore.Http.Result.JsonResult[1]
      Setting HTTP status code 403.
info: Microsoft.AspNetCore.Http.Result.JsonResult[3]
      Writing value of type '<>f__AnonymousType5`1' as Json.
info: Microsoft.AspNetCore.Routing.EndpointMiddleware[1]
      Executed endpoint 'HTTP: POST /api/v1/terminals/{terminalId:guid}/orders/table-draft'
info: Microsoft.AspNetCore.Hosting.Diagnostics[2]
      Request finished HTTP/1.1 POST https://127.0.0.1:45923/api/v1/terminals/f8570ae6-9cf3-4524-8cba-a2c94dc21292/orders/table-draft?terminalId=f8570ae6-9cf3-4524-8cba-a2c94dc21292 - 403 - application/json;+charset=utf-8 11.6261ms
info: Microsoft.AspNetCore.Hosting.Diagnostics[1]
      Request starting HTTP/1.1 POST http://127.0.0.1:45923/api/v1/terminals/782e85db-77e8-4cb3-9475-7ba8b39519b8/orders/transfer-server?terminalId=782e85db-77e8-4cb3-9475-7ba8b39519b8 - application/json;+charset=utf-8 2
info: Microsoft.AspNetCore.Routing.EndpointMiddleware[0]
      Executing endpoint 'HTTP: POST /api/v1/terminals/{terminalId:guid}/orders/transfer-server'
info: Microsoft.AspNetCore.Http.Result.JsonResult[1]
      Setting HTTP status code 403.
info: Microsoft.AspNetCore.Http.Result.JsonResult[3]
      Writing value of type '<>f__AnonymousType5`1' as Json.
info: Microsoft.AspNetCore.Routing.EndpointMiddleware[1]
      Executed endpoint 'HTTP: POST /api/v1/terminals/{terminalId:guid}/orders/transfer-server'
info: Microsoft.AspNetCore.Hosting.Diagnostics[2]
      Request finished HTTP/1.1 POST https://127.0.0.1:45923/api/v1/terminals/782e85db-77e8-4cb3-9475-7ba8b39519b8/orders/transfer-server?terminalId=782e85db-77e8-4cb3-9475-7ba8b39519b8 - 403 - application/json;+charset=utf-8 12.1686ms
info: Microsoft.AspNetCore.Hosting.Diagnostics[1]
      Request starting HTTP/1.1 POST http://127.0.0.1:45923/api/v1/terminals/7cad82b7-1824-4b82-a690-9583f4a07af2/orders/93f482a3-d608-4121-8e54-114f5f1e3b3e/accept?terminalId=7cad82b7-1824-4b82-a690-9583f4a07af2 - application/json;+charset=utf-8 2
info: Microsoft.AspNetCore.Routing.EndpointMiddleware[0]
      Executing endpoint 'HTTP: POST /api/v1/terminals/{terminalId:guid}/orders/{orderId:guid}/accept'
info: Microsoft.AspNetCore.Http.Result.JsonResult[1]
      Setting HTTP status code 403.
info: Microsoft.AspNetCore.Http.Result.JsonResult[3]
      Writing value of type '<>f__AnonymousType5`1' as Json.
info: Microsoft.AspNetCore.Routing.EndpointMiddleware[1]
      Executed endpoint 'HTTP: POST /api/v1/terminals/{terminalId:guid}/orders/{orderId:guid}/accept'
info: Microsoft.AspNetCore.Hosting.Diagnostics[2]
      Request finished HTTP/1.1 POST https://127.0.0.1:45923/api/v1/terminals/7cad82b7-1824-4b82-a690-9583f4a07af2/orders/93f482a3-d608-4121-8e54-114f5f1e3b3e/accept?terminalId=7cad82b7-1824-4b82-a690-9583f4a07af2 - 403 - application/json;+charset=utf-8 8.3914ms
info: Microsoft.AspNetCore.Hosting.Diagnostics[1]
      Request starting HTTP/1.1 POST http://127.0.0.1:45923/api/v1/terminals/df641169-92cf-4fc2-a023-32fd5b20c77b/orders/7d66b32b-f844-4169-88e9-abdf4e289f65/fire-course?terminalId=df641169-92cf-4fc2-a023-32fd5b20c77b - application/json;+charset=utf-8 2
info: Microsoft.AspNetCore.Routing.EndpointMiddleware[0]
      Executing endpoint 'HTTP: POST /api/v1/terminals/{terminalId:guid}/orders/{orderId:guid}/fire-course'
info: Microsoft.AspNetCore.Http.Result.JsonResult[1]
      Setting HTTP status code 403.
info: Microsoft.AspNetCore.Http.Result.JsonResult[3]
      Writing value of type '<>f__AnonymousType5`1' as Json.
info: Microsoft.AspNetCore.Routing.EndpointMiddleware[1]
      Executed endpoint 'HTTP: POST /api/v1/terminals/{terminalId:guid}/orders/{orderId:guid}/fire-course'
info: Microsoft.AspNetCore.Hosting.Diagnostics[2]
      Request finished HTTP/1.1 POST https://127.0.0.1:45923/api/v1/terminals/df641169-92cf-4fc2-a023-32fd5b20c77b/orders/7d66b32b-f844-4169-88e9-abdf4e289f65/fire-course?terminalId=df641169-92cf-4fc2-a023-32fd5b20c77b - 403 - application/json;+charset=utf-8 10.6954ms
info: Microsoft.AspNetCore.Hosting.Diagnostics[1]
      Request starting HTTP/1.1 POST http://127.0.0.1:45923/api/v1/terminals/71e2f7bd-0bad-450d-ab0e-9536b5ebfdea/orders/b57875c5-f00b-4626-a095-41614cc51baf/items?terminalId=71e2f7bd-0bad-450d-ab0e-9536b5ebfdea - application/json;+charset=utf-8 2
info: Microsoft.AspNetCore.Routing.EndpointMiddleware[0]
      Executing endpoint 'HTTP: POST /api/v1/terminals/{terminalId:guid}/orders/{orderId:guid}/items'
info: Microsoft.AspNetCore.Routing.EndpointMiddleware[1]
      Executed endpoint 'HTTP: POST /api/v1/terminals/{terminalId:guid}/orders/{orderId:guid}/items'
info: Microsoft.AspNetCore.Hosting.Diagnostics[2]
      Request finished HTTP/1.1 POST https://127.0.0.1:45923/api/v1/terminals/71e2f7bd-0bad-450d-ab0e-9536b5ebfdea/orders/b57875c5-f00b-4626-a095-41614cc51baf/items?terminalId=71e2f7bd-0bad-450d-ab0e-9536b5ebfdea - 403 - application/json;+charset=utf-8 13.7208ms
info: Microsoft.AspNetCore.Hosting.Diagnostics[1]
      Request starting HTTP/1.1 PATCH http://127.0.0.1:45923/api/v1/terminals/cb124ca8-9b2d-4419-8e08-4691bf45bd5e/orders/794333ba-b7eb-43ee-9279-9c04d94af45a/items/63592451-4f30-44e6-81b4-d69108da3985?terminalId=cb124ca8-9b2d-4419-8e08-4691bf45bd5e - application/json;+charset=utf-8 2
info: Microsoft.AspNetCore.Routing.EndpointMiddleware[0]
      Executing endpoint 'HTTP: PATCH /api/v1/terminals/{terminalId:guid}/orders/{orderId:guid}/items/{itemId:guid}'
info: Microsoft.AspNetCore.Routing.EndpointMiddleware[1]
      Executed endpoint 'HTTP: PATCH /api/v1/terminals/{terminalId:guid}/orders/{orderId:guid}/items/{itemId:guid}'
info: Microsoft.AspNetCore.Hosting.Diagnostics[2]
      Request finished HTTP/1.1 PATCH https://127.0.0.1:45923/api/v1/terminals/cb124ca8-9b2d-4419-8e08-4691bf45bd5e/orders/794333ba-b7eb-43ee-9279-9c04d94af45a/items/63592451-4f30-44e6-81b4-d69108da3985?terminalId=cb124ca8-9b2d-4419-8e08-4691bf45bd5e - 403 - application/json;+charset=utf-8 11.6053ms
info: Microsoft.AspNetCore.Hosting.Diagnostics[1]
      Request starting HTTP/1.1 DELETE http://127.0.0.1:45923/api/v1/terminals/018c1534-aeb3-43b3-9331-72b9806284b9/orders/07843394-f7e5-4d35-80dd-fbd5104d6b6b/items/b227037a-0f6a-4562-b4b8-55e1046f4e2d?terminalId=018c1534-aeb3-43b3-9331-72b9806284b9 - application/json;+charset=utf-8 2
info: Microsoft.AspNetCore.Routing.EndpointMiddleware[0]
      Executing endpoint 'HTTP: DELETE /api/v1/terminals/{terminalId:guid}/orders/{orderId:guid}/items/{itemId:guid}'
info: Microsoft.AspNetCore.Routing.EndpointMiddleware[1]
      Executed endpoint 'HTTP: DELETE /api/v1/terminals/{terminalId:guid}/orders/{orderId:guid}/items/{itemId:guid}'
info: Microsoft.AspNetCore.Hosting.Diagnostics[2]
      Request finished HTTP/1.1 DELETE https://127.0.0.1:45923/api/v1/terminals/018c1534-aeb3-43b3-9331-72b9806284b9/orders/07843394-f7e5-4d35-80dd-fbd5104d6b6b/items/b227037a-0f6a-4562-b4b8-55e1046f4e2d?terminalId=018c1534-aeb3-43b3-9331-72b9806284b9 - 400 0 - 0.6041ms
info: Microsoft.AspNetCore.Hosting.Diagnostics[1]
      Request starting HTTP/1.1 POST http://127.0.0.1:45923/api/v1/terminals/342a77f5-91e2-4277-b230-9ce60ac18388/orders/1804b9d5-bf84-4b5d-b36e-b788e716f8e9/items/4b6b05a0-aabc-4b49-9f74-08cd2035c363/comp?terminalId=342a77f5-91e2-4277-b230-9ce60ac18388 - application/json;+charset=utf-8 2
info: Microsoft.AspNetCore.Routing.EndpointMiddleware[0]
      Executing endpoint 'HTTP: POST /api/v1/terminals/{terminalId:guid}/orders/{orderId:guid}/items/{itemId:guid}/comp'
info: Microsoft.AspNetCore.Http.Result.JsonResult[1]
      Setting HTTP status code 400.
info: Microsoft.AspNetCore.Http.Result.JsonResult[3]
      Writing value of type '<>f__AnonymousType5`1' as Json.
info: Microsoft.AspNetCore.Routing.EndpointMiddleware[1]
      Executed endpoint 'HTTP: POST /api/v1/terminals/{terminalId:guid}/orders/{orderId:guid}/items/{itemId:guid}/comp'
info: Microsoft.AspNetCore.Hosting.Diagnostics[2]
      Request finished HTTP/1.1 POST https://127.0.0.1:45923/api/v1/terminals/342a77f5-91e2-4277-b230-9ce60ac18388/orders/1804b9d5-bf84-4b5d-b36e-b788e716f8e9/items/4b6b05a0-aabc-4b49-9f74-08cd2035c363/comp?terminalId=342a77f5-91e2-4277-b230-9ce60ac18388 - 400 - application/json;+charset=utf-8 10.1901ms
info: Microsoft.AspNetCore.Hosting.Diagnostics[1]
      Request starting HTTP/1.1 POST http://127.0.0.1:45923/api/v1/terminals/f8a54f8b-95f9-4de4-85b9-3fe5ee348ca2/orders/2152a5c8-d29e-42c4-90a2-589bcd408d76/items/b2c9e09c-9907-4bdb-ad10-4a04161db7f4/void?terminalId=f8a54f8b-95f9-4de4-85b9-3fe5ee348ca2 - application/json;+charset=utf-8 2
info: Microsoft.AspNetCore.Routing.EndpointMiddleware[0]
      Executing endpoint 'HTTP: POST /api/v1/terminals/{terminalId:guid}/orders/{orderId:guid}/items/{itemId:guid}/void'
info: Microsoft.AspNetCore.Http.Result.JsonResult[1]
      Setting HTTP status code 403.
info: Microsoft.AspNetCore.Http.Result.JsonResult[3]
      Writing value of type '<>f__AnonymousType5`1' as Json.
info: Microsoft.AspNetCore.Routing.EndpointMiddleware[1]
      Executed endpoint 'HTTP: POST /api/v1/terminals/{terminalId:guid}/orders/{orderId:guid}/items/{itemId:guid}/void'
info: Microsoft.AspNetCore.Hosting.Diagnostics[2]
      Request finished HTTP/1.1 POST https://127.0.0.1:45923/api/v1/terminals/f8a54f8b-95f9-4de4-85b9-3fe5ee348ca2/orders/2152a5c8-d29e-42c4-90a2-589bcd408d76/items/b2c9e09c-9907-4bdb-ad10-4a04161db7f4/void?terminalId=f8a54f8b-95f9-4de4-85b9-3fe5ee348ca2 - 403 - application/json;+charset=utf-8 10.6110ms
info: Microsoft.AspNetCore.Hosting.Diagnostics[1]
      Request starting HTTP/1.1 POST http://127.0.0.1:45923/api/v1/terminals/5217154c-9888-4187-8cef-3913d1b78e7d/orders/48e65043-97e4-41af-b45e-a27bbbdb02e7/items/c0a4d7ea-1116-44da-aa93-78faf4f439e7/void-sent?terminalId=5217154c-9888-4187-8cef-3913d1b78e7d - application/json;+charset=utf-8 2
info: Microsoft.AspNetCore.Routing.EndpointMiddleware[0]
      Executing endpoint 'HTTP: POST /api/v1/terminals/{terminalId:guid}/orders/{orderId:guid}/items/{itemId:guid}/void-sent'
info: Microsoft.AspNetCore.Http.Result.JsonResult[1]
      Setting HTTP status code 400.
info: Microsoft.AspNetCore.Http.Result.JsonResult[3]
      Writing value of type '<>f__AnonymousType5`1' as Json.
info: Microsoft.AspNetCore.Routing.EndpointMiddleware[1]
      Executed endpoint 'HTTP: POST /api/v1/terminals/{terminalId:guid}/orders/{orderId:guid}/items/{itemId:guid}/void-sent'
info: Microsoft.AspNetCore.Hosting.Diagnostics[2]
      Request finished HTTP/1.1 POST https://127.0.0.1:45923/api/v1/terminals/5217154c-9888-4187-8cef-3913d1b78e7d/orders/48e65043-97e4-41af-b45e-a27bbbdb02e7/items/c0a4d7ea-1116-44da-aa93-78faf4f439e7/void-sent?terminalId=5217154c-9888-4187-8cef-3913d1b78e7d - 400 - application/json;+charset=utf-8 7.6517ms
info: Microsoft.AspNetCore.Hosting.Diagnostics[1]
      Request starting HTTP/1.1 POST http://127.0.0.1:45923/api/v1/terminals/dec71ee1-463d-44c3-a242-31a8bf254b19/orders/de218494-5d43-41d8-8a7a-daee036b3716/recall-from-cashier?terminalId=dec71ee1-463d-44c3-a242-31a8bf254b19 - application/json;+charset=utf-8 2
info: Microsoft.AspNetCore.Routing.EndpointMiddleware[0]
      Executing endpoint 'HTTP: POST /api/v1/terminals/{terminalId:guid}/orders/{orderId:guid}/recall-from-cashier'
info: Microsoft.AspNetCore.Http.Result.JsonResult[1]
      Setting HTTP status code 403.
info: Microsoft.AspNetCore.Http.Result.JsonResult[3]
      Writing value of type '<>f__AnonymousType5`1' as Json.
info: Microsoft.AspNetCore.Routing.EndpointMiddleware[1]
      Executed endpoint 'HTTP: POST /api/v1/terminals/{terminalId:guid}/orders/{orderId:guid}/recall-from-cashier'
info: Microsoft.AspNetCore.Hosting.Diagnostics[2]
      Request finished HTTP/1.1 POST https://127.0.0.1:45923/api/v1/terminals/dec71ee1-463d-44c3-a242-31a8bf254b19/orders/de218494-5d43-41d8-8a7a-daee036b3716/recall-from-cashier?terminalId=dec71ee1-463d-44c3-a242-31a8bf254b19 - 403 - application/json;+charset=utf-8 10.4893ms
info: Microsoft.AspNetCore.Hosting.Diagnostics[1]
      Request starting HTTP/1.1 POST http://127.0.0.1:45923/api/v1/terminals/64b53a4b-cb2c-4803-8f73-2a3ab8e27dc9/orders/d981c3db-10d1-4a35-90c2-4c935930e687/reject?terminalId=64b53a4b-cb2c-4803-8f73-2a3ab8e27dc9 - application/json;+charset=utf-8 2
info: Microsoft.AspNetCore.Routing.EndpointMiddleware[0]
      Executing endpoint 'HTTP: POST /api/v1/terminals/{terminalId:guid}/orders/{orderId:guid}/reject'
info: Microsoft.AspNetCore.Http.Result.JsonResult[1]
      Setting HTTP status code 403.
info: Microsoft.AspNetCore.Http.Result.JsonResult[3]
      Writing value of type '<>f__AnonymousType5`1' as Json.
info: Microsoft.AspNetCore.Routing.EndpointMiddleware[1]
      Executed endpoint 'HTTP: POST /api/v1/terminals/{terminalId:guid}/orders/{orderId:guid}/reject'
info: Microsoft.AspNetCore.Hosting.Diagnostics[2]
      Request finished HTTP/1.1 POST https://127.0.0.1:45923/api/v1/terminals/64b53a4b-cb2c-4803-8f73-2a3ab8e27dc9/orders/d981c3db-10d1-4a35-90c2-4c935930e687/reject?terminalId=64b53a4b-cb2c-4803-8f73-2a3ab8e27dc9 - 403 - application/json;+charset=utf-8 7.5433ms
info: Microsoft.AspNetCore.Hosting.Diagnostics[1]
      Request starting HTTP/1.1 POST http://127.0.0.1:45923/api/v1/terminals/9d6ed1ec-2bbb-456b-86eb-188e37bfb091/orders/4bab81a3-c62c-4c87-bad4-df505dae4327/send-to-cashier?terminalId=9d6ed1ec-2bbb-456b-86eb-188e37bfb091 - application/json;+charset=utf-8 2
info: Microsoft.AspNetCore.Routing.EndpointMiddleware[0]
      Executing endpoint 'HTTP: POST /api/v1/terminals/{terminalId:guid}/orders/{orderId:guid}/send-to-cashier'
info: Microsoft.AspNetCore.Http.Result.JsonResult[1]
      Setting HTTP status code 403.
info: Microsoft.AspNetCore.Http.Result.JsonResult[3]
      Writing value of type '<>f__AnonymousType5`1' as Json.
info: Microsoft.AspNetCore.Routing.EndpointMiddleware[1]
      Executed endpoint 'HTTP: POST /api/v1/terminals/{terminalId:guid}/orders/{orderId:guid}/send-to-cashier'
info: Microsoft.AspNetCore.Hosting.Diagnostics[2]
      Request finished HTTP/1.1 POST https://127.0.0.1:45923/api/v1/terminals/9d6ed1ec-2bbb-456b-86eb-188e37bfb091/orders/4bab81a3-c62c-4c87-bad4-df505dae4327/send-to-cashier?terminalId=9d6ed1ec-2bbb-456b-86eb-188e37bfb091 - 403 - application/json;+charset=utf-8 7.3943ms
info: Microsoft.AspNetCore.Hosting.Diagnostics[1]
      Request starting HTTP/1.1 POST http://127.0.0.1:45923/api/v1/terminals/11e30bf3-65cc-467b-b9c4-0c49ab4b78a9/orders/f79ab1d2-2aad-4ded-b2e0-1bfad28aa199/submit?terminalId=11e30bf3-65cc-467b-b9c4-0c49ab4b78a9 - application/json;+charset=utf-8 2
info: Microsoft.AspNetCore.Routing.EndpointMiddleware[0]
      Executing endpoint 'HTTP: POST /api/v1/terminals/{terminalId:guid}/orders/{orderId:guid}/submit'
info: Microsoft.AspNetCore.Routing.EndpointMiddleware[1]
      Executed endpoint 'HTTP: POST /api/v1/terminals/{terminalId:guid}/orders/{orderId:guid}/submit'
info: Microsoft.AspNetCore.Hosting.Diagnostics[2]
      Request finished HTTP/1.1 POST https://127.0.0.1:45923/api/v1/terminals/11e30bf3-65cc-467b-b9c4-0c49ab4b78a9/orders/f79ab1d2-2aad-4ded-b2e0-1bfad28aa199/submit?terminalId=11e30bf3-65cc-467b-b9c4-0c49ab4b78a9 - 403 - application/json;+charset=utf-8 8.6803ms
info: Microsoft.AspNetCore.Hosting.Diagnostics[1]
      Request starting HTTP/1.1 POST http://127.0.0.1:45923/api/v1/terminals/1d4ac22b-9a7d-4fc2-a526-35d5cc297651/orders/355c085d-03b6-46f2-8dd2-d9a7c84541b2/submit-draft?terminalId=1d4ac22b-9a7d-4fc2-a526-35d5cc297651 - application/json;+charset=utf-8 2
info: Microsoft.AspNetCore.Routing.EndpointMiddleware[0]
      Executing endpoint 'HTTP: POST /api/v1/terminals/{terminalId:guid}/orders/{orderId:guid}/submit-draft'
info: Microsoft.AspNetCore.Http.Result.JsonResult[1]
      Setting HTTP status code 403.
info: Microsoft.AspNetCore.Http.Result.JsonResult[3]
      Writing value of type '<>f__AnonymousType5`1' as Json.
info: Microsoft.AspNetCore.Routing.EndpointMiddleware[1]
      Executed endpoint 'HTTP: POST /api/v1/terminals/{terminalId:guid}/orders/{orderId:guid}/submit-draft'
info: Microsoft.AspNetCore.Hosting.Diagnostics[2]
      Request finished HTTP/1.1 POST https://127.0.0.1:45923/api/v1/terminals/1d4ac22b-9a7d-4fc2-a526-35d5cc297651/orders/355c085d-03b6-46f2-8dd2-d9a7c84541b2/submit-draft?terminalId=1d4ac22b-9a7d-4fc2-a526-35d5cc297651 - 403 - application/json;+charset=utf-8 9.4713ms
info: Microsoft.AspNetCore.Hosting.Diagnostics[1]
      Request starting HTTP/1.1 POST http://127.0.0.1:45923/api/v1/terminals/2ce41a03-ee91-462b-83a9-a62b86590946/pairings/approve?terminalId=2ce41a03-ee91-462b-83a9-a62b86590946 - application/json;+charset=utf-8 2
info: Microsoft.AspNetCore.Routing.EndpointMiddleware[0]
      Executing endpoint 'HTTP: POST /api/v1/terminals/{terminalId:guid}/pairings/approve'
info: Microsoft.AspNetCore.Routing.EndpointMiddleware[1]
      Executed endpoint 'HTTP: POST /api/v1/terminals/{terminalId:guid}/pairings/approve'
info: Microsoft.AspNetCore.Hosting.Diagnostics[2]
      Request finished HTTP/1.1 POST https://127.0.0.1:45923/api/v1/terminals/2ce41a03-ee91-462b-83a9-a62b86590946/pairings/approve?terminalId=2ce41a03-ee91-462b-83a9-a62b86590946 - 400 - application/json;+charset=utf-8 6.6454ms
info: Microsoft.AspNetCore.Hosting.Diagnostics[1]
      Request starting HTTP/1.1 POST http://127.0.0.1:45923/api/v1/terminals/9de14b84-a79f-4bee-b24f-07762bb9305d/push/subscriptions?terminalId=9de14b84-a79f-4bee-b24f-07762bb9305d - application/json;+charset=utf-8 2
info: Microsoft.AspNetCore.Routing.EndpointMiddleware[0]
      Executing endpoint 'HTTP: POST /api/v1/terminals/{terminalId:guid}/push/subscriptions'
info: Microsoft.AspNetCore.Http.Result.BadRequestObjectResult[1]
      Setting HTTP status code 400.
info: Microsoft.AspNetCore.Http.Result.BadRequestObjectResult[3]
      Writing value of type '<>f__AnonymousType5`1' as Json.
info: Microsoft.AspNetCore.Routing.EndpointMiddleware[1]
      Executed endpoint 'HTTP: POST /api/v1/terminals/{terminalId:guid}/push/subscriptions'
info: Microsoft.AspNetCore.Hosting.Diagnostics[2]
      Request finished HTTP/1.1 POST https://127.0.0.1:45923/api/v1/terminals/9de14b84-a79f-4bee-b24f-07762bb9305d/push/subscriptions?terminalId=9de14b84-a79f-4bee-b24f-07762bb9305d - 400 - application/json;+charset=utf-8 6.6231ms
info: Microsoft.AspNetCore.Hosting.Diagnostics[1]
      Request starting HTTP/1.1 DELETE http://127.0.0.1:45923/api/v1/terminals/469e0d85-bd83-4ac3-97db-347083c6f255/push/subscriptions?terminalId=469e0d85-bd83-4ac3-97db-347083c6f255 - application/json;+charset=utf-8 2
info: Microsoft.AspNetCore.Routing.EndpointMiddleware[0]
      Executing endpoint 'HTTP: DELETE /api/v1/terminals/{terminalId:guid}/push/subscriptions'
info: Microsoft.AspNetCore.Routing.EndpointMiddleware[1]
      Executed endpoint 'HTTP: DELETE /api/v1/terminals/{terminalId:guid}/push/subscriptions'
info: Microsoft.AspNetCore.Hosting.Diagnostics[2]
      Request finished HTTP/1.1 DELETE https://127.0.0.1:45923/api/v1/terminals/469e0d85-bd83-4ac3-97db-347083c6f255/push/subscriptions?terminalId=469e0d85-bd83-4ac3-97db-347083c6f255 - 400 0 - 1.8456ms
info: Microsoft.AspNetCore.Hosting.Diagnostics[1]
      Request starting HTTP/1.1 POST http://127.0.0.1:45923/api/v1/terminals/6d45f78d-dc7a-4e53-a23a-bb99cef0dfb3/qnb-credential/?terminalId=6d45f78d-dc7a-4e53-a23a-bb99cef0dfb3 - application/json;+charset=utf-8 2
info: Microsoft.AspNetCore.Routing.EndpointMiddleware[0]
      Executing endpoint 'HTTP: POST /api/v1/terminals/{terminalId:guid}/qnb-credential/'
info: Microsoft.AspNetCore.Http.Result.JsonResult[1]
      Setting HTTP status code 403.
info: Microsoft.AspNetCore.Http.Result.JsonResult[3]
      Writing value of type '<>f__AnonymousType5`1' as Json.
info: Microsoft.AspNetCore.Routing.EndpointMiddleware[1]
      Executed endpoint 'HTTP: POST /api/v1/terminals/{terminalId:guid}/qnb-credential/'
info: Microsoft.AspNetCore.Hosting.Diagnostics[2]
      Request finished HTTP/1.1 POST https://127.0.0.1:45923/api/v1/terminals/6d45f78d-dc7a-4e53-a23a-bb99cef0dfb3/qnb-credential/?terminalId=6d45f78d-dc7a-4e53-a23a-bb99cef0dfb3 - 403 - application/json;+charset=utf-8 17.2806ms
info: Microsoft.AspNetCore.Hosting.Diagnostics[1]
      Request starting HTTP/1.1 POST http://127.0.0.1:45923/api/v1/terminals/fa65da0a-3ef0-4b40-ba2a-77ec0b3da3b5/qnb-credential/test-connection?terminalId=fa65da0a-3ef0-4b40-ba2a-77ec0b3da3b5 - application/json;+charset=utf-8 2
info: Microsoft.AspNetCore.Routing.EndpointMiddleware[0]
      Executing endpoint 'HTTP: POST /api/v1/terminals/{terminalId:guid}/qnb-credential/test-connection'
info: Microsoft.AspNetCore.Http.Result.JsonResult[1]
      Setting HTTP status code 403.
info: Microsoft.AspNetCore.Http.Result.JsonResult[3]
      Writing value of type '<>f__AnonymousType5`1' as Json.
info: Microsoft.AspNetCore.Routing.EndpointMiddleware[1]
      Executed endpoint 'HTTP: POST /api/v1/terminals/{terminalId:guid}/qnb-credential/test-connection'
info: Microsoft.AspNetCore.Hosting.Diagnostics[2]
      Request finished HTTP/1.1 POST https://127.0.0.1:45923/api/v1/terminals/fa65da0a-3ef0-4b40-ba2a-77ec0b3da3b5/qnb-credential/test-connection?terminalId=fa65da0a-3ef0-4b40-ba2a-77ec0b3da3b5 - 403 - application/json;+charset=utf-8 9.2198ms
info: Microsoft.AspNetCore.Hosting.Diagnostics[1]
      Request starting HTTP/1.1 POST http://127.0.0.1:45923/api/v1/terminals/891b92b3-9988-464c-bd9d-ca22fa33cf13/relay-credential/?terminalId=891b92b3-9988-464c-bd9d-ca22fa33cf13 - application/json;+charset=utf-8 2
info: Microsoft.AspNetCore.Routing.EndpointMiddleware[0]
      Executing endpoint 'HTTP: POST /api/v1/terminals/{terminalId:guid}/relay-credential/'
info: Microsoft.AspNetCore.Http.Result.JsonResult[1]
      Setting HTTP status code 403.
info: Microsoft.AspNetCore.Http.Result.JsonResult[3]
      Writing value of type '<>f__AnonymousType5`1' as Json.
info: Microsoft.AspNetCore.Routing.EndpointMiddleware[1]
      Executed endpoint 'HTTP: POST /api/v1/terminals/{terminalId:guid}/relay-credential/'
info: Microsoft.AspNetCore.Hosting.Diagnostics[2]
      Request finished HTTP/1.1 POST https://127.0.0.1:45923/api/v1/terminals/891b92b3-9988-464c-bd9d-ca22fa33cf13/relay-credential/?terminalId=891b92b3-9988-464c-bd9d-ca22fa33cf13 - 403 - application/json;+charset=utf-8 12.0875ms
info: Microsoft.AspNetCore.Hosting.Diagnostics[1]
      Request starting HTTP/1.1 POST http://127.0.0.1:45923/api/v1/terminals/4865988d-63c4-4d21-a9c2-13dea81fefd2/relay-credential/provision?terminalId=4865988d-63c4-4d21-a9c2-13dea81fefd2 - application/json;+charset=utf-8 2
info: Microsoft.AspNetCore.Routing.EndpointMiddleware[0]
      Executing endpoint 'HTTP: POST /api/v1/terminals/{terminalId:guid}/relay-credential/provision'
info: Microsoft.AspNetCore.Http.Result.JsonResult[1]
      Setting HTTP status code 403.
info: Microsoft.AspNetCore.Http.Result.JsonResult[3]
      Writing value of type '<>f__AnonymousType5`1' as Json.
info: Microsoft.AspNetCore.Routing.EndpointMiddleware[1]
      Executed endpoint 'HTTP: POST /api/v1/terminals/{terminalId:guid}/relay-credential/provision'
info: Microsoft.AspNetCore.Hosting.Diagnostics[2]
      Request finished HTTP/1.1 POST https://127.0.0.1:45923/api/v1/terminals/4865988d-63c4-4d21-a9c2-13dea81fefd2/relay-credential/provision?terminalId=4865988d-63c4-4d21-a9c2-13dea81fefd2 - 403 - application/json;+charset=utf-8 11.5129ms
info: Microsoft.AspNetCore.Hosting.Diagnostics[1]
      Request starting HTTP/1.1 PUT http://127.0.0.1:45923/api/v1/terminals/70395ea1-aaf1-4e65-82a5-e386c024d263/table-management/floor-plans/53b083f6-f034-4bc2-b82f-0547475ddd8d?terminalId=70395ea1-aaf1-4e65-82a5-e386c024d263 - application/json;+charset=utf-8 2
info: Microsoft.AspNetCore.Routing.EndpointMiddleware[0]
      Executing endpoint 'HTTP: PUT /api/v1/terminals/{terminalId:guid}/table-management/floor-plans/{zoneId:guid}'
info: Microsoft.AspNetCore.Http.Result.JsonResult[1]
      Setting HTTP status code 403.
info: Microsoft.AspNetCore.Http.Result.JsonResult[3]
      Writing value of type 'TableManagementErrorEnvelope' as Json.
info: Microsoft.AspNetCore.Routing.EndpointMiddleware[1]
      Executed endpoint 'HTTP: PUT /api/v1/terminals/{terminalId:guid}/table-management/floor-plans/{zoneId:guid}'
info: Microsoft.AspNetCore.Hosting.Diagnostics[2]
      Request finished HTTP/1.1 PUT https://127.0.0.1:45923/api/v1/terminals/70395ea1-aaf1-4e65-82a5-e386c024d263/table-management/floor-plans/53b083f6-f034-4bc2-b82f-0547475ddd8d?terminalId=70395ea1-aaf1-4e65-82a5-e386c024d263 - 403 - application/json;+charset=utf-8 23.3011ms
info: Microsoft.AspNetCore.Hosting.Diagnostics[1]
      Request starting HTTP/1.1 POST http://127.0.0.1:45923/api/v1/terminals/9315b128-24dc-430a-8f11-c609eef93876/table-management/merges?terminalId=9315b128-24dc-430a-8f11-c609eef93876 - application/json;+charset=utf-8 2
info: Microsoft.AspNetCore.Routing.EndpointMiddleware[0]
      Executing endpoint 'HTTP: POST /api/v1/terminals/{terminalId:guid}/table-management/merges'
info: Microsoft.AspNetCore.Http.Result.JsonResult[1]
      Setting HTTP status code 403.
info: Microsoft.AspNetCore.Http.Result.JsonResult[3]
      Writing value of type 'TableManagementErrorEnvelope' as Json.
info: Microsoft.AspNetCore.Routing.EndpointMiddleware[1]
      Executed endpoint 'HTTP: POST /api/v1/terminals/{terminalId:guid}/table-management/merges'
info: Microsoft.AspNetCore.Hosting.Diagnostics[2]
      Request finished HTTP/1.1 POST https://127.0.0.1:45923/api/v1/terminals/9315b128-24dc-430a-8f11-c609eef93876/table-management/merges?terminalId=9315b128-24dc-430a-8f11-c609eef93876 - 403 - application/json;+charset=utf-8 13.7692ms
info: Microsoft.AspNetCore.Hosting.Diagnostics[1]
      Request starting HTTP/1.1 POST http://127.0.0.1:45923/api/v1/terminals/b5473bc8-dd0d-409f-b85c-3e76dbd4addb/table-management/merges/78a841d8-a884-4685-9d43-caf0a0af0ddd/unmerge?terminalId=b5473bc8-dd0d-409f-b85c-3e76dbd4addb - application/json;+charset=utf-8 2
info: Microsoft.AspNetCore.Routing.EndpointMiddleware[0]
      Executing endpoint 'HTTP: POST /api/v1/terminals/{terminalId:guid}/table-management/merges/{mergeGroupId:guid}/unmerge'
info: Microsoft.AspNetCore.Http.Result.JsonResult[1]
      Setting HTTP status code 403.
info: Microsoft.AspNetCore.Http.Result.JsonResult[3]
      Writing value of type 'TableManagementErrorEnvelope' as Json.
info: Microsoft.AspNetCore.Routing.EndpointMiddleware[1]
      Executed endpoint 'HTTP: POST /api/v1/terminals/{terminalId:guid}/table-management/merges/{mergeGroupId:guid}/unmerge'
info: Microsoft.AspNetCore.Hosting.Diagnostics[2]
      Request finished HTTP/1.1 POST https://127.0.0.1:45923/api/v1/terminals/b5473bc8-dd0d-409f-b85c-3e76dbd4addb/table-management/merges/78a841d8-a884-4685-9d43-caf0a0af0ddd/unmerge?terminalId=b5473bc8-dd0d-409f-b85c-3e76dbd4addb - 403 - application/json;+charset=utf-8 10.9256ms
info: Microsoft.AspNetCore.Hosting.Diagnostics[1]
      Request starting HTTP/1.1 POST http://127.0.0.1:45923/api/v1/terminals/11f0d138-7170-498d-82d9-2a3cbd7982af/table-management/reservations?terminalId=11f0d138-7170-498d-82d9-2a3cbd7982af - application/json;+charset=utf-8 2
info: Microsoft.AspNetCore.Routing.EndpointMiddleware[0]
      Executing endpoint 'HTTP: POST /api/v1/terminals/{terminalId:guid}/table-management/reservations'
info: Microsoft.AspNetCore.Http.Result.JsonResult[1]
      Setting HTTP status code 403.
info: Microsoft.AspNetCore.Http.Result.JsonResult[3]
      Writing value of type 'TableManagementErrorEnvelope' as Json.
info: Microsoft.AspNetCore.Routing.EndpointMiddleware[1]
      Executed endpoint 'HTTP: POST /api/v1/terminals/{terminalId:guid}/table-management/reservations'
info: Microsoft.AspNetCore.Hosting.Diagnostics[2]
      Request finished HTTP/1.1 POST https://127.0.0.1:45923/api/v1/terminals/11f0d138-7170-498d-82d9-2a3cbd7982af/table-management/reservations?terminalId=11f0d138-7170-498d-82d9-2a3cbd7982af - 403 - application/json;+charset=utf-8 21.6146ms
info: Microsoft.AspNetCore.Hosting.Diagnostics[1]
      Request starting HTTP/1.1 POST http://127.0.0.1:45923/api/v1/terminals/fab814fd-c5c5-4d56-89b4-d319fa987af2/table-management/reservations/e98f5044-6601-40c9-a39c-1107d32de2c1/cancel?terminalId=fab814fd-c5c5-4d56-89b4-d319fa987af2 - application/json;+charset=utf-8 2
info: Microsoft.AspNetCore.Routing.EndpointMiddleware[0]
      Executing endpoint 'HTTP: POST /api/v1/terminals/{terminalId:guid}/table-management/reservations/{reservationId:guid}/cancel'
info: Microsoft.AspNetCore.Http.Result.JsonResult[1]
      Setting HTTP status code 403.
info: Microsoft.AspNetCore.Http.Result.JsonResult[3]
      Writing value of type 'TableManagementErrorEnvelope' as Json.
info: Microsoft.AspNetCore.Routing.EndpointMiddleware[1]
      Executed endpoint 'HTTP: POST /api/v1/terminals/{terminalId:guid}/table-management/reservations/{reservationId:guid}/cancel'
info: Microsoft.AspNetCore.Hosting.Diagnostics[2]
      Request finished HTTP/1.1 POST https://127.0.0.1:45923/api/v1/terminals/fab814fd-c5c5-4d56-89b4-d319fa987af2/table-management/reservations/e98f5044-6601-40c9-a39c-1107d32de2c1/cancel?terminalId=fab814fd-c5c5-4d56-89b4-d319fa987af2 - 403 - application/json;+charset=utf-8 11.2714ms
info: Microsoft.AspNetCore.Hosting.Diagnostics[1]
      Request starting HTTP/1.1 POST http://127.0.0.1:45923/api/v1/terminals/3ae075a2-aedd-48a3-a14e-9566db5d61b5/table-management/reservations/588c3b1b-d82a-4351-afe2-1aceab144171/claim?terminalId=3ae075a2-aedd-48a3-a14e-9566db5d61b5 - application/json;+charset=utf-8 2
info: Microsoft.AspNetCore.Routing.EndpointMiddleware[0]
      Executing endpoint 'HTTP: POST /api/v1/terminals/{terminalId:guid}/table-management/reservations/{reservationId:guid}/claim'
info: Microsoft.AspNetCore.Http.Result.JsonResult[1]
      Setting HTTP status code 403.
info: Microsoft.AspNetCore.Http.Result.JsonResult[3]
      Writing value of type 'TableManagementErrorEnvelope' as Json.
info: Microsoft.AspNetCore.Routing.EndpointMiddleware[1]
      Executed endpoint 'HTTP: POST /api/v1/terminals/{terminalId:guid}/table-management/reservations/{reservationId:guid}/claim'
info: Microsoft.AspNetCore.Hosting.Diagnostics[2]
      Request finished HTTP/1.1 POST https://127.0.0.1:45923/api/v1/terminals/3ae075a2-aedd-48a3-a14e-9566db5d61b5/table-management/reservations/588c3b1b-d82a-4351-afe2-1aceab144171/claim?terminalId=3ae075a2-aedd-48a3-a14e-9566db5d61b5 - 403 - application/json;+charset=utf-8 13.8704ms
info: Microsoft.AspNetCore.Hosting.Diagnostics[1]
      Request starting HTTP/1.1 POST http://127.0.0.1:45923/api/v1/terminals/56aaa142-f7b3-47d1-a796-4a44cb949d7c/table-management/reservations/9151f3ef-9d7c-43d9-af69-9f4fbfcfc0d1/expire?terminalId=56aaa142-f7b3-47d1-a796-4a44cb949d7c - application/json;+charset=utf-8 2
info: Microsoft.AspNetCore.Routing.EndpointMiddleware[0]
      Executing endpoint 'HTTP: POST /api/v1/terminals/{terminalId:guid}/table-management/reservations/{reservationId:guid}/expire'
info: Microsoft.AspNetCore.Http.Result.JsonResult[1]
      Setting HTTP status code 403.
info: Microsoft.AspNetCore.Http.Result.JsonResult[3]
      Writing value of type 'TableManagementErrorEnvelope' as Json.
info: Microsoft.AspNetCore.Routing.EndpointMiddleware[1]
      Executed endpoint 'HTTP: POST /api/v1/terminals/{terminalId:guid}/table-management/reservations/{reservationId:guid}/expire'
info: Microsoft.AspNetCore.Hosting.Diagnostics[2]
      Request finished HTTP/1.1 POST https://127.0.0.1:45923/api/v1/terminals/56aaa142-f7b3-47d1-a796-4a44cb949d7c/table-management/reservations/9151f3ef-9d7c-43d9-af69-9f4fbfcfc0d1/expire?terminalId=56aaa142-f7b3-47d1-a796-4a44cb949d7c - 403 - application/json;+charset=utf-8 9.9592ms
info: Microsoft.AspNetCore.Hosting.Diagnostics[1]
      Request starting HTTP/1.1 POST http://127.0.0.1:45923/api/v1/terminals/59e34fe4-1001-4395-9921-f9635a40c4e4/table-management/tables?terminalId=59e34fe4-1001-4395-9921-f9635a40c4e4 - application/json;+charset=utf-8 2
info: Microsoft.AspNetCore.Routing.EndpointMiddleware[0]
      Executing endpoint 'HTTP: POST /api/v1/terminals/{terminalId:guid}/table-management/tables'
info: Microsoft.AspNetCore.Http.Result.JsonResult[1]
      Setting HTTP status code 403.
info: Microsoft.AspNetCore.Http.Result.JsonResult[3]
      Writing value of type 'TableManagementErrorEnvelope' as Json.
info: Microsoft.AspNetCore.Routing.EndpointMiddleware[1]
      Executed endpoint 'HTTP: POST /api/v1/terminals/{terminalId:guid}/table-management/tables'
info: Microsoft.AspNetCore.Hosting.Diagnostics[2]
      Request finished HTTP/1.1 POST https://127.0.0.1:45923/api/v1/terminals/59e34fe4-1001-4395-9921-f9635a40c4e4/table-management/tables?terminalId=59e34fe4-1001-4395-9921-f9635a40c4e4 - 403 - application/json;+charset=utf-8 9.0530ms
info: Microsoft.AspNetCore.Hosting.Diagnostics[1]
      Request starting HTTP/1.1 PUT http://127.0.0.1:45923/api/v1/terminals/a0297d02-bb97-47e8-b021-82b705548e13/table-management/tables/1795255f-b43b-4624-a4b4-28b525b64e0e?terminalId=a0297d02-bb97-47e8-b021-82b705548e13 - application/json;+charset=utf-8 2
info: Microsoft.AspNetCore.Routing.EndpointMiddleware[0]
      Executing endpoint 'HTTP: PUT /api/v1/terminals/{terminalId:guid}/table-management/tables/{tableId:guid}'
info: Microsoft.AspNetCore.Http.Result.JsonResult[1]
      Setting HTTP status code 403.
info: Microsoft.AspNetCore.Http.Result.JsonResult[3]
      Writing value of type 'TableManagementErrorEnvelope' as Json.
info: Microsoft.AspNetCore.Routing.EndpointMiddleware[1]
      Executed endpoint 'HTTP: PUT /api/v1/terminals/{terminalId:guid}/table-management/tables/{tableId:guid}'
info: Microsoft.AspNetCore.Hosting.Diagnostics[2]
      Request finished HTTP/1.1 PUT https://127.0.0.1:45923/api/v1/terminals/a0297d02-bb97-47e8-b021-82b705548e13/table-management/tables/1795255f-b43b-4624-a4b4-28b525b64e0e?terminalId=a0297d02-bb97-47e8-b021-82b705548e13 - 403 - application/json;+charset=utf-8 10.0391ms
info: Microsoft.AspNetCore.Hosting.Diagnostics[1]
      Request starting HTTP/1.1 POST http://127.0.0.1:45923/api/v1/terminals/c3a75475-62e5-4e47-bce2-4bb31a8a88a3/table-management/tables/a5bf59a3-0cfb-406f-a9e2-494267bd7843/status?terminalId=c3a75475-62e5-4e47-bce2-4bb31a8a88a3 - application/json;+charset=utf-8 2
info: Microsoft.AspNetCore.Routing.EndpointMiddleware[0]
      Executing endpoint 'HTTP: POST /api/v1/terminals/{terminalId:guid}/table-management/tables/{tableId:guid}/status'
info: Microsoft.AspNetCore.Http.Result.JsonResult[1]
      Setting HTTP status code 403.
info: Microsoft.AspNetCore.Http.Result.JsonResult[3]
      Writing value of type 'TableManagementErrorEnvelope' as Json.
info: Microsoft.AspNetCore.Routing.EndpointMiddleware[1]
      Executed endpoint 'HTTP: POST /api/v1/terminals/{terminalId:guid}/table-management/tables/{tableId:guid}/status'
info: Microsoft.AspNetCore.Hosting.Diagnostics[2]
      Request finished HTTP/1.1 POST https://127.0.0.1:45923/api/v1/terminals/c3a75475-62e5-4e47-bce2-4bb31a8a88a3/table-management/tables/a5bf59a3-0cfb-406f-a9e2-494267bd7843/status?terminalId=c3a75475-62e5-4e47-bce2-4bb31a8a88a3 - 403 - application/json;+charset=utf-8 10.0537ms
info: Microsoft.AspNetCore.Hosting.Diagnostics[1]
      Request starting HTTP/1.1 POST http://127.0.0.1:45923/api/v1/terminals/f4249c48-886a-436c-ab72-2c716b7f6c4e/table-management/transfers?terminalId=f4249c48-886a-436c-ab72-2c716b7f6c4e - application/json;+charset=utf-8 2
info: Microsoft.AspNetCore.Routing.EndpointMiddleware[0]
      Executing endpoint 'HTTP: POST /api/v1/terminals/{terminalId:guid}/table-management/transfers'
info: Microsoft.AspNetCore.Http.Result.JsonResult[1]
      Setting HTTP status code 403.
info: Microsoft.AspNetCore.Http.Result.JsonResult[3]
      Writing value of type 'TableManagementErrorEnvelope' as Json.
info: Microsoft.AspNetCore.Routing.EndpointMiddleware[1]
      Executed endpoint 'HTTP: POST /api/v1/terminals/{terminalId:guid}/table-management/transfers'
info: Microsoft.AspNetCore.Hosting.Diagnostics[2]
      Request finished HTTP/1.1 POST https://127.0.0.1:45923/api/v1/terminals/f4249c48-886a-436c-ab72-2c716b7f6c4e/table-management/transfers?terminalId=f4249c48-886a-436c-ab72-2c716b7f6c4e - 403 - application/json;+charset=utf-8 11.0836ms
info: Microsoft.AspNetCore.Hosting.Diagnostics[1]
      Request starting HTTP/1.1 POST http://127.0.0.1:45923/api/v1/terminals/c27f5fc7-9cf8-453e-92cf-20241ddb8069/table-management/zones?terminalId=c27f5fc7-9cf8-453e-92cf-20241ddb8069 - application/json;+charset=utf-8 2
info: Microsoft.AspNetCore.Routing.EndpointMiddleware[0]
      Executing endpoint 'HTTP: POST /api/v1/terminals/{terminalId:guid}/table-management/zones'
info: Microsoft.AspNetCore.Http.Result.JsonResult[1]
      Setting HTTP status code 403.
info: Microsoft.AspNetCore.Http.Result.JsonResult[3]
      Writing value of type 'TableManagementErrorEnvelope' as Json.
info: Microsoft.AspNetCore.Routing.EndpointMiddleware[1]
      Executed endpoint 'HTTP: POST /api/v1/terminals/{terminalId:guid}/table-management/zones'
info: Microsoft.AspNetCore.Hosting.Diagnostics[2]
      Request finished HTTP/1.1 POST https://127.0.0.1:45923/api/v1/terminals/c27f5fc7-9cf8-453e-92cf-20241ddb8069/table-management/zones?terminalId=c27f5fc7-9cf8-453e-92cf-20241ddb8069 - 403 - application/json;+charset=utf-8 10.7020ms
info: Microsoft.AspNetCore.Hosting.Diagnostics[1]
      Request starting HTTP/1.1 PUT http://127.0.0.1:45923/api/v1/terminals/80380793-c4ab-46f4-9b6f-f8225befafa6/table-management/zones/cb5cca12-b984-40ec-aa53-761350454971?terminalId=80380793-c4ab-46f4-9b6f-f8225befafa6 - application/json;+charset=utf-8 2
info: Microsoft.AspNetCore.Routing.EndpointMiddleware[0]
      Executing endpoint 'HTTP: PUT /api/v1/terminals/{terminalId:guid}/table-management/zones/{zoneId:guid}'
info: Microsoft.AspNetCore.Http.Result.JsonResult[1]
      Setting HTTP status code 403.
info: Microsoft.AspNetCore.Http.Result.JsonResult[3]
      Writing value of type 'TableManagementErrorEnvelope' as Json.
info: Microsoft.AspNetCore.Routing.EndpointMiddleware[1]
      Executed endpoint 'HTTP: PUT /api/v1/terminals/{terminalId:guid}/table-management/zones/{zoneId:guid}'
info: Microsoft.AspNetCore.Hosting.Diagnostics[2]
      Request finished HTTP/1.1 PUT https://127.0.0.1:45923/api/v1/terminals/80380793-c4ab-46f4-9b6f-f8225befafa6/table-management/zones/cb5cca12-b984-40ec-aa53-761350454971?terminalId=80380793-c4ab-46f4-9b6f-f8225befafa6 - 403 - application/json;+charset=utf-8 8.9467ms
info: Microsoft.AspNetCore.Hosting.Diagnostics[1]
      Request starting HTTP/1.1 DELETE http://127.0.0.1:45923/api/v1/terminals/07067ef3-cd22-4e91-a930-a23c826e5b82/table-management/zones/a85866df-6af5-4211-bcbb-b3fd35212fa7?terminalId=07067ef3-cd22-4e91-a930-a23c826e5b82 - application/json;+charset=utf-8 2
info: Microsoft.AspNetCore.Routing.EndpointMiddleware[0]
      Executing endpoint 'HTTP: DELETE /api/v1/terminals/{terminalId:guid}/table-management/zones/{zoneId:guid}'
info: Microsoft.AspNetCore.Http.Result.JsonResult[1]
      Setting HTTP status code 403.
info: Microsoft.AspNetCore.Http.Result.JsonResult[3]
      Writing value of type 'TableManagementErrorEnvelope' as Json.
info: Microsoft.AspNetCore.Routing.EndpointMiddleware[1]
      Executed endpoint 'HTTP: DELETE /api/v1/terminals/{terminalId:guid}/table-management/zones/{zoneId:guid}'
info: Microsoft.AspNetCore.Hosting.Diagnostics[2]
      Request finished HTTP/1.1 DELETE https://127.0.0.1:45923/api/v1/terminals/07067ef3-cd22-4e91-a930-a23c826e5b82/table-management/zones/a85866df-6af5-4211-bcbb-b3fd35212fa7?terminalId=07067ef3-cd22-4e91-a930-a23c826e5b82 - 403 - application/json;+charset=utf-8 10.3146ms
info: Microsoft.AspNetCore.Hosting.Diagnostics[1]
      Request starting HTTP/1.1 POST http://127.0.0.1:45923/api/v1/terminals/f0d4fa76-7a4e-40c9-a51a-d74bfbd26b3d/token-credential/?terminalId=f0d4fa76-7a4e-40c9-a51a-d74bfbd26b3d - application/json;+charset=utf-8 2
info: Microsoft.AspNetCore.Routing.EndpointMiddleware[0]
      Executing endpoint 'HTTP: POST /api/v1/terminals/{terminalId:guid}/token-credential/'
info: Microsoft.AspNetCore.Http.Result.JsonResult[1]
      Setting HTTP status code 403.
info: Microsoft.AspNetCore.Http.Result.JsonResult[3]
      Writing value of type '<>f__AnonymousType5`1' as Json.
info: Microsoft.AspNetCore.Routing.EndpointMiddleware[1]
      Executed endpoint 'HTTP: POST /api/v1/terminals/{terminalId:guid}/token-credential/'
info: Microsoft.AspNetCore.Hosting.Diagnostics[2]
      Request finished HTTP/1.1 POST https://127.0.0.1:45923/api/v1/terminals/f0d4fa76-7a4e-40c9-a51a-d74bfbd26b3d/token-credential/?terminalId=f0d4fa76-7a4e-40c9-a51a-d74bfbd26b3d - 403 - application/json;+charset=utf-8 11.7282ms
[xUnit.net 00:00:14.17]     ALKAROS.Audit.AuthorizationProbes.AuthorizationProbes.D2EveryMutationRouteRejectsPermissionlessSession [FAIL]
[xUnit.net 00:00:14.17]       Assert.Empty() Failure: Collection was not empty
[xUnit.net 00:00:14.17]       Collection: ["POST /api/v1/terminals/{terminalId:guid}/billing/b"···, "POST /api/v1/terminals/{terminalId:guid}/cash-sess"···, "POST /api/v1/terminals/{terminalId:guid}/cash-sess"···, "POST /api/v1/terminals/{terminalId:guid}/cash-sess"···, "POST /api/v1/terminals/{terminalId:guid}/cash-sess"···, ···]
[xUnit.net 00:00:14.17]       Stack Trace:
[xUnit.net 00:00:14.17]         /cal399/evidence/V1-RMD-399/probes/AuthorizationProbes/AuthorizationProbes.cs(426,0): at ALKAROS.Audit.AuthorizationProbes.AuthorizationProbes.D2EveryMutationRouteRejectsPermissionlessSession()
[xUnit.net 00:00:14.17]         --- End of stack trace from previous location ---
[xUnit.net 00:00:14.17]       Output:
[xUnit.net 00:00:14.17]         D2	POST	/api/v1/auth/logout	204	session-only-by-design
[xUnit.net 00:00:14.17]         D2	POST	/api/v1/auth/pin	400	session-only-by-design
[xUnit.net 00:00:14.17]         D2	POST	/api/v1/auth/unlock	400	session-only-by-design
[xUnit.net 00:00:14.17]         D2	POST	/api/v1/management/authorization/behavioural-tightenings/{tighteningId:guid}/clear	403	must-need-permission
[xUnit.net 00:00:14.17]         D2	POST	/api/v1/management/authorization/delegations/{delegationId:guid}/revoke	403	must-need-permission
[xUnit.net 00:00:14.17]         D2	POST	/api/v1/management/authorization/grants/{grantId:guid}/approve	403	must-need-permission
[xUnit.net 00:00:14.17]         D2	POST	/api/v1/management/authorization/grants/{grantId:guid}/deny	403	must-need-permission
[xUnit.net 00:00:14.17]         D2	PUT	/api/v1/management/business-identity/logo	404	second-pass
[xUnit.net 00:00:14.17]         D2	DELETE	/api/v1/management/business-identity/logo	403	must-need-permission
[xUnit.net 00:00:14.17]         D2	POST	/api/v1/management/catalog/categories	403	must-need-permission
[xUnit.net 00:00:14.17]         D2	POST	/api/v1/management/catalog/modifier-groups	403	must-need-permission
[xUnit.net 00:00:14.17]         D2	POST	/api/v1/management/catalog/modifiers	403	must-need-permission
[xUnit.net 00:00:14.17]         D2	POST	/api/v1/management/catalog/prices	403	must-need-permission
[xUnit.net 00:00:14.17]         D2	POST	/api/v1/management/catalog/product-modifier-assignments	403	must-need-permission
[xUnit.net 00:00:14.17]         D2	POST	/api/v1/management/catalog/products	403	must-need-permission
[xUnit.net 00:00:14.17]         D2	POST	/api/v1/management/catalog/products/{productId:guid}/availability	403	must-need-permission
[xUnit.net 00:00:14.17]         D2	POST	/api/v1/management/catalog/products/{productId:guid}/prep-time	403	must-need-permission
[xUnit.net 00:00:14.17]         D2	POST	/api/v1/management/catalog/tax-profiles	403	must-need-permission
[xUnit.net 00:00:14.17]         D2	PUT	/api/v1/management/customer-display/screensaver	404	second-pass
[xUnit.net 00:00:14.17]         D2	DELETE	/api/v1/management/customer-display/screensaver	403	must-need-permission
[xUnit.net 00:00:14.17]         D2	POST	/api/v1/management/inventory/modifiers/{modifierId:guid}/stock-mappings	403	must-need-permission
[xUnit.net 00:00:14.17]         D2	DELETE	/api/v1/management/inventory/modifiers/{modifierId:guid}/stock-mappings/{stockItemId:guid}	403	must-need-permission
[xUnit.net 00:00:14.17]         D2	POST	/api/v1/management/inventory/products/{productId:guid}/stock-mappings	403	must-need-permission
[xUnit.net 00:00:14.17]         D2	DELETE	/api/v1/management/inventory/products/{productId:guid}/stock-mappings/{stockItemId:guid}	403	must-need-permission
[xUnit.net 00:00:14.17]         D2	POST	/api/v1/management/inventory/stock-items	403	must-need-permission
[xUnit.net 00:00:14.17]         D2	POST	/api/v1/management/inventory/stock-items/{stockItemId:guid}/physical-counts	403	must-need-permission
[xUnit.net 00:00:14.17]         D2	PUT	/api/v1/management/inventory/stock-items/{stockItemId:guid}/reorder-point	403	must-need-permission
[xUnit.net 00:00:14.17]         D2	POST	/api/v1/management/inventory/stock-items/{stockItemId:guid}/waste	403	must-need-permission
[xUnit.net 00:00:14.17]         D2	POST	/api/v1/management/inventory/stock-locations	403	must-need-permission
[xUnit.net 00:00:14.17]         D2	POST	/api/v1/management/menus-and-specials/daily-menus	403	must-need-permission
[xUnit.net 00:00:14.17]         D2	PUT	/api/v1/management/menus-and-specials/daily-menus/items/{dailyMenuItemId:guid}/planned-portions	403	must-need-permission
[xUnit.net 00:00:14.17]         D2	PUT	/api/v1/management/menus-and-specials/daily-menus/items/{dailyMenuItemId:guid}/price	403	must-need-permission
[xUnit.net 00:00:14.17]         D2	PUT	/api/v1/management/menus-and-specials/daily-menus/items/{dailyMenuItemId:guid}/status	403	must-need-permission
[xUnit.net 00:00:14.17]         D2	POST	/api/v1/management/menus-and-specials/daily-menus/{dailyMenuId:guid}/close	403	must-need-permission
[xUnit.net 00:00:14.17]         D2	POST	/api/v1/management/menus-and-specials/daily-menus/{dailyMenuId:guid}/items	403	must-need-permission
[xUnit.net 00:00:14.17]         D2	POST	/api/v1/management/menus-and-specials/daily-menus/{dailyMenuId:guid}/open	403	must-need-permission
[xUnit.net 00:00:14.17]         D2	POST	/api/v1/management/menus-and-specials/menus	403	must-need-permission
[xUnit.net 00:00:14.17]         D2	PUT	/api/v1/management/menus-and-specials/menus/{menuId:guid}	403	must-need-permission
[xUnit.net 00:00:14.17]         D2	POST	/api/v1/management/menus-and-specials/menus/{menuId:guid}/items	403	must-need-permission
[xUnit.net 00:00:14.17]         D2	POST	/api/v1/management/menus-and-specials/menus/{menuId:guid}/items/reorder	403	must-need-permission
[xUnit.net 00:00:14.17]         D2	PUT	/api/v1/management/menus-and-specials/menus/{menuId:guid}/items/{menuItemId:guid}	403	must-need-permission
[xUnit.net 00:00:14.17]         D2	POST	/api/v1/management/observability/alerts/raise	403	must-need-permission
[xUnit.net 00:00:14.17]         D2	POST	/api/v1/management/observability/alerts/{alertId:guid}/acknowledge	403	must-need-permission
[xUnit.net 00:00:14.17]         D2	POST	/api/v1/management/observability/alerts/{alertId:guid}/escalate	403	must-need-permission
[xUnit.net 00:00:14.17]         D2	POST	/api/v1/management/observability/alerts/{alertId:guid}/resolve	403	must-need-permission
[xUnit.net 00:00:14.17]         D2	POST	/api/v1/management/observability/alerts/{alertId:guid}/suppress	403	must-need-permission
[xUnit.net 00:00:14.17]         D2	POST	/api/v1/management/observability/health-checks	403	must-need-permission
[xUnit.net 00:00:14.17]         D2	POST	/api/v1/management/payments/reconciliation-scan	403	must-need-permission
[xUnit.net 00:00:14.17]         D2	POST	/api/v1/management/production/batches	403	must-need-permission
[xUnit.net 00:00:14.17]         D2	POST	/api/v1/management/production/batches/{batchId:guid}/cancel	403	must-need-permission
[xUnit.net 00:00:14.17]         D2	POST	/api/v1/management/production/batches/{batchId:guid}/complete	403	must-need-permission
[xUnit.net 00:00:14.17]         D2	PUT	/api/v1/management/production/batches/{batchId:guid}/recipe-version	403	must-need-permission
[xUnit.net 00:00:14.17]         D2	POST	/api/v1/management/production/batches/{batchId:guid}/start	403	must-need-permission
[xUnit.net 00:00:14.17]         D2	POST	/api/v1/management/purchasing/purchase-orders	403	must-need-permission
[xUnit.net 00:00:14.17]         D2	POST	/api/v1/management/purchasing/purchase-orders/{orderId:guid}/cancel	403	must-need-permission
[xUnit.net 00:00:14.17]         D2	POST	/api/v1/management/purchasing/purchase-orders/{orderId:guid}/receipts	403	must-need-permission
[xUnit.net 00:00:14.17]         D2	POST	/api/v1/management/purchasing/purchase-orders/{orderId:guid}/submit	403	must-need-permission
[xUnit.net 00:00:14.17]         D2	POST	/api/v1/management/purchasing/suppliers	403	must-need-permission
[xUnit.net 00:00:14.17]         D2	PUT	/api/v1/management/purchasing/suppliers/{supplierId:guid}	403	must-need-permission
[xUnit.net 00:00:14.17]         D2	POST	/api/v1/management/purchasing/suppliers/{supplierId:guid}/activate	403	must-need-permission
[xUnit.net 00:00:14.17]         D2	POST	/api/v1/management/purchasing/suppliers/{supplierId:guid}/deactivate	403	must-need-permission
[xUnit.net 00:00:14.17]         D2	POST	/api/v1/management/recipes/	403	must-need-permission
[xUnit.net 00:00:14.17]         D2	POST	/api/v1/management/recipes/products/{productId:guid}/mapping	403	must-need-permission
[xUnit.net 00:00:14.17]         D2	DELETE	/api/v1/management/recipes/products/{productId:guid}/mapping	403	must-need-permission
[xUnit.net 00:00:14.17]         D2	POST	/api/v1/management/recipes/unit-conversions	403	must-need-permission
[xUnit.net 00:00:14.17]         D2	POST	/api/v1/management/recipes/versions/{versionId:guid}/ingredients	403	must-need-permission
[xUnit.net 00:00:14.17]         D2	DELETE	/api/v1/management/recipes/versions/{versionId:guid}/ingredients/{ingredientItemId:guid}	403	must-need-permission
[xUnit.net 00:00:14.17]         D2	POST	/api/v1/management/recipes/versions/{versionId:guid}/lock	403	must-need-permission
[xUnit.net 00:00:14.17]         D2	POST	/api/v1/management/recipes/{recipeId:guid}/versions	403	must-need-permission
[xUnit.net 00:00:14.17]         D2	POST	/api/v1/management/recipes/{recipeId:guid}/versions/next	403	must-need-permission
[xUnit.net 00:00:14.17]         D2	POST	/api/v1/management/recipes/{recipeId:guid}/versions/{versionNumber:int}/activate	403	must-need-permission
[xUnit.net 00:00:14.17]         D2	POST	/api/v1/management/recipes/{recipeVersionId:guid}/cost-snapshots/	403	must-need-permission
[xUnit.net 00:00:14.17]         D2	POST	/api/v1/management/reconciliation/cases/	403	must-need-permission
[xUnit.net 00:00:14.17]         D2	POST	/api/v1/management/reconciliation/cases/{caseId:guid}/notes	403	must-need-permission
[xUnit.net 00:00:14.17]         D2	POST	/api/v1/management/reconciliation/cases/{caseId:guid}/transition	403	must-need-permission
[xUnit.net 00:00:14.17]         D2	POST	/api/v1/management/reconciliation/online-orders/cases/{caseId:guid}/resolve	403	must-need-permission
[xUnit.net 00:00:14.17]         D2	POST	/api/v1/management/reconciliation/online-orders/cases/{caseId:guid}/retry	403	must-need-permission
[xUnit.net 00:00:14.17]         D2	POST	/api/v1/management/reconciliation/online-orders/scan	403	must-need-permission
[xUnit.net 00:00:14.17]         D2	POST	/api/v1/management/reporting/business-day/open	403	must-need-permission
[xUnit.net 00:00:14.17]         D2	POST	/api/v1/management/reporting/business-day/{businessDate}/close	403	must-need-permission
[xUnit.net 00:00:14.19]         D2	POST	/api/v1/management/roles/permissions	400	second-pass
[xUnit.net 00:00:14.19]         D2	POST	/api/v1/management/roles/roles	400	second-pass
[xUnit.net 00:00:14.19]         D2	POST	/api/v1/management/roles/roles/{roleId:guid}/permissions	400	second-pass
[xUnit.net 00:00:14.19]         D2	DELETE	/api/v1/management/roles/roles/{roleId:guid}/permissions/{permissionCode}	403	must-need-permission
[xUnit.net 00:00:14.19]         D2	POST	/api/v1/management/roles/roles/{roleId:guid}/users/{userId:guid}	403	must-need-permission
[xUnit.net 00:00:14.19]         D2	DELETE	/api/v1/management/roles/roles/{roleId:guid}/users/{userId:guid}	403	must-need-permission
[xUnit.net 00:00:14.19]         D2	POST	/api/v1/management/security/diagnostic-bundle	403	must-need-permission
[xUnit.net 00:00:14.19]         D2	POST	/api/v1/management/security/maintenance/jobs/{name}/run	403	must-need-permission
[xUnit.net 00:00:14.19]         D2	POST	/api/v1/management/security/orders/close-settled	403	must-need-permission
[xUnit.net 00:00:14.19]         D2	POST	/api/v1/management/security/outbox/dead-letters/{id:guid}/requeue	403	must-need-permission
[xUnit.net 00:00:14.19]         D2	POST	/api/v1/management/security/secrets/{name}/rotation/initialize	403	must-need-permission
[xUnit.net 00:00:14.19]         D2	POST	/api/v1/management/security/secrets/{name}/rotation/revoke	403	must-need-permission
[xUnit.net 00:00:14.19]         D2	POST	/api/v1/management/security/secrets/{name}/rotation/rollback	403	must-need-permission
[xUnit.net 00:00:14.19]         D2	POST	/api/v1/management/security/secrets/{name}/rotation/rotate	403	must-need-permission
[xUnit.net 00:00:14.19]         D2	POST	/api/v1/management/security/users/{userId:guid}/force-unlock	403	must-need-permission
[xUnit.net 00:00:14.19]         D2	POST	/api/v1/management/security/users/{userId:guid}/revoke-sessions	403	must-need-permission
[xUnit.net 00:00:14.19]         D2	PUT	/api/v1/management/settings/{key}	403	must-need-permission
[xUnit.net 00:00:14.19]         D2	DELETE	/api/v1/management/settings/{key}	403	must-need-permission
info: Microsoft.AspNetCore.Hosting.Diagnostics[1]
      Request starting HTTP/1.1 POST http://127.0.0.1:45923/api/v1/auth/login - application/json;+charset=utf-8 116
info: Microsoft.AspNetCore.Routing.EndpointMiddleware[0]
      Executing endpoint 'HTTP: POST /api/v1/auth/login'
[xUnit.net 00:00:14.19]         D2	POST	/api/v1/management/users/	400	second-pass
[xUnit.net 00:00:14.19]         D2	POST	/api/v1/terminals/{terminalId:guid}/billing/bills/from-order/{orderId:guid}	403	must-need-permission
[xUnit.net 00:00:14.19]         D2	POST	/api/v1/terminals/{terminalId:guid}/billing/bills/{billId:guid}/discount	400	session-only-by-design
[xUnit.net 00:00:14.19]         D2	PUT	/api/v1/terminals/{terminalId:guid}/billing/bills/{billId:guid}/split-design/amounts	403	must-need-permission
[xUnit.net 00:00:14.19]         D2	POST	/api/v1/terminals/{terminalId:guid}/billing/bills/{billId:guid}/split-design/clear	403	must-need-permission
[xUnit.net 00:00:14.19]         D2	PUT	/api/v1/terminals/{terminalId:guid}/billing/bills/{billId:guid}/split-design/custom	403	must-need-permission
[xUnit.net 00:00:14.19]         D2	PUT	/api/v1/terminals/{terminalId:guid}/billing/bills/{billId:guid}/split-design/equal	403	must-need-permission
[xUnit.net 00:00:14.19]         D2	PUT	/api/v1/terminals/{terminalId:guid}/billing/bills/{billId:guid}/split-design/items	403	must-need-permission
[xUnit.net 00:00:14.19]         D2	POST	/api/v1/terminals/{terminalId:guid}/billing/bills/{billId:guid}/tenders/	400	must-need-permission
[xUnit.net 00:00:14.19]         D2	POST	/api/v1/terminals/{terminalId:guid}/billing/bills/{billId:guid}/tenders/confirmations/{confirmationId:guid}/approve	403	must-need-permission
[xUnit.net 00:00:14.19]         D2	POST	/api/v1/terminals/{terminalId:guid}/billing/bills/{billId:guid}/tenders/confirmations/{confirmationId:guid}/reject	403	must-need-permission
[xUnit.net 00:00:14.19]         D2	POST	/api/v1/terminals/{terminalId:guid}/billing/bills/{billId:guid}/tenders/unsettled/{paymentId:guid}/card-charged	403	must-need-permission
[xUnit.net 00:00:14.19]         D2	POST	/api/v1/terminals/{terminalId:guid}/billing/bills/{billId:guid}/tenders/unsettled/{paymentId:guid}/not-charged	403	must-need-permission
[xUnit.net 00:00:14.19]         D2	POST	/api/v1/terminals/{terminalId:guid}/billing/bills/{billId:guid}/tip	403	must-need-permission
[xUnit.net 00:00:14.19]         D2	POST	/api/v1/terminals/{terminalId:guid}/cash-sessions/	201	must-need-permission
[xUnit.net 00:00:14.19]         D2	POST	/api/v1/terminals/{terminalId:guid}/cash-sessions/{cashSessionId:guid}/cash-movements	400	must-need-permission
[xUnit.net 00:00:14.19]         D2	POST	/api/v1/terminals/{terminalId:guid}/cash-sessions/{cashSessionId:guid}/cash-tender	400	must-need-permission
[xUnit.net 00:00:14.19]         D2	POST	/api/v1/terminals/{terminalId:guid}/cash-sessions/{cashSessionId:guid}/close	404	must-need-permission
[xUnit.net 00:00:14.19]         D2	POST	/api/v1/terminals/{terminalId:guid}/cash-sessions/{cashSessionId:guid}/counts	404	must-need-permission
[xUnit.net 00:00:14.19]         D2	POST	/api/v1/terminals/{terminalId:guid}/cash-sessions/{cashSessionId:guid}/reconcile	404	must-need-permission
[xUnit.net 00:00:14.19]         D2	POST	/api/v1/terminals/{terminalId:guid}/cash-sessions/{cashSessionId:guid}/start-count	404	must-need-permission
[xUnit.net 00:00:14.19]         D2	POST	/api/v1/terminals/{terminalId:guid}/display-sessions/revoke	200	session-only-by-design
[xUnit.net 00:00:14.19]         D2	POST	/api/v1/terminals/{terminalId:guid}/help-requests/	400	session-only-by-design
[xUnit.net 00:00:14.19]         D2	POST	/api/v1/terminals/{terminalId:guid}/kitchen-operations/deliveries/{deliveryId:guid}/reprint-approval	403	must-need-permission
[xUnit.net 00:00:14.19]         D2	POST	/api/v1/terminals/{terminalId:guid}/kitchen-operations/deliveries/{deliveryId:guid}/reprint-rejection	403	must-need-permission
[xUnit.net 00:00:14.19]         D2	POST	/api/v1/terminals/{terminalId:guid}/kitchen-operations/operations/backups	403	must-need-permission
[xUnit.net 00:00:14.19]         D2	PUT	/api/v1/terminals/{terminalId:guid}/kitchen-operations/printers/{printerId:guid}	403	must-need-permission
[xUnit.net 00:00:14.19]         D2	POST	/api/v1/terminals/{terminalId:guid}/kitchen-operations/products/{productId:guid}/suspend	403	must-need-permission
[xUnit.net 00:00:14.19]         D2	POST	/api/v1/terminals/{terminalId:guid}/kitchen-operations/routes/{routeId:guid}	403	must-need-permission
[xUnit.net 00:00:14.19]         D2	PUT	/api/v1/terminals/{terminalId:guid}/kitchen-operations/routes/{routeId:guid}	403	must-need-permission
[xUnit.net 00:00:14.19]         D2	POST	/api/v1/terminals/{terminalId:guid}/kitchen-operations/tickets/{ticketId:guid}/items/{itemId:guid}/transition	403	must-need-permission
[xUnit.net 00:00:14.19]         D2	POST	/api/v1/terminals/{terminalId:guid}/kitchen-operations/tickets/{ticketId:guid}/items/{itemId:guid}/undo	403	must-need-permission
[xUnit.net 00:00:14.19]         D2	POST	/api/v1/terminals/{terminalId:guid}/kitchen-operations/tickets/{ticketId:guid}/transition	403	must-need-permission
[xUnit.net 00:00:14.19]         D2	POST	/api/v1/terminals/{terminalId:guid}/offline-reconciliation/	404	session-only-by-design
[xUnit.net 00:00:14.19]         D2	PUT	/api/v1/terminals/{terminalId:guid}/online-menu/{provider}/mappings/{productId:guid}	403	must-need-permission
[xUnit.net 00:00:14.19]         D2	DELETE	/api/v1/terminals/{terminalId:guid}/online-menu/{provider}/mappings/{productId:guid}	403	must-need-permission
[xUnit.net 00:00:14.19]         D2	POST	/api/v1/terminals/{terminalId:guid}/online-operations/orders/{orderId:guid}/cancel	403	must-need-permission
[xUnit.net 00:00:14.19]         D2	POST	/api/v1/terminals/{terminalId:guid}/online-operations/orders/{orderId:guid}/hand-over	403	must-need-permission
[xUnit.net 00:00:14.19]         D2	POST	/api/v1/terminals/{terminalId:guid}/online-ordering/catalog-publications/	403	must-need-permission
[xUnit.net 00:00:14.19]         D2	PUT	/api/v1/terminals/{terminalId:guid}/online-platform-credentials/{provider}	403	must-need-permission
[xUnit.net 00:00:14.19]         D2	POST	/api/v1/terminals/{terminalId:guid}/online-problems/{caseId:guid}/resolve	403	must-need-permission
[xUnit.net 00:00:14.19]         D2	POST	/api/v1/terminals/{terminalId:guid}/online-problems/{caseId:guid}/retry	403	must-need-permission
[xUnit.net 00:00:14.19]         D2	PUT	/api/v1/terminals/{terminalId:guid}/online-store-status/{provider}	403	must-need-permission
[xUnit.net 00:00:14.19]         D2	POST	/api/v1/terminals/{terminalId:guid}/orders	403	must-need-permission
[xUnit.net 00:00:14.19]         D2	POST	/api/v1/terminals/{terminalId:guid}/orders/handoff-note/pop	204	session-only-by-design
[xUnit.net 00:00:14.19]         D2	POST	/api/v1/terminals/{terminalId:guid}/orders/table	403	must-need-permission
[xUnit.net 00:00:14.19]         D2	POST	/api/v1/terminals/{terminalId:guid}/orders/table-draft	403	must-need-permission
[xUnit.net 00:00:14.19]         D2	POST	/api/v1/terminals/{terminalId:guid}/orders/transfer-server	403	must-need-permission
[xUnit.net 00:00:14.19]         D2	POST	/api/v1/terminals/{terminalId:guid}/orders/{orderId:guid}/accept	403	must-need-permission
[xUnit.net 00:00:14.19]         D2	POST	/api/v1/terminals/{terminalId:guid}/orders/{orderId:guid}/fire-course	403	must-need-permission
[xUnit.net 00:00:14.19]         D2	POST	/api/v1/terminals/{terminalId:guid}/orders/{orderId:guid}/items	403	must-need-permission
[xUnit.net 00:00:14.19]         D2	PATCH	/api/v1/terminals/{terminalId:guid}/orders/{orderId:guid}/items/{itemId:guid}	403	must-need-permission
[xUnit.net 00:00:14.19]         D2	DELETE	/api/v1/terminals/{terminalId:guid}/orders/{orderId:guid}/items/{itemId:guid}	400	second-pass
[xUnit.net 00:00:14.19]         D2	POST	/api/v1/terminals/{terminalId:guid}/orders/{orderId:guid}/items/{itemId:guid}/comp	400	session-only-by-design
[xUnit.net 00:00:14.19]         D2	POST	/api/v1/terminals/{terminalId:guid}/orders/{orderId:guid}/items/{itemId:guid}/void	403	must-need-permission
[xUnit.net 00:00:14.19]         D2	POST	/api/v1/terminals/{terminalId:guid}/orders/{orderId:guid}/items/{itemId:guid}/void-sent	400	session-only-by-design
[xUnit.net 00:00:14.19]         D2	POST	/api/v1/terminals/{terminalId:guid}/orders/{orderId:guid}/recall-from-cashier	403	must-need-permission
[xUnit.net 00:00:14.20]         D2	POST	/api/v1/terminals/{terminalId:guid}/orders/{orderId:guid}/reject	403	must-need-permission
[xUnit.net 00:00:14.20]         D2	POST	/api/v1/terminals/{terminalId:guid}/orders/{orderId:guid}/send-to-cashier	403	must-need-permission
[xUnit.net 00:00:14.20]         D2	POST	/api/v1/terminals/{terminalId:guid}/orders/{orderId:guid}/submit	403	must-need-permission
[xUnit.net 00:00:14.20]         D2	POST	/api/v1/terminals/{terminalId:guid}/orders/{orderId:guid}/submit-draft	403	must-need-permission
[xUnit.net 00:00:14.20]         D2	POST	/api/v1/terminals/{terminalId:guid}/pairings/approve	400	session-only-by-design
[xUnit.net 00:00:14.20]         D2	POST	/api/v1/terminals/{terminalId:guid}/push/subscriptions	400	session-only-by-design
[xUnit.net 00:00:14.20]         D2	DELETE	/api/v1/terminals/{terminalId:guid}/push/subscriptions	400	session-only-by-design
[xUnit.net 00:00:14.20]         D2	POST	/api/v1/terminals/{terminalId:guid}/qnb-credential/	403	must-need-permission
[xUnit.net 00:00:14.20]         D2	POST	/api/v1/terminals/{terminalId:guid}/qnb-credential/test-connection	403	must-need-permission
[xUnit.net 00:00:14.20]         D2	POST	/api/v1/terminals/{terminalId:guid}/relay-credential/	403	must-need-permission
[xUnit.net 00:00:14.20]         D2	POST	/api/v1/terminals/{terminalId:guid}/relay-credential/provision	403	must-need-permission
[xUnit.net 00:00:14.20]         D2	PUT	/api/v1/terminals/{terminalId:guid}/table-management/floor-plans/{zoneId:guid}	403	must-need-permission
[xUnit.net 00:00:14.20]         D2	POST	/api/v1/terminals/{terminalId:guid}/table-management/merges	403	must-need-permission
[xUnit.net 00:00:14.20]         D2	POST	/api/v1/terminals/{terminalId:guid}/table-management/merges/{mergeGroupId:guid}/unmerge	403	must-need-permission
[xUnit.net 00:00:14.20]         D2	POST	/api/v1/terminals/{terminalId:guid}/table-management/reservations	403	must-need-permission
[xUnit.net 00:00:14.20]         D2	POST	/api/v1/terminals/{terminalId:guid}/table-management/reservations/{reservationId:guid}/cancel	403	must-need-permission
[xUnit.net 00:00:14.20]         D2	POST	/api/v1/terminals/{terminalId:guid}/table-management/reservations/{reservationId:guid}/claim	403	must-need-permission
[xUnit.net 00:00:14.20]         D2	POST	/api/v1/terminals/{terminalId:guid}/table-management/reservations/{reservationId:guid}/expire	403	must-need-permission
[xUnit.net 00:00:14.20]         D2	POST	/api/v1/terminals/{terminalId:guid}/table-management/tables	403	must-need-permission
[xUnit.net 00:00:14.20]         D2	PUT	/api/v1/terminals/{terminalId:guid}/table-management/tables/{tableId:guid}	403	must-need-permission
[xUnit.net 00:00:14.20]         D2	POST	/api/v1/terminals/{terminalId:guid}/table-management/tables/{tableId:guid}/status	403	must-need-permission
[xUnit.net 00:00:14.20]         D2	POST	/api/v1/terminals/{terminalId:guid}/table-management/transfers	403	must-need-permission
[xUnit.net 00:00:14.20]         D2	POST	/api/v1/terminals/{terminalId:guid}/table-management/zones	403	must-need-permission
[xUnit.net 00:00:14.20]         D2	PUT	/api/v1/terminals/{terminalId:guid}/table-management/zones/{zoneId:guid}	403	must-need-permission
[xUnit.net 00:00:14.20]         D2	DELETE	/api/v1/terminals/{terminalId:guid}/table-management/zones/{zoneId:guid}	403	must-need-permission
[xUnit.net 00:00:14.20]         D2	POST	/api/v1/terminals/{terminalId:guid}/token-credential/	403	must-need-permission
[xUnit.net 00:00:14.20]         D2-PASSED-GUARD	POST /api/v1/terminals/{terminalId:guid}/billing/bills/{billId:guid}/tenders/ -> 400
[xUnit.net 00:00:14.20]         D2-PASSED-GUARD	POST /api/v1/terminals/{terminalId:guid}/cash-sessions/ -> 201
[xUnit.net 00:00:14.20]         D2-PASSED-GUARD	POST /api/v1/terminals/{terminalId:guid}/cash-sessions/{cashSessionId:guid}/cash-movements -> 400
[xUnit.net 00:00:14.20]         D2-PASSED-GUARD	POST /api/v1/terminals/{terminalId:guid}/cash-sessions/{cashSessionId:guid}/cash-tender -> 400
[xUnit.net 00:00:14.20]         D2-PASSED-GUARD	POST /api/v1/terminals/{terminalId:guid}/cash-sessions/{cashSessionId:guid}/close -> 404
[xUnit.net 00:00:14.20]         D2-PASSED-GUARD	POST /api/v1/terminals/{terminalId:guid}/cash-sessions/{cashSessionId:guid}/counts -> 404
[xUnit.net 00:00:14.20]         D2-PASSED-GUARD	POST /api/v1/terminals/{terminalId:guid}/cash-sessions/{cashSessionId:guid}/reconcile -> 404
[xUnit.net 00:00:14.20]         D2-PASSED-GUARD	POST /api/v1/terminals/{terminalId:guid}/cash-sessions/{cashSessionId:guid}/start-count -> 404
  Failed ALKAROS.Audit.AuthorizationProbes.AuthorizationProbes.D2EveryMutationRouteRejectsPermissionlessSession [4 s]
  Error Message:
   Assert.Empty() Failure: Collection was not empty
Collection: ["POST /api/v1/terminals/{terminalId:guid}/billing/b"···, "POST /api/v1/terminals/{terminalId:guid}/cash-sess"···, "POST /api/v1/terminals/{terminalId:guid}/cash-sess"···, "POST /api/v1/terminals/{terminalId:guid}/cash-sess"···, "POST /api/v1/terminals/{terminalId:guid}/cash-sess"···, ···]
  Stack Trace:
     at ALKAROS.Audit.AuthorizationProbes.AuthorizationProbes.D2EveryMutationRouteRejectsPermissionlessSession() in /cal399/evidence/V1-RMD-399/probes/AuthorizationProbes/AuthorizationProbes.cs:line 426
--- End of stack trace from previous location ---
  Standard Output Messages:
 D2	POST	/api/v1/auth/logout	204	session-only-by-design
 D2	POST	/api/v1/auth/pin	400	session-only-by-design
 D2	POST	/api/v1/auth/unlock	400	session-only-by-design
 D2	POST	/api/v1/management/authorization/behavioural-tightenings/{tighteningId:guid}/clear	403	must-need-permission
 D2	POST	/api/v1/management/authorization/delegations/{delegationId:guid}/revoke	403	must-need-permission
 D2	POST	/api/v1/management/authorization/grants/{grantId:guid}/approve	403	must-need-permission
 D2	POST	/api/v1/management/authorization/grants/{grantId:guid}/deny	403	must-need-permission
 D2	PUT	/api/v1/management/business-identity/logo	404	second-pass
 D2	DELETE	/api/v1/management/business-identity/logo	403	must-need-permission
 D2	POST	/api/v1/management/catalog/categories	403	must-need-permission
 D2	POST	/api/v1/management/catalog/modifier-groups	403	must-need-permission
 D2	POST	/api/v1/management/catalog/modifiers	403	must-need-permission
 D2	POST	/api/v1/management/catalog/prices	403	must-need-permission
 D2	POST	/api/v1/management/catalog/product-modifier-assignments	403	must-need-permission
 D2	POST	/api/v1/management/catalog/products	403	must-need-permission
 D2	POST	/api/v1/management/catalog/products/{productId:guid}/availability	403	must-need-permission
 D2	POST	/api/v1/management/catalog/products/{productId:guid}/prep-time	403	must-need-permission
 D2	POST	/api/v1/management/catalog/tax-profiles	403	must-need-permission
 D2	PUT	/api/v1/management/customer-display/screensaver	404	second-pass
 D2	DELETE	/api/v1/management/customer-display/screensaver	403	must-need-permission
 D2	POST	/api/v1/management/inventory/modifiers/{modifierId:guid}/stock-mappings	403	must-need-permission
 D2	DELETE	/api/v1/management/inventory/modifiers/{modifierId:guid}/stock-mappings/{stockItemId:guid}	403	must-need-permission
 D2	POST	/api/v1/management/inventory/products/{productId:guid}/stock-mappings	403	must-need-permission
 D2	DELETE	/api/v1/management/inventory/products/{productId:guid}/stock-mappings/{stockItemId:guid}	403	must-need-permission
 D2	POST	/api/v1/management/inventory/stock-items	403	must-need-permission
 D2	POST	/api/v1/management/inventory/stock-items/{stockItemId:guid}/physical-counts	403	must-need-permission
 D2	PUT	/api/v1/management/inventory/stock-items/{stockItemId:guid}/reorder-point	403	must-need-permission
 D2	POST	/api/v1/management/inventory/stock-items/{stockItemId:guid}/waste	403	must-need-permission
 D2	POST	/api/v1/management/inventory/stock-locations	403	must-need-permission
 D2	POST	/api/v1/management/menus-and-specials/daily-menus	403	must-need-permission
 D2	PUT	/api/v1/management/menus-and-specials/daily-menus/items/{dailyMenuItemId:guid}/planned-portions	403	must-need-permission
 D2	PUT	/api/v1/management/menus-and-specials/daily-menus/items/{dailyMenuItemId:guid}/price	403	must-need-permission
 D2	PUT	/api/v1/management/menus-and-specials/daily-menus/items/{dailyMenuItemId:guid}/status	403	must-need-permission
 D2	POST	/api/v1/management/menus-and-specials/daily-menus/{dailyMenuId:guid}/close	403	must-need-permission
 D2	POST	/api/v1/management/menus-and-specials/daily-menus/{dailyMenuId:guid}/items	403	must-need-permission
 D2	POST	/api/v1/management/menus-and-specials/daily-menus/{dailyMenuId:guid}/open	403	must-need-permission
 D2	POST	/api/v1/management/menus-and-specials/menus	403	must-need-permission
 D2	PUT	/api/v1/management/menus-and-specials/menus/{menuId:guid}	403	must-need-permission
 D2	POST	/api/v1/management/menus-and-specials/menus/{menuId:guid}/items	403	must-need-permission
 D2	POST	/api/v1/management/menus-and-specials/menus/{menuId:guid}/items/reorder	403	must-need-permission
 D2	PUT	/api/v1/management/menus-and-specials/menus/{menuId:guid}/items/{menuItemId:guid}	403	must-need-permission
 D2	POST	/api/v1/management/observability/alerts/raise	403	must-need-permission
 D2	POST	/api/v1/management/observability/alerts/{alertId:guid}/acknowledge	403	must-need-permission
 D2	POST	/api/v1/management/observability/alerts/{alertId:guid}/escalate	403	must-need-permission
 D2	POST	/api/v1/management/observability/alerts/{alertId:guid}/resolve	403	must-need-permission
 D2	POST	/api/v1/management/observability/alerts/{alertId:guid}/suppress	403	must-need-permission
 D2	POST	/api/v1/management/observability/health-checks	403	must-need-permission
 D2	POST	/api/v1/management/payments/reconciliation-scan	403	must-need-permission
 D2	POST	/api/v1/management/production/batches	403	must-need-permission
 D2	POST	/api/v1/management/production/batches/{batchId:guid}/cancel	403	must-need-permission
 D2	POST	/api/v1/management/production/batches/{batchId:guid}/complete	403	must-need-permission
 D2	PUT	/api/v1/management/production/batches/{batchId:guid}/recipe-version	403	must-need-permission
 D2	POST	/api/v1/management/production/batches/{batchId:guid}/start	403	must-need-permission
 D2	POST	/api/v1/management/purchasing/purchase-orders	403	must-need-permission
 D2	POST	/api/v1/management/purchasing/purchase-orders/{orderId:guid}/cancel	403	must-need-permission
 D2	POST	/api/v1/management/purchasing/purchase-orders/{orderId:guid}/receipts	403	must-need-permission
 D2	POST	/api/v1/management/purchasing/purchase-orders/{orderId:guid}/submit	403	must-need-permission
 D2	POST	/api/v1/management/purchasing/suppliers	403	must-need-permission
 D2	PUT	/api/v1/management/purchasing/suppliers/{supplierId:guid}	403	must-need-permission
 D2	POST	/api/v1/management/purchasing/suppliers/{supplierId:guid}/activate	403	must-need-permission
 D2	POST	/api/v1/management/purchasing/suppliers/{supplierId:guid}/deactivate	403	must-need-permission
 D2	POST	/api/v1/management/recipes/	403	must-need-permission
 D2	POST	/api/v1/management/recipes/products/{productId:guid}/mapping	403	must-need-permission
 D2	DELETE	/api/v1/management/recipes/products/{productId:guid}/mapping	403	must-need-permission
 D2	POST	/api/v1/management/recipes/unit-conversions	403	must-need-permission
 D2	POST	/api/v1/management/recipes/versions/{versionId:guid}/ingredients	403	must-need-permission
 D2	DELETE	/api/v1/management/recipes/versions/{versionId:guid}/ingredients/{ingredientItemId:guid}	403	must-need-permission
 D2	POST	/api/v1/management/recipes/versions/{versionId:guid}/lock	403	must-need-permission
 D2	POST	/api/v1/management/recipes/{recipeId:guid}/versions	403	must-need-permission
 D2	POST	/api/v1/management/recipes/{recipeId:guid}/versions/next	403	must-need-permission
 D2	POST	/api/v1/management/recipes/{recipeId:guid}/versions/{versionNumber:int}/activate	403	must-need-permission
 D2	POST	/api/v1/management/recipes/{recipeVersionId:guid}/cost-snapshots/	403	must-need-permission
 D2	POST	/api/v1/management/reconciliation/cases/	403	must-need-permission
 D2	POST	/api/v1/management/reconciliation/cases/{caseId:guid}/notes	403	must-need-permission
 D2	POST	/api/v1/management/reconciliation/cases/{caseId:guid}/transition	403	must-need-permission
 D2	POST	/api/v1/management/reconciliation/online-orders/cases/{caseId:guid}/resolve	403	must-need-permission
 D2	POST	/api/v1/management/reconciliation/online-orders/cases/{caseId:guid}/retry	403	must-need-permission
 D2	POST	/api/v1/management/reconciliation/online-orders/scan	403	must-need-permission
 D2	POST	/api/v1/management/reporting/business-day/open	403	must-need-permission
 D2	POST	/api/v1/management/reporting/business-day/{businessDate}/close	403	must-need-permission
 D2	POST	/api/v1/management/roles/permissions	400	second-pass
 D2	POST	/api/v1/management/roles/roles	400	second-pass
 D2	POST	/api/v1/management/roles/roles/{roleId:guid}/permissions	400	second-pass
 D2	DELETE	/api/v1/management/roles/roles/{roleId:guid}/permissions/{permissionCode}	403	must-need-permission
 D2	POST	/api/v1/management/roles/roles/{roleId:guid}/users/{userId:guid}	403	must-need-permission
 D2	DELETE	/api/v1/management/roles/roles/{roleId:guid}/users/{userId:guid}	403	must-need-permission
 D2	POST	/api/v1/management/security/diagnostic-bundle	403	must-need-permission
 D2	POST	/api/v1/management/security/maintenance/jobs/{name}/run	403	must-need-permission
 D2	POST	/api/v1/management/security/orders/close-settled	403	must-need-permission
 D2	POST	/api/v1/management/security/outbox/dead-letters/{id:guid}/requeue	403	must-need-permission
 D2	POST	/api/v1/management/security/secrets/{name}/rotation/initialize	403	must-need-permission
 D2	POST	/api/v1/management/security/secrets/{name}/rotation/revoke	403	must-need-permission
 D2	POST	/api/v1/management/security/secrets/{name}/rotation/rollback	403	must-need-permission
 D2	POST	/api/v1/management/security/secrets/{name}/rotation/rotate	403	must-need-permission
 D2	POST	/api/v1/management/security/users/{userId:guid}/force-unlock	403	must-need-permission
 D2	POST	/api/v1/management/security/users/{userId:guid}/revoke-sessions	403	must-need-permission
 D2	PUT	/api/v1/management/settings/{key}	403	must-need-permission
 D2	DELETE	/api/v1/management/settings/{key}	403	must-need-permission
 D2	POST	/api/v1/management/users/	400	second-pass
 D2	POST	/api/v1/terminals/{terminalId:guid}/billing/bills/from-order/{orderId:guid}	403	must-need-permission
 D2	POST	/api/v1/terminals/{terminalId:guid}/billing/bills/{billId:guid}/discount	400	session-only-by-design
 D2	PUT	/api/v1/terminals/{terminalId:guid}/billing/bills/{billId:guid}/split-design/amounts	403	must-need-permission
 D2	POST	/api/v1/terminals/{terminalId:guid}/billing/bills/{billId:guid}/split-design/clear	403	must-need-permission
 D2	PUT	/api/v1/terminals/{terminalId:guid}/billing/bills/{billId:guid}/split-design/custom	403	must-need-permission
 D2	PUT	/api/v1/terminals/{terminalId:guid}/billing/bills/{billId:guid}/split-design/equal	403	must-need-permission
 D2	PUT	/api/v1/terminals/{terminalId:guid}/billing/bills/{billId:guid}/split-design/items	403	must-need-permission
 D2	POST	/api/v1/terminals/{terminalId:guid}/billing/bills/{billId:guid}/tenders/	400	must-need-permission
 D2	POST	/api/v1/terminals/{terminalId:guid}/billing/bills/{billId:guid}/tenders/confirmations/{confirmationId:guid}/approve	403	must-need-permission
 D2	POST	/api/v1/terminals/{terminalId:guid}/billing/bills/{billId:guid}/tenders/confirmations/{confirmationId:guid}/reject	403	must-need-permission
 D2	POST	/api/v1/terminals/{terminalId:guid}/billing/bills/{billId:guid}/tenders/unsettled/{paymentId:guid}/card-charged	403	must-need-permission
 D2	POST	/api/v1/terminals/{terminalId:guid}/billing/bills/{billId:guid}/tenders/unsettled/{paymentId:guid}/not-charged	403	must-need-permission
 D2	POST	/api/v1/terminals/{terminalId:guid}/billing/bills/{billId:guid}/tip	403	must-need-permission
 D2	POST	/api/v1/terminals/{terminalId:guid}/cash-sessions/	201	must-need-permission
 D2	POST	/api/v1/terminals/{terminalId:guid}/cash-sessions/{cashSessionId:guid}/cash-movements	400	must-need-permission
 D2	POST	/api/v1/terminals/{terminalId:guid}/cash-sessions/{cashSessionId:guid}/cash-tender	400	must-need-permission
 D2	POST	/api/v1/terminals/{terminalId:guid}/cash-sessions/{cashSessionId:guid}/close	404	must-need-permission
 D2	POST	/api/v1/terminals/{terminalId:guid}/cash-sessions/{cashSessionId:guid}/counts	404	must-need-permission
 D2	POST	/api/v1/terminals/{terminalId:guid}/cash-sessions/{cashSessionId:guid}/reconcile	404	must-need-permission
 D2	POST	/api/v1/terminals/{terminalId:guid}/cash-sessions/{cashSessionId:guid}/start-count	404	must-need-permission
 D2	POST	/api/v1/terminals/{terminalId:guid}/display-sessions/revoke	200	session-only-by-design
 D2	POST	/api/v1/terminals/{terminalId:guid}/help-requests/	400	session-only-by-design
 D2	POST	/api/v1/terminals/{terminalId:guid}/kitchen-operations/deliveries/{deliveryId:guid}/reprint-approval	403	must-need-permission
 D2	POST	/api/v1/terminals/{terminalId:guid}/kitchen-operations/deliveries/{deliveryId:guid}/reprint-rejection	403	must-need-permission
 D2	POST	/api/v1/terminals/{terminalId:guid}/kitchen-operations/operations/backups	403	must-need-permission
 D2	PUT	/api/v1/terminals/{terminalId:guid}/kitchen-operations/printers/{printerId:guid}	403	must-need-permission
 D2	POST	/api/v1/terminals/{terminalId:guid}/kitchen-operations/products/{productId:guid}/suspend	403	must-need-permission
 D2	POST	/api/v1/terminals/{terminalId:guid}/kitchen-operations/routes/{routeId:guid}	403	must-need-permission
 D2	PUT	/api/v1/terminals/{terminalId:guid}/kitchen-operations/routes/{routeId:guid}	403	must-need-permission
 D2	POST	/api/v1/terminals/{terminalId:guid}/kitchen-operations/tickets/{ticketId:guid}/items/{itemId:guid}/transition	403	must-need-permission
 D2	POST	/api/v1/terminals/{terminalId:guid}/kitchen-operations/tickets/{ticketId:guid}/items/{itemId:guid}/undo	403	must-need-permission
 D2	POST	/api/v1/terminals/{terminalId:guid}/kitchen-operations/tickets/{ticketId:guid}/transition	403	must-need-permission
 D2	POST	/api/v1/terminals/{terminalId:guid}/offline-reconciliation/	404	session-only-by-design
 D2	PUT	/api/v1/terminals/{terminalId:guid}/online-menu/{provider}/mappings/{productId:guid}	403	must-need-permission
 D2	DELETE	/api/v1/terminals/{terminalId:guid}/online-menu/{provider}/mappings/{productId:guid}	403	must-need-permission
 D2	POST	/api/v1/terminals/{terminalId:guid}/online-operations/orders/{orderId:guid}/cancel	403	must-need-permission
 D2	POST	/api/v1/terminals/{terminalId:guid}/online-operations/orders/{orderId:guid}/hand-over	403	must-need-permission
 D2	POST	/api/v1/terminals/{terminalId:guid}/online-ordering/catalog-publications/	403	must-need-permission
 D2	PUT	/api/v1/terminals/{terminalId:guid}/online-platform-credentials/{provider}	403	must-need-permission
 D2	POST	/api/v1/terminals/{terminalId:guid}/online-problems/{caseId:guid}/resolve	403	must-need-permission
 D2	POST	/api/v1/terminals/{terminalId:guid}/online-problems/{caseId:guid}/retry	403	must-need-permission
 D2	PUT	/api/v1/terminals/{terminalId:guid}/online-store-status/{provider}	403	must-need-permission
 D2	POST	/api/v1/terminals/{terminalId:guid}/orders	403	must-need-permission
 D2	POST	/api/v1/terminals/{terminalId:guid}/orders/handoff-note/pop	204	session-only-by-design
 D2	POST	/api/v1/terminals/{terminalId:guid}/orders/table	403	must-need-permission
 D2	POST	/api/v1/terminals/{terminalId:guid}/orders/table-draft	403	must-need-permission
 D2	POST	/api/v1/terminals/{terminalId:guid}/orders/transfer-server	403	must-need-permission
 D2	POST	/api/v1/terminals/{terminalId:guid}/orders/{orderId:guid}/accept	403	must-need-permission
 D2	POST	/api/v1/terminals/{terminalId:guid}/orders/{orderId:guid}/fire-course	403	must-need-permission
 D2	POST	/api/v1/terminals/{terminalId:guid}/orders/{orderId:guid}/items	403	must-need-permission
 D2	PATCH	/api/v1/terminals/{terminalId:guid}/orders/{orderId:guid}/items/{itemId:guid}	403	must-need-permission
 D2	DELETE	/api/v1/terminals/{terminalId:guid}/orders/{orderId:guid}/items/{itemId:guid}	400	second-pass
 D2	POST	/api/v1/terminals/{terminalId:guid}/orders/{orderId:guid}/items/{itemId:guid}/comp	400	session-only-by-design
 D2	POST	/api/v1/terminals/{terminalId:guid}/orders/{orderId:guid}/items/{itemId:guid}/void	403	must-need-permission
 D2	POST	/api/v1/terminals/{terminalId:guid}/orders/{orderId:guid}/items/{itemId:guid}/void-sent	400	session-only-by-design
 D2	POST	/api/v1/terminals/{terminalId:guid}/orders/{orderId:guid}/recall-from-cashier	403	must-need-permission
 D2	POST	/api/v1/terminals/{terminalId:guid}/orders/{orderId:guid}/reject	403	must-need-permission
 D2	POST	/api/v1/terminals/{terminalId:guid}/orders/{orderId:guid}/send-to-cashier	403	must-need-permission
 D2	POST	/api/v1/terminals/{terminalId:guid}/orders/{orderId:guid}/submit	403	must-need-permission
 D2	POST	/api/v1/terminals/{terminalId:guid}/orders/{orderId:guid}/submit-draft	403	must-need-permission
 D2	POST	/api/v1/terminals/{terminalId:guid}/pairings/approve	400	session-only-by-design
 D2	POST	/api/v1/terminals/{terminalId:guid}/push/subscriptions	400	session-only-by-design
 D2	DELETE	/api/v1/terminals/{terminalId:guid}/push/subscriptions	400	session-only-by-design
 D2	POST	/api/v1/terminals/{terminalId:guid}/qnb-credential/	403	must-need-permission
 D2	POST	/api/v1/terminals/{terminalId:guid}/qnb-credential/test-connection	403	must-need-permission
 D2	POST	/api/v1/terminals/{terminalId:guid}/relay-credential/	403	must-need-permission
 D2	POST	/api/v1/terminals/{terminalId:guid}/relay-credential/provision	403	must-need-permission
 D2	PUT	/api/v1/terminals/{terminalId:guid}/table-management/floor-plans/{zoneId:guid}	403	must-need-permission
 D2	POST	/api/v1/terminals/{terminalId:guid}/table-management/merges	403	must-need-permission
 D2	POST	/api/v1/terminals/{terminalId:guid}/table-management/merges/{mergeGroupId:guid}/unmerge	403	must-need-permission
 D2	POST	/api/v1/terminals/{terminalId:guid}/table-management/reservations	403	must-need-permission
 D2	POST	/api/v1/terminals/{terminalId:guid}/table-management/reservations/{reservationId:guid}/cancel	403	must-need-permission
 D2	POST	/api/v1/terminals/{terminalId:guid}/table-management/reservations/{reservationId:guid}/claim	403	must-need-permission
 D2	POST	/api/v1/terminals/{terminalId:guid}/table-management/reservations/{reservationId:guid}/expire	403	must-need-permission
 D2	POST	/api/v1/terminals/{terminalId:guid}/table-management/tables	403	must-need-permission
 D2	PUT	/api/v1/terminals/{terminalId:guid}/table-management/tables/{tableId:guid}	403	must-need-permission
 D2	POST	/api/v1/terminals/{terminalId:guid}/table-management/tables/{tableId:guid}/status	403	must-need-permission
 D2	POST	/api/v1/terminals/{terminalId:guid}/table-management/transfers	403	must-need-permission
 D2	POST	/api/v1/terminals/{terminalId:guid}/table-management/zones	403	must-need-permission
 D2	PUT	/api/v1/terminals/{terminalId:guid}/table-management/zones/{zoneId:guid}	403	must-need-permission
 D2	DELETE	/api/v1/terminals/{terminalId:guid}/table-management/zones/{zoneId:guid}	403	must-need-permission
 D2	POST	/api/v1/terminals/{terminalId:guid}/token-credential/	403	must-need-permission
 D2-PASSED-GUARD	POST /api/v1/terminals/{terminalId:guid}/billing/bills/{billId:guid}/tenders/ -> 400
 D2-PASSED-GUARD	POST /api/v1/terminals/{terminalId:guid}/cash-sessions/ -> 201
 D2-PASSED-GUARD	POST /api/v1/terminals/{terminalId:guid}/cash-sessions/{cashSessionId:guid}/cash-movements -> 400
 D2-PASSED-GUARD	POST /api/v1/terminals/{terminalId:guid}/cash-sessions/{cashSessionId:guid}/cash-tender -> 400
 D2-PASSED-GUARD	POST /api/v1/terminals/{terminalId:guid}/cash-sessions/{cashSessionId:guid}/close -> 404
 D2-PASSED-GUARD	POST /api/v1/terminals/{terminalId:guid}/cash-sessions/{cashSessionId:guid}/counts -> 404
 D2-PASSED-GUARD	POST /api/v1/terminals/{terminalId:guid}/cash-sessions/{cashSessionId:guid}/reconcile -> 404
 D2-PASSED-GUARD	POST /api/v1/terminals/{terminalId:guid}/cash-sessions/{cashSessionId:guid}/start-count -> 404


info: Microsoft.AspNetCore.Http.Result.OkObjectResult[1]
      Setting HTTP status code 200.
info: Microsoft.AspNetCore.Http.Result.OkObjectResult[3]
      Writing value of type '<>f__AnonymousType3`6' as Json.
info: Microsoft.AspNetCore.Routing.EndpointMiddleware[1]
      Executed endpoint 'HTTP: POST /api/v1/auth/login'
info: Microsoft.AspNetCore.Hosting.Diagnostics[2]
      Request finished HTTP/1.1 POST https://127.0.0.1:45923/api/v1/auth/login - 200 - application/json;+charset=utf-8 461.2239ms
info: Microsoft.AspNetCore.Hosting.Diagnostics[1]
      Request starting HTTP/1.1 POST http://127.0.0.1:45923/api/v1/terminals/a9782573-5170-454c-b3ae-07e200c9a6ab/offline-reconciliation - application/json;+charset=utf-8 493
info: Microsoft.AspNetCore.Routing.EndpointMiddleware[0]
      Executing endpoint 'HTTP: POST /api/v1/terminals/{terminalId:guid}/offline-reconciliation/'
info: Microsoft.AspNetCore.Http.Result.OkObjectResult[1]
      Setting HTTP status code 200.
info: Microsoft.AspNetCore.Http.Result.OkObjectResult[3]
      Writing value of type 'OfflineReconciliationResponseV1' as Json.
info: Microsoft.AspNetCore.Routing.EndpointMiddleware[1]
      Executed endpoint 'HTTP: POST /api/v1/terminals/{terminalId:guid}/offline-reconciliation/'
info: Microsoft.AspNetCore.Hosting.Diagnostics[2]
      Request finished HTTP/1.1 POST https://127.0.0.1:45923/api/v1/terminals/a9782573-5170-454c-b3ae-07e200c9a6ab/offline-reconciliation - 200 - application/json;+charset=utf-8 56.5750ms
[xUnit.net 00:00:14.74]     ALKAROS.Audit.AuthorizationProbes.AuthorizationProbes.C7OfflineReconciliationAppliesOwnCheck [FAIL]
[xUnit.net 00:00:14.74]       Assert.Equal() Failure: Strings differ
[xUnit.net 00:00:14.74]                  ↓ (pos 0)
[xUnit.net 00:00:14.74]       Expected: "Denied"
[xUnit.net 00:00:14.74]       Actual:   "Pending"
[xUnit.net 00:00:14.74]                  ↑ (pos 0)
[xUnit.net 00:00:14.74]       Stack Trace:
[xUnit.net 00:00:14.74]         /cal399/evidence/V1-RMD-399/probes/AuthorizationProbes/AuthorizationProbes.cs(325,0): at ALKAROS.Audit.AuthorizationProbes.AuthorizationProbes.C7OfflineReconciliationAppliesOwnCheck()
[xUnit.net 00:00:14.74]         --- End of stack trace from previous location ---
[xUnit.net 00:00:14.74]       Output:
[xUnit.net 00:00:14.74]         offline comp on another waiter's check -> Pending
info: Microsoft.AspNetCore.Hosting.Diagnostics[1]
      Request starting HTTP/1.1 POST http://127.0.0.1:45923/api/v1/management/authorization/behavioural-tightenings/0fcbb3a4-c991-4434-b710-ec7668d2056c/clear - application/json;+charset=utf-8 2
info: Microsoft.AspNetCore.Routing.EndpointMiddleware[0]
      Executing endpoint 'HTTP: POST /api/v1/management/authorization/behavioural-tightenings/{tighteningId:guid}/clear'
info: Microsoft.AspNetCore.Http.Result.JsonResult[1]
      Setting HTTP status code 403.
info: Microsoft.AspNetCore.Http.Result.JsonResult[3]
      Writing value of type 'AuthorizationDecisionErrorEnvelopeV1' as Json.
info: Microsoft.AspNetCore.Routing.EndpointMiddleware[1]
      Executed endpoint 'HTTP: POST /api/v1/management/authorization/behavioural-tightenings/{tighteningId:guid}/clear'
info: Microsoft.AspNetCore.Hosting.Diagnostics[2]
      Request finished HTTP/1.1 POST https://127.0.0.1:45923/api/v1/management/authorization/behavioural-tightenings/0fcbb3a4-c991-4434-b710-ec7668d2056c/clear - 403 - application/json;+charset=utf-8 15.3419ms
info: Microsoft.AspNetCore.Hosting.Diagnostics[1]
      Request starting HTTP/1.1 POST http://127.0.0.1:45923/api/v1/auth/login - application/json;+charset=utf-8 116
info: Microsoft.AspNetCore.Routing.EndpointMiddleware[0]
      Executing endpoint 'HTTP: POST /api/v1/auth/login'
info: Microsoft.AspNetCore.Http.Result.OkObjectResult[1]
      Setting HTTP status code 200.
info: Microsoft.AspNetCore.Http.Result.OkObjectResult[3]
      Writing value of type '<>f__AnonymousType3`6' as Json.
info: Microsoft.AspNetCore.Routing.EndpointMiddleware[1]
      Executed endpoint 'HTTP: POST /api/v1/auth/login'
info: Microsoft.AspNetCore.Hosting.Diagnostics[2]
      Request finished HTTP/1.1 POST https://127.0.0.1:45923/api/v1/auth/login - 200 - application/json;+charset=utf-8 423.6822ms
info: Microsoft.AspNetCore.Hosting.Diagnostics[1]
      Request starting HTTP/1.1 POST http://127.0.0.1:45923/api/v1/terminals/fd7267d3-54c8-4381-92bf-009f994833fd/cash-sessions - application/json;+charset=utf-8 22
info: Microsoft.AspNetCore.Routing.EndpointMiddleware[0]
      Executing endpoint 'HTTP: POST /api/v1/terminals/{terminalId:guid}/cash-sessions/'
info: Microsoft.AspNetCore.Http.Result.CreatedResult[1]
      Setting HTTP status code 201.
info: Microsoft.AspNetCore.Http.Result.CreatedResult[3]
      Writing value of type 'CashSessionSnapshot' as Json.
info: Microsoft.AspNetCore.Routing.EndpointMiddleware[1]
      Executed endpoint 'HTTP: POST /api/v1/terminals/{terminalId:guid}/cash-sessions/'
info: Microsoft.AspNetCore.Hosting.Diagnostics[2]
      Request finished HTTP/1.1 POST https://127.0.0.1:45923/api/v1/terminals/fd7267d3-54c8-4381-92bf-009f994833fd/cash-sessions - 201 - application/json;+charset=utf-8 11.0648ms
[xUnit.net 00:00:15.22]     ALKAROS.Audit.AuthorizationProbes.AuthorizationProbes.D3RoleWithoutCashDrawerCannotOperateTheDrawer(roleCode: "kitchen-staff") [FAIL]
[xUnit.net 00:00:15.22]       Assert.Contains() Failure: Item not found in collection
[xUnit.net 00:00:15.22]       Collection: [Unauthorized, Forbidden]
[xUnit.net 00:00:15.22]       Not found:  Created
[xUnit.net 00:00:15.22]       Stack Trace:
[xUnit.net 00:00:15.22]         /cal399/evidence/V1-RMD-399/probes/AuthorizationProbes/AuthorizationProbes.cs(442,0): at ALKAROS.Audit.AuthorizationProbes.AuthorizationProbes.D3RoleWithoutCashDrawerCannotOperateTheDrawer(String roleCode)
[xUnit.net 00:00:15.22]         --- End of stack trace from previous location ---
[xUnit.net 00:00:15.22]       Output:
[xUnit.net 00:00:15.22]         kitchen-staff opens a cash session: 201
info: Microsoft.AspNetCore.Hosting.Diagnostics[1]
      Request starting HTTP/1.1 POST http://127.0.0.1:45923/api/v1/auth/login - application/json;+charset=utf-8 116
info: Microsoft.AspNetCore.Routing.EndpointMiddleware[0]
      Executing endpoint 'HTTP: POST /api/v1/auth/login'
info: Microsoft.AspNetCore.Http.Result.OkObjectResult[1]
      Setting HTTP status code 200.
info: Microsoft.AspNetCore.Http.Result.OkObjectResult[3]
      Writing value of type '<>f__AnonymousType3`6' as Json.
info: Microsoft.AspNetCore.Routing.EndpointMiddleware[1]
      Executed endpoint 'HTTP: POST /api/v1/auth/login'
info: Microsoft.AspNetCore.Hosting.Diagnostics[2]
      Request finished HTTP/1.1 POST https://127.0.0.1:45923/api/v1/auth/login - 200 - application/json;+charset=utf-8 482.3544ms
info: Microsoft.AspNetCore.Hosting.Diagnostics[1]
      Request starting HTTP/1.1 POST http://127.0.0.1:45923/api/v1/terminals/67c633a1-7bba-4033-b41f-9d248792e459/cash-sessions - application/json;+charset=utf-8 22
info: Microsoft.AspNetCore.Routing.EndpointMiddleware[0]
      Executing endpoint 'HTTP: POST /api/v1/terminals/{terminalId:guid}/cash-sessions/'
info: Microsoft.AspNetCore.Http.Result.CreatedResult[1]
      Setting HTTP status code 201.
info: Microsoft.AspNetCore.Http.Result.CreatedResult[3]
      Writing value of type 'CashSessionSnapshot' as Json.
info: Microsoft.AspNetCore.Routing.EndpointMiddleware[1]
      Executed endpoint 'HTTP: POST /api/v1/terminals/{terminalId:guid}/cash-sessions/'
info: Microsoft.AspNetCore.Hosting.Diagnostics[2]
      Request finished HTTP/1.1 POST https://127.0.0.1:45923/api/v1/terminals/67c633a1-7bba-4033-b41f-9d248792e459/cash-sessions - 201 - application/json;+charset=utf-8 4.2747ms
  Failed ALKAROS.Audit.AuthorizationProbes.AuthorizationProbes.C7OfflineReconciliationAppliesOwnCheck [569 ms]
  Error Message:
   Assert.Equal() Failure: Strings differ
           ↓ (pos 0)
Expected: "Denied"
Actual:   "Pending"
           ↑ (pos 0)
  Stack Trace:
     at ALKAROS.Audit.AuthorizationProbes.AuthorizationProbes.C7OfflineReconciliationAppliesOwnCheck() in /cal399/evidence/V1-RMD-399/probes/AuthorizationProbes/AuthorizationProbes.cs:line 325
--- End of stack trace from previous location ---
  Standard Output Messages:
 offline comp on another waiter's check -> Pending


  Passed ALKAROS.Audit.AuthorizationProbes.AuthorizationProbes.C5UserCannotClearOwnTightening [30 ms]
  Failed ALKAROS.Audit.AuthorizationProbes.AuthorizationProbes.D3RoleWithoutCashDrawerCannotOperateTheDrawer(roleCode: "kitchen-staff") [447 ms]
  Error Message:
   Assert.Contains() Failure: Item not found in collection
Collection: [Unauthorized, Forbidden]
Not found:  Created
  Stack Trace:
     at ALKAROS.Audit.AuthorizationProbes.AuthorizationProbes.D3RoleWithoutCashDrawerCannotOperateTheDrawer(String roleCode) in /cal399/evidence/V1-RMD-399/probes/AuthorizationProbes/AuthorizationProbes.cs:line 442
--- End of stack trace from previous location ---
  Standard Output Messages:
 kitchen-staff opens a cash session: 201


[xUnit.net 00:00:15.71]     ALKAROS.Audit.AuthorizationProbes.AuthorizationProbes.D3RoleWithoutCashDrawerCannotOperateTheDrawer(roleCode: "waiter") [FAIL]
[xUnit.net 00:00:15.71]       Assert.Contains() Failure: Item not found in collection
[xUnit.net 00:00:15.71]       Collection: [Unauthorized, Forbidden]
[xUnit.net 00:00:15.71]       Not found:  Created
[xUnit.net 00:00:15.71]       Stack Trace:
[xUnit.net 00:00:15.71]         /cal399/evidence/V1-RMD-399/probes/AuthorizationProbes/AuthorizationProbes.cs(442,0): at ALKAROS.Audit.AuthorizationProbes.AuthorizationProbes.D3RoleWithoutCashDrawerCannotOperateTheDrawer(String roleCode)
[xUnit.net 00:00:15.71]         --- End of stack trace from previous location ---
[xUnit.net 00:00:15.71]       Output:
[xUnit.net 00:00:15.71]         waiter opens a cash session: 201
info: Microsoft.AspNetCore.Hosting.Diagnostics[1]
      Request starting HTTP/1.1 PUT http://127.0.0.1:45923/api/v1/management/business-identity/logo - multipart/form-data;+boundary="57a26ad0-dbf8-40e8-b232-9fd36f18928c" 210
info: Microsoft.AspNetCore.Routing.EndpointMiddleware[0]
      Executing endpoint 'HTTP: PUT /api/v1/management/business-identity/logo'
info: Microsoft.AspNetCore.Http.Result.JsonResult[1]
      Setting HTTP status code 401.
info: Microsoft.AspNetCore.Http.Result.JsonResult[3]
      Writing value of type 'SettingsApiErrorEnvelopeV1' as Json.
info: Microsoft.AspNetCore.Routing.EndpointMiddleware[1]
      Executed endpoint 'HTTP: PUT /api/v1/management/business-identity/logo'
info: Microsoft.AspNetCore.Hosting.Diagnostics[2]
      Request finished HTTP/1.1 PUT https://127.0.0.1:45923/api/v1/management/business-identity/logo - 401 - application/json;+charset=utf-8 12.3933ms
info: Microsoft.AspNetCore.Hosting.Diagnostics[1]
      Request starting HTTP/1.1 PUT http://127.0.0.1:45923/api/v1/management/customer-display/screensaver - multipart/form-data;+boundary="705a2a63-0d25-446e-b3c2-53fe5c3c1321" 210
info: Microsoft.AspNetCore.Routing.EndpointMiddleware[0]
      Executing endpoint 'HTTP: PUT /api/v1/management/customer-display/screensaver'
info: Microsoft.AspNetCore.Http.Result.JsonResult[1]
      Setting HTTP status code 401.
info: Microsoft.AspNetCore.Http.Result.JsonResult[3]
      Writing value of type 'CatalogApiErrorEnvelopeV1' as Json.
info: Microsoft.AspNetCore.Routing.EndpointMiddleware[1]
      Executed endpoint 'HTTP: PUT /api/v1/management/customer-display/screensaver'
info: Microsoft.AspNetCore.Hosting.Diagnostics[2]
      Request finished HTTP/1.1 PUT https://127.0.0.1:45923/api/v1/management/customer-display/screensaver - 401 - application/json;+charset=utf-8 1.4065ms
info: Microsoft.AspNetCore.Hosting.Diagnostics[1]
      Request starting HTTP/1.1 DELETE http://127.0.0.1:45923/api/v1/terminals/dd7816ed-89c8-420a-a10c-13935878fb0b/orders/c904296a-7b82-4fb0-9475-d6c3b179c167/items/c78e9b71-be03-462b-82c2-3d6849fe4607?expectedRevision=1 - - -
info: Microsoft.AspNetCore.Routing.EndpointMiddleware[0]
      Executing endpoint 'HTTP: DELETE /api/v1/terminals/{terminalId:guid}/orders/{orderId:guid}/items/{itemId:guid}'
info: Microsoft.AspNetCore.Routing.EndpointMiddleware[1]
      Executed endpoint 'HTTP: DELETE /api/v1/terminals/{terminalId:guid}/orders/{orderId:guid}/items/{itemId:guid}'
info: Microsoft.AspNetCore.Hosting.Diagnostics[2]
      Request finished HTTP/1.1 DELETE https://127.0.0.1:45923/api/v1/terminals/dd7816ed-89c8-420a-a10c-13935878fb0b/orders/c904296a-7b82-4fb0-9475-d6c3b179c167/items/c78e9b71-be03-462b-82c2-3d6849fe4607?expectedRevision=1 - 401 - application/json;+charset=utf-8 2.4873ms
info: Microsoft.AspNetCore.Hosting.Diagnostics[1]
      Request starting HTTP/1.1 DELETE http://127.0.0.1:45923/api/v1/terminals/dd7816ed-89c8-420a-a10c-13935878fb0b/push/subscriptions?endpoint=https%3A%2F%2Fpush.example%2Fx - - -
info: Microsoft.AspNetCore.Routing.EndpointMiddleware[0]
      Executing endpoint 'HTTP: DELETE /api/v1/terminals/{terminalId:guid}/push/subscriptions'
info: Microsoft.AspNetCore.Routing.EndpointMiddleware[1]
      Executed endpoint 'HTTP: DELETE /api/v1/terminals/{terminalId:guid}/push/subscriptions'
info: Microsoft.AspNetCore.Hosting.Diagnostics[2]
      Request finished HTTP/1.1 DELETE https://127.0.0.1:45923/api/v1/terminals/dd7816ed-89c8-420a-a10c-13935878fb0b/push/subscriptions?endpoint=https%3A%2F%2Fpush.example%2Fx - 401 - application/json;+charset=utf-8 1.5772ms
info: Microsoft.AspNetCore.Hosting.Diagnostics[1]
      Request starting HTTP/1.1 POST http://127.0.0.1:45923/api/v1/auth/login - application/json;+charset=utf-8 116
info: Microsoft.AspNetCore.Routing.EndpointMiddleware[0]
      Executing endpoint 'HTTP: POST /api/v1/auth/login'
info: Microsoft.AspNetCore.Http.Result.OkObjectResult[1]
      Setting HTTP status code 200.
info: Microsoft.AspNetCore.Http.Result.OkObjectResult[3]
      Writing value of type '<>f__AnonymousType3`6' as Json.
info: Microsoft.AspNetCore.Routing.EndpointMiddleware[1]
      Executed endpoint 'HTTP: POST /api/v1/auth/login'
info: Microsoft.AspNetCore.Hosting.Diagnostics[2]
      Request finished HTTP/1.1 POST https://127.0.0.1:45923/api/v1/auth/login - 200 - application/json;+charset=utf-8 442.3762ms
info: Microsoft.AspNetCore.Hosting.Diagnostics[1]
      Request starting HTTP/1.1 POST http://127.0.0.1:45923/api/v1/auth/login - application/json;+charset=utf-8 116
info: Microsoft.AspNetCore.Routing.EndpointMiddleware[0]
      Executing endpoint 'HTTP: POST /api/v1/auth/login'
info: Microsoft.AspNetCore.Http.Result.OkObjectResult[1]
      Setting HTTP status code 200.
info: Microsoft.AspNetCore.Http.Result.OkObjectResult[3]
      Writing value of type '<>f__AnonymousType3`6' as Json.
info: Microsoft.AspNetCore.Routing.EndpointMiddleware[1]
      Executed endpoint 'HTTP: POST /api/v1/auth/login'
info: Microsoft.AspNetCore.Hosting.Diagnostics[2]
      Request finished HTTP/1.1 POST https://127.0.0.1:45923/api/v1/auth/login - 200 - application/json;+charset=utf-8 445.3257ms
info: Microsoft.AspNetCore.Hosting.Diagnostics[1]
      Request starting HTTP/1.1 POST http://127.0.0.1:45923/api/v1/terminals/0a5e92ef-11dd-4236-ad79-851bc1c8486e/offline-reconciliation - application/json;+charset=utf-8 493
info: Microsoft.AspNetCore.Routing.EndpointMiddleware[0]
      Executing endpoint 'HTTP: POST /api/v1/terminals/{terminalId:guid}/offline-reconciliation/'
info: Microsoft.AspNetCore.Http.Result.JsonResult[1]
      Setting HTTP status code 403.
info: Microsoft.AspNetCore.Http.Result.JsonResult[3]
      Writing value of type 'OfflineReconciliationErrorV1' as Json.
info: Microsoft.AspNetCore.Routing.EndpointMiddleware[1]
      Executed endpoint 'HTTP: POST /api/v1/terminals/{terminalId:guid}/offline-reconciliation/'
info: Microsoft.AspNetCore.Hosting.Diagnostics[2]
      Request finished HTTP/1.1 POST https://127.0.0.1:45923/api/v1/terminals/0a5e92ef-11dd-4236-ad79-851bc1c8486e/offline-reconciliation - 403 - application/json;+charset=utf-8 4.3753ms
info: Microsoft.AspNetCore.Hosting.Diagnostics[1]
      Request starting HTTP/1.1 POST http://127.0.0.1:45923/api/v1/management/roles/permissions - application/json;+charset=utf-8 38
info: Microsoft.AspNetCore.Routing.EndpointMiddleware[0]
      Executing endpoint 'HTTP: POST /api/v1/management/roles/permissions'
info: Microsoft.AspNetCore.Http.Result.JsonResult[1]
      Setting HTTP status code 403.
info: Microsoft.AspNetCore.Http.Result.JsonResult[3]
      Writing value of type 'RoleManagementErrorEnvelopeV1' as Json.
info: Microsoft.AspNetCore.Routing.EndpointMiddleware[1]
      Executed endpoint 'HTTP: POST /api/v1/management/roles/permissions'
info: Microsoft.AspNetCore.Hosting.Diagnostics[2]
      Request finished HTTP/1.1 POST https://127.0.0.1:45923/api/v1/management/roles/permissions - 403 - application/json;+charset=utf-8 8.0076ms
info: Microsoft.AspNetCore.Hosting.Diagnostics[1]
      Request starting HTTP/1.1 POST http://127.0.0.1:45923/api/v1/management/roles/roles - application/json;+charset=utf-8 38
info: Microsoft.AspNetCore.Routing.EndpointMiddleware[0]
      Executing endpoint 'HTTP: POST /api/v1/management/roles/roles'
info: Microsoft.AspNetCore.Http.Result.JsonResult[1]
      Setting HTTP status code 403.
info: Microsoft.AspNetCore.Http.Result.JsonResult[3]
      Writing value of type 'RoleManagementErrorEnvelopeV1' as Json.
info: Microsoft.AspNetCore.Routing.EndpointMiddleware[1]
      Executed endpoint 'HTTP: POST /api/v1/management/roles/roles'
info: Microsoft.AspNetCore.Hosting.Diagnostics[2]
      Request finished HTTP/1.1 POST https://127.0.0.1:45923/api/v1/management/roles/roles - 403 - application/json;+charset=utf-8 9.3702ms
info: Microsoft.AspNetCore.Hosting.Diagnostics[1]
      Request starting HTTP/1.1 POST http://127.0.0.1:45923/api/v1/management/roles/roles/2b000000-0000-0000-0000-000000000003/permissions - application/json;+charset=utf-8 35
info: Microsoft.AspNetCore.Routing.EndpointMiddleware[0]
      Executing endpoint 'HTTP: POST /api/v1/management/roles/roles/{roleId:guid}/permissions'
info: Microsoft.AspNetCore.Http.Result.JsonResult[1]
      Setting HTTP status code 403.
info: Microsoft.AspNetCore.Http.Result.JsonResult[3]
      Writing value of type 'RoleManagementErrorEnvelopeV1' as Json.
info: Microsoft.AspNetCore.Routing.EndpointMiddleware[1]
      Executed endpoint 'HTTP: POST /api/v1/management/roles/roles/{roleId:guid}/permissions'
info: Microsoft.AspNetCore.Hosting.Diagnostics[2]
      Request finished HTTP/1.1 POST https://127.0.0.1:45923/api/v1/management/roles/roles/2b000000-0000-0000-0000-000000000003/permissions - 403 - application/json;+charset=utf-8 10.8116ms
info: Microsoft.AspNetCore.Hosting.Diagnostics[1]
      Request starting HTTP/1.1 POST http://127.0.0.1:45923/api/v1/management/roles/roles/2b000000-0000-0000-0000-000000000003/users/44ec7492-93ac-4d9e-a98c-6d85c96206cb - application/json;+charset=utf-8 2
info: Microsoft.AspNetCore.Routing.EndpointMiddleware[0]
      Executing endpoint 'HTTP: POST /api/v1/management/roles/roles/{roleId:guid}/users/{userId:guid}'
info: Microsoft.AspNetCore.Http.Result.JsonResult[1]
      Setting HTTP status code 403.
info: Microsoft.AspNetCore.Http.Result.JsonResult[3]
      Writing value of type 'RoleManagementErrorEnvelopeV1' as Json.
info: Microsoft.AspNetCore.Routing.EndpointMiddleware[1]
      Executed endpoint 'HTTP: POST /api/v1/management/roles/roles/{roleId:guid}/users/{userId:guid}'
info: Microsoft.AspNetCore.Hosting.Diagnostics[2]
      Request finished HTTP/1.1 POST https://127.0.0.1:45923/api/v1/management/roles/roles/2b000000-0000-0000-0000-000000000003/users/44ec7492-93ac-4d9e-a98c-6d85c96206cb - 403 - application/json;+charset=utf-8 7.7973ms
info: Microsoft.AspNetCore.Hosting.Diagnostics[1]
      Request starting HTTP/1.1 POST http://127.0.0.1:45923/api/v1/management/users - application/json;+charset=utf-8 79
info: Microsoft.AspNetCore.Routing.EndpointMiddleware[0]
      Executing endpoint 'HTTP: POST /api/v1/management/users/'
info: Microsoft.AspNetCore.Http.Result.JsonResult[1]
      Setting HTTP status code 403.
info: Microsoft.AspNetCore.Http.Result.JsonResult[3]
      Writing value of type 'RoleManagementErrorEnvelopeV1' as Json.
info: Microsoft.AspNetCore.Routing.EndpointMiddleware[1]
      Executed endpoint 'HTTP: POST /api/v1/management/users/'
info: Microsoft.AspNetCore.Hosting.Diagnostics[2]
      Request finished HTTP/1.1 POST https://127.0.0.1:45923/api/v1/management/users - 403 - application/json;+charset=utf-8 6.9505ms
info: Microsoft.AspNetCore.Hosting.Diagnostics[1]
      Request starting HTTP/1.1 DELETE http://127.0.0.1:45923/api/v1/terminals/9f6e0794-a42a-410e-8150-18321d299bd7/orders/dd43b5b7-0a70-4b07-a2e2-229827bc58da/items/3e65a4da-db68-461e-a163-76ee8997f121?expectedRevision=1 - - -
info: Microsoft.AspNetCore.Routing.EndpointMiddleware[0]
      Executing endpoint 'HTTP: DELETE /api/v1/terminals/{terminalId:guid}/orders/{orderId:guid}/items/{itemId:guid}'
info: Microsoft.AspNetCore.Routing.EndpointMiddleware[1]
      Executed endpoint 'HTTP: DELETE /api/v1/terminals/{terminalId:guid}/orders/{orderId:guid}/items/{itemId:guid}'
info: Microsoft.AspNetCore.Hosting.Diagnostics[2]
      Request finished HTTP/1.1 DELETE https://127.0.0.1:45923/api/v1/terminals/9f6e0794-a42a-410e-8150-18321d299bd7/orders/dd43b5b7-0a70-4b07-a2e2-229827bc58da/items/3e65a4da-db68-461e-a163-76ee8997f121?expectedRevision=1 - 403 - application/json;+charset=utf-8 7.3493ms
info: Microsoft.AspNetCore.Hosting.Diagnostics[1]
      Request starting HTTP/1.1 PUT http://127.0.0.1:45923/api/v1/management/business-identity/logo - multipart/form-data;+boundary="fa101446-2e59-4497-beea-b27287367393" 210
info: Microsoft.AspNetCore.Routing.EndpointMiddleware[0]
      Executing endpoint 'HTTP: PUT /api/v1/management/business-identity/logo'
info: Microsoft.AspNetCore.Http.Result.JsonResult[1]
      Setting HTTP status code 403.
info: Microsoft.AspNetCore.Http.Result.JsonResult[3]
      Writing value of type 'SettingsApiErrorEnvelopeV1' as Json.
info: Microsoft.AspNetCore.Routing.EndpointMiddleware[1]
      Executed endpoint 'HTTP: PUT /api/v1/management/business-identity/logo'
info: Microsoft.AspNetCore.Hosting.Diagnostics[2]
      Request finished HTTP/1.1 PUT https://127.0.0.1:45923/api/v1/management/business-identity/logo - 403 - application/json;+charset=utf-8 9.1702ms
info: Microsoft.AspNetCore.Hosting.Diagnostics[1]
      Request starting HTTP/1.1 PUT http://127.0.0.1:45923/api/v1/management/customer-display/screensaver - multipart/form-data;+boundary="14d13342-4a60-4b15-bdf5-471cbb135fe4" 210
info: Microsoft.AspNetCore.Routing.EndpointMiddleware[0]
      Executing endpoint 'HTTP: PUT /api/v1/management/customer-display/screensaver'
info: Microsoft.AspNetCore.Http.Result.JsonResult[1]
      Setting HTTP status code 403.
info: Microsoft.AspNetCore.Http.Result.JsonResult[3]
      Writing value of type 'CatalogApiErrorEnvelopeV1' as Json.
info: Microsoft.AspNetCore.Routing.EndpointMiddleware[1]
      Executed endpoint 'HTTP: PUT /api/v1/management/customer-display/screensaver'
info: Microsoft.AspNetCore.Hosting.Diagnostics[2]
      Request finished HTTP/1.1 PUT https://127.0.0.1:45923/api/v1/management/customer-display/screensaver - 403 - application/json;+charset=utf-8 10.4875ms
info: Microsoft.AspNetCore.Hosting.Diagnostics[1]
      Request starting HTTP/1.1 POST http://127.0.0.1:45923/api/v1/auth/login - application/json;+charset=utf-8 116
info: Microsoft.AspNetCore.Routing.EndpointMiddleware[0]
      Executing endpoint 'HTTP: POST /api/v1/auth/login'
  Failed ALKAROS.Audit.AuthorizationProbes.AuthorizationProbes.D3RoleWithoutCashDrawerCannotOperateTheDrawer(roleCode: "waiter") [492 ms]
  Error Message:
   Assert.Contains() Failure: Item not found in collection
Collection: [Unauthorized, Forbidden]
Not found:  Created
  Stack Trace:
     at ALKAROS.Audit.AuthorizationProbes.AuthorizationProbes.D3RoleWithoutCashDrawerCannotOperateTheDrawer(String roleCode) in /cal399/evidence/V1-RMD-399/probes/AuthorizationProbes/AuthorizationProbes.cs:line 442
--- End of stack trace from previous location ---
  Standard Output Messages:
 waiter opens a cash session: 201


  Passed ALKAROS.Audit.AuthorizationProbes.AuthorizationProbes.D1SecondPassBindingArtifactsAreGuarded [29 ms]
  Standard Output Messages:
 PUT /api/v1/management/business-identity/logo -> 401
 PUT /api/v1/management/customer-display/screensaver -> 401
 DELETE item -> 401
 DELETE push -> 401


  Passed ALKAROS.Audit.AuthorizationProbes.AuthorizationProbes.C7OfflineBudgetOfAnotherUserIsRejected [903 ms]
  Passed ALKAROS.Audit.AuthorizationProbes.AuthorizationProbes.D2SecondPassPermissionlessSessionIsRefused [103 ms]
  Standard Output Messages:
 /api/v1/management/roles/permissions -> 403
 /api/v1/management/roles/roles -> 403
 /api/v1/management/roles/roles/2b000000-0000-0000-0000-000000000003/permissions -> 403
 /api/v1/management/roles/roles/2b000000-0000-0000-0000-000000000003/users/44ec7492-93ac-4d9e-a98c-6d85c96206cb -> 403
 /api/v1/management/users -> 403
 DELETE item -> 403
 PUT /api/v1/management/business-identity/logo -> 403
 PUT /api/v1/management/customer-display/screensaver -> 403


info: Microsoft.AspNetCore.Http.Result.OkObjectResult[1]
      Setting HTTP status code 200.
info: Microsoft.AspNetCore.Http.Result.OkObjectResult[3]
      Writing value of type '<>f__AnonymousType3`6' as Json.
info: Microsoft.AspNetCore.Routing.EndpointMiddleware[1]
      Executed endpoint 'HTTP: POST /api/v1/auth/login'
info: Microsoft.AspNetCore.Hosting.Diagnostics[2]
      Request finished HTTP/1.1 POST https://127.0.0.1:45923/api/v1/auth/login - 200 - application/json;+charset=utf-8 524.3030ms
info: Microsoft.AspNetCore.Hosting.Diagnostics[1]
      Request starting HTTP/1.1 GET http://127.0.0.1:45923/api/v1/auth/session?terminalId=077af2e3-982a-4a99-a05b-8d7ac72ed994 - - -
info: Microsoft.AspNetCore.Routing.EndpointMiddleware[0]
      Executing endpoint 'HTTP: GET /api/v1/auth/session'
info: Microsoft.AspNetCore.Http.Result.OkObjectResult[1]
      Setting HTTP status code 200.
info: Microsoft.AspNetCore.Http.Result.OkObjectResult[3]
      Writing value of type '<>f__AnonymousType4`5' as Json.
info: Microsoft.AspNetCore.Routing.EndpointMiddleware[1]
      Executed endpoint 'HTTP: GET /api/v1/auth/session'
info: Microsoft.AspNetCore.Hosting.Diagnostics[2]
      Request finished HTTP/1.1 GET https://127.0.0.1:45923/api/v1/auth/session?terminalId=077af2e3-982a-4a99-a05b-8d7ac72ed994 - 200 - application/json;+charset=utf-8 3.8566ms
info: Microsoft.AspNetCore.Hosting.Diagnostics[1]
      Request starting HTTP/1.1 POST http://127.0.0.1:45923/api/v1/auth/logout?terminalId=077af2e3-982a-4a99-a05b-8d7ac72ed994 - application/json;+charset=utf-8 2
info: Microsoft.AspNetCore.Routing.EndpointMiddleware[0]
      Executing endpoint 'HTTP: POST /api/v1/auth/logout'
info: Microsoft.AspNetCore.Http.Result.NoContentResult[1]
      Setting HTTP status code 204.
info: Microsoft.AspNetCore.Routing.EndpointMiddleware[1]
      Executed endpoint 'HTTP: POST /api/v1/auth/logout'
info: Microsoft.AspNetCore.Hosting.Diagnostics[2]
      Request finished HTTP/1.1 POST https://127.0.0.1:45923/api/v1/auth/logout?terminalId=077af2e3-982a-4a99-a05b-8d7ac72ed994 - 204 - - 2.6227ms
info: Microsoft.AspNetCore.Hosting.Diagnostics[1]
      Request starting HTTP/1.1 GET http://127.0.0.1:45923/api/v1/auth/session?terminalId=077af2e3-982a-4a99-a05b-8d7ac72ed994 - - -
info: Microsoft.AspNetCore.Routing.EndpointMiddleware[0]
      Executing endpoint 'HTTP: GET /api/v1/auth/session'
info: Microsoft.AspNetCore.Routing.EndpointMiddleware[1]
      Executed endpoint 'HTTP: GET /api/v1/auth/session'
info: Microsoft.AspNetCore.Hosting.Diagnostics[2]
      Request finished HTTP/1.1 GET https://127.0.0.1:45923/api/v1/auth/session?terminalId=077af2e3-982a-4a99-a05b-8d7ac72ed994 - 401 - application/json;+charset=utf-8 1.5872ms
info: Microsoft.AspNetCore.Hosting.Diagnostics[1]
      Request starting HTTP/1.1 POST http://127.0.0.1:45923/api/v1/auth/login - application/json;+charset=utf-8 116
info: Microsoft.AspNetCore.Routing.EndpointMiddleware[0]
      Executing endpoint 'HTTP: POST /api/v1/auth/login'
info: Microsoft.AspNetCore.Http.Result.OkObjectResult[1]
      Setting HTTP status code 200.
info: Microsoft.AspNetCore.Http.Result.OkObjectResult[3]
      Writing value of type '<>f__AnonymousType3`6' as Json.
info: Microsoft.AspNetCore.Routing.EndpointMiddleware[1]
      Executed endpoint 'HTTP: POST /api/v1/auth/login'
info: Microsoft.AspNetCore.Hosting.Diagnostics[2]
      Request finished HTTP/1.1 POST https://127.0.0.1:45923/api/v1/auth/login - 200 - application/json;+charset=utf-8 522.3772ms
[xUnit.net 00:00:17.83]     ALKAROS.Audit.AuthorizationProbes.AuthorizationProbes.A3LoginSessionLivesAtMostEightHours [FAIL]
[xUnit.net 00:00:17.83]       Session issued by /api/v1/auth/login lives 12.00 h; V1-IAM-031 decided 8 h.
[xUnit.net 00:00:17.83]       Stack Trace:
[xUnit.net 00:00:17.83]         /cal399/evidence/V1-RMD-399/probes/AuthorizationProbes/AuthorizationProbes.cs(78,0): at ALKAROS.Audit.AuthorizationProbes.AuthorizationProbes.A3LoginSessionLivesAtMostEightHours()
[xUnit.net 00:00:17.83]         --- End of stack trace from previous location ---
[xUnit.net 00:00:17.83]       Output:
[xUnit.net 00:00:17.83]         cashier-device session lifetime after real login: 12.00 h
info: Microsoft.AspNetCore.Hosting.Diagnostics[1]
      Request starting HTTP/1.1 POST http://127.0.0.1:45923/api/v1/auth/login - application/json;+charset=utf-8 116
info: Microsoft.AspNetCore.Routing.EndpointMiddleware[0]
      Executing endpoint 'HTTP: POST /api/v1/auth/login'
info: Microsoft.AspNetCore.Http.Result.OkObjectResult[1]
      Setting HTTP status code 200.
info: Microsoft.AspNetCore.Http.Result.OkObjectResult[3]
      Writing value of type '<>f__AnonymousType3`6' as Json.
info: Microsoft.AspNetCore.Routing.EndpointMiddleware[1]
      Executed endpoint 'HTTP: POST /api/v1/auth/login'
info: Microsoft.AspNetCore.Hosting.Diagnostics[2]
      Request finished HTTP/1.1 POST https://127.0.0.1:45923/api/v1/auth/login - 200 - application/json;+charset=utf-8 481.6640ms
info: Microsoft.AspNetCore.Hosting.Diagnostics[1]
      Request starting HTTP/1.1 POST http://127.0.0.1:45923/api/v1/terminals/fdeaee78-9dcb-4cb9-97a3-49b3a61e20e6/offline-reconciliation - application/json;+charset=utf-8 493
info: Microsoft.AspNetCore.Routing.EndpointMiddleware[0]
      Executing endpoint 'HTTP: POST /api/v1/terminals/{terminalId:guid}/offline-reconciliation/'
info: Microsoft.AspNetCore.Http.Result.OkObjectResult[1]
      Setting HTTP status code 200.
info: Microsoft.AspNetCore.Http.Result.OkObjectResult[3]
      Writing value of type 'OfflineReconciliationResponseV1' as Json.
info: Microsoft.AspNetCore.Routing.EndpointMiddleware[1]
      Executed endpoint 'HTTP: POST /api/v1/terminals/{terminalId:guid}/offline-reconciliation/'
info: Microsoft.AspNetCore.Hosting.Diagnostics[2]
      Request finished HTTP/1.1 POST https://127.0.0.1:45923/api/v1/terminals/fdeaee78-9dcb-4cb9-97a3-49b3a61e20e6/offline-reconciliation - 200 - application/json;+charset=utf-8 11.8945ms
info: Microsoft.AspNetCore.Hosting.Diagnostics[1]
      Request starting HTTP/1.1 POST http://127.0.0.1:45923/api/v1/terminals/fdeaee78-9dcb-4cb9-97a3-49b3a61e20e6/offline-reconciliation - application/json;+charset=utf-8 494
info: Microsoft.AspNetCore.Routing.EndpointMiddleware[0]
      Executing endpoint 'HTTP: POST /api/v1/terminals/{terminalId:guid}/offline-reconciliation/'
info: Microsoft.AspNetCore.Http.Result.OkObjectResult[1]
      Setting HTTP status code 200.
info: Microsoft.AspNetCore.Http.Result.OkObjectResult[3]
      Writing value of type 'OfflineReconciliationResponseV1' as Json.
info: Microsoft.AspNetCore.Routing.EndpointMiddleware[1]
      Executed endpoint 'HTTP: POST /api/v1/terminals/{terminalId:guid}/offline-reconciliation/'
info: Microsoft.AspNetCore.Hosting.Diagnostics[2]
      Request finished HTTP/1.1 POST https://127.0.0.1:45923/api/v1/terminals/fdeaee78-9dcb-4cb9-97a3-49b3a61e20e6/offline-reconciliation - 200 - application/json;+charset=utf-8 7.5756ms
[xUnit.net 00:00:18.36]     ALKAROS.Audit.AuthorizationProbes.AuthorizationProbes.C7OfflineReconciliationUsesTheCallersRealRole [FAIL]
[xUnit.net 00:00:18.36]       Assert.Equal() Failure: Strings differ
[xUnit.net 00:00:18.36]                  ↓ (pos 0)
[xUnit.net 00:00:18.36]       Expected: "Denied"
[xUnit.net 00:00:18.36]       Actual:   "Pending"
[xUnit.net 00:00:18.36]                  ↑ (pos 0)
[xUnit.net 00:00:18.36]       Stack Trace:
[xUnit.net 00:00:18.36]         /cal399/evidence/V1-RMD-399/probes/AuthorizationProbes/AuthorizationProbes.cs(304,0): at ALKAROS.Audit.AuthorizationProbes.AuthorizationProbes.C7OfflineReconciliationUsesTheCallersRealRole()
[xUnit.net 00:00:18.36]         --- End of stack trace from previous location ---
[xUnit.net 00:00:18.36]       Output:
[xUnit.net 00:00:18.36]         honest role -> Denied; forged role 'manager' -> Pending
info: Microsoft.AspNetCore.Hosting.Diagnostics[1]
      Request starting HTTP/1.1 POST http://127.0.0.1:45923/api/v1/auth/login - application/json;+charset=utf-8 116
info: Microsoft.AspNetCore.Routing.EndpointMiddleware[0]
      Executing endpoint 'HTTP: POST /api/v1/auth/login'
  Passed ALKAROS.Audit.AuthorizationProbes.AuthorizationProbes.A2LogoutEndsSessionOnNextRequest [542 ms]
  Failed ALKAROS.Audit.AuthorizationProbes.AuthorizationProbes.A3LoginSessionLivesAtMostEightHours [533 ms]
  Error Message:
   Session issued by /api/v1/auth/login lives 12.00 h; V1-IAM-031 decided 8 h.
  Stack Trace:
     at ALKAROS.Audit.AuthorizationProbes.AuthorizationProbes.A3LoginSessionLivesAtMostEightHours() in /cal399/evidence/V1-RMD-399/probes/AuthorizationProbes/AuthorizationProbes.cs:line 78
--- End of stack trace from previous location ---
  Standard Output Messages:
 cashier-device session lifetime after real login: 12.00 h


  Passed ALKAROS.Audit.AuthorizationProbes.AuthorizationProbes.B1SeededRoleMatrixMatchesDecisionRecord [12 ms]
  Failed ALKAROS.Audit.AuthorizationProbes.AuthorizationProbes.C7OfflineReconciliationUsesTheCallersRealRole [515 ms]
  Error Message:
   Assert.Equal() Failure: Strings differ
           ↓ (pos 0)
Expected: "Denied"
Actual:   "Pending"
           ↑ (pos 0)
  Stack Trace:
     at ALKAROS.Audit.AuthorizationProbes.AuthorizationProbes.C7OfflineReconciliationUsesTheCallersRealRole() in /cal399/evidence/V1-RMD-399/probes/AuthorizationProbes/AuthorizationProbes.cs:line 304
--- End of stack trace from previous location ---
  Standard Output Messages:
 honest role -> Denied; forged role 'manager' -> Pending


info: Microsoft.AspNetCore.Http.Result.OkObjectResult[1]
      Setting HTTP status code 200.
info: Microsoft.AspNetCore.Http.Result.OkObjectResult[3]
      Writing value of type '<>f__AnonymousType3`6' as Json.
info: Microsoft.AspNetCore.Routing.EndpointMiddleware[1]
      Executed endpoint 'HTTP: POST /api/v1/auth/login'
info: Microsoft.AspNetCore.Hosting.Diagnostics[2]
      Request finished HTTP/1.1 POST https://127.0.0.1:45923/api/v1/auth/login - 200 - application/json;+charset=utf-8 487.0041ms
info: Microsoft.AspNetCore.Hosting.Diagnostics[1]
      Request starting HTTP/1.1 POST http://127.0.0.1:45923/api/v1/terminals/9ac72c0b-b4df-4d43-af53-19f4d97363eb/table-management/reservations - application/json;+charset=utf-8 2
info: Microsoft.AspNetCore.Routing.EndpointMiddleware[0]
      Executing endpoint 'HTTP: POST /api/v1/terminals/{terminalId:guid}/table-management/reservations'
info: Microsoft.AspNetCore.Http.Result.JsonResult[1]
      Setting HTTP status code 403.
info: Microsoft.AspNetCore.Http.Result.JsonResult[3]
      Writing value of type 'TableManagementErrorEnvelope' as Json.
info: Microsoft.AspNetCore.Routing.EndpointMiddleware[1]
      Executed endpoint 'HTTP: POST /api/v1/terminals/{terminalId:guid}/table-management/reservations'
info: Microsoft.AspNetCore.Hosting.Diagnostics[2]
      Request finished HTTP/1.1 POST https://127.0.0.1:45923/api/v1/terminals/9ac72c0b-b4df-4d43-af53-19f4d97363eb/table-management/reservations - 403 - application/json;+charset=utf-8 4.9520ms
info: Microsoft.AspNetCore.Hosting.Diagnostics[1]
      Request starting HTTP/1.1 PUT http://127.0.0.1:45923/api/v1/terminals/9ac72c0b-b4df-4d43-af53-19f4d97363eb/billing/bills/628522fb-a709-43f6-838d-207253860999/split-design/equal - application/json;+charset=utf-8 2
info: Microsoft.AspNetCore.Routing.EndpointMiddleware[0]
      Executing endpoint 'HTTP: PUT /api/v1/terminals/{terminalId:guid}/billing/bills/{billId:guid}/split-design/equal'
info: Microsoft.AspNetCore.Http.Result.JsonResult[1]
      Setting HTTP status code 403.
info: Microsoft.AspNetCore.Http.Result.JsonResult[3]
      Writing value of type 'BillingSplitErrorEnvelope' as Json.
info: Microsoft.AspNetCore.Routing.EndpointMiddleware[1]
      Executed endpoint 'HTTP: PUT /api/v1/terminals/{terminalId:guid}/billing/bills/{billId:guid}/split-design/equal'
info: Microsoft.AspNetCore.Hosting.Diagnostics[2]
      Request finished HTTP/1.1 PUT https://127.0.0.1:45923/api/v1/terminals/9ac72c0b-b4df-4d43-af53-19f4d97363eb/billing/bills/628522fb-a709-43f6-838d-207253860999/split-design/equal - 403 - application/json;+charset=utf-8 5.2735ms
info: Microsoft.AspNetCore.Hosting.Diagnostics[1]
      Request starting HTTP/1.1 POST http://127.0.0.1:45923/api/v1/auth/login - application/json;+charset=utf-8 116
info: Microsoft.AspNetCore.Routing.EndpointMiddleware[0]
      Executing endpoint 'HTTP: POST /api/v1/auth/login'
info: Microsoft.AspNetCore.Http.Result.OkObjectResult[1]
      Setting HTTP status code 200.
info: Microsoft.AspNetCore.Http.Result.OkObjectResult[3]
      Writing value of type '<>f__AnonymousType3`6' as Json.
info: Microsoft.AspNetCore.Routing.EndpointMiddleware[1]
      Executed endpoint 'HTTP: POST /api/v1/auth/login'
info: Microsoft.AspNetCore.Hosting.Diagnostics[2]
      Request finished HTTP/1.1 POST https://127.0.0.1:45923/api/v1/auth/login - 200 - application/json;+charset=utf-8 497.8598ms
info: Microsoft.AspNetCore.Hosting.Diagnostics[1]
      Request starting HTTP/1.1 POST http://127.0.0.1:45923/api/v1/terminals/9d9c0c33-2001-4f7a-82cd-682023b162bc/orders/42462b83-09c0-4dc8-b757-23ab00086617/items/3a1a41c1-e38b-45c2-a2f7-598e3bfecac6/comp - application/json;+charset=utf-8 119
info: Microsoft.AspNetCore.Routing.EndpointMiddleware[0]
      Executing endpoint 'HTTP: POST /api/v1/terminals/{terminalId:guid}/orders/{orderId:guid}/items/{itemId:guid}/comp'
info: Microsoft.AspNetCore.Http.Result.JsonResult[1]
      Setting HTTP status code 403.
info: Microsoft.AspNetCore.Http.Result.JsonResult[3]
      Writing value of type '<>f__AnonymousType5`1' as Json.
info: Microsoft.AspNetCore.Routing.EndpointMiddleware[1]
      Executed endpoint 'HTTP: POST /api/v1/terminals/{terminalId:guid}/orders/{orderId:guid}/items/{itemId:guid}/comp'
info: Microsoft.AspNetCore.Hosting.Diagnostics[2]
      Request finished HTTP/1.1 POST https://127.0.0.1:45923/api/v1/terminals/9d9c0c33-2001-4f7a-82cd-682023b162bc/orders/42462b83-09c0-4dc8-b757-23ab00086617/items/3a1a41c1-e38b-45c2-a2f7-598e3bfecac6/comp - 403 - application/json;+charset=utf-8 65.8513ms
  Passed ALKAROS.Audit.AuthorizationProbes.AuthorizationProbes.D3WaiterCannotReserveOrSplit [506 ms]
  Passed ALKAROS.Audit.AuthorizationProbes.AuthorizationProbes.C3WaiterCompOnAnotherWaitersCheckIsRefused [599 ms]
info: Microsoft.AspNetCore.Hosting.Diagnostics[1]
      Request starting HTTP/1.1 POST http://127.0.0.1:45923/api/v1/auth/login?terminalId=7c744130-e4c5-43d3-8e72-94e215c9e1ba - application/json;+charset=utf-8 2
info: Microsoft.AspNetCore.Routing.EndpointMiddleware[0]
      Executing endpoint 'HTTP: POST /api/v1/auth/login'
info: Microsoft.AspNetCore.Http.Result.JsonResult[1]
      Setting HTTP status code 400.
info: Microsoft.AspNetCore.Http.Result.JsonResult[3]
      Writing value of type 'ApiErrorEnvelope' as Json.
info: Microsoft.AspNetCore.Routing.EndpointMiddleware[1]
      Executed endpoint 'HTTP: POST /api/v1/auth/login'
info: Microsoft.AspNetCore.Hosting.Diagnostics[2]
      Request finished HTTP/1.1 POST https://127.0.0.1:45923/api/v1/auth/login?terminalId=7c744130-e4c5-43d3-8e72-94e215c9e1ba - 400 - application/json;+charset=utf-8 1.0730ms
info: Microsoft.AspNetCore.Hosting.Diagnostics[1]
      Request starting HTTP/1.1 POST http://127.0.0.1:45923/api/v1/auth/logout?terminalId=ae94b6aa-e49e-482e-b1ff-6a48a9d9f7fc - application/json;+charset=utf-8 2
info: Microsoft.AspNetCore.Routing.EndpointMiddleware[0]
      Executing endpoint 'HTTP: POST /api/v1/auth/logout'
info: Microsoft.AspNetCore.Routing.EndpointMiddleware[1]
      Executed endpoint 'HTTP: POST /api/v1/auth/logout'
info: Microsoft.AspNetCore.Hosting.Diagnostics[2]
      Request finished HTTP/1.1 POST https://127.0.0.1:45923/api/v1/auth/logout?terminalId=ae94b6aa-e49e-482e-b1ff-6a48a9d9f7fc - 401 - application/json;+charset=utf-8 0.8211ms
info: Microsoft.AspNetCore.Hosting.Diagnostics[1]
      Request starting HTTP/1.1 POST http://127.0.0.1:45923/api/v1/auth/pin?terminalId=c9cd3c8b-82a5-48dd-a00f-6007d24befaf - application/json;+charset=utf-8 2
info: Microsoft.AspNetCore.Routing.EndpointMiddleware[0]
      Executing endpoint 'HTTP: POST /api/v1/auth/pin'
info: Microsoft.AspNetCore.Routing.EndpointMiddleware[1]
      Executed endpoint 'HTTP: POST /api/v1/auth/pin'
info: Microsoft.AspNetCore.Hosting.Diagnostics[2]
      Request finished HTTP/1.1 POST https://127.0.0.1:45923/api/v1/auth/pin?terminalId=c9cd3c8b-82a5-48dd-a00f-6007d24befaf - 401 - application/json;+charset=utf-8 1.2177ms
info: Microsoft.AspNetCore.Hosting.Diagnostics[1]
      Request starting HTTP/1.1 GET http://127.0.0.1:45923/api/v1/auth/session?terminalId=1e67b245-1720-4765-960b-17ac6c7d4f49 - - -
info: Microsoft.AspNetCore.Routing.EndpointMiddleware[0]
      Executing endpoint 'HTTP: GET /api/v1/auth/session'
info: Microsoft.AspNetCore.Routing.EndpointMiddleware[1]
      Executed endpoint 'HTTP: GET /api/v1/auth/session'
info: Microsoft.AspNetCore.Hosting.Diagnostics[2]
      Request finished HTTP/1.1 GET https://127.0.0.1:45923/api/v1/auth/session?terminalId=1e67b245-1720-4765-960b-17ac6c7d4f49 - 401 - application/json;+charset=utf-8 0.5051ms
info: Microsoft.AspNetCore.Hosting.Diagnostics[1]
      Request starting HTTP/1.1 GET http://127.0.0.1:45923/api/v1/auth/session/current?terminalId=09f3a4f9-3b9d-4844-b8f2-ba775a22c343 - - -
info: Microsoft.AspNetCore.Routing.EndpointMiddleware[0]
      Executing endpoint 'HTTP: GET /api/v1/auth/session/current'
info: Microsoft.AspNetCore.Routing.EndpointMiddleware[1]
      Executed endpoint 'HTTP: GET /api/v1/auth/session/current'
info: Microsoft.AspNetCore.Hosting.Diagnostics[2]
      Request finished HTTP/1.1 GET https://127.0.0.1:45923/api/v1/auth/session/current?terminalId=09f3a4f9-3b9d-4844-b8f2-ba775a22c343 - 401 - application/json;+charset=utf-8 3.4083ms
info: Microsoft.AspNetCore.Hosting.Diagnostics[1]
      Request starting HTTP/1.1 POST http://127.0.0.1:45923/api/v1/auth/unlock?terminalId=71b71398-0d58-44bb-a282-a63366c4a951 - application/json;+charset=utf-8 2
info: Microsoft.AspNetCore.Routing.EndpointMiddleware[0]
      Executing endpoint 'HTTP: POST /api/v1/auth/unlock'
info: Microsoft.AspNetCore.Routing.EndpointMiddleware[1]
      Executed endpoint 'HTTP: POST /api/v1/auth/unlock'
info: Microsoft.AspNetCore.Hosting.Diagnostics[2]
      Request finished HTTP/1.1 POST https://127.0.0.1:45923/api/v1/auth/unlock?terminalId=71b71398-0d58-44bb-a282-a63366c4a951 - 401 - application/json;+charset=utf-8 1.2349ms
info: Microsoft.AspNetCore.Hosting.Diagnostics[1]
      Request starting HTTP/1.1 POST http://127.0.0.1:45923/api/v1/customer-displays/pairing-requests?terminalId=18f41fa6-4af5-44da-b427-60b161df7d15 - application/json;+charset=utf-8 2
info: Microsoft.AspNetCore.Routing.EndpointMiddleware[0]
      Executing endpoint 'HTTP: POST /api/v1/customer-displays/pairing-requests'
info: Microsoft.AspNetCore.Routing.EndpointMiddleware[1]
      Executed endpoint 'HTTP: POST /api/v1/customer-displays/pairing-requests'
info: Microsoft.AspNetCore.Hosting.Diagnostics[2]
      Request finished HTTP/1.1 POST https://127.0.0.1:45923/api/v1/customer-displays/pairing-requests?terminalId=18f41fa6-4af5-44da-b427-60b161df7d15 - 400 - application/json;+charset=utf-8 5.7811ms
info: Microsoft.AspNetCore.Hosting.Diagnostics[1]
      Request starting HTTP/1.1 POST http://127.0.0.1:45923/api/v1/customer-displays/pairing-requests/16e582be-c5ee-4ea3-9f09-640a489b6d55/complete?terminalId=f9c7856f-870f-4214-8677-d4bbe7923bd2 - application/json;+charset=utf-8 2
info: Microsoft.AspNetCore.Routing.EndpointMiddleware[0]
      Executing endpoint 'HTTP: POST /api/v1/customer-displays/pairing-requests/{requestId:guid}/complete'
info: Microsoft.AspNetCore.Routing.EndpointMiddleware[1]
      Executed endpoint 'HTTP: POST /api/v1/customer-displays/pairing-requests/{requestId:guid}/complete'
info: Microsoft.AspNetCore.Hosting.Diagnostics[2]
      Request finished HTTP/1.1 POST https://127.0.0.1:45923/api/v1/customer-displays/pairing-requests/16e582be-c5ee-4ea3-9f09-640a489b6d55/complete?terminalId=f9c7856f-870f-4214-8677-d4bbe7923bd2 - 404 - application/json;+charset=utf-8 9.5773ms
info: Microsoft.AspNetCore.Hosting.Diagnostics[1]
      Request starting HTTP/1.1 GET http://127.0.0.1:45923/api/v1/customer-displays/17e4bb11-5958-4c3d-8722-9e3805dad6b6/screensaver?terminalId=3f3ee22a-83b0-4b61-bb08-8ac561325d30 - - -
info: Microsoft.AspNetCore.Routing.EndpointMiddleware[0]
      Executing endpoint 'HTTP: GET /api/v1/customer-displays/{displayId:guid}/screensaver'
info: Microsoft.AspNetCore.Routing.EndpointMiddleware[1]
      Executed endpoint 'HTTP: GET /api/v1/customer-displays/{displayId:guid}/screensaver'
info: Microsoft.AspNetCore.Hosting.Diagnostics[2]
      Request finished HTTP/1.1 GET https://127.0.0.1:45923/api/v1/customer-displays/17e4bb11-5958-4c3d-8722-9e3805dad6b6/screensaver?terminalId=3f3ee22a-83b0-4b61-bb08-8ac561325d30 - 401 - application/json;+charset=utf-8 2.4852ms
info: Microsoft.AspNetCore.Hosting.Diagnostics[1]
      Request starting HTTP/1.1 GET http://127.0.0.1:45923/api/v1/customer-displays/4d1dad58-5a7a-4659-b5c9-75fe82468ff5/snapshot?terminalId=b6439c2a-2667-491e-bef1-44bf1c257410 - - -
info: Microsoft.AspNetCore.Routing.EndpointMiddleware[0]
      Executing endpoint 'HTTP: GET /api/v1/customer-displays/{displayId:guid}/snapshot'
info: Microsoft.AspNetCore.Routing.EndpointMiddleware[1]
      Executed endpoint 'HTTP: GET /api/v1/customer-displays/{displayId:guid}/snapshot'
info: Microsoft.AspNetCore.Hosting.Diagnostics[2]
      Request finished HTTP/1.1 GET https://127.0.0.1:45923/api/v1/customer-displays/4d1dad58-5a7a-4659-b5c9-75fe82468ff5/snapshot?terminalId=b6439c2a-2667-491e-bef1-44bf1c257410 - 401 - application/json;+charset=utf-8 1.8396ms
info: Microsoft.AspNetCore.Hosting.Diagnostics[1]
      Request starting HTTP/1.1 POST http://127.0.0.1:45923/api/v1/integrations/trendyol-go/orders/webhook/probe?terminalId=0a7b0dcd-4202-4d4d-acb1-10542a530c41 - application/json;+charset=utf-8 2
info: Microsoft.AspNetCore.Routing.EndpointMiddleware[0]
      Executing endpoint 'HTTP: POST /api/v1/integrations/trendyol-go/orders/webhook/{eventType}'
info: Microsoft.AspNetCore.Http.Result.JsonResult[1]
      Setting HTTP status code 503.
info: Microsoft.AspNetCore.Http.Result.JsonResult[3]
      Writing value of type '<>f__AnonymousType25`1' as Json.
info: Microsoft.AspNetCore.Routing.EndpointMiddleware[1]
      Executed endpoint 'HTTP: POST /api/v1/integrations/trendyol-go/orders/webhook/{eventType}'
info: Microsoft.AspNetCore.Hosting.Diagnostics[2]
      Request finished HTTP/1.1 POST https://127.0.0.1:45923/api/v1/integrations/trendyol-go/orders/webhook/probe?terminalId=0a7b0dcd-4202-4d4d-acb1-10542a530c41 - 503 - application/json;+charset=utf-8 7.0661ms
info: Microsoft.AspNetCore.Hosting.Diagnostics[1]
      Request starting HTTP/1.1 POST http://127.0.0.1:45923/api/v1/integrations/yemeksepeti/orders/webhook?terminalId=1cc51bf5-380a-4601-a5b6-cf5b34011478 - application/json;+charset=utf-8 2
info: Microsoft.AspNetCore.Routing.EndpointMiddleware[0]
      Executing endpoint 'HTTP: POST /api/v1/integrations/yemeksepeti/orders/webhook'
info: Microsoft.AspNetCore.Http.Result.JsonResult[1]
      Setting HTTP status code 503.
info: Microsoft.AspNetCore.Http.Result.JsonResult[3]
      Writing value of type '<>f__AnonymousType25`1' as Json.
info: Microsoft.AspNetCore.Routing.EndpointMiddleware[1]
      Executed endpoint 'HTTP: POST /api/v1/integrations/yemeksepeti/orders/webhook'
info: Microsoft.AspNetCore.Hosting.Diagnostics[2]
      Request finished HTTP/1.1 POST https://127.0.0.1:45923/api/v1/integrations/yemeksepeti/orders/webhook?terminalId=1cc51bf5-380a-4601-a5b6-cf5b34011478 - 503 - application/json;+charset=utf-8 4.0668ms
info: Microsoft.AspNetCore.Hosting.Diagnostics[1]
      Request starting HTTP/1.1 GET http://127.0.0.1:45923/api/v1/management/authorization/behavioural-tightenings?terminalId=e7772506-042c-402b-b370-4ef831a9edcf - - -
info: Microsoft.AspNetCore.Routing.EndpointMiddleware[0]
      Executing endpoint 'HTTP: GET /api/v1/management/authorization/behavioural-tightenings'
info: Microsoft.AspNetCore.Http.Result.JsonResult[1]
      Setting HTTP status code 401.
info: Microsoft.AspNetCore.Http.Result.JsonResult[3]
      Writing value of type 'AuthorizationDecisionErrorEnvelopeV1' as Json.
info: Microsoft.AspNetCore.Routing.EndpointMiddleware[1]
      Executed endpoint 'HTTP: GET /api/v1/management/authorization/behavioural-tightenings'
info: Microsoft.AspNetCore.Hosting.Diagnostics[2]
      Request finished HTTP/1.1 GET https://127.0.0.1:45923/api/v1/management/authorization/behavioural-tightenings?terminalId=e7772506-042c-402b-b370-4ef831a9edcf - 401 - application/json;+charset=utf-8 0.7175ms
info: Microsoft.AspNetCore.Hosting.Diagnostics[1]
      Request starting HTTP/1.1 POST http://127.0.0.1:45923/api/v1/management/authorization/behavioural-tightenings/e9a616da-f8f2-41c6-ab74-3f959ba6f458/clear?terminalId=24f1aa98-38f4-463c-8c74-c0ce6eb2cf20 - application/json;+charset=utf-8 2
info: Microsoft.AspNetCore.Routing.EndpointMiddleware[0]
      Executing endpoint 'HTTP: POST /api/v1/management/authorization/behavioural-tightenings/{tighteningId:guid}/clear'
info: Microsoft.AspNetCore.Http.Result.JsonResult[1]
      Setting HTTP status code 401.
info: Microsoft.AspNetCore.Http.Result.JsonResult[3]
      Writing value of type 'AuthorizationDecisionErrorEnvelopeV1' as Json.
info: Microsoft.AspNetCore.Routing.EndpointMiddleware[1]
      Executed endpoint 'HTTP: POST /api/v1/management/authorization/behavioural-tightenings/{tighteningId:guid}/clear'
info: Microsoft.AspNetCore.Hosting.Diagnostics[2]
      Request finished HTTP/1.1 POST https://127.0.0.1:45923/api/v1/management/authorization/behavioural-tightenings/e9a616da-f8f2-41c6-ab74-3f959ba6f458/clear?terminalId=24f1aa98-38f4-463c-8c74-c0ce6eb2cf20 - 401 - application/json;+charset=utf-8 0.3770ms
info: Microsoft.AspNetCore.Hosting.Diagnostics[1]
      Request starting HTTP/1.1 GET http://127.0.0.1:45923/api/v1/management/authorization/delegations?terminalId=1a564406-b09d-4735-a4eb-b574a09c4e68 - - -
info: Microsoft.AspNetCore.Routing.EndpointMiddleware[0]
      Executing endpoint 'HTTP: GET /api/v1/management/authorization/delegations'
info: Microsoft.AspNetCore.Http.Result.JsonResult[1]
      Setting HTTP status code 401.
info: Microsoft.AspNetCore.Http.Result.JsonResult[3]
      Writing value of type 'AuthorizationDecisionErrorEnvelopeV1' as Json.
info: Microsoft.AspNetCore.Routing.EndpointMiddleware[1]
      Executed endpoint 'HTTP: GET /api/v1/management/authorization/delegations'
info: Microsoft.AspNetCore.Hosting.Diagnostics[2]
      Request finished HTTP/1.1 GET https://127.0.0.1:45923/api/v1/management/authorization/delegations?terminalId=1a564406-b09d-4735-a4eb-b574a09c4e68 - 401 - application/json;+charset=utf-8 0.3426ms
info: Microsoft.AspNetCore.Hosting.Diagnostics[1]
      Request starting HTTP/1.1 POST http://127.0.0.1:45923/api/v1/management/authorization/delegations/7eac9ca2-36a2-4649-ba6c-943be4d79e96/revoke?terminalId=7f46e5c3-cae3-492a-b6ae-2bb903302e91 - application/json;+charset=utf-8 2
info: Microsoft.AspNetCore.Routing.EndpointMiddleware[0]
      Executing endpoint 'HTTP: POST /api/v1/management/authorization/delegations/{delegationId:guid}/revoke'
info: Microsoft.AspNetCore.Http.Result.JsonResult[1]
      Setting HTTP status code 401.
info: Microsoft.AspNetCore.Http.Result.JsonResult[3]
      Writing value of type 'AuthorizationDecisionErrorEnvelopeV1' as Json.
info: Microsoft.AspNetCore.Routing.EndpointMiddleware[1]
      Executed endpoint 'HTTP: POST /api/v1/management/authorization/delegations/{delegationId:guid}/revoke'
info: Microsoft.AspNetCore.Hosting.Diagnostics[2]
      Request finished HTTP/1.1 POST https://127.0.0.1:45923/api/v1/management/authorization/delegations/7eac9ca2-36a2-4649-ba6c-943be4d79e96/revoke?terminalId=7f46e5c3-cae3-492a-b6ae-2bb903302e91 - 401 - application/json;+charset=utf-8 0.3175ms
info: Microsoft.AspNetCore.Hosting.Diagnostics[1]
      Request starting HTTP/1.1 POST http://127.0.0.1:45923/api/v1/management/authorization/grants/e52ff9dd-e465-4612-b534-e144c46565b9/approve?terminalId=5c8c2608-3b3c-4c41-aaf4-8e7a4abd5d81 - application/json;+charset=utf-8 2
info: Microsoft.AspNetCore.Routing.EndpointMiddleware[0]
      Executing endpoint 'HTTP: POST /api/v1/management/authorization/grants/{grantId:guid}/approve'
info: Microsoft.AspNetCore.Http.Result.JsonResult[1]
      Setting HTTP status code 401.
info: Microsoft.AspNetCore.Http.Result.JsonResult[3]
      Writing value of type 'AuthorizationDecisionErrorEnvelopeV1' as Json.
info: Microsoft.AspNetCore.Routing.EndpointMiddleware[1]
      Executed endpoint 'HTTP: POST /api/v1/management/authorization/grants/{grantId:guid}/approve'
info: Microsoft.AspNetCore.Hosting.Diagnostics[2]
      Request finished HTTP/1.1 POST https://127.0.0.1:45923/api/v1/management/authorization/grants/e52ff9dd-e465-4612-b534-e144c46565b9/approve?terminalId=5c8c2608-3b3c-4c41-aaf4-8e7a4abd5d81 - 401 - application/json;+charset=utf-8 0.3142ms
info: Microsoft.AspNetCore.Hosting.Diagnostics[1]
      Request starting HTTP/1.1 POST http://127.0.0.1:45923/api/v1/management/authorization/grants/6e4d66b5-b5a9-4d03-b356-025b6f1a8fe5/deny?terminalId=29e5c024-1b87-44c4-a7ae-14eb92acd4a5 - application/json;+charset=utf-8 2
info: Microsoft.AspNetCore.Routing.EndpointMiddleware[0]
      Executing endpoint 'HTTP: POST /api/v1/management/authorization/grants/{grantId:guid}/deny'
info: Microsoft.AspNetCore.Http.Result.JsonResult[1]
      Setting HTTP status code 401.
info: Microsoft.AspNetCore.Http.Result.JsonResult[3]
      Writing value of type 'AuthorizationDecisionErrorEnvelopeV1' as Json.
info: Microsoft.AspNetCore.Routing.EndpointMiddleware[1]
      Executed endpoint 'HTTP: POST /api/v1/management/authorization/grants/{grantId:guid}/deny'
info: Microsoft.AspNetCore.Hosting.Diagnostics[2]
      Request finished HTTP/1.1 POST https://127.0.0.1:45923/api/v1/management/authorization/grants/6e4d66b5-b5a9-4d03-b356-025b6f1a8fe5/deny?terminalId=29e5c024-1b87-44c4-a7ae-14eb92acd4a5 - 401 - application/json;+charset=utf-8 0.2973ms
info: Microsoft.AspNetCore.Hosting.Diagnostics[1]
      Request starting HTTP/1.1 GET http://127.0.0.1:45923/api/v1/management/authorization/pending-grants?terminalId=16cc247f-2ad2-4026-82e9-76c720c06731 - - -
info: Microsoft.AspNetCore.Routing.EndpointMiddleware[0]
      Executing endpoint 'HTTP: GET /api/v1/management/authorization/pending-grants'
info: Microsoft.AspNetCore.Http.Result.JsonResult[1]
      Setting HTTP status code 401.
info: Microsoft.AspNetCore.Http.Result.JsonResult[3]
      Writing value of type 'AuthorizationDecisionErrorEnvelopeV1' as Json.
info: Microsoft.AspNetCore.Routing.EndpointMiddleware[1]
      Executed endpoint 'HTTP: GET /api/v1/management/authorization/pending-grants'
info: Microsoft.AspNetCore.Hosting.Diagnostics[2]
      Request finished HTTP/1.1 GET https://127.0.0.1:45923/api/v1/management/authorization/pending-grants?terminalId=16cc247f-2ad2-4026-82e9-76c720c06731 - 401 - application/json;+charset=utf-8 0.2502ms
info: Microsoft.AspNetCore.Hosting.Diagnostics[1]
      Request starting HTTP/1.1 GET http://127.0.0.1:45923/api/v1/management/business-identity/accent-palette?terminalId=b559d376-ec12-4f64-8b3a-ef883bcb4499 - - -
info: Microsoft.AspNetCore.Routing.EndpointMiddleware[0]
      Executing endpoint 'HTTP: GET /api/v1/management/business-identity/accent-palette'
info: Microsoft.AspNetCore.Http.Result.JsonResult[1]
      Setting HTTP status code 401.
info: Microsoft.AspNetCore.Http.Result.JsonResult[3]
      Writing value of type 'SettingsApiErrorEnvelopeV1' as Json.
info: Microsoft.AspNetCore.Routing.EndpointMiddleware[1]
      Executed endpoint 'HTTP: GET /api/v1/management/business-identity/accent-palette'
info: Microsoft.AspNetCore.Hosting.Diagnostics[2]
      Request finished HTTP/1.1 GET https://127.0.0.1:45923/api/v1/management/business-identity/accent-palette?terminalId=b559d376-ec12-4f64-8b3a-ef883bcb4499 - 401 - application/json;+charset=utf-8 0.5400ms
info: Microsoft.AspNetCore.Hosting.Diagnostics[1]
      Request starting HTTP/1.1 PUT http://127.0.0.1:45923/api/v1/management/business-identity/logo?terminalId=29d9911b-d12b-4a76-b702-3936d1f5ca82 - application/json;+charset=utf-8 2
info: Microsoft.AspNetCore.Routing.EndpointMiddleware[0]
      Executing endpoint 'HTTP: GET, POST, PUT, PATCH, DELETE, OPTIONS /api/{**path}'
info: Microsoft.AspNetCore.Http.Result.JsonResult[1]
      Setting HTTP status code 404.
info: Microsoft.AspNetCore.Http.Result.JsonResult[3]
      Writing value of type 'ApiErrorEnvelope' as Json.
info: Microsoft.AspNetCore.Routing.EndpointMiddleware[1]
      Executed endpoint 'HTTP: GET, POST, PUT, PATCH, DELETE, OPTIONS /api/{**path}'
info: Microsoft.AspNetCore.Hosting.Diagnostics[2]
      Request finished HTTP/1.1 PUT https://127.0.0.1:45923/api/v1/management/business-identity/logo?terminalId=29d9911b-d12b-4a76-b702-3936d1f5ca82 - 404 - application/json;+charset=utf-8 0.1460ms
info: Microsoft.AspNetCore.Hosting.Diagnostics[1]
      Request starting HTTP/1.1 DELETE http://127.0.0.1:45923/api/v1/management/business-identity/logo?terminalId=e1f3bd37-bff6-47aa-8cf6-292219d5e724 - application/json;+charset=utf-8 2
info: Microsoft.AspNetCore.Routing.EndpointMiddleware[0]
      Executing endpoint 'HTTP: DELETE /api/v1/management/business-identity/logo'
info: Microsoft.AspNetCore.Http.Result.JsonResult[1]
      Setting HTTP status code 401.
info: Microsoft.AspNetCore.Http.Result.JsonResult[3]
      Writing value of type 'SettingsApiErrorEnvelopeV1' as Json.
info: Microsoft.AspNetCore.Routing.EndpointMiddleware[1]
      Executed endpoint 'HTTP: DELETE /api/v1/management/business-identity/logo'
info: Microsoft.AspNetCore.Hosting.Diagnostics[2]
      Request finished HTTP/1.1 DELETE https://127.0.0.1:45923/api/v1/management/business-identity/logo?terminalId=e1f3bd37-bff6-47aa-8cf6-292219d5e724 - 401 - application/json;+charset=utf-8 0.3160ms
info: Microsoft.AspNetCore.Hosting.Diagnostics[1]
      Request starting HTTP/1.1 GET http://127.0.0.1:45923/api/v1/management/catalog/categories?terminalId=bd0addb3-e86b-4d6f-8126-0c23dc56d8c8 - - -
info: Microsoft.AspNetCore.Routing.EndpointMiddleware[0]
      Executing endpoint 'HTTP: GET /api/v1/management/catalog/categories'
info: Microsoft.AspNetCore.Http.Result.JsonResult[1]
      Setting HTTP status code 401.
info: Microsoft.AspNetCore.Http.Result.JsonResult[3]
      Writing value of type 'CatalogApiErrorEnvelopeV1' as Json.
info: Microsoft.AspNetCore.Routing.EndpointMiddleware[1]
      Executed endpoint 'HTTP: GET /api/v1/management/catalog/categories'
info: Microsoft.AspNetCore.Hosting.Diagnostics[2]
      Request finished HTTP/1.1 GET https://127.0.0.1:45923/api/v1/management/catalog/categories?terminalId=bd0addb3-e86b-4d6f-8126-0c23dc56d8c8 - 401 - application/json;+charset=utf-8 0.3086ms
info: Microsoft.AspNetCore.Hosting.Diagnostics[1]
      Request starting HTTP/1.1 POST http://127.0.0.1:45923/api/v1/management/catalog/categories?terminalId=bff8072d-37c1-456f-b5d5-617c017adb5c - application/json;+charset=utf-8 2
info: Microsoft.AspNetCore.Routing.EndpointMiddleware[0]
      Executing endpoint 'HTTP: POST /api/v1/management/catalog/categories'
info: Microsoft.AspNetCore.Http.Result.JsonResult[1]
      Setting HTTP status code 401.
info: Microsoft.AspNetCore.Http.Result.JsonResult[3]
      Writing value of type 'CatalogApiErrorEnvelopeV1' as Json.
info: Microsoft.AspNetCore.Routing.EndpointMiddleware[1]
      Executed endpoint 'HTTP: POST /api/v1/management/catalog/categories'
info: Microsoft.AspNetCore.Hosting.Diagnostics[2]
      Request finished HTTP/1.1 POST https://127.0.0.1:45923/api/v1/management/catalog/categories?terminalId=bff8072d-37c1-456f-b5d5-617c017adb5c - 401 - application/json;+charset=utf-8 0.3927ms
info: Microsoft.AspNetCore.Hosting.Diagnostics[1]
      Request starting HTTP/1.1 GET http://127.0.0.1:45923/api/v1/management/catalog/effective-price?terminalId=81374201-20cf-4404-845d-72e737fbfa08 - - -
info: Microsoft.AspNetCore.Routing.EndpointMiddleware[0]
      Executing endpoint 'HTTP: GET /api/v1/management/catalog/effective-price'
info: Microsoft.AspNetCore.Http.Result.JsonResult[1]
      Setting HTTP status code 401.
info: Microsoft.AspNetCore.Http.Result.JsonResult[3]
      Writing value of type 'CatalogApiErrorEnvelopeV1' as Json.
info: Microsoft.AspNetCore.Routing.EndpointMiddleware[1]
      Executed endpoint 'HTTP: GET /api/v1/management/catalog/effective-price'
info: Microsoft.AspNetCore.Hosting.Diagnostics[2]
      Request finished HTTP/1.1 GET https://127.0.0.1:45923/api/v1/management/catalog/effective-price?terminalId=81374201-20cf-4404-845d-72e737fbfa08 - 401 - application/json;+charset=utf-8 0.4775ms
info: Microsoft.AspNetCore.Hosting.Diagnostics[1]
      Request starting HTTP/1.1 GET http://127.0.0.1:45923/api/v1/management/catalog/modifier-groups?terminalId=92a58c51-6a80-487f-9af8-02a38d73d199 - - -
info: Microsoft.AspNetCore.Routing.EndpointMiddleware[0]
      Executing endpoint 'HTTP: GET /api/v1/management/catalog/modifier-groups'
info: Microsoft.AspNetCore.Http.Result.JsonResult[1]
      Setting HTTP status code 401.
info: Microsoft.AspNetCore.Http.Result.JsonResult[3]
      Writing value of type 'CatalogApiErrorEnvelopeV1' as Json.
info: Microsoft.AspNetCore.Routing.EndpointMiddleware[1]
      Executed endpoint 'HTTP: GET /api/v1/management/catalog/modifier-groups'
info: Microsoft.AspNetCore.Hosting.Diagnostics[2]
      Request finished HTTP/1.1 GET https://127.0.0.1:45923/api/v1/management/catalog/modifier-groups?terminalId=92a58c51-6a80-487f-9af8-02a38d73d199 - 401 - application/json;+charset=utf-8 0.2611ms
info: Microsoft.AspNetCore.Hosting.Diagnostics[1]
      Request starting HTTP/1.1 POST http://127.0.0.1:45923/api/v1/management/catalog/modifier-groups?terminalId=56d8e837-d84f-49fe-a94b-7552f71ce4ea - application/json;+charset=utf-8 2
info: Microsoft.AspNetCore.Routing.EndpointMiddleware[0]
      Executing endpoint 'HTTP: POST /api/v1/management/catalog/modifier-groups'
info: Microsoft.AspNetCore.Http.Result.JsonResult[1]
      Setting HTTP status code 401.
info: Microsoft.AspNetCore.Http.Result.JsonResult[3]
      Writing value of type 'CatalogApiErrorEnvelopeV1' as Json.
info: Microsoft.AspNetCore.Routing.EndpointMiddleware[1]
      Executed endpoint 'HTTP: POST /api/v1/management/catalog/modifier-groups'
info: Microsoft.AspNetCore.Hosting.Diagnostics[2]
      Request finished HTTP/1.1 POST https://127.0.0.1:45923/api/v1/management/catalog/modifier-groups?terminalId=56d8e837-d84f-49fe-a94b-7552f71ce4ea - 401 - application/json;+charset=utf-8 0.3285ms
info: Microsoft.AspNetCore.Hosting.Diagnostics[1]
      Request starting HTTP/1.1 GET http://127.0.0.1:45923/api/v1/management/catalog/modifiers?terminalId=e7ca1866-5884-47b4-a330-a4ec17b6969f - - -
info: Microsoft.AspNetCore.Routing.EndpointMiddleware[0]
      Executing endpoint 'HTTP: GET /api/v1/management/catalog/modifiers'
info: Microsoft.AspNetCore.Http.Result.JsonResult[1]
      Setting HTTP status code 401.
info: Microsoft.AspNetCore.Http.Result.JsonResult[3]
      Writing value of type 'CatalogApiErrorEnvelopeV1' as Json.
info: Microsoft.AspNetCore.Routing.EndpointMiddleware[1]
      Executed endpoint 'HTTP: GET /api/v1/management/catalog/modifiers'
info: Microsoft.AspNetCore.Hosting.Diagnostics[2]
      Request finished HTTP/1.1 GET https://127.0.0.1:45923/api/v1/management/catalog/modifiers?terminalId=e7ca1866-5884-47b4-a330-a4ec17b6969f - 401 - application/json;+charset=utf-8 0.2082ms
info: Microsoft.AspNetCore.Hosting.Diagnostics[1]
      Request starting HTTP/1.1 POST http://127.0.0.1:45923/api/v1/management/catalog/modifiers?terminalId=916765de-9c08-4b04-a0a3-2a5c88ed7f1a - application/json;+charset=utf-8 2
info: Microsoft.AspNetCore.Routing.EndpointMiddleware[0]
      Executing endpoint 'HTTP: POST /api/v1/management/catalog/modifiers'
info: Microsoft.AspNetCore.Http.Result.JsonResult[1]
      Setting HTTP status code 401.
info: Microsoft.AspNetCore.Http.Result.JsonResult[3]
      Writing value of type 'CatalogApiErrorEnvelopeV1' as Json.
info: Microsoft.AspNetCore.Routing.EndpointMiddleware[1]
      Executed endpoint 'HTTP: POST /api/v1/management/catalog/modifiers'
info: Microsoft.AspNetCore.Hosting.Diagnostics[2]
      Request finished HTTP/1.1 POST https://127.0.0.1:45923/api/v1/management/catalog/modifiers?terminalId=916765de-9c08-4b04-a0a3-2a5c88ed7f1a - 401 - application/json;+charset=utf-8 0.2602ms
info: Microsoft.AspNetCore.Hosting.Diagnostics[1]
      Request starting HTTP/1.1 GET http://127.0.0.1:45923/api/v1/management/catalog/prices?terminalId=c44c5b10-7668-423a-9b96-04eea24a2b69 - - -
info: Microsoft.AspNetCore.Routing.EndpointMiddleware[0]
      Executing endpoint 'HTTP: GET /api/v1/management/catalog/prices'
info: Microsoft.AspNetCore.Http.Result.JsonResult[1]
      Setting HTTP status code 401.
info: Microsoft.AspNetCore.Http.Result.JsonResult[3]
      Writing value of type 'CatalogApiErrorEnvelopeV1' as Json.
info: Microsoft.AspNetCore.Routing.EndpointMiddleware[1]
      Executed endpoint 'HTTP: GET /api/v1/management/catalog/prices'
info: Microsoft.AspNetCore.Hosting.Diagnostics[2]
      Request finished HTTP/1.1 GET https://127.0.0.1:45923/api/v1/management/catalog/prices?terminalId=c44c5b10-7668-423a-9b96-04eea24a2b69 - 401 - application/json;+charset=utf-8 0.1736ms
info: Microsoft.AspNetCore.Hosting.Diagnostics[1]
      Request starting HTTP/1.1 POST http://127.0.0.1:45923/api/v1/management/catalog/prices?terminalId=db631e9d-a650-4d86-baba-a821069a9084 - application/json;+charset=utf-8 2
info: Microsoft.AspNetCore.Routing.EndpointMiddleware[0]
      Executing endpoint 'HTTP: POST /api/v1/management/catalog/prices'
info: Microsoft.AspNetCore.Http.Result.JsonResult[1]
      Setting HTTP status code 401.
info: Microsoft.AspNetCore.Http.Result.JsonResult[3]
      Writing value of type 'CatalogApiErrorEnvelopeV1' as Json.
info: Microsoft.AspNetCore.Routing.EndpointMiddleware[1]
      Executed endpoint 'HTTP: POST /api/v1/management/catalog/prices'
info: Microsoft.AspNetCore.Hosting.Diagnostics[2]
      Request finished HTTP/1.1 POST https://127.0.0.1:45923/api/v1/management/catalog/prices?terminalId=db631e9d-a650-4d86-baba-a821069a9084 - 401 - application/json;+charset=utf-8 0.2528ms
info: Microsoft.AspNetCore.Hosting.Diagnostics[1]
      Request starting HTTP/1.1 GET http://127.0.0.1:45923/api/v1/management/catalog/product-modifier-assignments?terminalId=df938d50-054d-4658-b9a9-168ac0ccb380 - - -
info: Microsoft.AspNetCore.Routing.EndpointMiddleware[0]
      Executing endpoint 'HTTP: GET /api/v1/management/catalog/product-modifier-assignments'
info: Microsoft.AspNetCore.Http.Result.JsonResult[1]
      Setting HTTP status code 401.
info: Microsoft.AspNetCore.Http.Result.JsonResult[3]
      Writing value of type 'CatalogApiErrorEnvelopeV1' as Json.
info: Microsoft.AspNetCore.Routing.EndpointMiddleware[1]
      Executed endpoint 'HTTP: GET /api/v1/management/catalog/product-modifier-assignments'
info: Microsoft.AspNetCore.Hosting.Diagnostics[2]
      Request finished HTTP/1.1 GET https://127.0.0.1:45923/api/v1/management/catalog/product-modifier-assignments?terminalId=df938d50-054d-4658-b9a9-168ac0ccb380 - 401 - application/json;+charset=utf-8 0.2825ms
info: Microsoft.AspNetCore.Hosting.Diagnostics[1]
      Request starting HTTP/1.1 POST http://127.0.0.1:45923/api/v1/management/catalog/product-modifier-assignments?terminalId=377a1aae-debd-4ca1-9ab5-3e3afaa62745 - application/json;+charset=utf-8 2
info: Microsoft.AspNetCore.Routing.EndpointMiddleware[0]
      Executing endpoint 'HTTP: POST /api/v1/management/catalog/product-modifier-assignments'
info: Microsoft.AspNetCore.Http.Result.JsonResult[1]
      Setting HTTP status code 401.
info: Microsoft.AspNetCore.Http.Result.JsonResult[3]
      Writing value of type 'CatalogApiErrorEnvelopeV1' as Json.
info: Microsoft.AspNetCore.Routing.EndpointMiddleware[1]
      Executed endpoint 'HTTP: POST /api/v1/management/catalog/product-modifier-assignments'
info: Microsoft.AspNetCore.Hosting.Diagnostics[2]
      Request finished HTTP/1.1 POST https://127.0.0.1:45923/api/v1/management/catalog/product-modifier-assignments?terminalId=377a1aae-debd-4ca1-9ab5-3e3afaa62745 - 401 - application/json;+charset=utf-8 0.2320ms
info: Microsoft.AspNetCore.Hosting.Diagnostics[1]
      Request starting HTTP/1.1 GET http://127.0.0.1:45923/api/v1/management/catalog/products?terminalId=3c1dd98f-f548-409c-af75-78737f685404 - - -
info: Microsoft.AspNetCore.Routing.EndpointMiddleware[0]
      Executing endpoint 'HTTP: GET /api/v1/management/catalog/products'
info: Microsoft.AspNetCore.Http.Result.JsonResult[1]
      Setting HTTP status code 401.
info: Microsoft.AspNetCore.Http.Result.JsonResult[3]
      Writing value of type 'CatalogApiErrorEnvelopeV1' as Json.
info: Microsoft.AspNetCore.Routing.EndpointMiddleware[1]
      Executed endpoint 'HTTP: GET /api/v1/management/catalog/products'
info: Microsoft.AspNetCore.Hosting.Diagnostics[2]
      Request finished HTTP/1.1 GET https://127.0.0.1:45923/api/v1/management/catalog/products?terminalId=3c1dd98f-f548-409c-af75-78737f685404 - 401 - application/json;+charset=utf-8 0.1630ms
info: Microsoft.AspNetCore.Hosting.Diagnostics[1]
      Request starting HTTP/1.1 POST http://127.0.0.1:45923/api/v1/management/catalog/products?terminalId=b8c6f502-1b78-493d-b1e2-6175e2d6c1fe - application/json;+charset=utf-8 2
info: Microsoft.AspNetCore.Routing.EndpointMiddleware[0]
      Executing endpoint 'HTTP: POST /api/v1/management/catalog/products'
info: Microsoft.AspNetCore.Http.Result.JsonResult[1]
      Setting HTTP status code 401.
info: Microsoft.AspNetCore.Http.Result.JsonResult[3]
      Writing value of type 'CatalogApiErrorEnvelopeV1' as Json.
info: Microsoft.AspNetCore.Routing.EndpointMiddleware[1]
      Executed endpoint 'HTTP: POST /api/v1/management/catalog/products'
info: Microsoft.AspNetCore.Hosting.Diagnostics[2]
      Request finished HTTP/1.1 POST https://127.0.0.1:45923/api/v1/management/catalog/products?terminalId=b8c6f502-1b78-493d-b1e2-6175e2d6c1fe - 401 - application/json;+charset=utf-8 0.2354ms
info: Microsoft.AspNetCore.Hosting.Diagnostics[1]
      Request starting HTTP/1.1 POST http://127.0.0.1:45923/api/v1/management/catalog/products/1f4a5956-1b67-4112-aa83-66078d8bcb12/availability?terminalId=e13434a9-dc26-4f40-b9e7-cb1ed0906afb - application/json;+charset=utf-8 2
info: Microsoft.AspNetCore.Routing.EndpointMiddleware[0]
      Executing endpoint 'HTTP: POST /api/v1/management/catalog/products/{productId:guid}/availability'
info: Microsoft.AspNetCore.Http.Result.JsonResult[1]
      Setting HTTP status code 401.
info: Microsoft.AspNetCore.Http.Result.JsonResult[3]
      Writing value of type 'CatalogApiErrorEnvelopeV1' as Json.
info: Microsoft.AspNetCore.Routing.EndpointMiddleware[1]
      Executed endpoint 'HTTP: POST /api/v1/management/catalog/products/{productId:guid}/availability'
info: Microsoft.AspNetCore.Hosting.Diagnostics[2]
      Request finished HTTP/1.1 POST https://127.0.0.1:45923/api/v1/management/catalog/products/1f4a5956-1b67-4112-aa83-66078d8bcb12/availability?terminalId=e13434a9-dc26-4f40-b9e7-cb1ed0906afb - 401 - application/json;+charset=utf-8 0.1970ms
info: Microsoft.AspNetCore.Hosting.Diagnostics[1]
      Request starting HTTP/1.1 POST http://127.0.0.1:45923/api/v1/management/catalog/products/a25257b5-572d-4b1e-9642-ebab130a7460/prep-time?terminalId=760f0b67-1d48-4abd-b272-48c56f97d794 - application/json;+charset=utf-8 2
info: Microsoft.AspNetCore.Routing.EndpointMiddleware[0]
      Executing endpoint 'HTTP: POST /api/v1/management/catalog/products/{productId:guid}/prep-time'
info: Microsoft.AspNetCore.Http.Result.JsonResult[1]
      Setting HTTP status code 401.
info: Microsoft.AspNetCore.Http.Result.JsonResult[3]
      Writing value of type 'CatalogApiErrorEnvelopeV1' as Json.
info: Microsoft.AspNetCore.Routing.EndpointMiddleware[1]
      Executed endpoint 'HTTP: POST /api/v1/management/catalog/products/{productId:guid}/prep-time'
info: Microsoft.AspNetCore.Hosting.Diagnostics[2]
      Request finished HTTP/1.1 POST https://127.0.0.1:45923/api/v1/management/catalog/products/a25257b5-572d-4b1e-9642-ebab130a7460/prep-time?terminalId=760f0b67-1d48-4abd-b272-48c56f97d794 - 401 - application/json;+charset=utf-8 0.2067ms
info: Microsoft.AspNetCore.Hosting.Diagnostics[1]
      Request starting HTTP/1.1 GET http://127.0.0.1:45923/api/v1/management/catalog/tax-profiles?terminalId=250a3915-752d-45ab-8ce6-9079d754ece8 - - -
info: Microsoft.AspNetCore.Routing.EndpointMiddleware[0]
      Executing endpoint 'HTTP: GET /api/v1/management/catalog/tax-profiles'
info: Microsoft.AspNetCore.Http.Result.JsonResult[1]
      Setting HTTP status code 401.
info: Microsoft.AspNetCore.Http.Result.JsonResult[3]
      Writing value of type 'CatalogApiErrorEnvelopeV1' as Json.
info: Microsoft.AspNetCore.Routing.EndpointMiddleware[1]
      Executed endpoint 'HTTP: GET /api/v1/management/catalog/tax-profiles'
info: Microsoft.AspNetCore.Hosting.Diagnostics[2]
      Request finished HTTP/1.1 GET https://127.0.0.1:45923/api/v1/management/catalog/tax-profiles?terminalId=250a3915-752d-45ab-8ce6-9079d754ece8 - 401 - application/json;+charset=utf-8 0.1954ms
info: Microsoft.AspNetCore.Hosting.Diagnostics[1]
      Request starting HTTP/1.1 POST http://127.0.0.1:45923/api/v1/management/catalog/tax-profiles?terminalId=15f47ce0-ad58-478c-8df2-566b5ec10156 - application/json;+charset=utf-8 2
info: Microsoft.AspNetCore.Routing.EndpointMiddleware[0]
      Executing endpoint 'HTTP: POST /api/v1/management/catalog/tax-profiles'
info: Microsoft.AspNetCore.Http.Result.JsonResult[1]
      Setting HTTP status code 401.
info: Microsoft.AspNetCore.Http.Result.JsonResult[3]
      Writing value of type 'CatalogApiErrorEnvelopeV1' as Json.
info: Microsoft.AspNetCore.Routing.EndpointMiddleware[1]
      Executed endpoint 'HTTP: POST /api/v1/management/catalog/tax-profiles'
info: Microsoft.AspNetCore.Hosting.Diagnostics[2]
      Request finished HTTP/1.1 POST https://127.0.0.1:45923/api/v1/management/catalog/tax-profiles?terminalId=15f47ce0-ad58-478c-8df2-566b5ec10156 - 401 - application/json;+charset=utf-8 0.2160ms
info: Microsoft.AspNetCore.Hosting.Diagnostics[1]
      Request starting HTTP/1.1 PUT http://127.0.0.1:45923/api/v1/management/customer-display/screensaver?terminalId=0c5756bf-46e0-490e-bc97-00ad746480e6 - application/json;+charset=utf-8 2
info: Microsoft.AspNetCore.Routing.EndpointMiddleware[0]
      Executing endpoint 'HTTP: GET, POST, PUT, PATCH, DELETE, OPTIONS /api/{**path}'
info: Microsoft.AspNetCore.Http.Result.JsonResult[1]
      Setting HTTP status code 404.
info: Microsoft.AspNetCore.Http.Result.JsonResult[3]
      Writing value of type 'ApiErrorEnvelope' as Json.
info: Microsoft.AspNetCore.Routing.EndpointMiddleware[1]
      Executed endpoint 'HTTP: GET, POST, PUT, PATCH, DELETE, OPTIONS /api/{**path}'
info: Microsoft.AspNetCore.Hosting.Diagnostics[2]
      Request finished HTTP/1.1 PUT https://127.0.0.1:45923/api/v1/management/customer-display/screensaver?terminalId=0c5756bf-46e0-490e-bc97-00ad746480e6 - 404 - application/json;+charset=utf-8 0.1410ms
info: Microsoft.AspNetCore.Hosting.Diagnostics[1]
      Request starting HTTP/1.1 DELETE http://127.0.0.1:45923/api/v1/management/customer-display/screensaver?terminalId=436ffb72-c3b5-45cb-b83e-8c7e41aa8157 - application/json;+charset=utf-8 2
info: Microsoft.AspNetCore.Routing.EndpointMiddleware[0]
      Executing endpoint 'HTTP: DELETE /api/v1/management/customer-display/screensaver'
info: Microsoft.AspNetCore.Http.Result.JsonResult[1]
      Setting HTTP status code 401.
info: Microsoft.AspNetCore.Http.Result.JsonResult[3]
      Writing value of type 'CatalogApiErrorEnvelopeV1' as Json.
info: Microsoft.AspNetCore.Routing.EndpointMiddleware[1]
      Executed endpoint 'HTTP: DELETE /api/v1/management/customer-display/screensaver'
info: Microsoft.AspNetCore.Hosting.Diagnostics[2]
      Request finished HTTP/1.1 DELETE https://127.0.0.1:45923/api/v1/management/customer-display/screensaver?terminalId=436ffb72-c3b5-45cb-b83e-8c7e41aa8157 - 401 - application/json;+charset=utf-8 0.2336ms
info: Microsoft.AspNetCore.Hosting.Diagnostics[1]
      Request starting HTTP/1.1 POST http://127.0.0.1:45923/api/v1/management/inventory/modifiers/a8cb862f-e41f-4e48-be03-4431d98faf55/stock-mappings?terminalId=5d433a84-d338-445b-b9dc-7a9f2a2ecc85 - application/json;+charset=utf-8 2
info: Microsoft.AspNetCore.Routing.EndpointMiddleware[0]
      Executing endpoint 'HTTP: POST /api/v1/management/inventory/modifiers/{modifierId:guid}/stock-mappings'
info: Microsoft.AspNetCore.Http.Result.JsonResult[1]
      Setting HTTP status code 401.
info: Microsoft.AspNetCore.Http.Result.JsonResult[3]
      Writing value of type 'StockMasterApiErrorEnvelopeV1' as Json.
info: Microsoft.AspNetCore.Routing.EndpointMiddleware[1]
      Executed endpoint 'HTTP: POST /api/v1/management/inventory/modifiers/{modifierId:guid}/stock-mappings'
info: Microsoft.AspNetCore.Hosting.Diagnostics[2]
      Request finished HTTP/1.1 POST https://127.0.0.1:45923/api/v1/management/inventory/modifiers/a8cb862f-e41f-4e48-be03-4431d98faf55/stock-mappings?terminalId=5d433a84-d338-445b-b9dc-7a9f2a2ecc85 - 401 - application/json;+charset=utf-8 1.3260ms
info: Microsoft.AspNetCore.Hosting.Diagnostics[1]
      Request starting HTTP/1.1 GET http://127.0.0.1:45923/api/v1/management/inventory/modifiers/d5797b66-c16b-405c-8254-5189c0d81e46/stock-mappings?terminalId=4abed925-9ee1-488c-bb72-b5355581b30b - - -
info: Microsoft.AspNetCore.Routing.EndpointMiddleware[0]
      Executing endpoint 'HTTP: GET /api/v1/management/inventory/modifiers/{modifierId:guid}/stock-mappings'
info: Microsoft.AspNetCore.Http.Result.JsonResult[1]
      Setting HTTP status code 401.
info: Microsoft.AspNetCore.Http.Result.JsonResult[3]
      Writing value of type 'StockMasterApiErrorEnvelopeV1' as Json.
info: Microsoft.AspNetCore.Routing.EndpointMiddleware[1]
      Executed endpoint 'HTTP: GET /api/v1/management/inventory/modifiers/{modifierId:guid}/stock-mappings'
info: Microsoft.AspNetCore.Hosting.Diagnostics[2]
      Request finished HTTP/1.1 GET https://127.0.0.1:45923/api/v1/management/inventory/modifiers/d5797b66-c16b-405c-8254-5189c0d81e46/stock-mappings?terminalId=4abed925-9ee1-488c-bb72-b5355581b30b - 401 - application/json;+charset=utf-8 0.7158ms
info: Microsoft.AspNetCore.Hosting.Diagnostics[1]
      Request starting HTTP/1.1 DELETE http://127.0.0.1:45923/api/v1/management/inventory/modifiers/dc17d75b-789f-4c46-9033-6c91c8053be7/stock-mappings/6af4284f-f651-4e60-8286-ac668c78bea5?terminalId=bd784d00-432b-49da-9ac0-0f5eeb6d93ec - application/json;+charset=utf-8 2
info: Microsoft.AspNetCore.Routing.EndpointMiddleware[0]
      Executing endpoint 'HTTP: DELETE /api/v1/management/inventory/modifiers/{modifierId:guid}/stock-mappings/{stockItemId:guid}'
info: Microsoft.AspNetCore.Http.Result.JsonResult[1]
      Setting HTTP status code 401.
info: Microsoft.AspNetCore.Http.Result.JsonResult[3]
      Writing value of type 'StockMasterApiErrorEnvelopeV1' as Json.
info: Microsoft.AspNetCore.Routing.EndpointMiddleware[1]
      Executed endpoint 'HTTP: DELETE /api/v1/management/inventory/modifiers/{modifierId:guid}/stock-mappings/{stockItemId:guid}'
info: Microsoft.AspNetCore.Hosting.Diagnostics[2]
      Request finished HTTP/1.1 DELETE https://127.0.0.1:45923/api/v1/management/inventory/modifiers/dc17d75b-789f-4c46-9033-6c91c8053be7/stock-mappings/6af4284f-f651-4e60-8286-ac668c78bea5?terminalId=bd784d00-432b-49da-9ac0-0f5eeb6d93ec - 401 - application/json;+charset=utf-8 0.4294ms
info: Microsoft.AspNetCore.Hosting.Diagnostics[1]
      Request starting HTTP/1.1 POST http://127.0.0.1:45923/api/v1/management/inventory/products/39f80a97-0fd9-4357-bf7f-7322a1276809/stock-mappings?terminalId=a6a02e27-9f7e-4c57-8b0f-e038dc25b1ae - application/json;+charset=utf-8 2
info: Microsoft.AspNetCore.Routing.EndpointMiddleware[0]
      Executing endpoint 'HTTP: POST /api/v1/management/inventory/products/{productId:guid}/stock-mappings'
info: Microsoft.AspNetCore.Http.Result.JsonResult[1]
      Setting HTTP status code 401.
info: Microsoft.AspNetCore.Http.Result.JsonResult[3]
      Writing value of type 'StockMasterApiErrorEnvelopeV1' as Json.
info: Microsoft.AspNetCore.Routing.EndpointMiddleware[1]
      Executed endpoint 'HTTP: POST /api/v1/management/inventory/products/{productId:guid}/stock-mappings'
info: Microsoft.AspNetCore.Hosting.Diagnostics[2]
      Request finished HTTP/1.1 POST https://127.0.0.1:45923/api/v1/management/inventory/products/39f80a97-0fd9-4357-bf7f-7322a1276809/stock-mappings?terminalId=a6a02e27-9f7e-4c57-8b0f-e038dc25b1ae - 401 - application/json;+charset=utf-8 0.4590ms
info: Microsoft.AspNetCore.Hosting.Diagnostics[1]
      Request starting HTTP/1.1 GET http://127.0.0.1:45923/api/v1/management/inventory/products/a9607cbf-3b00-4727-ad13-3696d40b77ca/stock-mappings?terminalId=bea19807-8d65-4eb8-8a9d-7a9944c61b4e - - -
info: Microsoft.AspNetCore.Routing.EndpointMiddleware[0]
      Executing endpoint 'HTTP: GET /api/v1/management/inventory/products/{productId:guid}/stock-mappings'
info: Microsoft.AspNetCore.Http.Result.JsonResult[1]
      Setting HTTP status code 401.
info: Microsoft.AspNetCore.Http.Result.JsonResult[3]
      Writing value of type 'StockMasterApiErrorEnvelopeV1' as Json.
info: Microsoft.AspNetCore.Routing.EndpointMiddleware[1]
      Executed endpoint 'HTTP: GET /api/v1/management/inventory/products/{productId:guid}/stock-mappings'
info: Microsoft.AspNetCore.Hosting.Diagnostics[2]
      Request finished HTTP/1.1 GET https://127.0.0.1:45923/api/v1/management/inventory/products/a9607cbf-3b00-4727-ad13-3696d40b77ca/stock-mappings?terminalId=bea19807-8d65-4eb8-8a9d-7a9944c61b4e - 401 - application/json;+charset=utf-8 0.3060ms
info: Microsoft.AspNetCore.Hosting.Diagnostics[1]
      Request starting HTTP/1.1 DELETE http://127.0.0.1:45923/api/v1/management/inventory/products/d56c3f06-de89-4dc1-a6ad-70da843958e1/stock-mappings/325607cd-bc15-4661-8e28-2317a9aad7c5?terminalId=094d174d-73e2-45be-8783-5c2ae2e02c01 - application/json;+charset=utf-8 2
info: Microsoft.AspNetCore.Routing.EndpointMiddleware[0]
      Executing endpoint 'HTTP: DELETE /api/v1/management/inventory/products/{productId:guid}/stock-mappings/{stockItemId:guid}'
info: Microsoft.AspNetCore.Http.Result.JsonResult[1]
      Setting HTTP status code 401.
info: Microsoft.AspNetCore.Http.Result.JsonResult[3]
      Writing value of type 'StockMasterApiErrorEnvelopeV1' as Json.
info: Microsoft.AspNetCore.Routing.EndpointMiddleware[1]
      Executed endpoint 'HTTP: DELETE /api/v1/management/inventory/products/{productId:guid}/stock-mappings/{stockItemId:guid}'
info: Microsoft.AspNetCore.Hosting.Diagnostics[2]
      Request finished HTTP/1.1 DELETE https://127.0.0.1:45923/api/v1/management/inventory/products/d56c3f06-de89-4dc1-a6ad-70da843958e1/stock-mappings/325607cd-bc15-4661-8e28-2317a9aad7c5?terminalId=094d174d-73e2-45be-8783-5c2ae2e02c01 - 401 - application/json;+charset=utf-8 0.5955ms
info: Microsoft.AspNetCore.Hosting.Diagnostics[1]
      Request starting HTTP/1.1 GET http://127.0.0.1:45923/api/v1/management/inventory/reports/actual-vs-theoretical?terminalId=5f6b3651-b0bf-44ef-8e6c-dc806756e9fe - - -
info: Microsoft.AspNetCore.Routing.EndpointMiddleware[0]
      Executing endpoint 'HTTP: GET /api/v1/management/inventory/reports/actual-vs-theoretical'
info: Microsoft.AspNetCore.Http.Result.JsonResult[1]
      Setting HTTP status code 401.
info: Microsoft.AspNetCore.Http.Result.JsonResult[3]
      Writing value of type '<>f__AnonymousType5`1' as Json.
info: Microsoft.AspNetCore.Routing.EndpointMiddleware[1]
      Executed endpoint 'HTTP: GET /api/v1/management/inventory/reports/actual-vs-theoretical'
info: Microsoft.AspNetCore.Hosting.Diagnostics[2]
      Request finished HTTP/1.1 GET https://127.0.0.1:45923/api/v1/management/inventory/reports/actual-vs-theoretical?terminalId=5f6b3651-b0bf-44ef-8e6c-dc806756e9fe - 401 - application/json;+charset=utf-8 4.4946ms
info: Microsoft.AspNetCore.Hosting.Diagnostics[1]
      Request starting HTTP/1.1 GET http://127.0.0.1:45923/api/v1/management/inventory/reports/critical-stock?terminalId=c1295fdf-248f-4351-890a-0b048f55555c - - -
info: Microsoft.AspNetCore.Routing.EndpointMiddleware[0]
      Executing endpoint 'HTTP: GET /api/v1/management/inventory/reports/critical-stock'
info: Microsoft.AspNetCore.Http.Result.JsonResult[1]
      Setting HTTP status code 401.
info: Microsoft.AspNetCore.Http.Result.JsonResult[3]
      Writing value of type '<>f__AnonymousType5`1' as Json.
info: Microsoft.AspNetCore.Routing.EndpointMiddleware[1]
      Executed endpoint 'HTTP: GET /api/v1/management/inventory/reports/critical-stock'
info: Microsoft.AspNetCore.Hosting.Diagnostics[2]
      Request finished HTTP/1.1 GET https://127.0.0.1:45923/api/v1/management/inventory/reports/critical-stock?terminalId=c1295fdf-248f-4351-890a-0b048f55555c - 401 - application/json;+charset=utf-8 2.0148ms
info: Microsoft.AspNetCore.Hosting.Diagnostics[1]
      Request starting HTTP/1.1 GET http://127.0.0.1:45923/api/v1/management/inventory/stock-items?terminalId=0e9890e4-5f1f-4520-aee1-ee1308e95fac - - -
info: Microsoft.AspNetCore.Routing.EndpointMiddleware[0]
      Executing endpoint 'HTTP: GET /api/v1/management/inventory/stock-items'
info: Microsoft.AspNetCore.Http.Result.JsonResult[1]
      Setting HTTP status code 401.
info: Microsoft.AspNetCore.Http.Result.JsonResult[3]
      Writing value of type 'StockMasterApiErrorEnvelopeV1' as Json.
info: Microsoft.AspNetCore.Routing.EndpointMiddleware[1]
      Executed endpoint 'HTTP: GET /api/v1/management/inventory/stock-items'
info: Microsoft.AspNetCore.Hosting.Diagnostics[2]
      Request finished HTTP/1.1 GET https://127.0.0.1:45923/api/v1/management/inventory/stock-items?terminalId=0e9890e4-5f1f-4520-aee1-ee1308e95fac - 401 - application/json;+charset=utf-8 0.9088ms
info: Microsoft.AspNetCore.Hosting.Diagnostics[1]
      Request starting HTTP/1.1 POST http://127.0.0.1:45923/api/v1/management/inventory/stock-items?terminalId=839d7615-fcff-4606-8a6c-60a0bebd9d33 - application/json;+charset=utf-8 2
info: Microsoft.AspNetCore.Routing.EndpointMiddleware[0]
      Executing endpoint 'HTTP: POST /api/v1/management/inventory/stock-items'
info: Microsoft.AspNetCore.Http.Result.JsonResult[1]
      Setting HTTP status code 401.
info: Microsoft.AspNetCore.Http.Result.JsonResult[3]
      Writing value of type 'StockMasterApiErrorEnvelopeV1' as Json.
info: Microsoft.AspNetCore.Routing.EndpointMiddleware[1]
      Executed endpoint 'HTTP: POST /api/v1/management/inventory/stock-items'
info: Microsoft.AspNetCore.Hosting.Diagnostics[2]
      Request finished HTTP/1.1 POST https://127.0.0.1:45923/api/v1/management/inventory/stock-items?terminalId=839d7615-fcff-4606-8a6c-60a0bebd9d33 - 401 - application/json;+charset=utf-8 0.6007ms
info: Microsoft.AspNetCore.Hosting.Diagnostics[1]
      Request starting HTTP/1.1 POST http://127.0.0.1:45923/api/v1/management/inventory/stock-items/50464b71-c797-4ccf-8115-8e700b938d3c/physical-counts?terminalId=915331c3-d9ac-4244-8628-914c4fbc5d0d - application/json;+charset=utf-8 2
info: Microsoft.AspNetCore.Routing.EndpointMiddleware[0]
      Executing endpoint 'HTTP: POST /api/v1/management/inventory/stock-items/{stockItemId:guid}/physical-counts'
info: Microsoft.AspNetCore.Http.Result.JsonResult[1]
      Setting HTTP status code 401.
info: Microsoft.AspNetCore.Http.Result.JsonResult[3]
      Writing value of type 'StockMasterApiErrorEnvelopeV1' as Json.
info: Microsoft.AspNetCore.Routing.EndpointMiddleware[1]
      Executed endpoint 'HTTP: POST /api/v1/management/inventory/stock-items/{stockItemId:guid}/physical-counts'
info: Microsoft.AspNetCore.Hosting.Diagnostics[2]
      Request finished HTTP/1.1 POST https://127.0.0.1:45923/api/v1/management/inventory/stock-items/50464b71-c797-4ccf-8115-8e700b938d3c/physical-counts?terminalId=915331c3-d9ac-4244-8628-914c4fbc5d0d - 401 - application/json;+charset=utf-8 1.2056ms
info: Microsoft.AspNetCore.Hosting.Diagnostics[1]
      Request starting HTTP/1.1 PUT http://127.0.0.1:45923/api/v1/management/inventory/stock-items/a47bf012-8d25-493e-86cd-4fa34128b893/reorder-point?terminalId=48d940f6-c732-4300-b319-85db15b45c0c - application/json;+charset=utf-8 2
info: Microsoft.AspNetCore.Routing.EndpointMiddleware[0]
      Executing endpoint 'HTTP: PUT /api/v1/management/inventory/stock-items/{stockItemId:guid}/reorder-point'
info: Microsoft.AspNetCore.Http.Result.JsonResult[1]
      Setting HTTP status code 401.
info: Microsoft.AspNetCore.Http.Result.JsonResult[3]
      Writing value of type 'StockMasterApiErrorEnvelopeV1' as Json.
info: Microsoft.AspNetCore.Routing.EndpointMiddleware[1]
      Executed endpoint 'HTTP: PUT /api/v1/management/inventory/stock-items/{stockItemId:guid}/reorder-point'
info: Microsoft.AspNetCore.Hosting.Diagnostics[2]
      Request finished HTTP/1.1 PUT https://127.0.0.1:45923/api/v1/management/inventory/stock-items/a47bf012-8d25-493e-86cd-4fa34128b893/reorder-point?terminalId=48d940f6-c732-4300-b319-85db15b45c0c - 401 - application/json;+charset=utf-8 0.8983ms
info: Microsoft.AspNetCore.Hosting.Diagnostics[1]
      Request starting HTTP/1.1 POST http://127.0.0.1:45923/api/v1/management/inventory/stock-items/646cd760-b833-44c4-8f5d-92c624d66b39/waste?terminalId=9c31a186-0100-457f-879e-b4cb7dc496dd - application/json;+charset=utf-8 2
info: Microsoft.AspNetCore.Routing.EndpointMiddleware[0]
      Executing endpoint 'HTTP: POST /api/v1/management/inventory/stock-items/{stockItemId:guid}/waste'
info: Microsoft.AspNetCore.Http.Result.JsonResult[1]
      Setting HTTP status code 401.
info: Microsoft.AspNetCore.Http.Result.JsonResult[3]
      Writing value of type 'StockMasterApiErrorEnvelopeV1' as Json.
info: Microsoft.AspNetCore.Routing.EndpointMiddleware[1]
      Executed endpoint 'HTTP: POST /api/v1/management/inventory/stock-items/{stockItemId:guid}/waste'
info: Microsoft.AspNetCore.Hosting.Diagnostics[2]
      Request finished HTTP/1.1 POST https://127.0.0.1:45923/api/v1/management/inventory/stock-items/646cd760-b833-44c4-8f5d-92c624d66b39/waste?terminalId=9c31a186-0100-457f-879e-b4cb7dc496dd - 401 - application/json;+charset=utf-8 0.6150ms
info: Microsoft.AspNetCore.Hosting.Diagnostics[1]
      Request starting HTTP/1.1 GET http://127.0.0.1:45923/api/v1/management/inventory/stock-locations?terminalId=ed9b8990-7ca5-4c51-a475-6c1645f2b6d4 - - -
info: Microsoft.AspNetCore.Routing.EndpointMiddleware[0]
      Executing endpoint 'HTTP: GET /api/v1/management/inventory/stock-locations'
info: Microsoft.AspNetCore.Http.Result.JsonResult[1]
      Setting HTTP status code 401.
info: Microsoft.AspNetCore.Http.Result.JsonResult[3]
      Writing value of type 'StockMasterApiErrorEnvelopeV1' as Json.
info: Microsoft.AspNetCore.Routing.EndpointMiddleware[1]
      Executed endpoint 'HTTP: GET /api/v1/management/inventory/stock-locations'
info: Microsoft.AspNetCore.Hosting.Diagnostics[2]
      Request finished HTTP/1.1 GET https://127.0.0.1:45923/api/v1/management/inventory/stock-locations?terminalId=ed9b8990-7ca5-4c51-a475-6c1645f2b6d4 - 401 - application/json;+charset=utf-8 0.3325ms
info: Microsoft.AspNetCore.Hosting.Diagnostics[1]
      Request starting HTTP/1.1 POST http://127.0.0.1:45923/api/v1/management/inventory/stock-locations?terminalId=e8063d83-cce4-47f7-8d3d-fbf861cf591b - application/json;+charset=utf-8 2
info: Microsoft.AspNetCore.Routing.EndpointMiddleware[0]
      Executing endpoint 'HTTP: POST /api/v1/management/inventory/stock-locations'
info: Microsoft.AspNetCore.Http.Result.JsonResult[1]
      Setting HTTP status code 401.
info: Microsoft.AspNetCore.Http.Result.JsonResult[3]
      Writing value of type 'StockMasterApiErrorEnvelopeV1' as Json.
info: Microsoft.AspNetCore.Routing.EndpointMiddleware[1]
      Executed endpoint 'HTTP: POST /api/v1/management/inventory/stock-locations'
info: Microsoft.AspNetCore.Hosting.Diagnostics[2]
      Request finished HTTP/1.1 POST https://127.0.0.1:45923/api/v1/management/inventory/stock-locations?terminalId=e8063d83-cce4-47f7-8d3d-fbf861cf591b - 401 - application/json;+charset=utf-8 0.8446ms
info: Microsoft.AspNetCore.Hosting.Diagnostics[1]
      Request starting HTTP/1.1 GET http://127.0.0.1:45923/api/v1/management/inventory/waste?terminalId=f0eba52f-3628-4c33-ae16-500b16cb264c - - -
info: Microsoft.AspNetCore.Routing.EndpointMiddleware[0]
      Executing endpoint 'HTTP: GET /api/v1/management/inventory/waste'
info: Microsoft.AspNetCore.Http.Result.JsonResult[1]
      Setting HTTP status code 401.
info: Microsoft.AspNetCore.Http.Result.JsonResult[3]
      Writing value of type 'StockMasterApiErrorEnvelopeV1' as Json.
info: Microsoft.AspNetCore.Routing.EndpointMiddleware[1]
      Executed endpoint 'HTTP: GET /api/v1/management/inventory/waste'
info: Microsoft.AspNetCore.Hosting.Diagnostics[2]
      Request finished HTTP/1.1 GET https://127.0.0.1:45923/api/v1/management/inventory/waste?terminalId=f0eba52f-3628-4c33-ae16-500b16cb264c - 401 - application/json;+charset=utf-8 1.0031ms
info: Microsoft.AspNetCore.Hosting.Diagnostics[1]
      Request starting HTTP/1.1 POST http://127.0.0.1:45923/api/v1/management/menus-and-specials/daily-menus?terminalId=db1d001f-11e5-4680-925f-0e5696c6b763 - application/json;+charset=utf-8 2
info: Microsoft.AspNetCore.Routing.EndpointMiddleware[0]
      Executing endpoint 'HTTP: POST /api/v1/management/menus-and-specials/daily-menus'
info: Microsoft.AspNetCore.Http.Result.JsonResult[1]
      Setting HTTP status code 401.
info: Microsoft.AspNetCore.Http.Result.JsonResult[3]
      Writing value of type 'MenuApiErrorEnvelopeV1' as Json.
info: Microsoft.AspNetCore.Routing.EndpointMiddleware[1]
      Executed endpoint 'HTTP: POST /api/v1/management/menus-and-specials/daily-menus'
info: Microsoft.AspNetCore.Hosting.Diagnostics[2]
      Request finished HTTP/1.1 POST https://127.0.0.1:45923/api/v1/management/menus-and-specials/daily-menus?terminalId=db1d001f-11e5-4680-925f-0e5696c6b763 - 401 - application/json;+charset=utf-8 0.4766ms
info: Microsoft.AspNetCore.Hosting.Diagnostics[1]
      Request starting HTTP/1.1 GET http://127.0.0.1:45923/api/v1/management/menus-and-specials/daily-menus/by-date/2026-09-28?terminalId=43d6bf09-e5da-4647-b6a0-dd742abb826d - - -
info: Microsoft.AspNetCore.Routing.EndpointMiddleware[0]
      Executing endpoint 'HTTP: GET /api/v1/management/menus-and-specials/daily-menus/by-date/{businessDate}'
info: Microsoft.AspNetCore.Http.Result.JsonResult[1]
      Setting HTTP status code 401.
info: Microsoft.AspNetCore.Http.Result.JsonResult[3]
      Writing value of type 'MenuApiErrorEnvelopeV1' as Json.
info: Microsoft.AspNetCore.Routing.EndpointMiddleware[1]
      Executed endpoint 'HTTP: GET /api/v1/management/menus-and-specials/daily-menus/by-date/{businessDate}'
info: Microsoft.AspNetCore.Hosting.Diagnostics[2]
      Request finished HTTP/1.1 GET https://127.0.0.1:45923/api/v1/management/menus-and-specials/daily-menus/by-date/2026-09-28?terminalId=43d6bf09-e5da-4647-b6a0-dd742abb826d - 401 - application/json;+charset=utf-8 0.5289ms
info: Microsoft.AspNetCore.Hosting.Diagnostics[1]
      Request starting HTTP/1.1 PUT http://127.0.0.1:45923/api/v1/management/menus-and-specials/daily-menus/items/d9047880-50c4-436f-a8aa-15d761d5e794/planned-portions?terminalId=18aeb090-8465-447c-a58b-9b05f49fc4bf - application/json;+charset=utf-8 2
info: Microsoft.AspNetCore.Routing.EndpointMiddleware[0]
      Executing endpoint 'HTTP: PUT /api/v1/management/menus-and-specials/daily-menus/items/{dailyMenuItemId:guid}/planned-portions'
info: Microsoft.AspNetCore.Http.Result.JsonResult[1]
      Setting HTTP status code 401.
info: Microsoft.AspNetCore.Http.Result.JsonResult[3]
      Writing value of type 'MenuApiErrorEnvelopeV1' as Json.
info: Microsoft.AspNetCore.Routing.EndpointMiddleware[1]
      Executed endpoint 'HTTP: PUT /api/v1/management/menus-and-specials/daily-menus/items/{dailyMenuItemId:guid}/planned-portions'
info: Microsoft.AspNetCore.Hosting.Diagnostics[2]
      Request finished HTTP/1.1 PUT https://127.0.0.1:45923/api/v1/management/menus-and-specials/daily-menus/items/d9047880-50c4-436f-a8aa-15d761d5e794/planned-portions?terminalId=18aeb090-8465-447c-a58b-9b05f49fc4bf - 401 - application/json;+charset=utf-8 0.3296ms
info: Microsoft.AspNetCore.Hosting.Diagnostics[1]
      Request starting HTTP/1.1 PUT http://127.0.0.1:45923/api/v1/management/menus-and-specials/daily-menus/items/5e91975d-b7ac-4027-b2fc-60652cb497d4/price?terminalId=bd02b724-5973-40e8-8397-4f6ffa4feda4 - application/json;+charset=utf-8 2
info: Microsoft.AspNetCore.Routing.EndpointMiddleware[0]
      Executing endpoint 'HTTP: PUT /api/v1/management/menus-and-specials/daily-menus/items/{dailyMenuItemId:guid}/price'
info: Microsoft.AspNetCore.Http.Result.JsonResult[1]
      Setting HTTP status code 401.
info: Microsoft.AspNetCore.Http.Result.JsonResult[3]
      Writing value of type 'MenuApiErrorEnvelopeV1' as Json.
info: Microsoft.AspNetCore.Routing.EndpointMiddleware[1]
      Executed endpoint 'HTTP: PUT /api/v1/management/menus-and-specials/daily-menus/items/{dailyMenuItemId:guid}/price'
info: Microsoft.AspNetCore.Hosting.Diagnostics[2]
      Request finished HTTP/1.1 PUT https://127.0.0.1:45923/api/v1/management/menus-and-specials/daily-menus/items/5e91975d-b7ac-4027-b2fc-60652cb497d4/price?terminalId=bd02b724-5973-40e8-8397-4f6ffa4feda4 - 401 - application/json;+charset=utf-8 0.6251ms
info: Microsoft.AspNetCore.Hosting.Diagnostics[1]
      Request starting HTTP/1.1 PUT http://127.0.0.1:45923/api/v1/management/menus-and-specials/daily-menus/items/0424a184-d028-4937-8204-31ee348249d3/status?terminalId=c2e16af0-8a33-4b18-a874-3bd12dd2d64b - application/json;+charset=utf-8 2
info: Microsoft.AspNetCore.Routing.EndpointMiddleware[0]
      Executing endpoint 'HTTP: PUT /api/v1/management/menus-and-specials/daily-menus/items/{dailyMenuItemId:guid}/status'
info: Microsoft.AspNetCore.Http.Result.JsonResult[1]
      Setting HTTP status code 401.
info: Microsoft.AspNetCore.Http.Result.JsonResult[3]
      Writing value of type 'MenuApiErrorEnvelopeV1' as Json.
info: Microsoft.AspNetCore.Routing.EndpointMiddleware[1]
      Executed endpoint 'HTTP: PUT /api/v1/management/menus-and-specials/daily-menus/items/{dailyMenuItemId:guid}/status'
info: Microsoft.AspNetCore.Hosting.Diagnostics[2]
      Request finished HTTP/1.1 PUT https://127.0.0.1:45923/api/v1/management/menus-and-specials/daily-menus/items/0424a184-d028-4937-8204-31ee348249d3/status?terminalId=c2e16af0-8a33-4b18-a874-3bd12dd2d64b - 401 - application/json;+charset=utf-8 0.5995ms
info: Microsoft.AspNetCore.Hosting.Diagnostics[1]
      Request starting HTTP/1.1 GET http://127.0.0.1:45923/api/v1/management/menus-and-specials/daily-menus/b7fc8d50-8c3e-483d-be01-4b4960fc4256?terminalId=f7146640-6aa7-4360-ab4b-a5a3d15b9c08 - - -
info: Microsoft.AspNetCore.Routing.EndpointMiddleware[0]
      Executing endpoint 'HTTP: GET /api/v1/management/menus-and-specials/daily-menus/{dailyMenuId:guid}'
info: Microsoft.AspNetCore.Http.Result.JsonResult[1]
      Setting HTTP status code 401.
info: Microsoft.AspNetCore.Http.Result.JsonResult[3]
      Writing value of type 'MenuApiErrorEnvelopeV1' as Json.
info: Microsoft.AspNetCore.Routing.EndpointMiddleware[1]
      Executed endpoint 'HTTP: GET /api/v1/management/menus-and-specials/daily-menus/{dailyMenuId:guid}'
info: Microsoft.AspNetCore.Hosting.Diagnostics[2]
      Request finished HTTP/1.1 GET https://127.0.0.1:45923/api/v1/management/menus-and-specials/daily-menus/b7fc8d50-8c3e-483d-be01-4b4960fc4256?terminalId=f7146640-6aa7-4360-ab4b-a5a3d15b9c08 - 401 - application/json;+charset=utf-8 0.9232ms
info: Microsoft.AspNetCore.Hosting.Diagnostics[1]
      Request starting HTTP/1.1 POST http://127.0.0.1:45923/api/v1/management/menus-and-specials/daily-menus/7f870141-6050-4f0d-ab9e-606c61d49660/close?terminalId=5f2912a8-4cb3-4c8e-aa7f-cd6136dc1e60 - application/json;+charset=utf-8 2
info: Microsoft.AspNetCore.Routing.EndpointMiddleware[0]
      Executing endpoint 'HTTP: POST /api/v1/management/menus-and-specials/daily-menus/{dailyMenuId:guid}/close'
info: Microsoft.AspNetCore.Http.Result.JsonResult[1]
      Setting HTTP status code 401.
info: Microsoft.AspNetCore.Http.Result.JsonResult[3]
      Writing value of type 'MenuApiErrorEnvelopeV1' as Json.
info: Microsoft.AspNetCore.Routing.EndpointMiddleware[1]
      Executed endpoint 'HTTP: POST /api/v1/management/menus-and-specials/daily-menus/{dailyMenuId:guid}/close'
info: Microsoft.AspNetCore.Hosting.Diagnostics[2]
      Request finished HTTP/1.1 POST https://127.0.0.1:45923/api/v1/management/menus-and-specials/daily-menus/7f870141-6050-4f0d-ab9e-606c61d49660/close?terminalId=5f2912a8-4cb3-4c8e-aa7f-cd6136dc1e60 - 401 - application/json;+charset=utf-8 0.9194ms
info: Microsoft.AspNetCore.Hosting.Diagnostics[1]
      Request starting HTTP/1.1 POST http://127.0.0.1:45923/api/v1/management/menus-and-specials/daily-menus/b1567f40-4041-4241-8e2b-db70f7cdf6af/items?terminalId=25a94598-02b6-4edd-93d4-647822cdb76f - application/json;+charset=utf-8 2
info: Microsoft.AspNetCore.Routing.EndpointMiddleware[0]
      Executing endpoint 'HTTP: POST /api/v1/management/menus-and-specials/daily-menus/{dailyMenuId:guid}/items'
info: Microsoft.AspNetCore.Http.Result.JsonResult[1]
      Setting HTTP status code 401.
info: Microsoft.AspNetCore.Http.Result.JsonResult[3]
      Writing value of type 'MenuApiErrorEnvelopeV1' as Json.
info: Microsoft.AspNetCore.Routing.EndpointMiddleware[1]
      Executed endpoint 'HTTP: POST /api/v1/management/menus-and-specials/daily-menus/{dailyMenuId:guid}/items'
info: Microsoft.AspNetCore.Hosting.Diagnostics[2]
      Request finished HTTP/1.1 POST https://127.0.0.1:45923/api/v1/management/menus-and-specials/daily-menus/b1567f40-4041-4241-8e2b-db70f7cdf6af/items?terminalId=25a94598-02b6-4edd-93d4-647822cdb76f - 401 - application/json;+charset=utf-8 1.0054ms
info: Microsoft.AspNetCore.Hosting.Diagnostics[1]
      Request starting HTTP/1.1 POST http://127.0.0.1:45923/api/v1/management/menus-and-specials/daily-menus/ceefd597-0374-4c09-99b5-333b51c20621/open?terminalId=b94d0007-cc9d-4d96-ad85-44b0290faa1b - application/json;+charset=utf-8 2
info: Microsoft.AspNetCore.Routing.EndpointMiddleware[0]
      Executing endpoint 'HTTP: POST /api/v1/management/menus-and-specials/daily-menus/{dailyMenuId:guid}/open'
info: Microsoft.AspNetCore.Http.Result.JsonResult[1]
      Setting HTTP status code 401.
info: Microsoft.AspNetCore.Http.Result.JsonResult[3]
      Writing value of type 'MenuApiErrorEnvelopeV1' as Json.
info: Microsoft.AspNetCore.Routing.EndpointMiddleware[1]
      Executed endpoint 'HTTP: POST /api/v1/management/menus-and-specials/daily-menus/{dailyMenuId:guid}/open'
info: Microsoft.AspNetCore.Hosting.Diagnostics[2]
      Request finished HTTP/1.1 POST https://127.0.0.1:45923/api/v1/management/menus-and-specials/daily-menus/ceefd597-0374-4c09-99b5-333b51c20621/open?terminalId=b94d0007-cc9d-4d96-ad85-44b0290faa1b - 401 - application/json;+charset=utf-8 0.4577ms
info: Microsoft.AspNetCore.Hosting.Diagnostics[1]
      Request starting HTTP/1.1 GET http://127.0.0.1:45923/api/v1/management/menus-and-specials/menus?terminalId=a267c1ac-ce8b-4067-85d2-fefbaf5ee307 - - -
info: Microsoft.AspNetCore.Routing.EndpointMiddleware[0]
      Executing endpoint 'HTTP: GET /api/v1/management/menus-and-specials/menus'
info: Microsoft.AspNetCore.Http.Result.JsonResult[1]
      Setting HTTP status code 401.
info: Microsoft.AspNetCore.Http.Result.JsonResult[3]
      Writing value of type 'MenuApiErrorEnvelopeV1' as Json.
info: Microsoft.AspNetCore.Routing.EndpointMiddleware[1]
      Executed endpoint 'HTTP: GET /api/v1/management/menus-and-specials/menus'
info: Microsoft.AspNetCore.Hosting.Diagnostics[2]
      Request finished HTTP/1.1 GET https://127.0.0.1:45923/api/v1/management/menus-and-specials/menus?terminalId=a267c1ac-ce8b-4067-85d2-fefbaf5ee307 - 401 - application/json;+charset=utf-8 0.5372ms
info: Microsoft.AspNetCore.Hosting.Diagnostics[1]
      Request starting HTTP/1.1 POST http://127.0.0.1:45923/api/v1/management/menus-and-specials/menus?terminalId=067bf648-7412-4c12-a9c5-532c4dbb2ad9 - application/json;+charset=utf-8 2
info: Microsoft.AspNetCore.Routing.EndpointMiddleware[0]
      Executing endpoint 'HTTP: POST /api/v1/management/menus-and-specials/menus'
info: Microsoft.AspNetCore.Http.Result.JsonResult[1]
      Setting HTTP status code 401.
info: Microsoft.AspNetCore.Http.Result.JsonResult[3]
      Writing value of type 'MenuApiErrorEnvelopeV1' as Json.
info: Microsoft.AspNetCore.Routing.EndpointMiddleware[1]
      Executed endpoint 'HTTP: POST /api/v1/management/menus-and-specials/menus'
info: Microsoft.AspNetCore.Hosting.Diagnostics[2]
      Request finished HTTP/1.1 POST https://127.0.0.1:45923/api/v1/management/menus-and-specials/menus?terminalId=067bf648-7412-4c12-a9c5-532c4dbb2ad9 - 401 - application/json;+charset=utf-8 0.2574ms
info: Microsoft.AspNetCore.Hosting.Diagnostics[1]
      Request starting HTTP/1.1 GET http://127.0.0.1:45923/api/v1/management/menus-and-specials/menus/0ef440a7-4e7b-4dd5-94f5-1dcf63c8a0f8?terminalId=999dac35-ece7-4cb4-95d2-064c584d379b - - -
info: Microsoft.AspNetCore.Routing.EndpointMiddleware[0]
      Executing endpoint 'HTTP: GET /api/v1/management/menus-and-specials/menus/{menuId:guid}'
info: Microsoft.AspNetCore.Http.Result.JsonResult[1]
      Setting HTTP status code 401.
info: Microsoft.AspNetCore.Http.Result.JsonResult[3]
      Writing value of type 'MenuApiErrorEnvelopeV1' as Json.
info: Microsoft.AspNetCore.Routing.EndpointMiddleware[1]
      Executed endpoint 'HTTP: GET /api/v1/management/menus-and-specials/menus/{menuId:guid}'
info: Microsoft.AspNetCore.Hosting.Diagnostics[2]
      Request finished HTTP/1.1 GET https://127.0.0.1:45923/api/v1/management/menus-and-specials/menus/0ef440a7-4e7b-4dd5-94f5-1dcf63c8a0f8?terminalId=999dac35-ece7-4cb4-95d2-064c584d379b - 401 - application/json;+charset=utf-8 0.1943ms
info: Microsoft.AspNetCore.Hosting.Diagnostics[1]
      Request starting HTTP/1.1 PUT http://127.0.0.1:45923/api/v1/management/menus-and-specials/menus/d6ecee88-bd67-4886-9a9b-4fcb394b0330?terminalId=65ccbb89-5110-48c6-985e-e9b8dccd3e36 - application/json;+charset=utf-8 2
info: Microsoft.AspNetCore.Routing.EndpointMiddleware[0]
      Executing endpoint 'HTTP: PUT /api/v1/management/menus-and-specials/menus/{menuId:guid}'
info: Microsoft.AspNetCore.Http.Result.JsonResult[1]
      Setting HTTP status code 401.
info: Microsoft.AspNetCore.Http.Result.JsonResult[3]
      Writing value of type 'MenuApiErrorEnvelopeV1' as Json.
info: Microsoft.AspNetCore.Routing.EndpointMiddleware[1]
      Executed endpoint 'HTTP: PUT /api/v1/management/menus-and-specials/menus/{menuId:guid}'
info: Microsoft.AspNetCore.Hosting.Diagnostics[2]
      Request finished HTTP/1.1 PUT https://127.0.0.1:45923/api/v1/management/menus-and-specials/menus/d6ecee88-bd67-4886-9a9b-4fcb394b0330?terminalId=65ccbb89-5110-48c6-985e-e9b8dccd3e36 - 401 - application/json;+charset=utf-8 0.2647ms
info: Microsoft.AspNetCore.Hosting.Diagnostics[1]
      Request starting HTTP/1.1 POST http://127.0.0.1:45923/api/v1/management/menus-and-specials/menus/2a04e8d8-2d9b-4d3e-8580-3996053d64bb/items?terminalId=fd4783da-34f1-4e79-98d6-28a4de7cc465 - application/json;+charset=utf-8 2
info: Microsoft.AspNetCore.Routing.EndpointMiddleware[0]
      Executing endpoint 'HTTP: POST /api/v1/management/menus-and-specials/menus/{menuId:guid}/items'
info: Microsoft.AspNetCore.Http.Result.JsonResult[1]
      Setting HTTP status code 401.
info: Microsoft.AspNetCore.Http.Result.JsonResult[3]
      Writing value of type 'MenuApiErrorEnvelopeV1' as Json.
info: Microsoft.AspNetCore.Routing.EndpointMiddleware[1]
      Executed endpoint 'HTTP: POST /api/v1/management/menus-and-specials/menus/{menuId:guid}/items'
info: Microsoft.AspNetCore.Hosting.Diagnostics[2]
      Request finished HTTP/1.1 POST https://127.0.0.1:45923/api/v1/management/menus-and-specials/menus/2a04e8d8-2d9b-4d3e-8580-3996053d64bb/items?terminalId=fd4783da-34f1-4e79-98d6-28a4de7cc465 - 401 - application/json;+charset=utf-8 0.3073ms
info: Microsoft.AspNetCore.Hosting.Diagnostics[1]
      Request starting HTTP/1.1 POST http://127.0.0.1:45923/api/v1/management/menus-and-specials/menus/533995e8-d82e-4573-bfd6-dae8251e271e/items/reorder?terminalId=98a0e3ff-e681-443d-89e3-584cfb4fac2f - application/json;+charset=utf-8 2
info: Microsoft.AspNetCore.Routing.EndpointMiddleware[0]
      Executing endpoint 'HTTP: POST /api/v1/management/menus-and-specials/menus/{menuId:guid}/items/reorder'
info: Microsoft.AspNetCore.Http.Result.JsonResult[1]
      Setting HTTP status code 401.
info: Microsoft.AspNetCore.Http.Result.JsonResult[3]
      Writing value of type 'MenuApiErrorEnvelopeV1' as Json.
info: Microsoft.AspNetCore.Routing.EndpointMiddleware[1]
      Executed endpoint 'HTTP: POST /api/v1/management/menus-and-specials/menus/{menuId:guid}/items/reorder'
info: Microsoft.AspNetCore.Hosting.Diagnostics[2]
      Request finished HTTP/1.1 POST https://127.0.0.1:45923/api/v1/management/menus-and-specials/menus/533995e8-d82e-4573-bfd6-dae8251e271e/items/reorder?terminalId=98a0e3ff-e681-443d-89e3-584cfb4fac2f - 401 - application/json;+charset=utf-8 0.2635ms
info: Microsoft.AspNetCore.Hosting.Diagnostics[1]
      Request starting HTTP/1.1 PUT http://127.0.0.1:45923/api/v1/management/menus-and-specials/menus/e019b5c7-43ff-49dd-91cb-9b5b2b04e020/items/9deab196-da0c-4364-a9e3-b1df752cd5d1?terminalId=522bacc0-726f-4919-8f04-18ef0e7340a4 - application/json;+charset=utf-8 2
info: Microsoft.AspNetCore.Routing.EndpointMiddleware[0]
      Executing endpoint 'HTTP: PUT /api/v1/management/menus-and-specials/menus/{menuId:guid}/items/{menuItemId:guid}'
info: Microsoft.AspNetCore.Http.Result.JsonResult[1]
      Setting HTTP status code 401.
info: Microsoft.AspNetCore.Http.Result.JsonResult[3]
      Writing value of type 'MenuApiErrorEnvelopeV1' as Json.
info: Microsoft.AspNetCore.Routing.EndpointMiddleware[1]
      Executed endpoint 'HTTP: PUT /api/v1/management/menus-and-specials/menus/{menuId:guid}/items/{menuItemId:guid}'
info: Microsoft.AspNetCore.Hosting.Diagnostics[2]
      Request finished HTTP/1.1 PUT https://127.0.0.1:45923/api/v1/management/menus-and-specials/menus/e019b5c7-43ff-49dd-91cb-9b5b2b04e020/items/9deab196-da0c-4364-a9e3-b1df752cd5d1?terminalId=522bacc0-726f-4919-8f04-18ef0e7340a4 - 401 - application/json;+charset=utf-8 0.5585ms
info: Microsoft.AspNetCore.Hosting.Diagnostics[1]
      Request starting HTTP/1.1 GET http://127.0.0.1:45923/api/v1/management/observability/alerts/active?terminalId=c315a49b-11e7-45b2-a852-0a22b9d621d5 - - -
info: Microsoft.AspNetCore.Routing.EndpointMiddleware[0]
      Executing endpoint 'HTTP: GET /api/v1/management/observability/alerts/active'
info: Microsoft.AspNetCore.Http.Result.JsonResult[1]
      Setting HTTP status code 401.
info: Microsoft.AspNetCore.Http.Result.JsonResult[3]
      Writing value of type 'ObservabilityApiErrorEnvelopeV1' as Json.
info: Microsoft.AspNetCore.Routing.EndpointMiddleware[1]
      Executed endpoint 'HTTP: GET /api/v1/management/observability/alerts/active'
info: Microsoft.AspNetCore.Hosting.Diagnostics[2]
      Request finished HTTP/1.1 GET https://127.0.0.1:45923/api/v1/management/observability/alerts/active?terminalId=c315a49b-11e7-45b2-a852-0a22b9d621d5 - 401 - application/json;+charset=utf-8 0.5057ms
info: Microsoft.AspNetCore.Hosting.Diagnostics[1]
      Request starting HTTP/1.1 GET http://127.0.0.1:45923/api/v1/management/observability/alerts/by-source?terminalId=5f22430c-0eb2-407b-b29a-67380c5ed35a - - -
info: Microsoft.AspNetCore.Routing.EndpointMiddleware[0]
      Executing endpoint 'HTTP: GET /api/v1/management/observability/alerts/by-source'
info: Microsoft.AspNetCore.Http.Result.JsonResult[1]
      Setting HTTP status code 401.
info: Microsoft.AspNetCore.Http.Result.JsonResult[3]
      Writing value of type 'ObservabilityApiErrorEnvelopeV1' as Json.
info: Microsoft.AspNetCore.Routing.EndpointMiddleware[1]
      Executed endpoint 'HTTP: GET /api/v1/management/observability/alerts/by-source'
info: Microsoft.AspNetCore.Hosting.Diagnostics[2]
      Request finished HTTP/1.1 GET https://127.0.0.1:45923/api/v1/management/observability/alerts/by-source?terminalId=5f22430c-0eb2-407b-b29a-67380c5ed35a - 401 - application/json;+charset=utf-8 0.2854ms
info: Microsoft.AspNetCore.Hosting.Diagnostics[1]
      Request starting HTTP/1.1 POST http://127.0.0.1:45923/api/v1/management/observability/alerts/raise?terminalId=2e75ce38-1dec-4389-ae37-200f05367409 - application/json;+charset=utf-8 2
info: Microsoft.AspNetCore.Routing.EndpointMiddleware[0]
      Executing endpoint 'HTTP: POST /api/v1/management/observability/alerts/raise'
info: Microsoft.AspNetCore.Http.Result.JsonResult[1]
      Setting HTTP status code 401.
info: Microsoft.AspNetCore.Http.Result.JsonResult[3]
      Writing value of type 'ObservabilityApiErrorEnvelopeV1' as Json.
info: Microsoft.AspNetCore.Routing.EndpointMiddleware[1]
      Executed endpoint 'HTTP: POST /api/v1/management/observability/alerts/raise'
info: Microsoft.AspNetCore.Hosting.Diagnostics[2]
      Request finished HTTP/1.1 POST https://127.0.0.1:45923/api/v1/management/observability/alerts/raise?terminalId=2e75ce38-1dec-4389-ae37-200f05367409 - 401 - application/json;+charset=utf-8 0.3138ms
info: Microsoft.AspNetCore.Hosting.Diagnostics[1]
      Request starting HTTP/1.1 GET http://127.0.0.1:45923/api/v1/management/observability/alerts/70c9e228-e49c-49bb-a79d-6de5b0b3bb16?terminalId=7fe7d097-37e0-429a-9eca-ceeac6c11fde - - -
info: Microsoft.AspNetCore.Routing.EndpointMiddleware[0]
      Executing endpoint 'HTTP: GET /api/v1/management/observability/alerts/{alertId:guid}'
info: Microsoft.AspNetCore.Http.Result.JsonResult[1]
      Setting HTTP status code 401.
info: Microsoft.AspNetCore.Http.Result.JsonResult[3]
      Writing value of type 'ObservabilityApiErrorEnvelopeV1' as Json.
info: Microsoft.AspNetCore.Routing.EndpointMiddleware[1]
      Executed endpoint 'HTTP: GET /api/v1/management/observability/alerts/{alertId:guid}'
info: Microsoft.AspNetCore.Hosting.Diagnostics[2]
      Request finished HTTP/1.1 GET https://127.0.0.1:45923/api/v1/management/observability/alerts/70c9e228-e49c-49bb-a79d-6de5b0b3bb16?terminalId=7fe7d097-37e0-429a-9eca-ceeac6c11fde - 401 - application/json;+charset=utf-8 0.2099ms
info: Microsoft.AspNetCore.Hosting.Diagnostics[1]
      Request starting HTTP/1.1 POST http://127.0.0.1:45923/api/v1/management/observability/alerts/9b9cb923-542e-4c48-9388-68903cf9518a/acknowledge?terminalId=2333c760-ca35-403f-95a0-9da1c37604b2 - application/json;+charset=utf-8 2
info: Microsoft.AspNetCore.Routing.EndpointMiddleware[0]
      Executing endpoint 'HTTP: POST /api/v1/management/observability/alerts/{alertId:guid}/acknowledge'
info: Microsoft.AspNetCore.Http.Result.JsonResult[1]
      Setting HTTP status code 401.
info: Microsoft.AspNetCore.Http.Result.JsonResult[3]
      Writing value of type 'ObservabilityApiErrorEnvelopeV1' as Json.
info: Microsoft.AspNetCore.Routing.EndpointMiddleware[1]
      Executed endpoint 'HTTP: POST /api/v1/management/observability/alerts/{alertId:guid}/acknowledge'
info: Microsoft.AspNetCore.Hosting.Diagnostics[2]
      Request finished HTTP/1.1 POST https://127.0.0.1:45923/api/v1/management/observability/alerts/9b9cb923-542e-4c48-9388-68903cf9518a/acknowledge?terminalId=2333c760-ca35-403f-95a0-9da1c37604b2 - 401 - application/json;+charset=utf-8 1.4933ms
info: Microsoft.AspNetCore.Hosting.Diagnostics[1]
      Request starting HTTP/1.1 POST http://127.0.0.1:45923/api/v1/management/observability/alerts/3c798b88-fe13-463c-b650-951017ab711d/escalate?terminalId=1248ac67-2bff-45b1-8802-0bafef79b88d - application/json;+charset=utf-8 2
info: Microsoft.AspNetCore.Routing.EndpointMiddleware[0]
      Executing endpoint 'HTTP: POST /api/v1/management/observability/alerts/{alertId:guid}/escalate'
info: Microsoft.AspNetCore.Http.Result.JsonResult[1]
      Setting HTTP status code 401.
info: Microsoft.AspNetCore.Http.Result.JsonResult[3]
      Writing value of type 'ObservabilityApiErrorEnvelopeV1' as Json.
info: Microsoft.AspNetCore.Routing.EndpointMiddleware[1]
      Executed endpoint 'HTTP: POST /api/v1/management/observability/alerts/{alertId:guid}/escalate'
info: Microsoft.AspNetCore.Hosting.Diagnostics[2]
      Request finished HTTP/1.1 POST https://127.0.0.1:45923/api/v1/management/observability/alerts/3c798b88-fe13-463c-b650-951017ab711d/escalate?terminalId=1248ac67-2bff-45b1-8802-0bafef79b88d - 401 - application/json;+charset=utf-8 0.4415ms
info: Microsoft.AspNetCore.Hosting.Diagnostics[1]
      Request starting HTTP/1.1 GET http://127.0.0.1:45923/api/v1/management/observability/alerts/c2808e99-207e-420b-9d84-6759045e2220/events?terminalId=d16abfc1-40af-4c70-96a1-6a1a60ab3aff - - -
info: Microsoft.AspNetCore.Routing.EndpointMiddleware[0]
      Executing endpoint 'HTTP: GET /api/v1/management/observability/alerts/{alertId:guid}/events'
info: Microsoft.AspNetCore.Http.Result.JsonResult[1]
      Setting HTTP status code 401.
info: Microsoft.AspNetCore.Http.Result.JsonResult[3]
      Writing value of type 'ObservabilityApiErrorEnvelopeV1' as Json.
info: Microsoft.AspNetCore.Routing.EndpointMiddleware[1]
      Executed endpoint 'HTTP: GET /api/v1/management/observability/alerts/{alertId:guid}/events'
info: Microsoft.AspNetCore.Hosting.Diagnostics[2]
      Request finished HTTP/1.1 GET https://127.0.0.1:45923/api/v1/management/observability/alerts/c2808e99-207e-420b-9d84-6759045e2220/events?terminalId=d16abfc1-40af-4c70-96a1-6a1a60ab3aff - 401 - application/json;+charset=utf-8 0.2831ms
info: Microsoft.AspNetCore.Hosting.Diagnostics[1]
      Request starting HTTP/1.1 POST http://127.0.0.1:45923/api/v1/management/observability/alerts/0886b35b-c46d-451e-b206-1ae206227a7e/resolve?terminalId=f9e32a31-823d-4941-92fe-3abef688a262 - application/json;+charset=utf-8 2
info: Microsoft.AspNetCore.Routing.EndpointMiddleware[0]
      Executing endpoint 'HTTP: POST /api/v1/management/observability/alerts/{alertId:guid}/resolve'
info: Microsoft.AspNetCore.Http.Result.JsonResult[1]
      Setting HTTP status code 401.
info: Microsoft.AspNetCore.Http.Result.JsonResult[3]
      Writing value of type 'ObservabilityApiErrorEnvelopeV1' as Json.
info: Microsoft.AspNetCore.Routing.EndpointMiddleware[1]
      Executed endpoint 'HTTP: POST /api/v1/management/observability/alerts/{alertId:guid}/resolve'
info: Microsoft.AspNetCore.Hosting.Diagnostics[2]
      Request finished HTTP/1.1 POST https://127.0.0.1:45923/api/v1/management/observability/alerts/0886b35b-c46d-451e-b206-1ae206227a7e/resolve?terminalId=f9e32a31-823d-4941-92fe-3abef688a262 - 401 - application/json;+charset=utf-8 0.5359ms
info: Microsoft.AspNetCore.Hosting.Diagnostics[1]
      Request starting HTTP/1.1 POST http://127.0.0.1:45923/api/v1/management/observability/alerts/4532717f-aea8-4e47-b774-8e7019cf263d/suppress?terminalId=74382dc6-1c92-437c-88a9-086b1d0e17e8 - application/json;+charset=utf-8 2
info: Microsoft.AspNetCore.Routing.EndpointMiddleware[0]
      Executing endpoint 'HTTP: POST /api/v1/management/observability/alerts/{alertId:guid}/suppress'
info: Microsoft.AspNetCore.Http.Result.JsonResult[1]
      Setting HTTP status code 401.
info: Microsoft.AspNetCore.Http.Result.JsonResult[3]
      Writing value of type 'ObservabilityApiErrorEnvelopeV1' as Json.
info: Microsoft.AspNetCore.Routing.EndpointMiddleware[1]
      Executed endpoint 'HTTP: POST /api/v1/management/observability/alerts/{alertId:guid}/suppress'
info: Microsoft.AspNetCore.Hosting.Diagnostics[2]
      Request finished HTTP/1.1 POST https://127.0.0.1:45923/api/v1/management/observability/alerts/4532717f-aea8-4e47-b774-8e7019cf263d/suppress?terminalId=74382dc6-1c92-437c-88a9-086b1d0e17e8 - 401 - application/json;+charset=utf-8 0.6160ms
info: Microsoft.AspNetCore.Hosting.Diagnostics[1]
      Request starting HTTP/1.1 POST http://127.0.0.1:45923/api/v1/management/observability/health-checks?terminalId=a9ac8e10-9771-4ada-b3a7-7b2802b10c96 - application/json;+charset=utf-8 2
info: Microsoft.AspNetCore.Routing.EndpointMiddleware[0]
      Executing endpoint 'HTTP: POST /api/v1/management/observability/health-checks'
info: Microsoft.AspNetCore.Http.Result.JsonResult[1]
      Setting HTTP status code 401.
info: Microsoft.AspNetCore.Http.Result.JsonResult[3]
      Writing value of type 'ObservabilityApiErrorEnvelopeV1' as Json.
info: Microsoft.AspNetCore.Routing.EndpointMiddleware[1]
      Executed endpoint 'HTTP: POST /api/v1/management/observability/health-checks'
info: Microsoft.AspNetCore.Hosting.Diagnostics[2]
      Request finished HTTP/1.1 POST https://127.0.0.1:45923/api/v1/management/observability/health-checks?terminalId=a9ac8e10-9771-4ada-b3a7-7b2802b10c96 - 401 - application/json;+charset=utf-8 1.2226ms
info: Microsoft.AspNetCore.Hosting.Diagnostics[1]
      Request starting HTTP/1.1 GET http://127.0.0.1:45923/api/v1/management/observability/health-checks/by-target?terminalId=d9436acf-dd6b-4051-9170-e61bb04a8a98 - - -
info: Microsoft.AspNetCore.Routing.EndpointMiddleware[0]
      Executing endpoint 'HTTP: GET /api/v1/management/observability/health-checks/by-target'
info: Microsoft.AspNetCore.Http.Result.JsonResult[1]
      Setting HTTP status code 401.
info: Microsoft.AspNetCore.Http.Result.JsonResult[3]
      Writing value of type 'ObservabilityApiErrorEnvelopeV1' as Json.
info: Microsoft.AspNetCore.Routing.EndpointMiddleware[1]
      Executed endpoint 'HTTP: GET /api/v1/management/observability/health-checks/by-target'
info: Microsoft.AspNetCore.Hosting.Diagnostics[2]
      Request finished HTTP/1.1 GET https://127.0.0.1:45923/api/v1/management/observability/health-checks/by-target?terminalId=d9436acf-dd6b-4051-9170-e61bb04a8a98 - 401 - application/json;+charset=utf-8 0.4095ms
info: Microsoft.AspNetCore.Hosting.Diagnostics[1]
      Request starting HTTP/1.1 GET http://127.0.0.1:45923/api/v1/management/observability/health-checks/unhealthy?terminalId=76943844-d9f1-45a8-a249-9a5086012221 - - -
info: Microsoft.AspNetCore.Routing.EndpointMiddleware[0]
      Executing endpoint 'HTTP: GET /api/v1/management/observability/health-checks/unhealthy'
info: Microsoft.AspNetCore.Http.Result.JsonResult[1]
      Setting HTTP status code 401.
info: Microsoft.AspNetCore.Http.Result.JsonResult[3]
      Writing value of type 'ObservabilityApiErrorEnvelopeV1' as Json.
info: Microsoft.AspNetCore.Routing.EndpointMiddleware[1]
      Executed endpoint 'HTTP: GET /api/v1/management/observability/health-checks/unhealthy'
info: Microsoft.AspNetCore.Hosting.Diagnostics[2]
      Request finished HTTP/1.1 GET https://127.0.0.1:45923/api/v1/management/observability/health-checks/unhealthy?terminalId=76943844-d9f1-45a8-a249-9a5086012221 - 401 - application/json;+charset=utf-8 0.9841ms
info: Microsoft.AspNetCore.Hosting.Diagnostics[1]
      Request starting HTTP/1.1 GET http://127.0.0.1:45923/api/v1/management/observability/health-checks/4e6641ed-22d2-487f-ba5f-ca0819427824?terminalId=2ef03ba4-5794-49c6-9654-57b8ba805748 - - -
info: Microsoft.AspNetCore.Routing.EndpointMiddleware[0]
      Executing endpoint 'HTTP: GET /api/v1/management/observability/health-checks/{healthCheckId:guid}'
info: Microsoft.AspNetCore.Http.Result.JsonResult[1]
      Setting HTTP status code 401.
info: Microsoft.AspNetCore.Http.Result.JsonResult[3]
      Writing value of type 'ObservabilityApiErrorEnvelopeV1' as Json.
info: Microsoft.AspNetCore.Routing.EndpointMiddleware[1]
      Executed endpoint 'HTTP: GET /api/v1/management/observability/health-checks/{healthCheckId:guid}'
info: Microsoft.AspNetCore.Hosting.Diagnostics[2]
      Request finished HTTP/1.1 GET https://127.0.0.1:45923/api/v1/management/observability/health-checks/4e6641ed-22d2-487f-ba5f-ca0819427824?terminalId=2ef03ba4-5794-49c6-9654-57b8ba805748 - 401 - application/json;+charset=utf-8 0.2246ms
info: Microsoft.AspNetCore.Hosting.Diagnostics[1]
      Request starting HTTP/1.1 GET http://127.0.0.1:45923/api/v1/management/payments/manual-confirmations?terminalId=7cf68b96-6f22-44b9-bdb6-780cf3897ee9 - - -
info: Microsoft.AspNetCore.Routing.EndpointMiddleware[0]
      Executing endpoint 'HTTP: GET /api/v1/management/payments/manual-confirmations'
info: Microsoft.AspNetCore.Http.Result.JsonResult[1]
      Setting HTTP status code 401.
info: Microsoft.AspNetCore.Http.Result.JsonResult[3]
      Writing value of type 'ReconciliationCaseApiErrorEnvelopeV1' as Json.
info: Microsoft.AspNetCore.Routing.EndpointMiddleware[1]
      Executed endpoint 'HTTP: GET /api/v1/management/payments/manual-confirmations'
info: Microsoft.AspNetCore.Hosting.Diagnostics[2]
      Request finished HTTP/1.1 GET https://127.0.0.1:45923/api/v1/management/payments/manual-confirmations?terminalId=7cf68b96-6f22-44b9-bdb6-780cf3897ee9 - 401 - application/json;+charset=utf-8 1.5710ms
info: Microsoft.AspNetCore.Hosting.Diagnostics[1]
      Request starting HTTP/1.1 POST http://127.0.0.1:45923/api/v1/management/payments/reconciliation-scan?terminalId=1748f91c-7431-450e-b041-05f3923663d9 - application/json;+charset=utf-8 2
info: Microsoft.AspNetCore.Routing.EndpointMiddleware[0]
      Executing endpoint 'HTTP: POST /api/v1/management/payments/reconciliation-scan'
info: Microsoft.AspNetCore.Http.Result.JsonResult[1]
      Setting HTTP status code 401.
info: Microsoft.AspNetCore.Http.Result.JsonResult[3]
      Writing value of type 'ReconciliationCaseApiErrorEnvelopeV1' as Json.
info: Microsoft.AspNetCore.Routing.EndpointMiddleware[1]
      Executed endpoint 'HTTP: POST /api/v1/management/payments/reconciliation-scan'
info: Microsoft.AspNetCore.Hosting.Diagnostics[2]
      Request finished HTTP/1.1 POST https://127.0.0.1:45923/api/v1/management/payments/reconciliation-scan?terminalId=1748f91c-7431-450e-b041-05f3923663d9 - 401 - application/json;+charset=utf-8 0.6286ms
info: Microsoft.AspNetCore.Hosting.Diagnostics[1]
      Request starting HTTP/1.1 GET http://127.0.0.1:45923/api/v1/management/payments/settlement-report?terminalId=105f716a-e747-4be9-813a-eddf26d14e8d - - -
info: Microsoft.AspNetCore.Routing.EndpointMiddleware[0]
      Executing endpoint 'HTTP: GET /api/v1/management/payments/settlement-report'
info: Microsoft.AspNetCore.Http.Result.JsonResult[1]
      Setting HTTP status code 401.
info: Microsoft.AspNetCore.Http.Result.JsonResult[3]
      Writing value of type 'ReconciliationCaseApiErrorEnvelopeV1' as Json.
info: Microsoft.AspNetCore.Routing.EndpointMiddleware[1]
      Executed endpoint 'HTTP: GET /api/v1/management/payments/settlement-report'
info: Microsoft.AspNetCore.Hosting.Diagnostics[2]
      Request finished HTTP/1.1 GET https://127.0.0.1:45923/api/v1/management/payments/settlement-report?terminalId=105f716a-e747-4be9-813a-eddf26d14e8d - 401 - application/json;+charset=utf-8 0.5583ms
info: Microsoft.AspNetCore.Hosting.Diagnostics[1]
      Request starting HTTP/1.1 GET http://127.0.0.1:45923/api/v1/management/production/batches?terminalId=20e01585-5cb8-46a9-8a81-d7c6155dbca1 - - -
info: Microsoft.AspNetCore.Routing.EndpointMiddleware[0]
      Executing endpoint 'HTTP: GET /api/v1/management/production/batches'
info: Microsoft.AspNetCore.Http.Result.JsonResult[1]
      Setting HTTP status code 401.
info: Microsoft.AspNetCore.Http.Result.JsonResult[3]
      Writing value of type 'ProductionApiErrorEnvelopeV1' as Json.
info: Microsoft.AspNetCore.Routing.EndpointMiddleware[1]
      Executed endpoint 'HTTP: GET /api/v1/management/production/batches'
info: Microsoft.AspNetCore.Hosting.Diagnostics[2]
      Request finished HTTP/1.1 GET https://127.0.0.1:45923/api/v1/management/production/batches?terminalId=20e01585-5cb8-46a9-8a81-d7c6155dbca1 - 401 - application/json;+charset=utf-8 0.3934ms
info: Microsoft.AspNetCore.Hosting.Diagnostics[1]
      Request starting HTTP/1.1 POST http://127.0.0.1:45923/api/v1/management/production/batches?terminalId=77d77a27-09a1-4aa4-92e3-bc41299d6f82 - application/json;+charset=utf-8 2
info: Microsoft.AspNetCore.Routing.EndpointMiddleware[0]
      Executing endpoint 'HTTP: POST /api/v1/management/production/batches'
info: Microsoft.AspNetCore.Http.Result.JsonResult[1]
      Setting HTTP status code 401.
info: Microsoft.AspNetCore.Http.Result.JsonResult[3]
      Writing value of type 'ProductionApiErrorEnvelopeV1' as Json.
info: Microsoft.AspNetCore.Routing.EndpointMiddleware[1]
      Executed endpoint 'HTTP: POST /api/v1/management/production/batches'
info: Microsoft.AspNetCore.Hosting.Diagnostics[2]
      Request finished HTTP/1.1 POST https://127.0.0.1:45923/api/v1/management/production/batches?terminalId=77d77a27-09a1-4aa4-92e3-bc41299d6f82 - 401 - application/json;+charset=utf-8 0.5090ms
info: Microsoft.AspNetCore.Hosting.Diagnostics[1]
      Request starting HTTP/1.1 GET http://127.0.0.1:45923/api/v1/management/production/batches/by-number/probe?terminalId=b089eb07-b3b3-4324-94d3-a43eb28e8df9 - - -
info: Microsoft.AspNetCore.Routing.EndpointMiddleware[0]
      Executing endpoint 'HTTP: GET /api/v1/management/production/batches/by-number/{batchNumber}'
info: Microsoft.AspNetCore.Http.Result.JsonResult[1]
      Setting HTTP status code 401.
info: Microsoft.AspNetCore.Http.Result.JsonResult[3]
      Writing value of type 'ProductionApiErrorEnvelopeV1' as Json.
info: Microsoft.AspNetCore.Routing.EndpointMiddleware[1]
      Executed endpoint 'HTTP: GET /api/v1/management/production/batches/by-number/{batchNumber}'
info: Microsoft.AspNetCore.Hosting.Diagnostics[2]
      Request finished HTTP/1.1 GET https://127.0.0.1:45923/api/v1/management/production/batches/by-number/probe?terminalId=b089eb07-b3b3-4324-94d3-a43eb28e8df9 - 401 - application/json;+charset=utf-8 0.3270ms
info: Microsoft.AspNetCore.Hosting.Diagnostics[1]
      Request starting HTTP/1.1 GET http://127.0.0.1:45923/api/v1/management/production/batches/eab879f6-072c-4114-b797-04c179447f6e?terminalId=4e435be1-cff9-4e35-a16f-3bfcbad9a072 - - -
info: Microsoft.AspNetCore.Routing.EndpointMiddleware[0]
      Executing endpoint 'HTTP: GET /api/v1/management/production/batches/{batchId:guid}'
info: Microsoft.AspNetCore.Http.Result.JsonResult[1]
      Setting HTTP status code 401.
info: Microsoft.AspNetCore.Http.Result.JsonResult[3]
      Writing value of type 'ProductionApiErrorEnvelopeV1' as Json.
info: Microsoft.AspNetCore.Routing.EndpointMiddleware[1]
      Executed endpoint 'HTTP: GET /api/v1/management/production/batches/{batchId:guid}'
info: Microsoft.AspNetCore.Hosting.Diagnostics[2]
      Request finished HTTP/1.1 GET https://127.0.0.1:45923/api/v1/management/production/batches/eab879f6-072c-4114-b797-04c179447f6e?terminalId=4e435be1-cff9-4e35-a16f-3bfcbad9a072 - 401 - application/json;+charset=utf-8 0.2173ms
info: Microsoft.AspNetCore.Hosting.Diagnostics[1]
      Request starting HTTP/1.1 POST http://127.0.0.1:45923/api/v1/management/production/batches/5fa9404f-224f-48fe-95e8-147c5d8deb78/cancel?terminalId=0b08658a-affc-42a8-8d69-726c718ccc4c - application/json;+charset=utf-8 2
info: Microsoft.AspNetCore.Routing.EndpointMiddleware[0]
      Executing endpoint 'HTTP: POST /api/v1/management/production/batches/{batchId:guid}/cancel'
info: Microsoft.AspNetCore.Http.Result.JsonResult[1]
      Setting HTTP status code 401.
info: Microsoft.AspNetCore.Http.Result.JsonResult[3]
      Writing value of type 'ProductionApiErrorEnvelopeV1' as Json.
info: Microsoft.AspNetCore.Routing.EndpointMiddleware[1]
      Executed endpoint 'HTTP: POST /api/v1/management/production/batches/{batchId:guid}/cancel'
info: Microsoft.AspNetCore.Hosting.Diagnostics[2]
      Request finished HTTP/1.1 POST https://127.0.0.1:45923/api/v1/management/production/batches/5fa9404f-224f-48fe-95e8-147c5d8deb78/cancel?terminalId=0b08658a-affc-42a8-8d69-726c718ccc4c - 401 - application/json;+charset=utf-8 0.2980ms
info: Microsoft.AspNetCore.Hosting.Diagnostics[1]
      Request starting HTTP/1.1 POST http://127.0.0.1:45923/api/v1/management/production/batches/09c412ff-77d1-40b1-abd4-cbfe04a6c25e/complete?terminalId=746255b7-e665-4bfb-adbf-090327b56afa - application/json;+charset=utf-8 2
info: Microsoft.AspNetCore.Routing.EndpointMiddleware[0]
      Executing endpoint 'HTTP: POST /api/v1/management/production/batches/{batchId:guid}/complete'
info: Microsoft.AspNetCore.Http.Result.JsonResult[1]
      Setting HTTP status code 401.
info: Microsoft.AspNetCore.Http.Result.JsonResult[3]
      Writing value of type 'ProductionApiErrorEnvelopeV1' as Json.
info: Microsoft.AspNetCore.Routing.EndpointMiddleware[1]
      Executed endpoint 'HTTP: POST /api/v1/management/production/batches/{batchId:guid}/complete'
info: Microsoft.AspNetCore.Hosting.Diagnostics[2]
      Request finished HTTP/1.1 POST https://127.0.0.1:45923/api/v1/management/production/batches/09c412ff-77d1-40b1-abd4-cbfe04a6c25e/complete?terminalId=746255b7-e665-4bfb-adbf-090327b56afa - 401 - application/json;+charset=utf-8 0.5933ms
info: Microsoft.AspNetCore.Hosting.Diagnostics[1]
      Request starting HTTP/1.1 GET http://127.0.0.1:45923/api/v1/management/production/batches/8073e4c4-26a0-4d9d-acf5-3388a626521d/consumptions?terminalId=5aaafb13-5494-428e-9ecc-a4fbfa345b98 - - -
info: Microsoft.AspNetCore.Routing.EndpointMiddleware[0]
      Executing endpoint 'HTTP: GET /api/v1/management/production/batches/{batchId:guid}/consumptions'
info: Microsoft.AspNetCore.Http.Result.JsonResult[1]
      Setting HTTP status code 401.
info: Microsoft.AspNetCore.Http.Result.JsonResult[3]
      Writing value of type 'ProductionApiErrorEnvelopeV1' as Json.
info: Microsoft.AspNetCore.Routing.EndpointMiddleware[1]
      Executed endpoint 'HTTP: GET /api/v1/management/production/batches/{batchId:guid}/consumptions'
info: Microsoft.AspNetCore.Hosting.Diagnostics[2]
      Request finished HTTP/1.1 GET https://127.0.0.1:45923/api/v1/management/production/batches/8073e4c4-26a0-4d9d-acf5-3388a626521d/consumptions?terminalId=5aaafb13-5494-428e-9ecc-a4fbfa345b98 - 401 - application/json;+charset=utf-8 0.6468ms
info: Microsoft.AspNetCore.Hosting.Diagnostics[1]
      Request starting HTTP/1.1 GET http://127.0.0.1:45923/api/v1/management/production/batches/6101b69b-3fa5-40b7-a627-191b5d0a9ddb/outputs?terminalId=4dea07f8-8b12-443e-93da-45ea5860772f - - -
info: Microsoft.AspNetCore.Routing.EndpointMiddleware[0]
      Executing endpoint 'HTTP: GET /api/v1/management/production/batches/{batchId:guid}/outputs'
info: Microsoft.AspNetCore.Http.Result.JsonResult[1]
      Setting HTTP status code 401.
info: Microsoft.AspNetCore.Http.Result.JsonResult[3]
      Writing value of type 'ProductionApiErrorEnvelopeV1' as Json.
info: Microsoft.AspNetCore.Routing.EndpointMiddleware[1]
      Executed endpoint 'HTTP: GET /api/v1/management/production/batches/{batchId:guid}/outputs'
info: Microsoft.AspNetCore.Hosting.Diagnostics[2]
      Request finished HTTP/1.1 GET https://127.0.0.1:45923/api/v1/management/production/batches/6101b69b-3fa5-40b7-a627-191b5d0a9ddb/outputs?terminalId=4dea07f8-8b12-443e-93da-45ea5860772f - 401 - application/json;+charset=utf-8 0.2829ms
info: Microsoft.AspNetCore.Hosting.Diagnostics[1]
      Request starting HTTP/1.1 PUT http://127.0.0.1:45923/api/v1/management/production/batches/3f0ccb1a-b127-4bcb-87a1-51ec3a10e968/recipe-version?terminalId=b7c8cd09-a361-4e25-8097-fe8d342d700f - application/json;+charset=utf-8 2
info: Microsoft.AspNetCore.Routing.EndpointMiddleware[0]
      Executing endpoint 'HTTP: PUT /api/v1/management/production/batches/{batchId:guid}/recipe-version'
info: Microsoft.AspNetCore.Http.Result.JsonResult[1]
      Setting HTTP status code 401.
info: Microsoft.AspNetCore.Http.Result.JsonResult[3]
      Writing value of type 'ProductionApiErrorEnvelopeV1' as Json.
info: Microsoft.AspNetCore.Routing.EndpointMiddleware[1]
      Executed endpoint 'HTTP: PUT /api/v1/management/production/batches/{batchId:guid}/recipe-version'
info: Microsoft.AspNetCore.Hosting.Diagnostics[2]
      Request finished HTTP/1.1 PUT https://127.0.0.1:45923/api/v1/management/production/batches/3f0ccb1a-b127-4bcb-87a1-51ec3a10e968/recipe-version?terminalId=b7c8cd09-a361-4e25-8097-fe8d342d700f - 401 - application/json;+charset=utf-8 0.2803ms
info: Microsoft.AspNetCore.Hosting.Diagnostics[1]
      Request starting HTTP/1.1 POST http://127.0.0.1:45923/api/v1/management/production/batches/770433a3-b034-4080-90e3-1e6b45e6f59d/start?terminalId=5ec9b2be-2fce-4e74-bfdf-d96147b323d0 - application/json;+charset=utf-8 2
info: Microsoft.AspNetCore.Routing.EndpointMiddleware[0]
      Executing endpoint 'HTTP: POST /api/v1/management/production/batches/{batchId:guid}/start'
info: Microsoft.AspNetCore.Http.Result.JsonResult[1]
      Setting HTTP status code 401.
info: Microsoft.AspNetCore.Http.Result.JsonResult[3]
      Writing value of type 'ProductionApiErrorEnvelopeV1' as Json.
info: Microsoft.AspNetCore.Routing.EndpointMiddleware[1]
      Executed endpoint 'HTTP: POST /api/v1/management/production/batches/{batchId:guid}/start'
info: Microsoft.AspNetCore.Hosting.Diagnostics[2]
      Request finished HTTP/1.1 POST https://127.0.0.1:45923/api/v1/management/production/batches/770433a3-b034-4080-90e3-1e6b45e6f59d/start?terminalId=5ec9b2be-2fce-4e74-bfdf-d96147b323d0 - 401 - application/json;+charset=utf-8 0.3003ms
info: Microsoft.AspNetCore.Hosting.Diagnostics[1]
      Request starting HTTP/1.1 GET http://127.0.0.1:45923/api/v1/management/purchasing/purchase-orders?terminalId=aac179a4-ce38-473d-9798-d79d50d65069 - - -
info: Microsoft.AspNetCore.Routing.EndpointMiddleware[0]
      Executing endpoint 'HTTP: GET /api/v1/management/purchasing/purchase-orders'
info: Microsoft.AspNetCore.Http.Result.JsonResult[1]
      Setting HTTP status code 401.
info: Microsoft.AspNetCore.Http.Result.JsonResult[3]
      Writing value of type 'PurchasingApiErrorEnvelopeV1' as Json.
info: Microsoft.AspNetCore.Routing.EndpointMiddleware[1]
      Executed endpoint 'HTTP: GET /api/v1/management/purchasing/purchase-orders'
info: Microsoft.AspNetCore.Hosting.Diagnostics[2]
      Request finished HTTP/1.1 GET https://127.0.0.1:45923/api/v1/management/purchasing/purchase-orders?terminalId=aac179a4-ce38-473d-9798-d79d50d65069 - 401 - application/json;+charset=utf-8 0.8528ms
info: Microsoft.AspNetCore.Hosting.Diagnostics[1]
      Request starting HTTP/1.1 POST http://127.0.0.1:45923/api/v1/management/purchasing/purchase-orders?terminalId=132137d5-8e59-4443-81df-833acddf7d95 - application/json;+charset=utf-8 2
info: Microsoft.AspNetCore.Routing.EndpointMiddleware[0]
      Executing endpoint 'HTTP: POST /api/v1/management/purchasing/purchase-orders'
info: Microsoft.AspNetCore.Http.Result.JsonResult[1]
      Setting HTTP status code 401.
info: Microsoft.AspNetCore.Http.Result.JsonResult[3]
      Writing value of type 'PurchasingApiErrorEnvelopeV1' as Json.
info: Microsoft.AspNetCore.Routing.EndpointMiddleware[1]
      Executed endpoint 'HTTP: POST /api/v1/management/purchasing/purchase-orders'
info: Microsoft.AspNetCore.Hosting.Diagnostics[2]
      Request finished HTTP/1.1 POST https://127.0.0.1:45923/api/v1/management/purchasing/purchase-orders?terminalId=132137d5-8e59-4443-81df-833acddf7d95 - 401 - application/json;+charset=utf-8 0.2705ms
info: Microsoft.AspNetCore.Hosting.Diagnostics[1]
      Request starting HTTP/1.1 GET http://127.0.0.1:45923/api/v1/management/purchasing/purchase-orders/aac9fc1c-e54e-4e35-b44d-3cfd6b6acaac?terminalId=8283ee0f-1bce-4bed-8a10-3e9257511bea - - -
info: Microsoft.AspNetCore.Routing.EndpointMiddleware[0]
      Executing endpoint 'HTTP: GET /api/v1/management/purchasing/purchase-orders/{orderId:guid}'
info: Microsoft.AspNetCore.Http.Result.JsonResult[1]
      Setting HTTP status code 401.
info: Microsoft.AspNetCore.Http.Result.JsonResult[3]
      Writing value of type 'PurchasingApiErrorEnvelopeV1' as Json.
info: Microsoft.AspNetCore.Routing.EndpointMiddleware[1]
      Executed endpoint 'HTTP: GET /api/v1/management/purchasing/purchase-orders/{orderId:guid}'
info: Microsoft.AspNetCore.Hosting.Diagnostics[2]
      Request finished HTTP/1.1 GET https://127.0.0.1:45923/api/v1/management/purchasing/purchase-orders/aac9fc1c-e54e-4e35-b44d-3cfd6b6acaac?terminalId=8283ee0f-1bce-4bed-8a10-3e9257511bea - 401 - application/json;+charset=utf-8 0.2715ms
info: Microsoft.AspNetCore.Hosting.Diagnostics[1]
      Request starting HTTP/1.1 POST http://127.0.0.1:45923/api/v1/management/purchasing/purchase-orders/185e29d4-f3ab-4bae-9bd5-d1308df85956/cancel?terminalId=85ee052a-9b34-40f0-ae7c-4bef953829b1 - application/json;+charset=utf-8 2
info: Microsoft.AspNetCore.Routing.EndpointMiddleware[0]
      Executing endpoint 'HTTP: POST /api/v1/management/purchasing/purchase-orders/{orderId:guid}/cancel'
info: Microsoft.AspNetCore.Http.Result.JsonResult[1]
      Setting HTTP status code 401.
info: Microsoft.AspNetCore.Http.Result.JsonResult[3]
      Writing value of type 'PurchasingApiErrorEnvelopeV1' as Json.
info: Microsoft.AspNetCore.Routing.EndpointMiddleware[1]
      Executed endpoint 'HTTP: POST /api/v1/management/purchasing/purchase-orders/{orderId:guid}/cancel'
info: Microsoft.AspNetCore.Hosting.Diagnostics[2]
      Request finished HTTP/1.1 POST https://127.0.0.1:45923/api/v1/management/purchasing/purchase-orders/185e29d4-f3ab-4bae-9bd5-d1308df85956/cancel?terminalId=85ee052a-9b34-40f0-ae7c-4bef953829b1 - 401 - application/json;+charset=utf-8 0.2759ms
info: Microsoft.AspNetCore.Hosting.Diagnostics[1]
      Request starting HTTP/1.1 POST http://127.0.0.1:45923/api/v1/management/purchasing/purchase-orders/4ec89f13-79ac-47b4-a260-971a156b3d44/receipts?terminalId=6ab15ae0-3cae-4801-8b77-2dbf64ac3b5e - application/json;+charset=utf-8 2
info: Microsoft.AspNetCore.Routing.EndpointMiddleware[0]
      Executing endpoint 'HTTP: POST /api/v1/management/purchasing/purchase-orders/{orderId:guid}/receipts'
info: Microsoft.AspNetCore.Http.Result.JsonResult[1]
      Setting HTTP status code 401.
info: Microsoft.AspNetCore.Http.Result.JsonResult[3]
      Writing value of type 'PurchasingApiErrorEnvelopeV1' as Json.
info: Microsoft.AspNetCore.Routing.EndpointMiddleware[1]
      Executed endpoint 'HTTP: POST /api/v1/management/purchasing/purchase-orders/{orderId:guid}/receipts'
info: Microsoft.AspNetCore.Hosting.Diagnostics[2]
      Request finished HTTP/1.1 POST https://127.0.0.1:45923/api/v1/management/purchasing/purchase-orders/4ec89f13-79ac-47b4-a260-971a156b3d44/receipts?terminalId=6ab15ae0-3cae-4801-8b77-2dbf64ac3b5e - 401 - application/json;+charset=utf-8 0.3186ms
info: Microsoft.AspNetCore.Hosting.Diagnostics[1]
      Request starting HTTP/1.1 GET http://127.0.0.1:45923/api/v1/management/purchasing/purchase-orders/e7a781b1-7829-46d0-86eb-b4a331aa625b/receipts?terminalId=e3d8a506-1d5c-4741-89d6-9ea967e38ebf - - -
info: Microsoft.AspNetCore.Routing.EndpointMiddleware[0]
      Executing endpoint 'HTTP: GET /api/v1/management/purchasing/purchase-orders/{orderId:guid}/receipts'
info: Microsoft.AspNetCore.Http.Result.JsonResult[1]
      Setting HTTP status code 401.
info: Microsoft.AspNetCore.Http.Result.JsonResult[3]
      Writing value of type 'PurchasingApiErrorEnvelopeV1' as Json.
info: Microsoft.AspNetCore.Routing.EndpointMiddleware[1]
      Executed endpoint 'HTTP: GET /api/v1/management/purchasing/purchase-orders/{orderId:guid}/receipts'
info: Microsoft.AspNetCore.Hosting.Diagnostics[2]
      Request finished HTTP/1.1 GET https://127.0.0.1:45923/api/v1/management/purchasing/purchase-orders/e7a781b1-7829-46d0-86eb-b4a331aa625b/receipts?terminalId=e3d8a506-1d5c-4741-89d6-9ea967e38ebf - 401 - application/json;+charset=utf-8 0.2440ms
info: Microsoft.AspNetCore.Hosting.Diagnostics[1]
      Request starting HTTP/1.1 POST http://127.0.0.1:45923/api/v1/management/purchasing/purchase-orders/c875419a-2c41-4e87-9818-d7d4e9ff9e7b/submit?terminalId=62a593c8-efb8-4c7d-a2d7-63a792848624 - application/json;+charset=utf-8 2
info: Microsoft.AspNetCore.Routing.EndpointMiddleware[0]
      Executing endpoint 'HTTP: POST /api/v1/management/purchasing/purchase-orders/{orderId:guid}/submit'
info: Microsoft.AspNetCore.Http.Result.JsonResult[1]
      Setting HTTP status code 401.
info: Microsoft.AspNetCore.Http.Result.JsonResult[3]
      Writing value of type 'PurchasingApiErrorEnvelopeV1' as Json.
info: Microsoft.AspNetCore.Routing.EndpointMiddleware[1]
      Executed endpoint 'HTTP: POST /api/v1/management/purchasing/purchase-orders/{orderId:guid}/submit'
info: Microsoft.AspNetCore.Hosting.Diagnostics[2]
      Request finished HTTP/1.1 POST https://127.0.0.1:45923/api/v1/management/purchasing/purchase-orders/c875419a-2c41-4e87-9818-d7d4e9ff9e7b/submit?terminalId=62a593c8-efb8-4c7d-a2d7-63a792848624 - 401 - application/json;+charset=utf-8 0.2100ms
info: Microsoft.AspNetCore.Hosting.Diagnostics[1]
      Request starting HTTP/1.1 GET http://127.0.0.1:45923/api/v1/management/purchasing/receipts/e73a00e4-8437-4722-9eb9-fd2924f46f4c?terminalId=a2cd4fa3-5c2f-4ba9-9e44-d488df78bc23 - - -
info: Microsoft.AspNetCore.Routing.EndpointMiddleware[0]
      Executing endpoint 'HTTP: GET /api/v1/management/purchasing/receipts/{receiptId:guid}'
info: Microsoft.AspNetCore.Http.Result.JsonResult[1]
      Setting HTTP status code 401.
info: Microsoft.AspNetCore.Http.Result.JsonResult[3]
      Writing value of type 'PurchasingApiErrorEnvelopeV1' as Json.
info: Microsoft.AspNetCore.Routing.EndpointMiddleware[1]
      Executed endpoint 'HTTP: GET /api/v1/management/purchasing/receipts/{receiptId:guid}'
info: Microsoft.AspNetCore.Hosting.Diagnostics[2]
      Request finished HTTP/1.1 GET https://127.0.0.1:45923/api/v1/management/purchasing/receipts/e73a00e4-8437-4722-9eb9-fd2924f46f4c?terminalId=a2cd4fa3-5c2f-4ba9-9e44-d488df78bc23 - 401 - application/json;+charset=utf-8 0.4543ms
info: Microsoft.AspNetCore.Hosting.Diagnostics[1]
      Request starting HTTP/1.1 GET http://127.0.0.1:45923/api/v1/management/purchasing/suppliers?terminalId=9f9c0d3f-57b6-4ba8-adf8-13a66963699f - - -
info: Microsoft.AspNetCore.Routing.EndpointMiddleware[0]
      Executing endpoint 'HTTP: GET /api/v1/management/purchasing/suppliers'
info: Microsoft.AspNetCore.Http.Result.JsonResult[1]
      Setting HTTP status code 401.
info: Microsoft.AspNetCore.Http.Result.JsonResult[3]
      Writing value of type 'PurchasingApiErrorEnvelopeV1' as Json.
info: Microsoft.AspNetCore.Routing.EndpointMiddleware[1]
      Executed endpoint 'HTTP: GET /api/v1/management/purchasing/suppliers'
info: Microsoft.AspNetCore.Hosting.Diagnostics[2]
      Request finished HTTP/1.1 GET https://127.0.0.1:45923/api/v1/management/purchasing/suppliers?terminalId=9f9c0d3f-57b6-4ba8-adf8-13a66963699f - 401 - application/json;+charset=utf-8 0.3119ms
info: Microsoft.AspNetCore.Hosting.Diagnostics[1]
      Request starting HTTP/1.1 POST http://127.0.0.1:45923/api/v1/management/purchasing/suppliers?terminalId=82786846-c92f-4d32-bd06-71b96d6afce9 - application/json;+charset=utf-8 2
info: Microsoft.AspNetCore.Routing.EndpointMiddleware[0]
      Executing endpoint 'HTTP: POST /api/v1/management/purchasing/suppliers'
info: Microsoft.AspNetCore.Http.Result.JsonResult[1]
      Setting HTTP status code 401.
info: Microsoft.AspNetCore.Http.Result.JsonResult[3]
      Writing value of type 'PurchasingApiErrorEnvelopeV1' as Json.
info: Microsoft.AspNetCore.Routing.EndpointMiddleware[1]
      Executed endpoint 'HTTP: POST /api/v1/management/purchasing/suppliers'
info: Microsoft.AspNetCore.Hosting.Diagnostics[2]
      Request finished HTTP/1.1 POST https://127.0.0.1:45923/api/v1/management/purchasing/suppliers?terminalId=82786846-c92f-4d32-bd06-71b96d6afce9 - 401 - application/json;+charset=utf-8 0.3366ms
info: Microsoft.AspNetCore.Hosting.Diagnostics[1]
      Request starting HTTP/1.1 GET http://127.0.0.1:45923/api/v1/management/purchasing/suppliers/881a1dde-372d-4e5f-a64e-3dd886a94187?terminalId=b3fa9c8c-95e3-4bdb-84ca-d5742763e4df - - -
info: Microsoft.AspNetCore.Routing.EndpointMiddleware[0]
      Executing endpoint 'HTTP: GET /api/v1/management/purchasing/suppliers/{supplierId:guid}'
info: Microsoft.AspNetCore.Http.Result.JsonResult[1]
      Setting HTTP status code 401.
info: Microsoft.AspNetCore.Http.Result.JsonResult[3]
      Writing value of type 'PurchasingApiErrorEnvelopeV1' as Json.
info: Microsoft.AspNetCore.Routing.EndpointMiddleware[1]
      Executed endpoint 'HTTP: GET /api/v1/management/purchasing/suppliers/{supplierId:guid}'
info: Microsoft.AspNetCore.Hosting.Diagnostics[2]
      Request finished HTTP/1.1 GET https://127.0.0.1:45923/api/v1/management/purchasing/suppliers/881a1dde-372d-4e5f-a64e-3dd886a94187?terminalId=b3fa9c8c-95e3-4bdb-84ca-d5742763e4df - 401 - application/json;+charset=utf-8 0.2522ms
info: Microsoft.AspNetCore.Hosting.Diagnostics[1]
      Request starting HTTP/1.1 PUT http://127.0.0.1:45923/api/v1/management/purchasing/suppliers/64a227b4-d3d6-4b1d-b94e-bf39298a48a6?terminalId=9094a429-87f5-4459-8bb2-66e9cfb986cd - application/json;+charset=utf-8 2
info: Microsoft.AspNetCore.Routing.EndpointMiddleware[0]
      Executing endpoint 'HTTP: PUT /api/v1/management/purchasing/suppliers/{supplierId:guid}'
info: Microsoft.AspNetCore.Http.Result.JsonResult[1]
      Setting HTTP status code 401.
info: Microsoft.AspNetCore.Http.Result.JsonResult[3]
      Writing value of type 'PurchasingApiErrorEnvelopeV1' as Json.
info: Microsoft.AspNetCore.Routing.EndpointMiddleware[1]
      Executed endpoint 'HTTP: PUT /api/v1/management/purchasing/suppliers/{supplierId:guid}'
info: Microsoft.AspNetCore.Hosting.Diagnostics[2]
      Request finished HTTP/1.1 PUT https://127.0.0.1:45923/api/v1/management/purchasing/suppliers/64a227b4-d3d6-4b1d-b94e-bf39298a48a6?terminalId=9094a429-87f5-4459-8bb2-66e9cfb986cd - 401 - application/json;+charset=utf-8 0.3113ms
info: Microsoft.AspNetCore.Hosting.Diagnostics[1]
      Request starting HTTP/1.1 POST http://127.0.0.1:45923/api/v1/management/purchasing/suppliers/3e19a121-3bf4-470c-8bbf-0747efd1c7b1/activate?terminalId=5c5aaf7c-00e6-42a7-b357-d5f2c62bfcd7 - application/json;+charset=utf-8 2
info: Microsoft.AspNetCore.Routing.EndpointMiddleware[0]
      Executing endpoint 'HTTP: POST /api/v1/management/purchasing/suppliers/{supplierId:guid}/activate'
info: Microsoft.AspNetCore.Http.Result.JsonResult[1]
      Setting HTTP status code 401.
info: Microsoft.AspNetCore.Http.Result.JsonResult[3]
      Writing value of type 'PurchasingApiErrorEnvelopeV1' as Json.
info: Microsoft.AspNetCore.Routing.EndpointMiddleware[1]
      Executed endpoint 'HTTP: POST /api/v1/management/purchasing/suppliers/{supplierId:guid}/activate'
info: Microsoft.AspNetCore.Hosting.Diagnostics[2]
      Request finished HTTP/1.1 POST https://127.0.0.1:45923/api/v1/management/purchasing/suppliers/3e19a121-3bf4-470c-8bbf-0747efd1c7b1/activate?terminalId=5c5aaf7c-00e6-42a7-b357-d5f2c62bfcd7 - 401 - application/json;+charset=utf-8 0.1846ms
info: Microsoft.AspNetCore.Hosting.Diagnostics[1]
      Request starting HTTP/1.1 POST http://127.0.0.1:45923/api/v1/management/purchasing/suppliers/93b2e946-16d9-4376-ba96-5474a869ab6f/deactivate?terminalId=b5fa80ff-0d55-4a03-86bf-4a90ecde65d2 - application/json;+charset=utf-8 2
info: Microsoft.AspNetCore.Routing.EndpointMiddleware[0]
      Executing endpoint 'HTTP: POST /api/v1/management/purchasing/suppliers/{supplierId:guid}/deactivate'
info: Microsoft.AspNetCore.Http.Result.JsonResult[1]
      Setting HTTP status code 401.
info: Microsoft.AspNetCore.Http.Result.JsonResult[3]
      Writing value of type 'PurchasingApiErrorEnvelopeV1' as Json.
info: Microsoft.AspNetCore.Routing.EndpointMiddleware[1]
      Executed endpoint 'HTTP: POST /api/v1/management/purchasing/suppliers/{supplierId:guid}/deactivate'
info: Microsoft.AspNetCore.Hosting.Diagnostics[2]
      Request finished HTTP/1.1 POST https://127.0.0.1:45923/api/v1/management/purchasing/suppliers/93b2e946-16d9-4376-ba96-5474a869ab6f/deactivate?terminalId=b5fa80ff-0d55-4a03-86bf-4a90ecde65d2 - 401 - application/json;+charset=utf-8 0.2466ms
info: Microsoft.AspNetCore.Hosting.Diagnostics[1]
      Request starting HTTP/1.1 GET http://127.0.0.1:45923/api/v1/management/recipes/?terminalId=b03b3879-a9fb-40f1-bccb-c42c61ba3159 - - -
info: Microsoft.AspNetCore.Routing.EndpointMiddleware[0]
      Executing endpoint 'HTTP: GET /api/v1/management/recipes/'
info: Microsoft.AspNetCore.Http.Result.JsonResult[1]
      Setting HTTP status code 401.
info: Microsoft.AspNetCore.Http.Result.JsonResult[3]
      Writing value of type '<>f__AnonymousType5`1' as Json.
info: Microsoft.AspNetCore.Routing.EndpointMiddleware[1]
      Executed endpoint 'HTTP: GET /api/v1/management/recipes/'
info: Microsoft.AspNetCore.Hosting.Diagnostics[2]
      Request finished HTTP/1.1 GET https://127.0.0.1:45923/api/v1/management/recipes/?terminalId=b03b3879-a9fb-40f1-bccb-c42c61ba3159 - 401 - application/json;+charset=utf-8 0.4070ms
info: Microsoft.AspNetCore.Hosting.Diagnostics[1]
      Request starting HTTP/1.1 POST http://127.0.0.1:45923/api/v1/management/recipes/?terminalId=cdbf9fc0-67ba-4b84-8097-619194f90837 - application/json;+charset=utf-8 2
info: Microsoft.AspNetCore.Routing.EndpointMiddleware[0]
      Executing endpoint 'HTTP: POST /api/v1/management/recipes/'
info: Microsoft.AspNetCore.Http.Result.JsonResult[1]
      Setting HTTP status code 401.
info: Microsoft.AspNetCore.Http.Result.JsonResult[3]
      Writing value of type '<>f__AnonymousType5`1' as Json.
info: Microsoft.AspNetCore.Routing.EndpointMiddleware[1]
      Executed endpoint 'HTTP: POST /api/v1/management/recipes/'
info: Microsoft.AspNetCore.Hosting.Diagnostics[2]
      Request finished HTTP/1.1 POST https://127.0.0.1:45923/api/v1/management/recipes/?terminalId=cdbf9fc0-67ba-4b84-8097-619194f90837 - 401 - application/json;+charset=utf-8 0.2688ms
info: Microsoft.AspNetCore.Hosting.Diagnostics[1]
      Request starting HTTP/1.1 POST http://127.0.0.1:45923/api/v1/management/recipes/products/7286cb38-2a64-46e0-babe-8896dcffec5b/mapping?terminalId=f019fa8e-6b9b-49c1-945a-e04dd7a1c0bf - application/json;+charset=utf-8 2
info: Microsoft.AspNetCore.Routing.EndpointMiddleware[0]
      Executing endpoint 'HTTP: POST /api/v1/management/recipes/products/{productId:guid}/mapping'
info: Microsoft.AspNetCore.Http.Result.JsonResult[1]
      Setting HTTP status code 401.
info: Microsoft.AspNetCore.Http.Result.JsonResult[3]
      Writing value of type '<>f__AnonymousType5`1' as Json.
info: Microsoft.AspNetCore.Routing.EndpointMiddleware[1]
      Executed endpoint 'HTTP: POST /api/v1/management/recipes/products/{productId:guid}/mapping'
info: Microsoft.AspNetCore.Hosting.Diagnostics[2]
      Request finished HTTP/1.1 POST https://127.0.0.1:45923/api/v1/management/recipes/products/7286cb38-2a64-46e0-babe-8896dcffec5b/mapping?terminalId=f019fa8e-6b9b-49c1-945a-e04dd7a1c0bf - 401 - application/json;+charset=utf-8 0.8974ms
info: Microsoft.AspNetCore.Hosting.Diagnostics[1]
      Request starting HTTP/1.1 GET http://127.0.0.1:45923/api/v1/management/recipes/products/78c0acb1-2cd7-4ae2-b065-58373c510049/mapping?terminalId=4aee3c35-c0f6-4c64-996d-1825d2be75af - - -
info: Microsoft.AspNetCore.Routing.EndpointMiddleware[0]
      Executing endpoint 'HTTP: GET /api/v1/management/recipes/products/{productId:guid}/mapping'
info: Microsoft.AspNetCore.Http.Result.JsonResult[1]
      Setting HTTP status code 401.
info: Microsoft.AspNetCore.Http.Result.JsonResult[3]
      Writing value of type '<>f__AnonymousType5`1' as Json.
info: Microsoft.AspNetCore.Routing.EndpointMiddleware[1]
      Executed endpoint 'HTTP: GET /api/v1/management/recipes/products/{productId:guid}/mapping'
info: Microsoft.AspNetCore.Hosting.Diagnostics[2]
      Request finished HTTP/1.1 GET https://127.0.0.1:45923/api/v1/management/recipes/products/78c0acb1-2cd7-4ae2-b065-58373c510049/mapping?terminalId=4aee3c35-c0f6-4c64-996d-1825d2be75af - 401 - application/json;+charset=utf-8 0.2402ms
info: Microsoft.AspNetCore.Hosting.Diagnostics[1]
      Request starting HTTP/1.1 DELETE http://127.0.0.1:45923/api/v1/management/recipes/products/27e96dd7-c361-4db8-99a1-23ca2056fadc/mapping?terminalId=403290f8-9b1a-4b84-b5cd-d8daa5837cd2 - application/json;+charset=utf-8 2
info: Microsoft.AspNetCore.Routing.EndpointMiddleware[0]
      Executing endpoint 'HTTP: DELETE /api/v1/management/recipes/products/{productId:guid}/mapping'
info: Microsoft.AspNetCore.Http.Result.JsonResult[1]
      Setting HTTP status code 401.
info: Microsoft.AspNetCore.Http.Result.JsonResult[3]
      Writing value of type '<>f__AnonymousType5`1' as Json.
info: Microsoft.AspNetCore.Routing.EndpointMiddleware[1]
      Executed endpoint 'HTTP: DELETE /api/v1/management/recipes/products/{productId:guid}/mapping'
info: Microsoft.AspNetCore.Hosting.Diagnostics[2]
      Request finished HTTP/1.1 DELETE https://127.0.0.1:45923/api/v1/management/recipes/products/27e96dd7-c361-4db8-99a1-23ca2056fadc/mapping?terminalId=403290f8-9b1a-4b84-b5cd-d8daa5837cd2 - 401 - application/json;+charset=utf-8 0.2328ms
info: Microsoft.AspNetCore.Hosting.Diagnostics[1]
      Request starting HTTP/1.1 GET http://127.0.0.1:45923/api/v1/management/recipes/unit-conversions?terminalId=6cbe3814-e53c-4562-8839-e804694e3cdc - - -
info: Microsoft.AspNetCore.Routing.EndpointMiddleware[0]
      Executing endpoint 'HTTP: GET /api/v1/management/recipes/unit-conversions'
info: Microsoft.AspNetCore.Http.Result.JsonResult[1]
      Setting HTTP status code 401.
info: Microsoft.AspNetCore.Http.Result.JsonResult[3]
      Writing value of type '<>f__AnonymousType5`1' as Json.
info: Microsoft.AspNetCore.Routing.EndpointMiddleware[1]
      Executed endpoint 'HTTP: GET /api/v1/management/recipes/unit-conversions'
info: Microsoft.AspNetCore.Hosting.Diagnostics[2]
      Request finished HTTP/1.1 GET https://127.0.0.1:45923/api/v1/management/recipes/unit-conversions?terminalId=6cbe3814-e53c-4562-8839-e804694e3cdc - 401 - application/json;+charset=utf-8 0.3962ms
info: Microsoft.AspNetCore.Hosting.Diagnostics[1]
      Request starting HTTP/1.1 POST http://127.0.0.1:45923/api/v1/management/recipes/unit-conversions?terminalId=7fed80d4-2e19-4c52-991b-81c78375eba5 - application/json;+charset=utf-8 2
info: Microsoft.AspNetCore.Routing.EndpointMiddleware[0]
      Executing endpoint 'HTTP: POST /api/v1/management/recipes/unit-conversions'
info: Microsoft.AspNetCore.Http.Result.JsonResult[1]
      Setting HTTP status code 401.
info: Microsoft.AspNetCore.Http.Result.JsonResult[3]
      Writing value of type '<>f__AnonymousType5`1' as Json.
info: Microsoft.AspNetCore.Routing.EndpointMiddleware[1]
      Executed endpoint 'HTTP: POST /api/v1/management/recipes/unit-conversions'
info: Microsoft.AspNetCore.Hosting.Diagnostics[2]
      Request finished HTTP/1.1 POST https://127.0.0.1:45923/api/v1/management/recipes/unit-conversions?terminalId=7fed80d4-2e19-4c52-991b-81c78375eba5 - 401 - application/json;+charset=utf-8 0.6513ms
info: Microsoft.AspNetCore.Hosting.Diagnostics[1]
      Request starting HTTP/1.1 POST http://127.0.0.1:45923/api/v1/management/recipes/versions/93f3dae1-0a9d-4f3d-a4f7-c73f9e97a79e/ingredients?terminalId=fad63802-d1ef-4c72-8868-a368f6a31cff - application/json;+charset=utf-8 2
info: Microsoft.AspNetCore.Routing.EndpointMiddleware[0]
      Executing endpoint 'HTTP: POST /api/v1/management/recipes/versions/{versionId:guid}/ingredients'
info: Microsoft.AspNetCore.Http.Result.JsonResult[1]
      Setting HTTP status code 401.
info: Microsoft.AspNetCore.Http.Result.JsonResult[3]
      Writing value of type '<>f__AnonymousType5`1' as Json.
info: Microsoft.AspNetCore.Routing.EndpointMiddleware[1]
      Executed endpoint 'HTTP: POST /api/v1/management/recipes/versions/{versionId:guid}/ingredients'
info: Microsoft.AspNetCore.Hosting.Diagnostics[2]
      Request finished HTTP/1.1 POST https://127.0.0.1:45923/api/v1/management/recipes/versions/93f3dae1-0a9d-4f3d-a4f7-c73f9e97a79e/ingredients?terminalId=fad63802-d1ef-4c72-8868-a368f6a31cff - 401 - application/json;+charset=utf-8 0.2870ms
info: Microsoft.AspNetCore.Hosting.Diagnostics[1]
      Request starting HTTP/1.1 DELETE http://127.0.0.1:45923/api/v1/management/recipes/versions/0040f8de-42e0-414f-be62-1947c563d49b/ingredients/e9309449-2246-477f-beec-877c97a516f9?terminalId=395cff27-b176-45c3-81ed-9e6e3effa147 - application/json;+charset=utf-8 2
info: Microsoft.AspNetCore.Routing.EndpointMiddleware[0]
      Executing endpoint 'HTTP: DELETE /api/v1/management/recipes/versions/{versionId:guid}/ingredients/{ingredientItemId:guid}'
info: Microsoft.AspNetCore.Http.Result.JsonResult[1]
      Setting HTTP status code 401.
info: Microsoft.AspNetCore.Http.Result.JsonResult[3]
      Writing value of type '<>f__AnonymousType5`1' as Json.
info: Microsoft.AspNetCore.Routing.EndpointMiddleware[1]
      Executed endpoint 'HTTP: DELETE /api/v1/management/recipes/versions/{versionId:guid}/ingredients/{ingredientItemId:guid}'
info: Microsoft.AspNetCore.Hosting.Diagnostics[2]
      Request finished HTTP/1.1 DELETE https://127.0.0.1:45923/api/v1/management/recipes/versions/0040f8de-42e0-414f-be62-1947c563d49b/ingredients/e9309449-2246-477f-beec-877c97a516f9?terminalId=395cff27-b176-45c3-81ed-9e6e3effa147 - 401 - application/json;+charset=utf-8 0.3969ms
info: Microsoft.AspNetCore.Hosting.Diagnostics[1]
      Request starting HTTP/1.1 POST http://127.0.0.1:45923/api/v1/management/recipes/versions/a9547e59-5f86-46b5-83af-d76b414de323/lock?terminalId=9d48365d-0823-4167-a49d-11b98801343b - application/json;+charset=utf-8 2
info: Microsoft.AspNetCore.Routing.EndpointMiddleware[0]
      Executing endpoint 'HTTP: POST /api/v1/management/recipes/versions/{versionId:guid}/lock'
info: Microsoft.AspNetCore.Http.Result.JsonResult[1]
      Setting HTTP status code 401.
info: Microsoft.AspNetCore.Http.Result.JsonResult[3]
      Writing value of type '<>f__AnonymousType5`1' as Json.
info: Microsoft.AspNetCore.Routing.EndpointMiddleware[1]
      Executed endpoint 'HTTP: POST /api/v1/management/recipes/versions/{versionId:guid}/lock'
info: Microsoft.AspNetCore.Hosting.Diagnostics[2]
      Request finished HTTP/1.1 POST https://127.0.0.1:45923/api/v1/management/recipes/versions/a9547e59-5f86-46b5-83af-d76b414de323/lock?terminalId=9d48365d-0823-4167-a49d-11b98801343b - 401 - application/json;+charset=utf-8 0.3113ms
info: Microsoft.AspNetCore.Hosting.Diagnostics[1]
      Request starting HTTP/1.1 GET http://127.0.0.1:45923/api/v1/management/recipes/ed5300ed-bf5f-43ce-8a7f-97f18289f9c8/versions?terminalId=6b900fe9-8168-4458-aba1-070c8399e1f7 - - -
info: Microsoft.AspNetCore.Routing.EndpointMiddleware[0]
      Executing endpoint 'HTTP: GET /api/v1/management/recipes/{recipeId:guid}/versions'
info: Microsoft.AspNetCore.Http.Result.JsonResult[1]
      Setting HTTP status code 401.
info: Microsoft.AspNetCore.Http.Result.JsonResult[3]
      Writing value of type '<>f__AnonymousType5`1' as Json.
info: Microsoft.AspNetCore.Routing.EndpointMiddleware[1]
      Executed endpoint 'HTTP: GET /api/v1/management/recipes/{recipeId:guid}/versions'
info: Microsoft.AspNetCore.Hosting.Diagnostics[2]
      Request finished HTTP/1.1 GET https://127.0.0.1:45923/api/v1/management/recipes/ed5300ed-bf5f-43ce-8a7f-97f18289f9c8/versions?terminalId=6b900fe9-8168-4458-aba1-070c8399e1f7 - 401 - application/json;+charset=utf-8 0.2118ms
info: Microsoft.AspNetCore.Hosting.Diagnostics[1]
      Request starting HTTP/1.1 POST http://127.0.0.1:45923/api/v1/management/recipes/d0a71263-32dd-4a6c-9856-c485ce452c98/versions?terminalId=8aeb051f-1dd9-471e-bbc9-4dc4e64d5948 - application/json;+charset=utf-8 2
info: Microsoft.AspNetCore.Routing.EndpointMiddleware[0]
      Executing endpoint 'HTTP: POST /api/v1/management/recipes/{recipeId:guid}/versions'
info: Microsoft.AspNetCore.Http.Result.JsonResult[1]
      Setting HTTP status code 401.
info: Microsoft.AspNetCore.Http.Result.JsonResult[3]
      Writing value of type '<>f__AnonymousType5`1' as Json.
info: Microsoft.AspNetCore.Routing.EndpointMiddleware[1]
      Executed endpoint 'HTTP: POST /api/v1/management/recipes/{recipeId:guid}/versions'
info: Microsoft.AspNetCore.Hosting.Diagnostics[2]
      Request finished HTTP/1.1 POST https://127.0.0.1:45923/api/v1/management/recipes/d0a71263-32dd-4a6c-9856-c485ce452c98/versions?terminalId=8aeb051f-1dd9-471e-bbc9-4dc4e64d5948 - 401 - application/json;+charset=utf-8 0.4350ms
info: Microsoft.AspNetCore.Hosting.Diagnostics[1]
      Request starting HTTP/1.1 POST http://127.0.0.1:45923/api/v1/management/recipes/9214f92c-df99-4540-a4ac-62e32febbd25/versions/next?terminalId=4b273777-ceba-41fb-b09c-01052242569c - application/json;+charset=utf-8 2
info: Microsoft.AspNetCore.Routing.EndpointMiddleware[0]
      Executing endpoint 'HTTP: POST /api/v1/management/recipes/{recipeId:guid}/versions/next'
info: Microsoft.AspNetCore.Http.Result.JsonResult[1]
      Setting HTTP status code 401.
info: Microsoft.AspNetCore.Http.Result.JsonResult[3]
      Writing value of type '<>f__AnonymousType5`1' as Json.
info: Microsoft.AspNetCore.Routing.EndpointMiddleware[1]
      Executed endpoint 'HTTP: POST /api/v1/management/recipes/{recipeId:guid}/versions/next'
info: Microsoft.AspNetCore.Hosting.Diagnostics[2]
      Request finished HTTP/1.1 POST https://127.0.0.1:45923/api/v1/management/recipes/9214f92c-df99-4540-a4ac-62e32febbd25/versions/next?terminalId=4b273777-ceba-41fb-b09c-01052242569c - 401 - application/json;+charset=utf-8 0.1956ms
info: Microsoft.AspNetCore.Hosting.Diagnostics[1]
      Request starting HTTP/1.1 POST http://127.0.0.1:45923/api/v1/management/recipes/3a1af2b7-ffa3-498c-9bf5-4faad248f296/versions/1/activate?terminalId=6143fade-9af4-4a2b-bb16-f36239ff0686 - application/json;+charset=utf-8 2
info: Microsoft.AspNetCore.Routing.EndpointMiddleware[0]
      Executing endpoint 'HTTP: POST /api/v1/management/recipes/{recipeId:guid}/versions/{versionNumber:int}/activate'
info: Microsoft.AspNetCore.Http.Result.JsonResult[1]
      Setting HTTP status code 401.
info: Microsoft.AspNetCore.Http.Result.JsonResult[3]
      Writing value of type '<>f__AnonymousType5`1' as Json.
info: Microsoft.AspNetCore.Routing.EndpointMiddleware[1]
      Executed endpoint 'HTTP: POST /api/v1/management/recipes/{recipeId:guid}/versions/{versionNumber:int}/activate'
info: Microsoft.AspNetCore.Hosting.Diagnostics[2]
      Request finished HTTP/1.1 POST https://127.0.0.1:45923/api/v1/management/recipes/3a1af2b7-ffa3-498c-9bf5-4faad248f296/versions/1/activate?terminalId=6143fade-9af4-4a2b-bb16-f36239ff0686 - 401 - application/json;+charset=utf-8 0.5879ms
info: Microsoft.AspNetCore.Hosting.Diagnostics[1]
      Request starting HTTP/1.1 POST http://127.0.0.1:45923/api/v1/management/recipes/3a594aba-9ddf-461e-8854-0cdae380379f/cost-snapshots/?terminalId=56816b7a-15fd-4027-a42e-a238e9762f67 - application/json;+charset=utf-8 2
info: Microsoft.AspNetCore.Routing.EndpointMiddleware[0]
      Executing endpoint 'HTTP: POST /api/v1/management/recipes/{recipeVersionId:guid}/cost-snapshots/'
info: Microsoft.AspNetCore.Http.Result.JsonResult[1]
      Setting HTTP status code 401.
info: Microsoft.AspNetCore.Http.Result.JsonResult[3]
      Writing value of type 'RecipeCostSnapshotApiErrorEnvelopeV1' as Json.
info: Microsoft.AspNetCore.Routing.EndpointMiddleware[1]
      Executed endpoint 'HTTP: POST /api/v1/management/recipes/{recipeVersionId:guid}/cost-snapshots/'
info: Microsoft.AspNetCore.Hosting.Diagnostics[2]
      Request finished HTTP/1.1 POST https://127.0.0.1:45923/api/v1/management/recipes/3a594aba-9ddf-461e-8854-0cdae380379f/cost-snapshots/?terminalId=56816b7a-15fd-4027-a42e-a238e9762f67 - 401 - application/json;+charset=utf-8 1.6054ms
info: Microsoft.AspNetCore.Hosting.Diagnostics[1]
      Request starting HTTP/1.1 GET http://127.0.0.1:45923/api/v1/management/recipes/ea26a662-78f4-4b6b-adca-ea72ac12bd57/cost-snapshots/effective?terminalId=83bfbf13-93a7-4d11-a6c9-0e0721d761f5 - - -
info: Microsoft.AspNetCore.Routing.EndpointMiddleware[0]
      Executing endpoint 'HTTP: GET /api/v1/management/recipes/{recipeVersionId:guid}/cost-snapshots/effective'
info: Microsoft.AspNetCore.Http.Result.JsonResult[1]
      Setting HTTP status code 401.
info: Microsoft.AspNetCore.Http.Result.JsonResult[3]
      Writing value of type 'RecipeCostSnapshotApiErrorEnvelopeV1' as Json.
info: Microsoft.AspNetCore.Routing.EndpointMiddleware[1]
      Executed endpoint 'HTTP: GET /api/v1/management/recipes/{recipeVersionId:guid}/cost-snapshots/effective'
info: Microsoft.AspNetCore.Hosting.Diagnostics[2]
      Request finished HTTP/1.1 GET https://127.0.0.1:45923/api/v1/management/recipes/ea26a662-78f4-4b6b-adca-ea72ac12bd57/cost-snapshots/effective?terminalId=83bfbf13-93a7-4d11-a6c9-0e0721d761f5 - 401 - application/json;+charset=utf-8 2.0193ms
info: Microsoft.AspNetCore.Hosting.Diagnostics[1]
      Request starting HTTP/1.1 POST http://127.0.0.1:45923/api/v1/management/reconciliation/cases/?terminalId=c7d992fd-8b99-4a52-8229-f19b8f2d4f3b - application/json;+charset=utf-8 2
info: Microsoft.AspNetCore.Routing.EndpointMiddleware[0]
      Executing endpoint 'HTTP: POST /api/v1/management/reconciliation/cases/'
info: Microsoft.AspNetCore.Http.Result.JsonResult[1]
      Setting HTTP status code 401.
info: Microsoft.AspNetCore.Http.Result.JsonResult[3]
      Writing value of type 'ReconciliationCaseApiErrorEnvelopeV1' as Json.
info: Microsoft.AspNetCore.Routing.EndpointMiddleware[1]
      Executed endpoint 'HTTP: POST /api/v1/management/reconciliation/cases/'
info: Microsoft.AspNetCore.Hosting.Diagnostics[2]
      Request finished HTTP/1.1 POST https://127.0.0.1:45923/api/v1/management/reconciliation/cases/?terminalId=c7d992fd-8b99-4a52-8229-f19b8f2d4f3b - 401 - application/json;+charset=utf-8 0.4681ms
info: Microsoft.AspNetCore.Hosting.Diagnostics[1]
      Request starting HTTP/1.1 GET http://127.0.0.1:45923/api/v1/management/reconciliation/cases/?terminalId=38e0c872-b422-4730-999f-588d8b704012 - - -
info: Microsoft.AspNetCore.Routing.EndpointMiddleware[0]
      Executing endpoint 'HTTP: GET /api/v1/management/reconciliation/cases/'
info: Microsoft.AspNetCore.Http.Result.JsonResult[1]
      Setting HTTP status code 401.
info: Microsoft.AspNetCore.Http.Result.JsonResult[3]
      Writing value of type 'ReconciliationCaseApiErrorEnvelopeV1' as Json.
info: Microsoft.AspNetCore.Routing.EndpointMiddleware[1]
      Executed endpoint 'HTTP: GET /api/v1/management/reconciliation/cases/'
info: Microsoft.AspNetCore.Hosting.Diagnostics[2]
      Request finished HTTP/1.1 GET https://127.0.0.1:45923/api/v1/management/reconciliation/cases/?terminalId=38e0c872-b422-4730-999f-588d8b704012 - 401 - application/json;+charset=utf-8 0.7739ms
info: Microsoft.AspNetCore.Hosting.Diagnostics[1]
      Request starting HTTP/1.1 GET http://127.0.0.1:45923/api/v1/management/reconciliation/cases/3d3f4a5a-f36c-4cae-8762-0ff0a80301c4?terminalId=48038160-0767-4193-9baf-02c2a996053b - - -
info: Microsoft.AspNetCore.Routing.EndpointMiddleware[0]
      Executing endpoint 'HTTP: GET /api/v1/management/reconciliation/cases/{caseId:guid}'
info: Microsoft.AspNetCore.Http.Result.JsonResult[1]
      Setting HTTP status code 401.
info: Microsoft.AspNetCore.Http.Result.JsonResult[3]
      Writing value of type 'ReconciliationCaseApiErrorEnvelopeV1' as Json.
info: Microsoft.AspNetCore.Routing.EndpointMiddleware[1]
      Executed endpoint 'HTTP: GET /api/v1/management/reconciliation/cases/{caseId:guid}'
info: Microsoft.AspNetCore.Hosting.Diagnostics[2]
      Request finished HTTP/1.1 GET https://127.0.0.1:45923/api/v1/management/reconciliation/cases/3d3f4a5a-f36c-4cae-8762-0ff0a80301c4?terminalId=48038160-0767-4193-9baf-02c2a996053b - 401 - application/json;+charset=utf-8 0.4012ms
info: Microsoft.AspNetCore.Hosting.Diagnostics[1]
      Request starting HTTP/1.1 GET http://127.0.0.1:45923/api/v1/management/reconciliation/cases/6c6abe54-b2d5-4825-b006-2e2b67b3bd34/actions?terminalId=7b714553-08d9-4ce8-8803-1ce458b5c7ad - - -
info: Microsoft.AspNetCore.Routing.EndpointMiddleware[0]
      Executing endpoint 'HTTP: GET /api/v1/management/reconciliation/cases/{caseId:guid}/actions'
info: Microsoft.AspNetCore.Http.Result.JsonResult[1]
      Setting HTTP status code 401.
info: Microsoft.AspNetCore.Http.Result.JsonResult[3]
      Writing value of type 'ReconciliationCaseApiErrorEnvelopeV1' as Json.
info: Microsoft.AspNetCore.Routing.EndpointMiddleware[1]
      Executed endpoint 'HTTP: GET /api/v1/management/reconciliation/cases/{caseId:guid}/actions'
info: Microsoft.AspNetCore.Hosting.Diagnostics[2]
      Request finished HTTP/1.1 GET https://127.0.0.1:45923/api/v1/management/reconciliation/cases/6c6abe54-b2d5-4825-b006-2e2b67b3bd34/actions?terminalId=7b714553-08d9-4ce8-8803-1ce458b5c7ad - 401 - application/json;+charset=utf-8 0.2600ms
info: Microsoft.AspNetCore.Hosting.Diagnostics[1]
      Request starting HTTP/1.1 POST http://127.0.0.1:45923/api/v1/management/reconciliation/cases/e7996741-d4d3-411c-9dae-2de1c8ad18bd/notes?terminalId=fa933299-7c29-4ee1-9c82-21ebf56e87bb - application/json;+charset=utf-8 2
info: Microsoft.AspNetCore.Routing.EndpointMiddleware[0]
      Executing endpoint 'HTTP: POST /api/v1/management/reconciliation/cases/{caseId:guid}/notes'
info: Microsoft.AspNetCore.Http.Result.JsonResult[1]
      Setting HTTP status code 401.
info: Microsoft.AspNetCore.Http.Result.JsonResult[3]
      Writing value of type 'ReconciliationCaseApiErrorEnvelopeV1' as Json.
info: Microsoft.AspNetCore.Routing.EndpointMiddleware[1]
      Executed endpoint 'HTTP: POST /api/v1/management/reconciliation/cases/{caseId:guid}/notes'
info: Microsoft.AspNetCore.Hosting.Diagnostics[2]
      Request finished HTTP/1.1 POST https://127.0.0.1:45923/api/v1/management/reconciliation/cases/e7996741-d4d3-411c-9dae-2de1c8ad18bd/notes?terminalId=fa933299-7c29-4ee1-9c82-21ebf56e87bb - 401 - application/json;+charset=utf-8 0.3386ms
info: Microsoft.AspNetCore.Hosting.Diagnostics[1]
      Request starting HTTP/1.1 POST http://127.0.0.1:45923/api/v1/management/reconciliation/cases/d34a0050-9a2c-400f-85db-e699ea869070/transition?terminalId=e42db00a-7f1a-4f21-b1a1-3a38ab29d9a7 - application/json;+charset=utf-8 2
info: Microsoft.AspNetCore.Routing.EndpointMiddleware[0]
      Executing endpoint 'HTTP: POST /api/v1/management/reconciliation/cases/{caseId:guid}/transition'
info: Microsoft.AspNetCore.Http.Result.JsonResult[1]
      Setting HTTP status code 401.
info: Microsoft.AspNetCore.Http.Result.JsonResult[3]
      Writing value of type 'ReconciliationCaseApiErrorEnvelopeV1' as Json.
info: Microsoft.AspNetCore.Routing.EndpointMiddleware[1]
      Executed endpoint 'HTTP: POST /api/v1/management/reconciliation/cases/{caseId:guid}/transition'
info: Microsoft.AspNetCore.Hosting.Diagnostics[2]
      Request finished HTTP/1.1 POST https://127.0.0.1:45923/api/v1/management/reconciliation/cases/d34a0050-9a2c-400f-85db-e699ea869070/transition?terminalId=e42db00a-7f1a-4f21-b1a1-3a38ab29d9a7 - 401 - application/json;+charset=utf-8 0.6171ms
info: Microsoft.AspNetCore.Hosting.Diagnostics[1]
      Request starting HTTP/1.1 POST http://127.0.0.1:45923/api/v1/management/reconciliation/online-orders/cases/07e36d03-57d7-4b85-9492-784dfd48ed7a/resolve?terminalId=a926e4e5-e239-435d-a2a0-5bf6a5095b04 - application/json;+charset=utf-8 2
info: Microsoft.AspNetCore.Routing.EndpointMiddleware[0]
      Executing endpoint 'HTTP: POST /api/v1/management/reconciliation/online-orders/cases/{caseId:guid}/resolve'
info: Microsoft.AspNetCore.Http.Result.JsonResult[1]
      Setting HTTP status code 401.
info: Microsoft.AspNetCore.Http.Result.JsonResult[3]
      Writing value of type 'ReconciliationCaseApiErrorEnvelopeV1' as Json.
info: Microsoft.AspNetCore.Routing.EndpointMiddleware[1]
      Executed endpoint 'HTTP: POST /api/v1/management/reconciliation/online-orders/cases/{caseId:guid}/resolve'
info: Microsoft.AspNetCore.Hosting.Diagnostics[2]
      Request finished HTTP/1.1 POST https://127.0.0.1:45923/api/v1/management/reconciliation/online-orders/cases/07e36d03-57d7-4b85-9492-784dfd48ed7a/resolve?terminalId=a926e4e5-e239-435d-a2a0-5bf6a5095b04 - 401 - application/json;+charset=utf-8 0.6066ms
info: Microsoft.AspNetCore.Hosting.Diagnostics[1]
      Request starting HTTP/1.1 POST http://127.0.0.1:45923/api/v1/management/reconciliation/online-orders/cases/5bfd854e-e064-4e51-b778-64c1952cfee6/retry?terminalId=ab094f41-6ca6-47f2-a0c0-0448ab822d55 - application/json;+charset=utf-8 2
info: Microsoft.AspNetCore.Routing.EndpointMiddleware[0]
      Executing endpoint 'HTTP: POST /api/v1/management/reconciliation/online-orders/cases/{caseId:guid}/retry'
info: Microsoft.AspNetCore.Http.Result.JsonResult[1]
      Setting HTTP status code 401.
info: Microsoft.AspNetCore.Http.Result.JsonResult[3]
      Writing value of type 'ReconciliationCaseApiErrorEnvelopeV1' as Json.
info: Microsoft.AspNetCore.Routing.EndpointMiddleware[1]
      Executed endpoint 'HTTP: POST /api/v1/management/reconciliation/online-orders/cases/{caseId:guid}/retry'
info: Microsoft.AspNetCore.Hosting.Diagnostics[2]
      Request finished HTTP/1.1 POST https://127.0.0.1:45923/api/v1/management/reconciliation/online-orders/cases/5bfd854e-e064-4e51-b778-64c1952cfee6/retry?terminalId=ab094f41-6ca6-47f2-a0c0-0448ab822d55 - 401 - application/json;+charset=utf-8 0.2660ms
info: Microsoft.AspNetCore.Hosting.Diagnostics[1]
      Request starting HTTP/1.1 POST http://127.0.0.1:45923/api/v1/management/reconciliation/online-orders/scan?terminalId=0cebbed4-1daf-4f92-913a-fc1926c53139 - application/json;+charset=utf-8 2
info: Microsoft.AspNetCore.Routing.EndpointMiddleware[0]
      Executing endpoint 'HTTP: POST /api/v1/management/reconciliation/online-orders/scan'
info: Microsoft.AspNetCore.Http.Result.JsonResult[1]
      Setting HTTP status code 401.
info: Microsoft.AspNetCore.Http.Result.JsonResult[3]
      Writing value of type 'ReconciliationCaseApiErrorEnvelopeV1' as Json.
info: Microsoft.AspNetCore.Routing.EndpointMiddleware[1]
      Executed endpoint 'HTTP: POST /api/v1/management/reconciliation/online-orders/scan'
info: Microsoft.AspNetCore.Hosting.Diagnostics[2]
      Request finished HTTP/1.1 POST https://127.0.0.1:45923/api/v1/management/reconciliation/online-orders/scan?terminalId=0cebbed4-1daf-4f92-913a-fc1926c53139 - 401 - application/json;+charset=utf-8 0.4098ms
info: Microsoft.AspNetCore.Hosting.Diagnostics[1]
      Request starting HTTP/1.1 POST http://127.0.0.1:45923/api/v1/management/reporting/business-day/open?terminalId=563bbff5-20ac-4ec5-80ea-cc2ec55a1745 - application/json;+charset=utf-8 2
info: Microsoft.AspNetCore.Routing.EndpointMiddleware[0]
      Executing endpoint 'HTTP: POST /api/v1/management/reporting/business-day/open'
info: Microsoft.AspNetCore.Http.Result.JsonResult[1]
      Setting HTTP status code 401.
info: Microsoft.AspNetCore.Http.Result.JsonResult[3]
      Writing value of type 'EndOfDayApiErrorEnvelopeV1' as Json.
info: Microsoft.AspNetCore.Routing.EndpointMiddleware[1]
      Executed endpoint 'HTTP: POST /api/v1/management/reporting/business-day/open'
info: Microsoft.AspNetCore.Hosting.Diagnostics[2]
      Request finished HTTP/1.1 POST https://127.0.0.1:45923/api/v1/management/reporting/business-day/open?terminalId=563bbff5-20ac-4ec5-80ea-cc2ec55a1745 - 401 - application/json;+charset=utf-8 2.1445ms
info: Microsoft.AspNetCore.Hosting.Diagnostics[1]
      Request starting HTTP/1.1 GET http://127.0.0.1:45923/api/v1/management/reporting/business-day/2026-09-28?terminalId=c6bb5ec6-7cf8-4ca6-9d12-fa632535b87f - - -
info: Microsoft.AspNetCore.Routing.EndpointMiddleware[0]
      Executing endpoint 'HTTP: GET /api/v1/management/reporting/business-day/{businessDate}'
info: Microsoft.AspNetCore.Http.Result.JsonResult[1]
      Setting HTTP status code 401.
info: Microsoft.AspNetCore.Http.Result.JsonResult[3]
      Writing value of type 'EndOfDayApiErrorEnvelopeV1' as Json.
info: Microsoft.AspNetCore.Routing.EndpointMiddleware[1]
      Executed endpoint 'HTTP: GET /api/v1/management/reporting/business-day/{businessDate}'
info: Microsoft.AspNetCore.Hosting.Diagnostics[2]
      Request finished HTTP/1.1 GET https://127.0.0.1:45923/api/v1/management/reporting/business-day/2026-09-28?terminalId=c6bb5ec6-7cf8-4ca6-9d12-fa632535b87f - 401 - application/json;+charset=utf-8 0.4020ms
info: Microsoft.AspNetCore.Hosting.Diagnostics[1]
      Request starting HTTP/1.1 POST http://127.0.0.1:45923/api/v1/management/reporting/business-day/2026-09-28/close?terminalId=8820c036-8311-4c25-9d61-727509f2dc30 - application/json;+charset=utf-8 2
info: Microsoft.AspNetCore.Routing.EndpointMiddleware[0]
      Executing endpoint 'HTTP: POST /api/v1/management/reporting/business-day/{businessDate}/close'
info: Microsoft.AspNetCore.Http.Result.JsonResult[1]
      Setting HTTP status code 401.
info: Microsoft.AspNetCore.Http.Result.JsonResult[3]
      Writing value of type 'EndOfDayApiErrorEnvelopeV1' as Json.
info: Microsoft.AspNetCore.Routing.EndpointMiddleware[1]
      Executed endpoint 'HTTP: POST /api/v1/management/reporting/business-day/{businessDate}/close'
info: Microsoft.AspNetCore.Hosting.Diagnostics[2]
      Request finished HTTP/1.1 POST https://127.0.0.1:45923/api/v1/management/reporting/business-day/2026-09-28/close?terminalId=8820c036-8311-4c25-9d61-727509f2dc30 - 401 - application/json;+charset=utf-8 1.2539ms
info: Microsoft.AspNetCore.Hosting.Diagnostics[1]
      Request starting HTTP/1.1 GET http://127.0.0.1:45923/api/v1/management/reporting/business-day/2026-09-28/full-report?terminalId=531130d2-b8c4-43ff-bc81-7b783c54b105 - - -
info: Microsoft.AspNetCore.Routing.EndpointMiddleware[0]
      Executing endpoint 'HTTP: GET /api/v1/management/reporting/business-day/{businessDate}/full-report'
info: Microsoft.AspNetCore.Http.Result.JsonResult[1]
      Setting HTTP status code 401.
info: Microsoft.AspNetCore.Http.Result.JsonResult[3]
      Writing value of type 'EndOfDayApiErrorEnvelopeV1' as Json.
info: Microsoft.AspNetCore.Routing.EndpointMiddleware[1]
      Executed endpoint 'HTTP: GET /api/v1/management/reporting/business-day/{businessDate}/full-report'
info: Microsoft.AspNetCore.Hosting.Diagnostics[2]
      Request finished HTTP/1.1 GET https://127.0.0.1:45923/api/v1/management/reporting/business-day/2026-09-28/full-report?terminalId=531130d2-b8c4-43ff-bc81-7b783c54b105 - 401 - application/json;+charset=utf-8 0.6439ms
info: Microsoft.AspNetCore.Hosting.Diagnostics[1]
      Request starting HTTP/1.1 GET http://127.0.0.1:45923/api/v1/management/reports/channels/?terminalId=492b6ba5-5d17-40af-9af6-ca383148372b - - -
info: Microsoft.AspNetCore.Routing.EndpointMiddleware[0]
      Executing endpoint 'HTTP: GET /api/v1/management/reports/channels/'
info: Microsoft.AspNetCore.Http.Result.JsonResult[1]
      Setting HTTP status code 401.
info: Microsoft.AspNetCore.Http.Result.JsonResult[3]
      Writing value of type 'ReconciliationCaseApiErrorEnvelopeV1' as Json.
info: Microsoft.AspNetCore.Routing.EndpointMiddleware[1]
      Executed endpoint 'HTTP: GET /api/v1/management/reports/channels/'
info: Microsoft.AspNetCore.Hosting.Diagnostics[2]
      Request finished HTTP/1.1 GET https://127.0.0.1:45923/api/v1/management/reports/channels/?terminalId=492b6ba5-5d17-40af-9af6-ca383148372b - 401 - application/json;+charset=utf-8 1.0573ms
info: Microsoft.AspNetCore.Hosting.Diagnostics[1]
      Request starting HTTP/1.1 POST http://127.0.0.1:45923/api/v1/management/roles/permissions?terminalId=27437ffe-2e12-47b3-aff7-4141b196b87a - application/json;+charset=utf-8 2
info: Microsoft.AspNetCore.Routing.EndpointMiddleware[0]
      Executing endpoint 'HTTP: POST /api/v1/management/roles/permissions'
info: Microsoft.AspNetCore.Http.Result.JsonResult[1]
      Setting HTTP status code 401.
info: Microsoft.AspNetCore.Http.Result.JsonResult[3]
      Writing value of type 'RoleManagementErrorEnvelopeV1' as Json.
info: Microsoft.AspNetCore.Routing.EndpointMiddleware[1]
      Executed endpoint 'HTTP: POST /api/v1/management/roles/permissions'
info: Microsoft.AspNetCore.Hosting.Diagnostics[2]
      Request finished HTTP/1.1 POST https://127.0.0.1:45923/api/v1/management/roles/permissions?terminalId=27437ffe-2e12-47b3-aff7-4141b196b87a - 401 - application/json;+charset=utf-8 0.3556ms
info: Microsoft.AspNetCore.Hosting.Diagnostics[1]
      Request starting HTTP/1.1 POST http://127.0.0.1:45923/api/v1/management/roles/roles?terminalId=f4a1f9c9-bbfc-4182-8bda-c4cecb63dc52 - application/json;+charset=utf-8 2
info: Microsoft.AspNetCore.Routing.EndpointMiddleware[0]
      Executing endpoint 'HTTP: POST /api/v1/management/roles/roles'
info: Microsoft.AspNetCore.Http.Result.JsonResult[1]
      Setting HTTP status code 401.
info: Microsoft.AspNetCore.Http.Result.JsonResult[3]
      Writing value of type 'RoleManagementErrorEnvelopeV1' as Json.
info: Microsoft.AspNetCore.Routing.EndpointMiddleware[1]
      Executed endpoint 'HTTP: POST /api/v1/management/roles/roles'
info: Microsoft.AspNetCore.Hosting.Diagnostics[2]
      Request finished HTTP/1.1 POST https://127.0.0.1:45923/api/v1/management/roles/roles?terminalId=f4a1f9c9-bbfc-4182-8bda-c4cecb63dc52 - 401 - application/json;+charset=utf-8 0.7633ms
info: Microsoft.AspNetCore.Hosting.Diagnostics[1]
      Request starting HTTP/1.1 POST http://127.0.0.1:45923/api/v1/management/roles/roles/dc38a4c5-4653-469d-b758-ab893d6f1c18/permissions?terminalId=d8329017-c8f0-4b93-8e0f-debc718c9ee3 - application/json;+charset=utf-8 2
info: Microsoft.AspNetCore.Routing.EndpointMiddleware[0]
      Executing endpoint 'HTTP: POST /api/v1/management/roles/roles/{roleId:guid}/permissions'
info: Microsoft.AspNetCore.Http.Result.JsonResult[1]
      Setting HTTP status code 401.
info: Microsoft.AspNetCore.Http.Result.JsonResult[3]
      Writing value of type 'RoleManagementErrorEnvelopeV1' as Json.
info: Microsoft.AspNetCore.Routing.EndpointMiddleware[1]
      Executed endpoint 'HTTP: POST /api/v1/management/roles/roles/{roleId:guid}/permissions'
info: Microsoft.AspNetCore.Hosting.Diagnostics[2]
      Request finished HTTP/1.1 POST https://127.0.0.1:45923/api/v1/management/roles/roles/dc38a4c5-4653-469d-b758-ab893d6f1c18/permissions?terminalId=d8329017-c8f0-4b93-8e0f-debc718c9ee3 - 401 - application/json;+charset=utf-8 0.3752ms
info: Microsoft.AspNetCore.Hosting.Diagnostics[1]
      Request starting HTTP/1.1 DELETE http://127.0.0.1:45923/api/v1/management/roles/roles/bef8e931-2a9d-4824-a3f0-fdb1d67088aa/permissions/probe?terminalId=dfeb5d6a-a2ca-4f4e-9e4d-73ab609a187e - application/json;+charset=utf-8 2
info: Microsoft.AspNetCore.Routing.EndpointMiddleware[0]
      Executing endpoint 'HTTP: DELETE /api/v1/management/roles/roles/{roleId:guid}/permissions/{permissionCode}'
info: Microsoft.AspNetCore.Http.Result.JsonResult[1]
      Setting HTTP status code 401.
info: Microsoft.AspNetCore.Http.Result.JsonResult[3]
      Writing value of type 'RoleManagementErrorEnvelopeV1' as Json.
info: Microsoft.AspNetCore.Routing.EndpointMiddleware[1]
      Executed endpoint 'HTTP: DELETE /api/v1/management/roles/roles/{roleId:guid}/permissions/{permissionCode}'
info: Microsoft.AspNetCore.Hosting.Diagnostics[2]
      Request finished HTTP/1.1 DELETE https://127.0.0.1:45923/api/v1/management/roles/roles/bef8e931-2a9d-4824-a3f0-fdb1d67088aa/permissions/probe?terminalId=dfeb5d6a-a2ca-4f4e-9e4d-73ab609a187e - 401 - application/json;+charset=utf-8 0.3081ms
info: Microsoft.AspNetCore.Hosting.Diagnostics[1]
      Request starting HTTP/1.1 POST http://127.0.0.1:45923/api/v1/management/roles/roles/991ab003-c325-4ed6-ac3d-f94720485da1/users/ca5c7283-173a-430e-8d04-46fb6bc91e84?terminalId=0dc87c85-f85b-4e54-9aed-a2664e8c1d08 - application/json;+charset=utf-8 2
info: Microsoft.AspNetCore.Routing.EndpointMiddleware[0]
      Executing endpoint 'HTTP: POST /api/v1/management/roles/roles/{roleId:guid}/users/{userId:guid}'
info: Microsoft.AspNetCore.Http.Result.JsonResult[1]
      Setting HTTP status code 401.
info: Microsoft.AspNetCore.Http.Result.JsonResult[3]
      Writing value of type 'RoleManagementErrorEnvelopeV1' as Json.
info: Microsoft.AspNetCore.Routing.EndpointMiddleware[1]
      Executed endpoint 'HTTP: POST /api/v1/management/roles/roles/{roleId:guid}/users/{userId:guid}'
info: Microsoft.AspNetCore.Hosting.Diagnostics[2]
      Request finished HTTP/1.1 POST https://127.0.0.1:45923/api/v1/management/roles/roles/991ab003-c325-4ed6-ac3d-f94720485da1/users/ca5c7283-173a-430e-8d04-46fb6bc91e84?terminalId=0dc87c85-f85b-4e54-9aed-a2664e8c1d08 - 401 - application/json;+charset=utf-8 0.2768ms
info: Microsoft.AspNetCore.Hosting.Diagnostics[1]
      Request starting HTTP/1.1 DELETE http://127.0.0.1:45923/api/v1/management/roles/roles/ba215697-19fb-49ca-b411-65e08ca39095/users/39889e5e-42e6-48ce-8a31-57f4bdbd2cc5?terminalId=4676a7ec-1929-47e5-9aa2-4f81e6ae0c8b - application/json;+charset=utf-8 2
info: Microsoft.AspNetCore.Routing.EndpointMiddleware[0]
      Executing endpoint 'HTTP: DELETE /api/v1/management/roles/roles/{roleId:guid}/users/{userId:guid}'
info: Microsoft.AspNetCore.Http.Result.JsonResult[1]
      Setting HTTP status code 401.
info: Microsoft.AspNetCore.Http.Result.JsonResult[3]
      Writing value of type 'RoleManagementErrorEnvelopeV1' as Json.
info: Microsoft.AspNetCore.Routing.EndpointMiddleware[1]
      Executed endpoint 'HTTP: DELETE /api/v1/management/roles/roles/{roleId:guid}/users/{userId:guid}'
info: Microsoft.AspNetCore.Hosting.Diagnostics[2]
      Request finished HTTP/1.1 DELETE https://127.0.0.1:45923/api/v1/management/roles/roles/ba215697-19fb-49ca-b411-65e08ca39095/users/39889e5e-42e6-48ce-8a31-57f4bdbd2cc5?terminalId=4676a7ec-1929-47e5-9aa2-4f81e6ae0c8b - 401 - application/json;+charset=utf-8 0.6368ms
info: Microsoft.AspNetCore.Hosting.Diagnostics[1]
      Request starting HTTP/1.1 GET http://127.0.0.1:45923/api/v1/management/security/backup/restore-attempts?terminalId=efbbf3ba-e4cf-4844-8894-d10e1ecb4c7d - - -
info: Microsoft.AspNetCore.Routing.EndpointMiddleware[0]
      Executing endpoint 'HTTP: GET /api/v1/management/security/backup/restore-attempts'
info: Microsoft.AspNetCore.Http.Result.JsonResult[1]
      Setting HTTP status code 401.
info: Microsoft.AspNetCore.Http.Result.JsonResult[3]
      Writing value of type 'SecurityAdministrationApiErrorEnvelopeV1' as Json.
info: Microsoft.AspNetCore.Routing.EndpointMiddleware[1]
      Executed endpoint 'HTTP: GET /api/v1/management/security/backup/restore-attempts'
info: Microsoft.AspNetCore.Hosting.Diagnostics[2]
      Request finished HTTP/1.1 GET https://127.0.0.1:45923/api/v1/management/security/backup/restore-attempts?terminalId=efbbf3ba-e4cf-4844-8894-d10e1ecb4c7d - 401 - application/json;+charset=utf-8 0.6151ms
info: Microsoft.AspNetCore.Hosting.Diagnostics[1]
      Request starting HTTP/1.1 GET http://127.0.0.1:45923/api/v1/management/security/backup/rpo?terminalId=4af1cfed-b33b-448e-817f-0515ccc0ca79 - - -
info: Microsoft.AspNetCore.Routing.EndpointMiddleware[0]
      Executing endpoint 'HTTP: GET /api/v1/management/security/backup/rpo'
info: Microsoft.AspNetCore.Http.Result.JsonResult[1]
      Setting HTTP status code 401.
info: Microsoft.AspNetCore.Http.Result.JsonResult[3]
      Writing value of type 'SecurityAdministrationApiErrorEnvelopeV1' as Json.
info: Microsoft.AspNetCore.Routing.EndpointMiddleware[1]
      Executed endpoint 'HTTP: GET /api/v1/management/security/backup/rpo'
info: Microsoft.AspNetCore.Hosting.Diagnostics[2]
      Request finished HTTP/1.1 GET https://127.0.0.1:45923/api/v1/management/security/backup/rpo?terminalId=4af1cfed-b33b-448e-817f-0515ccc0ca79 - 401 - application/json;+charset=utf-8 1.4721ms
info: Microsoft.AspNetCore.Hosting.Diagnostics[1]
      Request starting HTTP/1.1 POST http://127.0.0.1:45923/api/v1/management/security/diagnostic-bundle?terminalId=cf763918-ccd1-49be-b58a-16faa6b4ae1a - application/json;+charset=utf-8 2
info: Microsoft.AspNetCore.Routing.EndpointMiddleware[0]
      Executing endpoint 'HTTP: POST /api/v1/management/security/diagnostic-bundle'
info: Microsoft.AspNetCore.Http.Result.JsonResult[1]
      Setting HTTP status code 401.
info: Microsoft.AspNetCore.Http.Result.JsonResult[3]
      Writing value of type 'SecurityAdministrationApiErrorEnvelopeV1' as Json.
info: Microsoft.AspNetCore.Routing.EndpointMiddleware[1]
      Executed endpoint 'HTTP: POST /api/v1/management/security/diagnostic-bundle'
info: Microsoft.AspNetCore.Hosting.Diagnostics[2]
      Request finished HTTP/1.1 POST https://127.0.0.1:45923/api/v1/management/security/diagnostic-bundle?terminalId=cf763918-ccd1-49be-b58a-16faa6b4ae1a - 401 - application/json;+charset=utf-8 0.8702ms
info: Microsoft.AspNetCore.Hosting.Diagnostics[1]
      Request starting HTTP/1.1 GET http://127.0.0.1:45923/api/v1/management/security/maintenance/jobs?terminalId=a13cb58d-d6a8-4b6b-a560-090c194dbe32 - - -
info: Microsoft.AspNetCore.Routing.EndpointMiddleware[0]
      Executing endpoint 'HTTP: GET /api/v1/management/security/maintenance/jobs'
info: Microsoft.AspNetCore.Http.Result.JsonResult[1]
      Setting HTTP status code 401.
info: Microsoft.AspNetCore.Http.Result.JsonResult[3]
      Writing value of type 'SecurityAdministrationApiErrorEnvelopeV1' as Json.
info: Microsoft.AspNetCore.Routing.EndpointMiddleware[1]
      Executed endpoint 'HTTP: GET /api/v1/management/security/maintenance/jobs'
info: Microsoft.AspNetCore.Hosting.Diagnostics[2]
      Request finished HTTP/1.1 GET https://127.0.0.1:45923/api/v1/management/security/maintenance/jobs?terminalId=a13cb58d-d6a8-4b6b-a560-090c194dbe32 - 401 - application/json;+charset=utf-8 0.2587ms
info: Microsoft.AspNetCore.Hosting.Diagnostics[1]
      Request starting HTTP/1.1 POST http://127.0.0.1:45923/api/v1/management/security/maintenance/jobs/probe/run?terminalId=7c1f6356-fb1b-42ca-aa88-0989367126e4 - application/json;+charset=utf-8 2
info: Microsoft.AspNetCore.Routing.EndpointMiddleware[0]
      Executing endpoint 'HTTP: POST /api/v1/management/security/maintenance/jobs/{name}/run'
info: Microsoft.AspNetCore.Http.Result.JsonResult[1]
      Setting HTTP status code 401.
info: Microsoft.AspNetCore.Http.Result.JsonResult[3]
      Writing value of type 'SecurityAdministrationApiErrorEnvelopeV1' as Json.
info: Microsoft.AspNetCore.Routing.EndpointMiddleware[1]
      Executed endpoint 'HTTP: POST /api/v1/management/security/maintenance/jobs/{name}/run'
info: Microsoft.AspNetCore.Hosting.Diagnostics[2]
      Request finished HTTP/1.1 POST https://127.0.0.1:45923/api/v1/management/security/maintenance/jobs/probe/run?terminalId=7c1f6356-fb1b-42ca-aa88-0989367126e4 - 401 - application/json;+charset=utf-8 0.1627ms
info: Microsoft.AspNetCore.Hosting.Diagnostics[1]
      Request starting HTTP/1.1 GET http://127.0.0.1:45923/api/v1/management/security/orders/backlog?terminalId=03ee30af-ebb8-4450-990a-f458a2940261 - - -
info: Microsoft.AspNetCore.Routing.EndpointMiddleware[0]
      Executing endpoint 'HTTP: GET /api/v1/management/security/orders/backlog'
info: Microsoft.AspNetCore.Http.Result.JsonResult[1]
      Setting HTTP status code 401.
info: Microsoft.AspNetCore.Http.Result.JsonResult[3]
      Writing value of type 'SecurityAdministrationApiErrorEnvelopeV1' as Json.
info: Microsoft.AspNetCore.Routing.EndpointMiddleware[1]
      Executed endpoint 'HTTP: GET /api/v1/management/security/orders/backlog'
info: Microsoft.AspNetCore.Hosting.Diagnostics[2]
      Request finished HTTP/1.1 GET https://127.0.0.1:45923/api/v1/management/security/orders/backlog?terminalId=03ee30af-ebb8-4450-990a-f458a2940261 - 401 - application/json;+charset=utf-8 0.7878ms
info: Microsoft.AspNetCore.Hosting.Diagnostics[1]
      Request starting HTTP/1.1 POST http://127.0.0.1:45923/api/v1/management/security/orders/close-settled?terminalId=09ed43da-ead5-4479-a390-80b05018958e - application/json;+charset=utf-8 2
info: Microsoft.AspNetCore.Routing.EndpointMiddleware[0]
      Executing endpoint 'HTTP: POST /api/v1/management/security/orders/close-settled'
info: Microsoft.AspNetCore.Http.Result.JsonResult[1]
      Setting HTTP status code 401.
info: Microsoft.AspNetCore.Http.Result.JsonResult[3]
      Writing value of type 'SecurityAdministrationApiErrorEnvelopeV1' as Json.
info: Microsoft.AspNetCore.Routing.EndpointMiddleware[1]
      Executed endpoint 'HTTP: POST /api/v1/management/security/orders/close-settled'
info: Microsoft.AspNetCore.Hosting.Diagnostics[2]
      Request finished HTTP/1.1 POST https://127.0.0.1:45923/api/v1/management/security/orders/close-settled?terminalId=09ed43da-ead5-4479-a390-80b05018958e - 401 - application/json;+charset=utf-8 0.5479ms
info: Microsoft.AspNetCore.Hosting.Diagnostics[1]
      Request starting HTTP/1.1 GET http://127.0.0.1:45923/api/v1/management/security/outbox/dead-letters?terminalId=f1e726f3-f2ec-40b9-ae08-7cce31fdd023 - - -
info: Microsoft.AspNetCore.Routing.EndpointMiddleware[0]
      Executing endpoint 'HTTP: GET /api/v1/management/security/outbox/dead-letters'
info: Microsoft.AspNetCore.Http.Result.JsonResult[1]
      Setting HTTP status code 401.
info: Microsoft.AspNetCore.Http.Result.JsonResult[3]
      Writing value of type 'SecurityAdministrationApiErrorEnvelopeV1' as Json.
info: Microsoft.AspNetCore.Routing.EndpointMiddleware[1]
      Executed endpoint 'HTTP: GET /api/v1/management/security/outbox/dead-letters'
info: Microsoft.AspNetCore.Hosting.Diagnostics[2]
      Request finished HTTP/1.1 GET https://127.0.0.1:45923/api/v1/management/security/outbox/dead-letters?terminalId=f1e726f3-f2ec-40b9-ae08-7cce31fdd023 - 401 - application/json;+charset=utf-8 0.4704ms
info: Microsoft.AspNetCore.Hosting.Diagnostics[1]
      Request starting HTTP/1.1 POST http://127.0.0.1:45923/api/v1/management/security/outbox/dead-letters/43da4f3d-89b3-44ea-b2f9-878c7aefb57d/requeue?terminalId=e483beb5-7b59-4402-9e4b-560fb09ea769 - application/json;+charset=utf-8 2
info: Microsoft.AspNetCore.Routing.EndpointMiddleware[0]
      Executing endpoint 'HTTP: POST /api/v1/management/security/outbox/dead-letters/{id:guid}/requeue'
info: Microsoft.AspNetCore.Http.Result.JsonResult[1]
      Setting HTTP status code 401.
info: Microsoft.AspNetCore.Http.Result.JsonResult[3]
      Writing value of type 'SecurityAdministrationApiErrorEnvelopeV1' as Json.
info: Microsoft.AspNetCore.Routing.EndpointMiddleware[1]
      Executed endpoint 'HTTP: POST /api/v1/management/security/outbox/dead-letters/{id:guid}/requeue'
info: Microsoft.AspNetCore.Hosting.Diagnostics[2]
      Request finished HTTP/1.1 POST https://127.0.0.1:45923/api/v1/management/security/outbox/dead-letters/43da4f3d-89b3-44ea-b2f9-878c7aefb57d/requeue?terminalId=e483beb5-7b59-4402-9e4b-560fb09ea769 - 401 - application/json;+charset=utf-8 0.3211ms
info: Microsoft.AspNetCore.Hosting.Diagnostics[1]
      Request starting HTTP/1.1 GET http://127.0.0.1:45923/api/v1/management/security/secrets?terminalId=c84ad76e-31e8-4dcb-a75e-fa2a59e61a40 - - -
info: Microsoft.AspNetCore.Routing.EndpointMiddleware[0]
      Executing endpoint 'HTTP: GET /api/v1/management/security/secrets'
info: Microsoft.AspNetCore.Http.Result.JsonResult[1]
      Setting HTTP status code 401.
info: Microsoft.AspNetCore.Http.Result.JsonResult[3]
      Writing value of type 'SecurityAdministrationApiErrorEnvelopeV1' as Json.
info: Microsoft.AspNetCore.Routing.EndpointMiddleware[1]
      Executed endpoint 'HTTP: GET /api/v1/management/security/secrets'
info: Microsoft.AspNetCore.Hosting.Diagnostics[2]
      Request finished HTTP/1.1 GET https://127.0.0.1:45923/api/v1/management/security/secrets?terminalId=c84ad76e-31e8-4dcb-a75e-fa2a59e61a40 - 401 - application/json;+charset=utf-8 0.3706ms
info: Microsoft.AspNetCore.Hosting.Diagnostics[1]
      Request starting HTTP/1.1 GET http://127.0.0.1:45923/api/v1/management/security/secrets/probe/rotation?terminalId=9bfa2928-b9ff-4089-a415-a366b328ed77 - - -
info: Microsoft.AspNetCore.Routing.EndpointMiddleware[0]
      Executing endpoint 'HTTP: GET /api/v1/management/security/secrets/{name}/rotation'
info: Microsoft.AspNetCore.Http.Result.JsonResult[1]
      Setting HTTP status code 401.
info: Microsoft.AspNetCore.Http.Result.JsonResult[3]
      Writing value of type 'SecurityAdministrationApiErrorEnvelopeV1' as Json.
info: Microsoft.AspNetCore.Routing.EndpointMiddleware[1]
      Executed endpoint 'HTTP: GET /api/v1/management/security/secrets/{name}/rotation'
info: Microsoft.AspNetCore.Hosting.Diagnostics[2]
      Request finished HTTP/1.1 GET https://127.0.0.1:45923/api/v1/management/security/secrets/probe/rotation?terminalId=9bfa2928-b9ff-4089-a415-a366b328ed77 - 401 - application/json;+charset=utf-8 0.3382ms
info: Microsoft.AspNetCore.Hosting.Diagnostics[1]
      Request starting HTTP/1.1 POST http://127.0.0.1:45923/api/v1/management/security/secrets/probe/rotation/initialize?terminalId=10163420-c1a8-4514-8f11-3ad32b7a1174 - application/json;+charset=utf-8 2
info: Microsoft.AspNetCore.Routing.EndpointMiddleware[0]
      Executing endpoint 'HTTP: POST /api/v1/management/security/secrets/{name}/rotation/initialize'
info: Microsoft.AspNetCore.Http.Result.JsonResult[1]
      Setting HTTP status code 401.
info: Microsoft.AspNetCore.Http.Result.JsonResult[3]
      Writing value of type 'SecurityAdministrationApiErrorEnvelopeV1' as Json.
info: Microsoft.AspNetCore.Routing.EndpointMiddleware[1]
      Executed endpoint 'HTTP: POST /api/v1/management/security/secrets/{name}/rotation/initialize'
info: Microsoft.AspNetCore.Hosting.Diagnostics[2]
      Request finished HTTP/1.1 POST https://127.0.0.1:45923/api/v1/management/security/secrets/probe/rotation/initialize?terminalId=10163420-c1a8-4514-8f11-3ad32b7a1174 - 401 - application/json;+charset=utf-8 0.2243ms
info: Microsoft.AspNetCore.Hosting.Diagnostics[1]
      Request starting HTTP/1.1 POST http://127.0.0.1:45923/api/v1/management/security/secrets/probe/rotation/revoke?terminalId=1b35f536-cd7d-4a06-8f85-ede001f8fccd - application/json;+charset=utf-8 2
info: Microsoft.AspNetCore.Routing.EndpointMiddleware[0]
      Executing endpoint 'HTTP: POST /api/v1/management/security/secrets/{name}/rotation/revoke'
info: Microsoft.AspNetCore.Http.Result.JsonResult[1]
      Setting HTTP status code 401.
info: Microsoft.AspNetCore.Http.Result.JsonResult[3]
      Writing value of type 'SecurityAdministrationApiErrorEnvelopeV1' as Json.
info: Microsoft.AspNetCore.Routing.EndpointMiddleware[1]
      Executed endpoint 'HTTP: POST /api/v1/management/security/secrets/{name}/rotation/revoke'
info: Microsoft.AspNetCore.Hosting.Diagnostics[2]
      Request finished HTTP/1.1 POST https://127.0.0.1:45923/api/v1/management/security/secrets/probe/rotation/revoke?terminalId=1b35f536-cd7d-4a06-8f85-ede001f8fccd - 401 - application/json;+charset=utf-8 0.3157ms
info: Microsoft.AspNetCore.Hosting.Diagnostics[1]
      Request starting HTTP/1.1 POST http://127.0.0.1:45923/api/v1/management/security/secrets/probe/rotation/rollback?terminalId=7b2629a5-0c8b-4d80-9c1d-ca66a41fc355 - application/json;+charset=utf-8 2
info: Microsoft.AspNetCore.Routing.EndpointMiddleware[0]
      Executing endpoint 'HTTP: POST /api/v1/management/security/secrets/{name}/rotation/rollback'
info: Microsoft.AspNetCore.Http.Result.JsonResult[1]
      Setting HTTP status code 401.
info: Microsoft.AspNetCore.Http.Result.JsonResult[3]
      Writing value of type 'SecurityAdministrationApiErrorEnvelopeV1' as Json.
info: Microsoft.AspNetCore.Routing.EndpointMiddleware[1]
      Executed endpoint 'HTTP: POST /api/v1/management/security/secrets/{name}/rotation/rollback'
info: Microsoft.AspNetCore.Hosting.Diagnostics[2]
      Request finished HTTP/1.1 POST https://127.0.0.1:45923/api/v1/management/security/secrets/probe/rotation/rollback?terminalId=7b2629a5-0c8b-4d80-9c1d-ca66a41fc355 - 401 - application/json;+charset=utf-8 0.2381ms
info: Microsoft.AspNetCore.Hosting.Diagnostics[1]
      Request starting HTTP/1.1 POST http://127.0.0.1:45923/api/v1/management/security/secrets/probe/rotation/rotate?terminalId=afebdf92-816a-4443-8cdd-01e66a01fa2e - application/json;+charset=utf-8 2
info: Microsoft.AspNetCore.Routing.EndpointMiddleware[0]
      Executing endpoint 'HTTP: POST /api/v1/management/security/secrets/{name}/rotation/rotate'
info: Microsoft.AspNetCore.Http.Result.JsonResult[1]
      Setting HTTP status code 401.
info: Microsoft.AspNetCore.Http.Result.JsonResult[3]
      Writing value of type 'SecurityAdministrationApiErrorEnvelopeV1' as Json.
info: Microsoft.AspNetCore.Routing.EndpointMiddleware[1]
      Executed endpoint 'HTTP: POST /api/v1/management/security/secrets/{name}/rotation/rotate'
info: Microsoft.AspNetCore.Hosting.Diagnostics[2]
      Request finished HTTP/1.1 POST https://127.0.0.1:45923/api/v1/management/security/secrets/probe/rotation/rotate?terminalId=afebdf92-816a-4443-8cdd-01e66a01fa2e - 401 - application/json;+charset=utf-8 0.2898ms
info: Microsoft.AspNetCore.Hosting.Diagnostics[1]
      Request starting HTTP/1.1 GET http://127.0.0.1:45923/api/v1/management/security/users/lookup?terminalId=6eea2078-7d89-4b63-a47d-4646aa107e44 - - -
info: Microsoft.AspNetCore.Routing.EndpointMiddleware[0]
      Executing endpoint 'HTTP: GET /api/v1/management/security/users/lookup'
info: Microsoft.AspNetCore.Http.Result.JsonResult[1]
      Setting HTTP status code 401.
info: Microsoft.AspNetCore.Http.Result.JsonResult[3]
      Writing value of type 'SecurityAdministrationApiErrorEnvelopeV1' as Json.
info: Microsoft.AspNetCore.Routing.EndpointMiddleware[1]
      Executed endpoint 'HTTP: GET /api/v1/management/security/users/lookup'
info: Microsoft.AspNetCore.Hosting.Diagnostics[2]
      Request finished HTTP/1.1 GET https://127.0.0.1:45923/api/v1/management/security/users/lookup?terminalId=6eea2078-7d89-4b63-a47d-4646aa107e44 - 401 - application/json;+charset=utf-8 0.3127ms
info: Microsoft.AspNetCore.Hosting.Diagnostics[1]
      Request starting HTTP/1.1 POST http://127.0.0.1:45923/api/v1/management/security/users/7e2538c5-b4ff-4c4a-92f6-d873c78eb87d/force-unlock?terminalId=e3a0fe87-d7c4-40f9-95d2-840d34737be5 - application/json;+charset=utf-8 2
info: Microsoft.AspNetCore.Routing.EndpointMiddleware[0]
      Executing endpoint 'HTTP: POST /api/v1/management/security/users/{userId:guid}/force-unlock'
info: Microsoft.AspNetCore.Http.Result.JsonResult[1]
      Setting HTTP status code 401.
info: Microsoft.AspNetCore.Http.Result.JsonResult[3]
      Writing value of type 'SecurityAdministrationApiErrorEnvelopeV1' as Json.
info: Microsoft.AspNetCore.Routing.EndpointMiddleware[1]
      Executed endpoint 'HTTP: POST /api/v1/management/security/users/{userId:guid}/force-unlock'
info: Microsoft.AspNetCore.Hosting.Diagnostics[2]
      Request finished HTTP/1.1 POST https://127.0.0.1:45923/api/v1/management/security/users/7e2538c5-b4ff-4c4a-92f6-d873c78eb87d/force-unlock?terminalId=e3a0fe87-d7c4-40f9-95d2-840d34737be5 - 401 - application/json;+charset=utf-8 0.2744ms
info: Microsoft.AspNetCore.Hosting.Diagnostics[1]
      Request starting HTTP/1.1 POST http://127.0.0.1:45923/api/v1/management/security/users/fa18bfd6-bff7-4ab2-8a00-abe560401f22/revoke-sessions?terminalId=6b013afe-cf40-499a-aab3-4d10f2dbd1b9 - application/json;+charset=utf-8 2
info: Microsoft.AspNetCore.Routing.EndpointMiddleware[0]
      Executing endpoint 'HTTP: POST /api/v1/management/security/users/{userId:guid}/revoke-sessions'
info: Microsoft.AspNetCore.Http.Result.JsonResult[1]
      Setting HTTP status code 401.
info: Microsoft.AspNetCore.Http.Result.JsonResult[3]
      Writing value of type 'SecurityAdministrationApiErrorEnvelopeV1' as Json.
info: Microsoft.AspNetCore.Routing.EndpointMiddleware[1]
      Executed endpoint 'HTTP: POST /api/v1/management/security/users/{userId:guid}/revoke-sessions'
info: Microsoft.AspNetCore.Hosting.Diagnostics[2]
      Request finished HTTP/1.1 POST https://127.0.0.1:45923/api/v1/management/security/users/fa18bfd6-bff7-4ab2-8a00-abe560401f22/revoke-sessions?terminalId=6b013afe-cf40-499a-aab3-4d10f2dbd1b9 - 401 - application/json;+charset=utf-8 0.8152ms
info: Microsoft.AspNetCore.Hosting.Diagnostics[1]
      Request starting HTTP/1.1 GET http://127.0.0.1:45923/api/v1/management/settings/?terminalId=cc878db4-5c4e-4669-bf5c-7e943e6848f6 - - -
info: Microsoft.AspNetCore.Routing.EndpointMiddleware[0]
      Executing endpoint 'HTTP: GET /api/v1/management/settings/'
info: Microsoft.AspNetCore.Http.Result.JsonResult[1]
      Setting HTTP status code 401.
info: Microsoft.AspNetCore.Http.Result.JsonResult[3]
      Writing value of type 'SettingsApiErrorEnvelopeV1' as Json.
info: Microsoft.AspNetCore.Routing.EndpointMiddleware[1]
      Executed endpoint 'HTTP: GET /api/v1/management/settings/'
info: Microsoft.AspNetCore.Hosting.Diagnostics[2]
      Request finished HTTP/1.1 GET https://127.0.0.1:45923/api/v1/management/settings/?terminalId=cc878db4-5c4e-4669-bf5c-7e943e6848f6 - 401 - application/json;+charset=utf-8 0.7203ms
info: Microsoft.AspNetCore.Hosting.Diagnostics[1]
      Request starting HTTP/1.1 GET http://127.0.0.1:45923/api/v1/management/settings/probe?terminalId=1d5d4b2f-4c95-4e2f-a365-44304239321b - - -
info: Microsoft.AspNetCore.Routing.EndpointMiddleware[0]
      Executing endpoint 'HTTP: GET /api/v1/management/settings/{key}'
info: Microsoft.AspNetCore.Http.Result.JsonResult[1]
      Setting HTTP status code 401.
info: Microsoft.AspNetCore.Http.Result.JsonResult[3]
      Writing value of type 'SettingsApiErrorEnvelopeV1' as Json.
info: Microsoft.AspNetCore.Routing.EndpointMiddleware[1]
      Executed endpoint 'HTTP: GET /api/v1/management/settings/{key}'
info: Microsoft.AspNetCore.Hosting.Diagnostics[2]
      Request finished HTTP/1.1 GET https://127.0.0.1:45923/api/v1/management/settings/probe?terminalId=1d5d4b2f-4c95-4e2f-a365-44304239321b - 401 - application/json;+charset=utf-8 0.4406ms
info: Microsoft.AspNetCore.Hosting.Diagnostics[1]
      Request starting HTTP/1.1 PUT http://127.0.0.1:45923/api/v1/management/settings/probe?terminalId=702b05ff-e1e2-496b-a78f-c3edf2029232 - application/json;+charset=utf-8 2
info: Microsoft.AspNetCore.Routing.EndpointMiddleware[0]
      Executing endpoint 'HTTP: PUT /api/v1/management/settings/{key}'
info: Microsoft.AspNetCore.Http.Result.JsonResult[1]
      Setting HTTP status code 401.
info: Microsoft.AspNetCore.Http.Result.JsonResult[3]
      Writing value of type 'SettingsApiErrorEnvelopeV1' as Json.
info: Microsoft.AspNetCore.Routing.EndpointMiddleware[1]
      Executed endpoint 'HTTP: PUT /api/v1/management/settings/{key}'
info: Microsoft.AspNetCore.Hosting.Diagnostics[2]
      Request finished HTTP/1.1 PUT https://127.0.0.1:45923/api/v1/management/settings/probe?terminalId=702b05ff-e1e2-496b-a78f-c3edf2029232 - 401 - application/json;+charset=utf-8 0.5819ms
info: Microsoft.AspNetCore.Hosting.Diagnostics[1]
      Request starting HTTP/1.1 DELETE http://127.0.0.1:45923/api/v1/management/settings/probe?terminalId=153e287b-eba3-411a-b996-c9b9fd1f8ae5 - application/json;+charset=utf-8 2
info: Microsoft.AspNetCore.Routing.EndpointMiddleware[0]
      Executing endpoint 'HTTP: DELETE /api/v1/management/settings/{key}'
info: Microsoft.AspNetCore.Http.Result.JsonResult[1]
      Setting HTTP status code 401.
info: Microsoft.AspNetCore.Http.Result.JsonResult[3]
      Writing value of type 'SettingsApiErrorEnvelopeV1' as Json.
info: Microsoft.AspNetCore.Routing.EndpointMiddleware[1]
      Executed endpoint 'HTTP: DELETE /api/v1/management/settings/{key}'
info: Microsoft.AspNetCore.Hosting.Diagnostics[2]
      Request finished HTTP/1.1 DELETE https://127.0.0.1:45923/api/v1/management/settings/probe?terminalId=153e287b-eba3-411a-b996-c9b9fd1f8ae5 - 401 - application/json;+charset=utf-8 0.3299ms
info: Microsoft.AspNetCore.Hosting.Diagnostics[1]
      Request starting HTTP/1.1 GET http://127.0.0.1:45923/api/v1/management/settings/probe/history?terminalId=32df9b48-4259-4fb0-9f6d-5105fb7bb891 - - -
info: Microsoft.AspNetCore.Routing.EndpointMiddleware[0]
      Executing endpoint 'HTTP: GET /api/v1/management/settings/{key}/history'
info: Microsoft.AspNetCore.Http.Result.JsonResult[1]
      Setting HTTP status code 401.
info: Microsoft.AspNetCore.Http.Result.JsonResult[3]
      Writing value of type 'SettingsApiErrorEnvelopeV1' as Json.
info: Microsoft.AspNetCore.Routing.EndpointMiddleware[1]
      Executed endpoint 'HTTP: GET /api/v1/management/settings/{key}/history'
info: Microsoft.AspNetCore.Hosting.Diagnostics[2]
      Request finished HTTP/1.1 GET https://127.0.0.1:45923/api/v1/management/settings/probe/history?terminalId=32df9b48-4259-4fb0-9f6d-5105fb7bb891 - 401 - application/json;+charset=utf-8 0.4249ms
info: Microsoft.AspNetCore.Hosting.Diagnostics[1]
      Request starting HTTP/1.1 POST http://127.0.0.1:45923/api/v1/management/users/?terminalId=8df66362-fec8-455a-9583-259f8a2e65e1 - application/json;+charset=utf-8 2
info: Microsoft.AspNetCore.Routing.EndpointMiddleware[0]
      Executing endpoint 'HTTP: POST /api/v1/management/users/'
info: Microsoft.AspNetCore.Http.Result.JsonResult[1]
      Setting HTTP status code 401.
info: Microsoft.AspNetCore.Http.Result.JsonResult[3]
      Writing value of type 'RoleManagementErrorEnvelopeV1' as Json.
info: Microsoft.AspNetCore.Routing.EndpointMiddleware[1]
      Executed endpoint 'HTTP: POST /api/v1/management/users/'
info: Microsoft.AspNetCore.Hosting.Diagnostics[2]
      Request finished HTTP/1.1 POST https://127.0.0.1:45923/api/v1/management/users/?terminalId=8df66362-fec8-455a-9583-259f8a2e65e1 - 401 - application/json;+charset=utf-8 0.4754ms
info: Microsoft.AspNetCore.Hosting.Diagnostics[1]
      Request starting HTTP/1.1 GET http://127.0.0.1:45923/api/v1/nfc/tables/594d7626-cc3d-47a5-a01d-bae853cd4766/catalog?terminalId=7c297816-7cdb-40d7-aaf8-1ca06037d11f - - -
info: Microsoft.AspNetCore.Routing.EndpointMiddleware[0]
      Executing endpoint 'HTTP: GET /api/v1/nfc/tables/{tableId:guid}/catalog'
info: Microsoft.AspNetCore.Http.Result.OkObjectResult[1]
      Setting HTTP status code 200.
info: Microsoft.AspNetCore.Http.Result.OkObjectResult[3]
      Writing value of type 'CatalogProductDto[]' as Json.
info: Microsoft.AspNetCore.Routing.EndpointMiddleware[1]
      Executed endpoint 'HTTP: GET /api/v1/nfc/tables/{tableId:guid}/catalog'
info: Microsoft.AspNetCore.Hosting.Diagnostics[2]
      Request finished HTTP/1.1 GET https://127.0.0.1:45923/api/v1/nfc/tables/594d7626-cc3d-47a5-a01d-bae853cd4766/catalog?terminalId=7c297816-7cdb-40d7-aaf8-1ca06037d11f - 200 - application/json;+charset=utf-8 25.8087ms
info: Microsoft.AspNetCore.Hosting.Diagnostics[1]
      Request starting HTTP/1.1 POST http://127.0.0.1:45923/api/v1/nfc/tables/e8a31a46-02c6-4b54-90dc-80b8824b3979/orders?terminalId=a005b23b-5040-4b81-b3cc-4b5a2ce880d4 - application/json;+charset=utf-8 2
info: Microsoft.AspNetCore.Routing.EndpointMiddleware[0]
      Executing endpoint 'HTTP: POST /api/v1/nfc/tables/{tableId:guid}/orders'
info: Microsoft.AspNetCore.Http.Result.BadRequestObjectResult[1]
      Setting HTTP status code 400.
info: Microsoft.AspNetCore.Http.Result.BadRequestObjectResult[3]
      Writing value of type '<>f__AnonymousType5`1' as Json.
info: Microsoft.AspNetCore.Routing.EndpointMiddleware[1]
      Executed endpoint 'HTTP: POST /api/v1/nfc/tables/{tableId:guid}/orders'
info: Microsoft.AspNetCore.Hosting.Diagnostics[2]
      Request finished HTTP/1.1 POST https://127.0.0.1:45923/api/v1/nfc/tables/e8a31a46-02c6-4b54-90dc-80b8824b3979/orders?terminalId=a005b23b-5040-4b81-b3cc-4b5a2ce880d4 - 400 - application/json;+charset=utf-8 4.1074ms
info: Microsoft.AspNetCore.Hosting.Diagnostics[1]
      Request starting HTTP/1.1 GET http://127.0.0.1:45923/api/v1/qr/bill?terminalId=802959e5-ff5c-438d-9b18-2350dd9394ea - - -
info: Microsoft.AspNetCore.Routing.EndpointMiddleware[0]
      Executing endpoint 'HTTP: GET /api/v1/qr/bill'
info: Microsoft.AspNetCore.Http.Result.JsonResult[1]
      Setting HTTP status code 401.
info: Microsoft.AspNetCore.Http.Result.JsonResult[3]
      Writing value of type '<>f__AnonymousType5`1' as Json.
info: Microsoft.AspNetCore.Routing.EndpointMiddleware[1]
      Executed endpoint 'HTTP: GET /api/v1/qr/bill'
info: Microsoft.AspNetCore.Hosting.Diagnostics[2]
      Request finished HTTP/1.1 GET https://127.0.0.1:45923/api/v1/qr/bill?terminalId=802959e5-ff5c-438d-9b18-2350dd9394ea - 401 - application/json;+charset=utf-8 5.6569ms
info: Microsoft.AspNetCore.Hosting.Diagnostics[1]
      Request starting HTTP/1.1 GET http://127.0.0.1:45923/api/v1/qr/branding?terminalId=ece87558-0887-4a2d-88db-5db346c7554d - - -
info: Microsoft.AspNetCore.Routing.EndpointMiddleware[0]
      Executing endpoint 'HTTP: GET /api/v1/qr/branding'
info: Microsoft.AspNetCore.Http.Result.OkObjectResult[1]
      Setting HTTP status code 200.
info: Microsoft.AspNetCore.Http.Result.OkObjectResult[3]
      Writing value of type 'QrBrandingResponse' as Json.
info: Microsoft.AspNetCore.Routing.EndpointMiddleware[1]
      Executed endpoint 'HTTP: GET /api/v1/qr/branding'
info: Microsoft.AspNetCore.Hosting.Diagnostics[2]
      Request finished HTTP/1.1 GET https://127.0.0.1:45923/api/v1/qr/branding?terminalId=ece87558-0887-4a2d-88db-5db346c7554d - 200 - application/json;+charset=utf-8 21.8165ms
info: Microsoft.AspNetCore.Hosting.Diagnostics[1]
      Request starting HTTP/1.1 GET http://127.0.0.1:45923/api/v1/qr/logo?terminalId=aeb439b8-9c6f-46bd-9351-95c642a6793a - - -
info: Microsoft.AspNetCore.Routing.EndpointMiddleware[0]
      Executing endpoint 'HTTP: GET /api/v1/qr/logo'
info: Microsoft.AspNetCore.Http.Result.JsonResult[1]
      Setting HTTP status code 404.
info: Microsoft.AspNetCore.Http.Result.JsonResult[3]
      Writing value of type '<>f__AnonymousType5`1' as Json.
info: Microsoft.AspNetCore.Routing.EndpointMiddleware[1]
      Executed endpoint 'HTTP: GET /api/v1/qr/logo'
info: Microsoft.AspNetCore.Hosting.Diagnostics[2]
      Request finished HTTP/1.1 GET https://127.0.0.1:45923/api/v1/qr/logo?terminalId=aeb439b8-9c6f-46bd-9351-95c642a6793a - 404 - application/json;+charset=utf-8 2.9899ms
info: Microsoft.AspNetCore.Hosting.Diagnostics[1]
      Request starting HTTP/1.1 GET http://127.0.0.1:45923/api/v1/qr/menu?terminalId=650a6dbb-2ca8-467d-8f58-2fc8f9590f2d - - -
info: Microsoft.AspNetCore.Routing.EndpointMiddleware[0]
      Executing endpoint 'HTTP: GET /api/v1/qr/menu'
info: Microsoft.AspNetCore.Http.Result.JsonResult[1]
      Setting HTTP status code 401.
info: Microsoft.AspNetCore.Http.Result.JsonResult[3]
      Writing value of type '<>f__AnonymousType5`1' as Json.
info: Microsoft.AspNetCore.Routing.EndpointMiddleware[1]
      Executed endpoint 'HTTP: GET /api/v1/qr/menu'
info: Microsoft.AspNetCore.Hosting.Diagnostics[2]
      Request finished HTTP/1.1 GET https://127.0.0.1:45923/api/v1/qr/menu?terminalId=650a6dbb-2ca8-467d-8f58-2fc8f9590f2d - 401 - application/json;+charset=utf-8 2.8904ms
info: Microsoft.AspNetCore.Hosting.Diagnostics[1]
      Request starting HTTP/1.1 POST http://127.0.0.1:45923/api/v1/qr/orders?terminalId=87b5e3b7-f004-4c54-9a8d-613d666f05d1 - application/json;+charset=utf-8 2
info: Microsoft.AspNetCore.Routing.EndpointMiddleware[0]
      Executing endpoint 'HTTP: POST /api/v1/qr/orders'
info: Microsoft.AspNetCore.Http.Result.BadRequestObjectResult[1]
      Setting HTTP status code 400.
info: Microsoft.AspNetCore.Http.Result.BadRequestObjectResult[3]
      Writing value of type '<>f__AnonymousType5`1' as Json.
info: Microsoft.AspNetCore.Routing.EndpointMiddleware[1]
      Executed endpoint 'HTTP: POST /api/v1/qr/orders'
info: Microsoft.AspNetCore.Hosting.Diagnostics[2]
      Request finished HTTP/1.1 POST https://127.0.0.1:45923/api/v1/qr/orders?terminalId=87b5e3b7-f004-4c54-9a8d-613d666f05d1 - 400 - application/json;+charset=utf-8 2.1419ms
info: Microsoft.AspNetCore.Hosting.Diagnostics[1]
      Request starting HTTP/1.1 GET http://127.0.0.1:45923/api/v1/qr/orders/32584a2a-3006-4486-8d40-caff8b358954?terminalId=52855bdd-2219-47d6-8b7b-8224b5122bb6 - - -
info: Microsoft.AspNetCore.Routing.EndpointMiddleware[0]
      Executing endpoint 'HTTP: GET /api/v1/qr/orders/{submissionId:guid}'
info: Microsoft.AspNetCore.Http.Result.JsonResult[1]
      Setting HTTP status code 401.
info: Microsoft.AspNetCore.Http.Result.JsonResult[3]
      Writing value of type '<>f__AnonymousType5`1' as Json.
info: Microsoft.AspNetCore.Routing.EndpointMiddleware[1]
      Executed endpoint 'HTTP: GET /api/v1/qr/orders/{submissionId:guid}'
info: Microsoft.AspNetCore.Hosting.Diagnostics[2]
      Request finished HTTP/1.1 GET https://127.0.0.1:45923/api/v1/qr/orders/32584a2a-3006-4486-8d40-caff8b358954?terminalId=52855bdd-2219-47d6-8b7b-8224b5122bb6 - 401 - application/json;+charset=utf-8 3.0555ms
info: Microsoft.AspNetCore.Hosting.Diagnostics[1]
      Request starting HTTP/1.1 POST http://127.0.0.1:45923/api/v1/qr/sessions?terminalId=28c3e21c-a647-49b4-9040-0ef36ccea5d0 - application/json;+charset=utf-8 2
info: Microsoft.AspNetCore.Routing.EndpointMiddleware[0]
      Executing endpoint 'HTTP: POST /api/v1/qr/sessions'
info: Microsoft.AspNetCore.Http.Result.BadRequestObjectResult[1]
      Setting HTTP status code 400.
info: Microsoft.AspNetCore.Http.Result.BadRequestObjectResult[3]
      Writing value of type '<>f__AnonymousType5`1' as Json.
info: Microsoft.AspNetCore.Routing.EndpointMiddleware[1]
      Executed endpoint 'HTTP: POST /api/v1/qr/sessions'
info: Microsoft.AspNetCore.Hosting.Diagnostics[2]
      Request finished HTTP/1.1 POST https://127.0.0.1:45923/api/v1/qr/sessions?terminalId=28c3e21c-a647-49b4-9040-0ef36ccea5d0 - 400 - application/json;+charset=utf-8 3.0279ms
info: Microsoft.AspNetCore.Hosting.Diagnostics[1]
      Request starting HTTP/1.1 POST http://127.0.0.1:45923/api/v1/terminals/522cdd4b-0159-4af1-92e8-b53b0da2e7d7/billing/bills/from-order/2eb76cf9-55d2-46aa-893d-99f9fce9f91f?terminalId=522cdd4b-0159-4af1-92e8-b53b0da2e7d7 - application/json;+charset=utf-8 2
info: Microsoft.AspNetCore.Routing.EndpointMiddleware[0]
      Executing endpoint 'HTTP: POST /api/v1/terminals/{terminalId:guid}/billing/bills/from-order/{orderId:guid}'
info: Microsoft.AspNetCore.Http.Result.JsonResult[1]
      Setting HTTP status code 401.
info: Microsoft.AspNetCore.Http.Result.JsonResult[3]
      Writing value of type 'BillingSplitErrorEnvelope' as Json.
info: Microsoft.AspNetCore.Routing.EndpointMiddleware[1]
      Executed endpoint 'HTTP: POST /api/v1/terminals/{terminalId:guid}/billing/bills/from-order/{orderId:guid}'
info: Microsoft.AspNetCore.Hosting.Diagnostics[2]
      Request finished HTTP/1.1 POST https://127.0.0.1:45923/api/v1/terminals/522cdd4b-0159-4af1-92e8-b53b0da2e7d7/billing/bills/from-order/2eb76cf9-55d2-46aa-893d-99f9fce9f91f?terminalId=522cdd4b-0159-4af1-92e8-b53b0da2e7d7 - 401 - application/json;+charset=utf-8 0.6310ms
info: Microsoft.AspNetCore.Hosting.Diagnostics[1]
      Request starting HTTP/1.1 GET http://127.0.0.1:45923/api/v1/terminals/62147b11-cda8-4ea0-9c2d-f1c951c24780/billing/bills/c1c350d8-ff53-4cdd-ba91-796d4e943a47/adjustments?terminalId=62147b11-cda8-4ea0-9c2d-f1c951c24780 - - -
info: Microsoft.AspNetCore.Routing.EndpointMiddleware[0]
      Executing endpoint 'HTTP: GET /api/v1/terminals/{terminalId:guid}/billing/bills/{billId:guid}/adjustments'
info: Microsoft.AspNetCore.Http.Result.JsonResult[1]
      Setting HTTP status code 401.
info: Microsoft.AspNetCore.Http.Result.JsonResult[3]
      Writing value of type 'BillingSplitErrorEnvelope' as Json.
info: Microsoft.AspNetCore.Routing.EndpointMiddleware[1]
      Executed endpoint 'HTTP: GET /api/v1/terminals/{terminalId:guid}/billing/bills/{billId:guid}/adjustments'
info: Microsoft.AspNetCore.Hosting.Diagnostics[2]
      Request finished HTTP/1.1 GET https://127.0.0.1:45923/api/v1/terminals/62147b11-cda8-4ea0-9c2d-f1c951c24780/billing/bills/c1c350d8-ff53-4cdd-ba91-796d4e943a47/adjustments?terminalId=62147b11-cda8-4ea0-9c2d-f1c951c24780 - 401 - application/json;+charset=utf-8 1.5951ms
info: Microsoft.AspNetCore.Hosting.Diagnostics[1]
      Request starting HTTP/1.1 POST http://127.0.0.1:45923/api/v1/terminals/4cfc3808-7885-4b60-aca1-aafa408d3765/billing/bills/ee14308d-1e0d-428c-a373-a514fd969a94/discount?terminalId=4cfc3808-7885-4b60-aca1-aafa408d3765 - application/json;+charset=utf-8 2
info: Microsoft.AspNetCore.Routing.EndpointMiddleware[0]
      Executing endpoint 'HTTP: POST /api/v1/terminals/{terminalId:guid}/billing/bills/{billId:guid}/discount'
info: Microsoft.AspNetCore.Http.Result.JsonResult[1]
      Setting HTTP status code 401.
info: Microsoft.AspNetCore.Http.Result.JsonResult[3]
      Writing value of type 'BillingSplitErrorEnvelope' as Json.
info: Microsoft.AspNetCore.Routing.EndpointMiddleware[1]
      Executed endpoint 'HTTP: POST /api/v1/terminals/{terminalId:guid}/billing/bills/{billId:guid}/discount'
info: Microsoft.AspNetCore.Hosting.Diagnostics[2]
      Request finished HTTP/1.1 POST https://127.0.0.1:45923/api/v1/terminals/4cfc3808-7885-4b60-aca1-aafa408d3765/billing/bills/ee14308d-1e0d-428c-a373-a514fd969a94/discount?terminalId=4cfc3808-7885-4b60-aca1-aafa408d3765 - 401 - application/json;+charset=utf-8 0.4211ms
info: Microsoft.AspNetCore.Hosting.Diagnostics[1]
      Request starting HTTP/1.1 GET http://127.0.0.1:45923/api/v1/terminals/c22b1757-969a-4f4e-826d-182e42f745ad/billing/bills/214aeeb4-61b6-4510-81a7-8f1fd738ae81/split-design/?terminalId=c22b1757-969a-4f4e-826d-182e42f745ad - - -
info: Microsoft.AspNetCore.Routing.EndpointMiddleware[0]
      Executing endpoint 'HTTP: GET /api/v1/terminals/{terminalId:guid}/billing/bills/{billId:guid}/split-design/'
info: Microsoft.AspNetCore.Http.Result.JsonResult[1]
      Setting HTTP status code 401.
info: Microsoft.AspNetCore.Http.Result.JsonResult[3]
      Writing value of type 'BillingSplitErrorEnvelope' as Json.
info: Microsoft.AspNetCore.Routing.EndpointMiddleware[1]
      Executed endpoint 'HTTP: GET /api/v1/terminals/{terminalId:guid}/billing/bills/{billId:guid}/split-design/'
info: Microsoft.AspNetCore.Hosting.Diagnostics[2]
      Request finished HTTP/1.1 GET https://127.0.0.1:45923/api/v1/terminals/c22b1757-969a-4f4e-826d-182e42f745ad/billing/bills/214aeeb4-61b6-4510-81a7-8f1fd738ae81/split-design/?terminalId=c22b1757-969a-4f4e-826d-182e42f745ad - 401 - application/json;+charset=utf-8 1.1569ms
info: Microsoft.AspNetCore.Hosting.Diagnostics[1]
      Request starting HTTP/1.1 PUT http://127.0.0.1:45923/api/v1/terminals/38a55597-a936-46d9-b7e8-24475637d8be/billing/bills/14544248-3e51-462c-8c27-c62d10089bc9/split-design/amounts?terminalId=38a55597-a936-46d9-b7e8-24475637d8be - application/json;+charset=utf-8 2
info: Microsoft.AspNetCore.Routing.EndpointMiddleware[0]
      Executing endpoint 'HTTP: PUT /api/v1/terminals/{terminalId:guid}/billing/bills/{billId:guid}/split-design/amounts'
info: Microsoft.AspNetCore.Http.Result.JsonResult[1]
      Setting HTTP status code 401.
info: Microsoft.AspNetCore.Http.Result.JsonResult[3]
      Writing value of type 'BillingSplitErrorEnvelope' as Json.
info: Microsoft.AspNetCore.Routing.EndpointMiddleware[1]
      Executed endpoint 'HTTP: PUT /api/v1/terminals/{terminalId:guid}/billing/bills/{billId:guid}/split-design/amounts'
info: Microsoft.AspNetCore.Hosting.Diagnostics[2]
      Request finished HTTP/1.1 PUT https://127.0.0.1:45923/api/v1/terminals/38a55597-a936-46d9-b7e8-24475637d8be/billing/bills/14544248-3e51-462c-8c27-c62d10089bc9/split-design/amounts?terminalId=38a55597-a936-46d9-b7e8-24475637d8be - 401 - application/json;+charset=utf-8 0.7095ms
info: Microsoft.AspNetCore.Hosting.Diagnostics[1]
      Request starting HTTP/1.1 POST http://127.0.0.1:45923/api/v1/terminals/c291d065-a3c8-4d6e-88a7-dd48a123ced1/billing/bills/a726b9a2-8675-4670-99f9-2865cedc62d4/split-design/clear?terminalId=c291d065-a3c8-4d6e-88a7-dd48a123ced1 - application/json;+charset=utf-8 2
info: Microsoft.AspNetCore.Routing.EndpointMiddleware[0]
      Executing endpoint 'HTTP: POST /api/v1/terminals/{terminalId:guid}/billing/bills/{billId:guid}/split-design/clear'
info: Microsoft.AspNetCore.Http.Result.JsonResult[1]
      Setting HTTP status code 401.
info: Microsoft.AspNetCore.Http.Result.JsonResult[3]
      Writing value of type 'BillingSplitErrorEnvelope' as Json.
info: Microsoft.AspNetCore.Routing.EndpointMiddleware[1]
      Executed endpoint 'HTTP: POST /api/v1/terminals/{terminalId:guid}/billing/bills/{billId:guid}/split-design/clear'
info: Microsoft.AspNetCore.Hosting.Diagnostics[2]
      Request finished HTTP/1.1 POST https://127.0.0.1:45923/api/v1/terminals/c291d065-a3c8-4d6e-88a7-dd48a123ced1/billing/bills/a726b9a2-8675-4670-99f9-2865cedc62d4/split-design/clear?terminalId=c291d065-a3c8-4d6e-88a7-dd48a123ced1 - 401 - application/json;+charset=utf-8 0.4754ms
info: Microsoft.AspNetCore.Hosting.Diagnostics[1]
      Request starting HTTP/1.1 PUT http://127.0.0.1:45923/api/v1/terminals/faf66d4a-be71-4937-865d-3280285740fa/billing/bills/646746a5-3ae9-4ede-897a-b027253a6749/split-design/custom?terminalId=faf66d4a-be71-4937-865d-3280285740fa - application/json;+charset=utf-8 2
info: Microsoft.AspNetCore.Routing.EndpointMiddleware[0]
      Executing endpoint 'HTTP: PUT /api/v1/terminals/{terminalId:guid}/billing/bills/{billId:guid}/split-design/custom'
info: Microsoft.AspNetCore.Http.Result.JsonResult[1]
      Setting HTTP status code 401.
info: Microsoft.AspNetCore.Http.Result.JsonResult[3]
      Writing value of type 'BillingSplitErrorEnvelope' as Json.
info: Microsoft.AspNetCore.Routing.EndpointMiddleware[1]
      Executed endpoint 'HTTP: PUT /api/v1/terminals/{terminalId:guid}/billing/bills/{billId:guid}/split-design/custom'
info: Microsoft.AspNetCore.Hosting.Diagnostics[2]
      Request finished HTTP/1.1 PUT https://127.0.0.1:45923/api/v1/terminals/faf66d4a-be71-4937-865d-3280285740fa/billing/bills/646746a5-3ae9-4ede-897a-b027253a6749/split-design/custom?terminalId=faf66d4a-be71-4937-865d-3280285740fa - 401 - application/json;+charset=utf-8 0.4861ms
info: Microsoft.AspNetCore.Hosting.Diagnostics[1]
      Request starting HTTP/1.1 PUT http://127.0.0.1:45923/api/v1/terminals/875f3c35-4962-48d0-8189-458a2c441caf/billing/bills/5e4be44e-acfc-4926-a7a5-4518f11dd0dd/split-design/equal?terminalId=875f3c35-4962-48d0-8189-458a2c441caf - application/json;+charset=utf-8 2
info: Microsoft.AspNetCore.Routing.EndpointMiddleware[0]
      Executing endpoint 'HTTP: PUT /api/v1/terminals/{terminalId:guid}/billing/bills/{billId:guid}/split-design/equal'
info: Microsoft.AspNetCore.Http.Result.JsonResult[1]
      Setting HTTP status code 401.
info: Microsoft.AspNetCore.Http.Result.JsonResult[3]
      Writing value of type 'BillingSplitErrorEnvelope' as Json.
info: Microsoft.AspNetCore.Routing.EndpointMiddleware[1]
      Executed endpoint 'HTTP: PUT /api/v1/terminals/{terminalId:guid}/billing/bills/{billId:guid}/split-design/equal'
info: Microsoft.AspNetCore.Hosting.Diagnostics[2]
      Request finished HTTP/1.1 PUT https://127.0.0.1:45923/api/v1/terminals/875f3c35-4962-48d0-8189-458a2c441caf/billing/bills/5e4be44e-acfc-4926-a7a5-4518f11dd0dd/split-design/equal?terminalId=875f3c35-4962-48d0-8189-458a2c441caf - 401 - application/json;+charset=utf-8 0.4148ms
info: Microsoft.AspNetCore.Hosting.Diagnostics[1]
      Request starting HTTP/1.1 PUT http://127.0.0.1:45923/api/v1/terminals/0314049f-cb7b-41e7-a669-19fe87908a6e/billing/bills/7cfab195-09d9-4077-bc1e-840148cc3bc1/split-design/items?terminalId=0314049f-cb7b-41e7-a669-19fe87908a6e - application/json;+charset=utf-8 2
info: Microsoft.AspNetCore.Routing.EndpointMiddleware[0]
      Executing endpoint 'HTTP: PUT /api/v1/terminals/{terminalId:guid}/billing/bills/{billId:guid}/split-design/items'
info: Microsoft.AspNetCore.Http.Result.JsonResult[1]
      Setting HTTP status code 401.
info: Microsoft.AspNetCore.Http.Result.JsonResult[3]
      Writing value of type 'BillingSplitErrorEnvelope' as Json.
info: Microsoft.AspNetCore.Routing.EndpointMiddleware[1]
      Executed endpoint 'HTTP: PUT /api/v1/terminals/{terminalId:guid}/billing/bills/{billId:guid}/split-design/items'
info: Microsoft.AspNetCore.Hosting.Diagnostics[2]
      Request finished HTTP/1.1 PUT https://127.0.0.1:45923/api/v1/terminals/0314049f-cb7b-41e7-a669-19fe87908a6e/billing/bills/7cfab195-09d9-4077-bc1e-840148cc3bc1/split-design/items?terminalId=0314049f-cb7b-41e7-a669-19fe87908a6e - 401 - application/json;+charset=utf-8 0.5448ms
info: Microsoft.AspNetCore.Hosting.Diagnostics[1]
      Request starting HTTP/1.1 GET http://127.0.0.1:45923/api/v1/terminals/40b44935-86a7-40e9-88e9-65736b29345a/billing/bills/0882e961-50b4-4c58-b173-e933ecaa4e65/split-design/owners?terminalId=40b44935-86a7-40e9-88e9-65736b29345a - - -
info: Microsoft.AspNetCore.Routing.EndpointMiddleware[0]
      Executing endpoint 'HTTP: GET /api/v1/terminals/{terminalId:guid}/billing/bills/{billId:guid}/split-design/owners'
info: Microsoft.AspNetCore.Http.Result.JsonResult[1]
      Setting HTTP status code 401.
info: Microsoft.AspNetCore.Http.Result.JsonResult[3]
      Writing value of type 'BillingSplitErrorEnvelope' as Json.
info: Microsoft.AspNetCore.Routing.EndpointMiddleware[1]
      Executed endpoint 'HTTP: GET /api/v1/terminals/{terminalId:guid}/billing/bills/{billId:guid}/split-design/owners'
info: Microsoft.AspNetCore.Hosting.Diagnostics[2]
      Request finished HTTP/1.1 GET https://127.0.0.1:45923/api/v1/terminals/40b44935-86a7-40e9-88e9-65736b29345a/billing/bills/0882e961-50b4-4c58-b173-e933ecaa4e65/split-design/owners?terminalId=40b44935-86a7-40e9-88e9-65736b29345a - 401 - application/json;+charset=utf-8 1.1309ms
info: Microsoft.AspNetCore.Hosting.Diagnostics[1]
      Request starting HTTP/1.1 GET http://127.0.0.1:45923/api/v1/terminals/84245fab-321a-42fe-81a4-413f2d151698/billing/bills/e773e8d1-feff-48ec-836c-c92bd87b85e0/tenders/?terminalId=84245fab-321a-42fe-81a4-413f2d151698 - - -
info: Microsoft.AspNetCore.Routing.EndpointMiddleware[0]
      Executing endpoint 'HTTP: GET /api/v1/terminals/{terminalId:guid}/billing/bills/{billId:guid}/tenders/'
info: Microsoft.AspNetCore.Routing.EndpointMiddleware[1]
      Executed endpoint 'HTTP: GET /api/v1/terminals/{terminalId:guid}/billing/bills/{billId:guid}/tenders/'
info: Microsoft.AspNetCore.Hosting.Diagnostics[2]
      Request finished HTTP/1.1 GET https://127.0.0.1:45923/api/v1/terminals/84245fab-321a-42fe-81a4-413f2d151698/billing/bills/e773e8d1-feff-48ec-836c-c92bd87b85e0/tenders/?terminalId=84245fab-321a-42fe-81a4-413f2d151698 - 401 - application/json;+charset=utf-8 3.3572ms
info: Microsoft.AspNetCore.Hosting.Diagnostics[1]
      Request starting HTTP/1.1 POST http://127.0.0.1:45923/api/v1/terminals/e6bf4a2a-96c2-440b-9f14-c58e9b38b3ff/billing/bills/4c395860-4d49-44c9-a84d-cea28d274bca/tenders/?terminalId=e6bf4a2a-96c2-440b-9f14-c58e9b38b3ff - application/json;+charset=utf-8 2
info: Microsoft.AspNetCore.Routing.EndpointMiddleware[0]
      Executing endpoint 'HTTP: POST /api/v1/terminals/{terminalId:guid}/billing/bills/{billId:guid}/tenders/'
info: Microsoft.AspNetCore.Routing.EndpointMiddleware[1]
      Executed endpoint 'HTTP: POST /api/v1/terminals/{terminalId:guid}/billing/bills/{billId:guid}/tenders/'
info: Microsoft.AspNetCore.Hosting.Diagnostics[2]
      Request finished HTTP/1.1 POST https://127.0.0.1:45923/api/v1/terminals/e6bf4a2a-96c2-440b-9f14-c58e9b38b3ff/billing/bills/4c395860-4d49-44c9-a84d-cea28d274bca/tenders/?terminalId=e6bf4a2a-96c2-440b-9f14-c58e9b38b3ff - 401 - application/json;+charset=utf-8 1.0167ms
info: Microsoft.AspNetCore.Hosting.Diagnostics[1]
      Request starting HTTP/1.1 POST http://127.0.0.1:45923/api/v1/terminals/9dfa4c46-d956-4576-a7b3-7a16d6ed7521/billing/bills/05e9bfcb-93a4-4e50-a47a-e122d19526f3/tenders/confirmations/63154ffc-e967-4eac-9a21-fa8fcedf2c51/approve?terminalId=9dfa4c46-d956-4576-a7b3-7a16d6ed7521 - application/json;+charset=utf-8 2
info: Microsoft.AspNetCore.Routing.EndpointMiddleware[0]
      Executing endpoint 'HTTP: POST /api/v1/terminals/{terminalId:guid}/billing/bills/{billId:guid}/tenders/confirmations/{confirmationId:guid}/approve'
info: Microsoft.AspNetCore.Routing.EndpointMiddleware[1]
      Executed endpoint 'HTTP: POST /api/v1/terminals/{terminalId:guid}/billing/bills/{billId:guid}/tenders/confirmations/{confirmationId:guid}/approve'
info: Microsoft.AspNetCore.Hosting.Diagnostics[2]
      Request finished HTTP/1.1 POST https://127.0.0.1:45923/api/v1/terminals/9dfa4c46-d956-4576-a7b3-7a16d6ed7521/billing/bills/05e9bfcb-93a4-4e50-a47a-e122d19526f3/tenders/confirmations/63154ffc-e967-4eac-9a21-fa8fcedf2c51/approve?terminalId=9dfa4c46-d956-4576-a7b3-7a16d6ed7521 - 401 - application/json;+charset=utf-8 0.9155ms
info: Microsoft.AspNetCore.Hosting.Diagnostics[1]
      Request starting HTTP/1.1 POST http://127.0.0.1:45923/api/v1/terminals/a8a3680b-e347-4e72-bbf7-fae374792331/billing/bills/d8e87248-20b7-4790-9cae-43dcfda3311c/tenders/confirmations/d46108ff-c194-4c8d-948f-b622c4380cbe/reject?terminalId=a8a3680b-e347-4e72-bbf7-fae374792331 - application/json;+charset=utf-8 2
info: Microsoft.AspNetCore.Routing.EndpointMiddleware[0]
      Executing endpoint 'HTTP: POST /api/v1/terminals/{terminalId:guid}/billing/bills/{billId:guid}/tenders/confirmations/{confirmationId:guid}/reject'
info: Microsoft.AspNetCore.Routing.EndpointMiddleware[1]
      Executed endpoint 'HTTP: POST /api/v1/terminals/{terminalId:guid}/billing/bills/{billId:guid}/tenders/confirmations/{confirmationId:guid}/reject'
info: Microsoft.AspNetCore.Hosting.Diagnostics[2]
      Request finished HTTP/1.1 POST https://127.0.0.1:45923/api/v1/terminals/a8a3680b-e347-4e72-bbf7-fae374792331/billing/bills/d8e87248-20b7-4790-9cae-43dcfda3311c/tenders/confirmations/d46108ff-c194-4c8d-948f-b622c4380cbe/reject?terminalId=a8a3680b-e347-4e72-bbf7-fae374792331 - 401 - application/json;+charset=utf-8 0.6265ms
info: Microsoft.AspNetCore.Hosting.Diagnostics[1]
      Request starting HTTP/1.1 POST http://127.0.0.1:45923/api/v1/terminals/fb4119e0-980e-4887-a5fa-9856b77d3f95/billing/bills/27655932-5d93-4d65-a3dc-121e79c919c8/tenders/unsettled/87b83529-2b07-4d3d-b546-802b01c79fad/card-charged?terminalId=fb4119e0-980e-4887-a5fa-9856b77d3f95 - application/json;+charset=utf-8 2
info: Microsoft.AspNetCore.Routing.EndpointMiddleware[0]
      Executing endpoint 'HTTP: POST /api/v1/terminals/{terminalId:guid}/billing/bills/{billId:guid}/tenders/unsettled/{paymentId:guid}/card-charged'
info: Microsoft.AspNetCore.Routing.EndpointMiddleware[1]
      Executed endpoint 'HTTP: POST /api/v1/terminals/{terminalId:guid}/billing/bills/{billId:guid}/tenders/unsettled/{paymentId:guid}/card-charged'
info: Microsoft.AspNetCore.Hosting.Diagnostics[2]
      Request finished HTTP/1.1 POST https://127.0.0.1:45923/api/v1/terminals/fb4119e0-980e-4887-a5fa-9856b77d3f95/billing/bills/27655932-5d93-4d65-a3dc-121e79c919c8/tenders/unsettled/87b83529-2b07-4d3d-b546-802b01c79fad/card-charged?terminalId=fb4119e0-980e-4887-a5fa-9856b77d3f95 - 401 - application/json;+charset=utf-8 0.6748ms
info: Microsoft.AspNetCore.Hosting.Diagnostics[1]
      Request starting HTTP/1.1 POST http://127.0.0.1:45923/api/v1/terminals/a7e62010-0ad5-4c01-9d9a-351ec994e934/billing/bills/ec0502e7-8b4b-494f-9e30-e0f2dd9dfdcb/tenders/unsettled/54605fc3-3fb7-4f55-9ab4-f3466e76191c/not-charged?terminalId=a7e62010-0ad5-4c01-9d9a-351ec994e934 - application/json;+charset=utf-8 2
info: Microsoft.AspNetCore.Routing.EndpointMiddleware[0]
      Executing endpoint 'HTTP: POST /api/v1/terminals/{terminalId:guid}/billing/bills/{billId:guid}/tenders/unsettled/{paymentId:guid}/not-charged'
info: Microsoft.AspNetCore.Routing.EndpointMiddleware[1]
      Executed endpoint 'HTTP: POST /api/v1/terminals/{terminalId:guid}/billing/bills/{billId:guid}/tenders/unsettled/{paymentId:guid}/not-charged'
info: Microsoft.AspNetCore.Hosting.Diagnostics[2]
      Request finished HTTP/1.1 POST https://127.0.0.1:45923/api/v1/terminals/a7e62010-0ad5-4c01-9d9a-351ec994e934/billing/bills/ec0502e7-8b4b-494f-9e30-e0f2dd9dfdcb/tenders/unsettled/54605fc3-3fb7-4f55-9ab4-f3466e76191c/not-charged?terminalId=a7e62010-0ad5-4c01-9d9a-351ec994e934 - 401 - application/json;+charset=utf-8 0.7439ms
info: Microsoft.AspNetCore.Hosting.Diagnostics[1]
      Request starting HTTP/1.1 POST http://127.0.0.1:45923/api/v1/terminals/a748cdd7-d77e-4065-9de8-443909bf9604/billing/bills/63c0d227-c8f1-438b-bcaa-214877789c70/tip?terminalId=a748cdd7-d77e-4065-9de8-443909bf9604 - application/json;+charset=utf-8 2
info: Microsoft.AspNetCore.Routing.EndpointMiddleware[0]
      Executing endpoint 'HTTP: POST /api/v1/terminals/{terminalId:guid}/billing/bills/{billId:guid}/tip'
info: Microsoft.AspNetCore.Http.Result.JsonResult[1]
      Setting HTTP status code 401.
info: Microsoft.AspNetCore.Http.Result.JsonResult[3]
      Writing value of type 'BillingSplitErrorEnvelope' as Json.
info: Microsoft.AspNetCore.Routing.EndpointMiddleware[1]
      Executed endpoint 'HTTP: POST /api/v1/terminals/{terminalId:guid}/billing/bills/{billId:guid}/tip'
info: Microsoft.AspNetCore.Hosting.Diagnostics[2]
      Request finished HTTP/1.1 POST https://127.0.0.1:45923/api/v1/terminals/a748cdd7-d77e-4065-9de8-443909bf9604/billing/bills/63c0d227-c8f1-438b-bcaa-214877789c70/tip?terminalId=a748cdd7-d77e-4065-9de8-443909bf9604 - 401 - application/json;+charset=utf-8 0.4709ms
info: Microsoft.AspNetCore.Hosting.Diagnostics[1]
      Request starting HTTP/1.1 POST http://127.0.0.1:45923/api/v1/terminals/c50ff145-ee47-427f-a011-13f13d9e4ed9/cash-sessions/?terminalId=c50ff145-ee47-427f-a011-13f13d9e4ed9 - application/json;+charset=utf-8 2
info: Microsoft.AspNetCore.Routing.EndpointMiddleware[0]
      Executing endpoint 'HTTP: POST /api/v1/terminals/{terminalId:guid}/cash-sessions/'
info: Microsoft.AspNetCore.Routing.EndpointMiddleware[1]
      Executed endpoint 'HTTP: POST /api/v1/terminals/{terminalId:guid}/cash-sessions/'
info: Microsoft.AspNetCore.Hosting.Diagnostics[2]
      Request finished HTTP/1.1 POST https://127.0.0.1:45923/api/v1/terminals/c50ff145-ee47-427f-a011-13f13d9e4ed9/cash-sessions/?terminalId=c50ff145-ee47-427f-a011-13f13d9e4ed9 - 401 - application/json;+charset=utf-8 0.4362ms
info: Microsoft.AspNetCore.Hosting.Diagnostics[1]
      Request starting HTTP/1.1 GET http://127.0.0.1:45923/api/v1/terminals/a46b7415-66b9-4591-ba91-08aa3366c34a/cash-sessions/active?terminalId=a46b7415-66b9-4591-ba91-08aa3366c34a - - -
info: Microsoft.AspNetCore.Routing.EndpointMiddleware[0]
      Executing endpoint 'HTTP: GET /api/v1/terminals/{terminalId:guid}/cash-sessions/active'
info: Microsoft.AspNetCore.Routing.EndpointMiddleware[1]
      Executed endpoint 'HTTP: GET /api/v1/terminals/{terminalId:guid}/cash-sessions/active'
info: Microsoft.AspNetCore.Hosting.Diagnostics[2]
      Request finished HTTP/1.1 GET https://127.0.0.1:45923/api/v1/terminals/a46b7415-66b9-4591-ba91-08aa3366c34a/cash-sessions/active?terminalId=a46b7415-66b9-4591-ba91-08aa3366c34a - 401 - application/json;+charset=utf-8 1.4248ms
info: Microsoft.AspNetCore.Hosting.Diagnostics[1]
      Request starting HTTP/1.1 GET http://127.0.0.1:45923/api/v1/terminals/04717035-d366-48e3-b3be-ed633677f19b/cash-sessions/suggested-opening-balance?terminalId=04717035-d366-48e3-b3be-ed633677f19b - - -
info: Microsoft.AspNetCore.Routing.EndpointMiddleware[0]
      Executing endpoint 'HTTP: GET /api/v1/terminals/{terminalId:guid}/cash-sessions/suggested-opening-balance'
info: Microsoft.AspNetCore.Routing.EndpointMiddleware[1]
      Executed endpoint 'HTTP: GET /api/v1/terminals/{terminalId:guid}/cash-sessions/suggested-opening-balance'
info: Microsoft.AspNetCore.Hosting.Diagnostics[2]
      Request finished HTTP/1.1 GET https://127.0.0.1:45923/api/v1/terminals/04717035-d366-48e3-b3be-ed633677f19b/cash-sessions/suggested-opening-balance?terminalId=04717035-d366-48e3-b3be-ed633677f19b - 401 - application/json;+charset=utf-8 1.3270ms
info: Microsoft.AspNetCore.Hosting.Diagnostics[1]
      Request starting HTTP/1.1 POST http://127.0.0.1:45923/api/v1/terminals/10fb3ff3-ab68-4f97-8f04-30c59654a607/cash-sessions/6969752c-4a32-4d29-b4ce-e7f38e9c3862/cash-movements?terminalId=10fb3ff3-ab68-4f97-8f04-30c59654a607 - application/json;+charset=utf-8 2
info: Microsoft.AspNetCore.Routing.EndpointMiddleware[0]
      Executing endpoint 'HTTP: POST /api/v1/terminals/{terminalId:guid}/cash-sessions/{cashSessionId:guid}/cash-movements'
info: Microsoft.AspNetCore.Routing.EndpointMiddleware[1]
      Executed endpoint 'HTTP: POST /api/v1/terminals/{terminalId:guid}/cash-sessions/{cashSessionId:guid}/cash-movements'
info: Microsoft.AspNetCore.Hosting.Diagnostics[2]
      Request finished HTTP/1.1 POST https://127.0.0.1:45923/api/v1/terminals/10fb3ff3-ab68-4f97-8f04-30c59654a607/cash-sessions/6969752c-4a32-4d29-b4ce-e7f38e9c3862/cash-movements?terminalId=10fb3ff3-ab68-4f97-8f04-30c59654a607 - 401 - application/json;+charset=utf-8 0.6612ms
info: Microsoft.AspNetCore.Hosting.Diagnostics[1]
      Request starting HTTP/1.1 POST http://127.0.0.1:45923/api/v1/terminals/43a81f54-7fa4-49dd-ad47-e5659392ff63/cash-sessions/92b7a375-d173-4b65-9265-51d115e0d0b6/cash-tender?terminalId=43a81f54-7fa4-49dd-ad47-e5659392ff63 - application/json;+charset=utf-8 2
info: Microsoft.AspNetCore.Routing.EndpointMiddleware[0]
      Executing endpoint 'HTTP: POST /api/v1/terminals/{terminalId:guid}/cash-sessions/{cashSessionId:guid}/cash-tender'
info: Microsoft.AspNetCore.Routing.EndpointMiddleware[1]
      Executed endpoint 'HTTP: POST /api/v1/terminals/{terminalId:guid}/cash-sessions/{cashSessionId:guid}/cash-tender'
info: Microsoft.AspNetCore.Hosting.Diagnostics[2]
      Request finished HTTP/1.1 POST https://127.0.0.1:45923/api/v1/terminals/43a81f54-7fa4-49dd-ad47-e5659392ff63/cash-sessions/92b7a375-d173-4b65-9265-51d115e0d0b6/cash-tender?terminalId=43a81f54-7fa4-49dd-ad47-e5659392ff63 - 401 - application/json;+charset=utf-8 0.8121ms
info: Microsoft.AspNetCore.Hosting.Diagnostics[1]
      Request starting HTTP/1.1 POST http://127.0.0.1:45923/api/v1/terminals/6256ddb2-7f27-41e8-a2b6-3118134d4aaf/cash-sessions/9d257564-ae24-4a62-9de3-02fb5700a3d6/close?terminalId=6256ddb2-7f27-41e8-a2b6-3118134d4aaf - application/json;+charset=utf-8 2
info: Microsoft.AspNetCore.Routing.EndpointMiddleware[0]
      Executing endpoint 'HTTP: POST /api/v1/terminals/{terminalId:guid}/cash-sessions/{cashSessionId:guid}/close'
info: Microsoft.AspNetCore.Routing.EndpointMiddleware[1]
      Executed endpoint 'HTTP: POST /api/v1/terminals/{terminalId:guid}/cash-sessions/{cashSessionId:guid}/close'
info: Microsoft.AspNetCore.Hosting.Diagnostics[2]
      Request finished HTTP/1.1 POST https://127.0.0.1:45923/api/v1/terminals/6256ddb2-7f27-41e8-a2b6-3118134d4aaf/cash-sessions/9d257564-ae24-4a62-9de3-02fb5700a3d6/close?terminalId=6256ddb2-7f27-41e8-a2b6-3118134d4aaf - 401 - application/json;+charset=utf-8 0.4162ms
info: Microsoft.AspNetCore.Hosting.Diagnostics[1]
      Request starting HTTP/1.1 POST http://127.0.0.1:45923/api/v1/terminals/14645989-5d5c-4367-9d53-38096f37a506/cash-sessions/bdf3f835-7897-409b-b4ff-cd554b86256d/counts?terminalId=14645989-5d5c-4367-9d53-38096f37a506 - application/json;+charset=utf-8 2
info: Microsoft.AspNetCore.Routing.EndpointMiddleware[0]
      Executing endpoint 'HTTP: POST /api/v1/terminals/{terminalId:guid}/cash-sessions/{cashSessionId:guid}/counts'
info: Microsoft.AspNetCore.Routing.EndpointMiddleware[1]
      Executed endpoint 'HTTP: POST /api/v1/terminals/{terminalId:guid}/cash-sessions/{cashSessionId:guid}/counts'
info: Microsoft.AspNetCore.Hosting.Diagnostics[2]
      Request finished HTTP/1.1 POST https://127.0.0.1:45923/api/v1/terminals/14645989-5d5c-4367-9d53-38096f37a506/cash-sessions/bdf3f835-7897-409b-b4ff-cd554b86256d/counts?terminalId=14645989-5d5c-4367-9d53-38096f37a506 - 401 - application/json;+charset=utf-8 0.3582ms
info: Microsoft.AspNetCore.Hosting.Diagnostics[1]
      Request starting HTTP/1.1 GET http://127.0.0.1:45923/api/v1/terminals/ba9a190a-4a0b-45e8-93d1-6fd53c61bf7f/cash-sessions/6bd9d2ed-7c9c-4881-b5dd-9e8173729ff2/expected-cash?terminalId=ba9a190a-4a0b-45e8-93d1-6fd53c61bf7f - - -
info: Microsoft.AspNetCore.Routing.EndpointMiddleware[0]
      Executing endpoint 'HTTP: GET /api/v1/terminals/{terminalId:guid}/cash-sessions/{cashSessionId:guid}/expected-cash'
info: Microsoft.AspNetCore.Routing.EndpointMiddleware[1]
      Executed endpoint 'HTTP: GET /api/v1/terminals/{terminalId:guid}/cash-sessions/{cashSessionId:guid}/expected-cash'
info: Microsoft.AspNetCore.Hosting.Diagnostics[2]
      Request finished HTTP/1.1 GET https://127.0.0.1:45923/api/v1/terminals/ba9a190a-4a0b-45e8-93d1-6fd53c61bf7f/cash-sessions/6bd9d2ed-7c9c-4881-b5dd-9e8173729ff2/expected-cash?terminalId=ba9a190a-4a0b-45e8-93d1-6fd53c61bf7f - 401 - application/json;+charset=utf-8 1.0756ms
info: Microsoft.AspNetCore.Hosting.Diagnostics[1]
      Request starting HTTP/1.1 POST http://127.0.0.1:45923/api/v1/terminals/fd38b07c-e469-40cf-bee3-3b2d4c84952a/cash-sessions/271f6e4c-1064-422c-a98a-8017a397452d/reconcile?terminalId=fd38b07c-e469-40cf-bee3-3b2d4c84952a - application/json;+charset=utf-8 2
info: Microsoft.AspNetCore.Routing.EndpointMiddleware[0]
      Executing endpoint 'HTTP: POST /api/v1/terminals/{terminalId:guid}/cash-sessions/{cashSessionId:guid}/reconcile'
info: Microsoft.AspNetCore.Routing.EndpointMiddleware[1]
      Executed endpoint 'HTTP: POST /api/v1/terminals/{terminalId:guid}/cash-sessions/{cashSessionId:guid}/reconcile'
info: Microsoft.AspNetCore.Hosting.Diagnostics[2]
      Request finished HTTP/1.1 POST https://127.0.0.1:45923/api/v1/terminals/fd38b07c-e469-40cf-bee3-3b2d4c84952a/cash-sessions/271f6e4c-1064-422c-a98a-8017a397452d/reconcile?terminalId=fd38b07c-e469-40cf-bee3-3b2d4c84952a - 401 - application/json;+charset=utf-8 0.3674ms
info: Microsoft.AspNetCore.Hosting.Diagnostics[1]
      Request starting HTTP/1.1 POST http://127.0.0.1:45923/api/v1/terminals/c9168378-a371-4690-af54-e239e9384f34/cash-sessions/20f5c1b1-99ab-4d00-9b1f-b9a74fadf048/start-count?terminalId=c9168378-a371-4690-af54-e239e9384f34 - application/json;+charset=utf-8 2
info: Microsoft.AspNetCore.Routing.EndpointMiddleware[0]
      Executing endpoint 'HTTP: POST /api/v1/terminals/{terminalId:guid}/cash-sessions/{cashSessionId:guid}/start-count'
info: Microsoft.AspNetCore.Routing.EndpointMiddleware[1]
      Executed endpoint 'HTTP: POST /api/v1/terminals/{terminalId:guid}/cash-sessions/{cashSessionId:guid}/start-count'
info: Microsoft.AspNetCore.Hosting.Diagnostics[2]
      Request finished HTTP/1.1 POST https://127.0.0.1:45923/api/v1/terminals/c9168378-a371-4690-af54-e239e9384f34/cash-sessions/20f5c1b1-99ab-4d00-9b1f-b9a74fadf048/start-count?terminalId=c9168378-a371-4690-af54-e239e9384f34 - 401 - application/json;+charset=utf-8 0.4181ms
info: Microsoft.AspNetCore.Hosting.Diagnostics[1]
      Request starting HTTP/1.1 GET http://127.0.0.1:45923/api/v1/terminals/82bc5c82-7d3a-41e5-8454-c1d96366c65f/catalog?terminalId=82bc5c82-7d3a-41e5-8454-c1d96366c65f - - -
info: Microsoft.AspNetCore.Routing.EndpointMiddleware[0]
      Executing endpoint 'HTTP: GET /api/v1/terminals/{terminalId:guid}/catalog'
info: Microsoft.AspNetCore.Routing.EndpointMiddleware[1]
      Executed endpoint 'HTTP: GET /api/v1/terminals/{terminalId:guid}/catalog'
info: Microsoft.AspNetCore.Hosting.Diagnostics[2]
      Request finished HTTP/1.1 GET https://127.0.0.1:45923/api/v1/terminals/82bc5c82-7d3a-41e5-8454-c1d96366c65f/catalog?terminalId=82bc5c82-7d3a-41e5-8454-c1d96366c65f - 401 - application/json;+charset=utf-8 1.2306ms
info: Microsoft.AspNetCore.Hosting.Diagnostics[1]
      Request starting HTTP/1.1 POST http://127.0.0.1:45923/api/v1/terminals/f0003759-2558-4406-88d9-928bb8a8c6f3/display-sessions/revoke?terminalId=f0003759-2558-4406-88d9-928bb8a8c6f3 - application/json;+charset=utf-8 2
info: Microsoft.AspNetCore.Routing.EndpointMiddleware[0]
      Executing endpoint 'HTTP: POST /api/v1/terminals/{terminalId:guid}/display-sessions/revoke'
info: Microsoft.AspNetCore.Routing.EndpointMiddleware[1]
      Executed endpoint 'HTTP: POST /api/v1/terminals/{terminalId:guid}/display-sessions/revoke'
info: Microsoft.AspNetCore.Hosting.Diagnostics[2]
      Request finished HTTP/1.1 POST https://127.0.0.1:45923/api/v1/terminals/f0003759-2558-4406-88d9-928bb8a8c6f3/display-sessions/revoke?terminalId=f0003759-2558-4406-88d9-928bb8a8c6f3 - 401 - application/json;+charset=utf-8 0.3257ms
info: Microsoft.AspNetCore.Hosting.Diagnostics[1]
      Request starting HTTP/1.1 POST http://127.0.0.1:45923/api/v1/terminals/37ed6295-e591-4b15-890f-09acd3cae3a4/help-requests/?terminalId=37ed6295-e591-4b15-890f-09acd3cae3a4 - application/json;+charset=utf-8 2
info: Microsoft.AspNetCore.Routing.EndpointMiddleware[0]
      Executing endpoint 'HTTP: POST /api/v1/terminals/{terminalId:guid}/help-requests/'
info: Microsoft.AspNetCore.Http.Result.JsonResult[1]
      Setting HTTP status code 401.
info: Microsoft.AspNetCore.Http.Result.JsonResult[3]
      Writing value of type '<>f__AnonymousType5`1' as Json.
info: Microsoft.AspNetCore.Routing.EndpointMiddleware[1]
      Executed endpoint 'HTTP: POST /api/v1/terminals/{terminalId:guid}/help-requests/'
info: Microsoft.AspNetCore.Hosting.Diagnostics[2]
      Request finished HTTP/1.1 POST https://127.0.0.1:45923/api/v1/terminals/37ed6295-e591-4b15-890f-09acd3cae3a4/help-requests/?terminalId=37ed6295-e591-4b15-890f-09acd3cae3a4 - 401 - application/json;+charset=utf-8 0.2939ms
info: Microsoft.AspNetCore.Hosting.Diagnostics[1]
      Request starting HTTP/1.1 GET http://127.0.0.1:45923/api/v1/terminals/2c1250c0-5cbb-4208-9881-7cf2b37f6cb6/kitchen-operations/audit/aggregate/probe/f13424b1-a4a9-4ac9-b098-0a61dc43bc7b?terminalId=2c1250c0-5cbb-4208-9881-7cf2b37f6cb6 - - -
info: Microsoft.AspNetCore.Routing.EndpointMiddleware[0]
      Executing endpoint 'HTTP: GET /api/v1/terminals/{terminalId:guid}/kitchen-operations/audit/aggregate/{aggregateType}/{aggregateId:guid}'
info: Microsoft.AspNetCore.Http.Result.JsonResult[1]
      Setting HTTP status code 401.
info: Microsoft.AspNetCore.Http.Result.JsonResult[3]
      Writing value of type 'KitchenOperationsErrorEnvelopeV1' as Json.
info: Microsoft.AspNetCore.Routing.EndpointMiddleware[1]
      Executed endpoint 'HTTP: GET /api/v1/terminals/{terminalId:guid}/kitchen-operations/audit/aggregate/{aggregateType}/{aggregateId:guid}'
info: Microsoft.AspNetCore.Hosting.Diagnostics[2]
      Request finished HTTP/1.1 GET https://127.0.0.1:45923/api/v1/terminals/2c1250c0-5cbb-4208-9881-7cf2b37f6cb6/kitchen-operations/audit/aggregate/probe/f13424b1-a4a9-4ac9-b098-0a61dc43bc7b?terminalId=2c1250c0-5cbb-4208-9881-7cf2b37f6cb6 - 401 - application/json;+charset=utf-8 2.1074ms
info: Microsoft.AspNetCore.Hosting.Diagnostics[1]
      Request starting HTTP/1.1 GET http://127.0.0.1:45923/api/v1/terminals/1a46b14d-bfc4-4935-8555-b03c764c19e7/kitchen-operations/audit/correlation/probe?terminalId=1a46b14d-bfc4-4935-8555-b03c764c19e7 - - -
info: Microsoft.AspNetCore.Routing.EndpointMiddleware[0]
      Executing endpoint 'HTTP: GET /api/v1/terminals/{terminalId:guid}/kitchen-operations/audit/correlation/{correlationId}'
info: Microsoft.AspNetCore.Http.Result.JsonResult[1]
      Setting HTTP status code 401.
info: Microsoft.AspNetCore.Http.Result.JsonResult[3]
      Writing value of type 'KitchenOperationsErrorEnvelopeV1' as Json.
info: Microsoft.AspNetCore.Routing.EndpointMiddleware[1]
      Executed endpoint 'HTTP: GET /api/v1/terminals/{terminalId:guid}/kitchen-operations/audit/correlation/{correlationId}'
info: Microsoft.AspNetCore.Hosting.Diagnostics[2]
      Request finished HTTP/1.1 GET https://127.0.0.1:45923/api/v1/terminals/1a46b14d-bfc4-4935-8555-b03c764c19e7/kitchen-operations/audit/correlation/probe?terminalId=1a46b14d-bfc4-4935-8555-b03c764c19e7 - 401 - application/json;+charset=utf-8 3.9373ms
info: Microsoft.AspNetCore.Hosting.Diagnostics[1]
      Request starting HTTP/1.1 GET http://127.0.0.1:45923/api/v1/terminals/880d89a4-9b41-49d3-8f3c-e335ff76ad99/kitchen-operations/categories?terminalId=880d89a4-9b41-49d3-8f3c-e335ff76ad99 - - -
info: Microsoft.AspNetCore.Routing.EndpointMiddleware[0]
      Executing endpoint 'HTTP: GET /api/v1/terminals/{terminalId:guid}/kitchen-operations/categories'
info: Microsoft.AspNetCore.Http.Result.JsonResult[1]
      Setting HTTP status code 401.
info: Microsoft.AspNetCore.Http.Result.JsonResult[3]
      Writing value of type 'KitchenOperationsErrorEnvelopeV1' as Json.
info: Microsoft.AspNetCore.Routing.EndpointMiddleware[1]
      Executed endpoint 'HTTP: GET /api/v1/terminals/{terminalId:guid}/kitchen-operations/categories'
info: Microsoft.AspNetCore.Hosting.Diagnostics[2]
      Request finished HTTP/1.1 GET https://127.0.0.1:45923/api/v1/terminals/880d89a4-9b41-49d3-8f3c-e335ff76ad99/kitchen-operations/categories?terminalId=880d89a4-9b41-49d3-8f3c-e335ff76ad99 - 401 - application/json;+charset=utf-8 1.5608ms
info: Microsoft.AspNetCore.Hosting.Diagnostics[1]
      Request starting HTTP/1.1 GET http://127.0.0.1:45923/api/v1/terminals/9c7feaf3-3571-4fab-98cb-14826a389029/kitchen-operations/deliveries/unknown?terminalId=9c7feaf3-3571-4fab-98cb-14826a389029 - - -
info: Microsoft.AspNetCore.Routing.EndpointMiddleware[0]
      Executing endpoint 'HTTP: GET /api/v1/terminals/{terminalId:guid}/kitchen-operations/deliveries/unknown'
info: Microsoft.AspNetCore.Http.Result.JsonResult[1]
      Setting HTTP status code 401.
info: Microsoft.AspNetCore.Http.Result.JsonResult[3]
      Writing value of type 'KitchenOperationsErrorEnvelopeV1' as Json.
info: Microsoft.AspNetCore.Routing.EndpointMiddleware[1]
      Executed endpoint 'HTTP: GET /api/v1/terminals/{terminalId:guid}/kitchen-operations/deliveries/unknown'
info: Microsoft.AspNetCore.Hosting.Diagnostics[2]
      Request finished HTTP/1.1 GET https://127.0.0.1:45923/api/v1/terminals/9c7feaf3-3571-4fab-98cb-14826a389029/kitchen-operations/deliveries/unknown?terminalId=9c7feaf3-3571-4fab-98cb-14826a389029 - 401 - application/json;+charset=utf-8 1.2400ms
info: Microsoft.AspNetCore.Hosting.Diagnostics[1]
      Request starting HTTP/1.1 GET http://127.0.0.1:45923/api/v1/terminals/5ee69bb2-a4fd-4804-82ec-019fe1af8622/kitchen-operations/deliveries/47420156-d0a7-4d83-b091-27b24b9467b0?terminalId=5ee69bb2-a4fd-4804-82ec-019fe1af8622 - - -
info: Microsoft.AspNetCore.Routing.EndpointMiddleware[0]
      Executing endpoint 'HTTP: GET /api/v1/terminals/{terminalId:guid}/kitchen-operations/deliveries/{deliveryId:guid}'
info: Microsoft.AspNetCore.Http.Result.JsonResult[1]
      Setting HTTP status code 401.
info: Microsoft.AspNetCore.Http.Result.JsonResult[3]
      Writing value of type 'KitchenOperationsErrorEnvelopeV1' as Json.
info: Microsoft.AspNetCore.Routing.EndpointMiddleware[1]
      Executed endpoint 'HTTP: GET /api/v1/terminals/{terminalId:guid}/kitchen-operations/deliveries/{deliveryId:guid}'
info: Microsoft.AspNetCore.Hosting.Diagnostics[2]
      Request finished HTTP/1.1 GET https://127.0.0.1:45923/api/v1/terminals/5ee69bb2-a4fd-4804-82ec-019fe1af8622/kitchen-operations/deliveries/47420156-d0a7-4d83-b091-27b24b9467b0?terminalId=5ee69bb2-a4fd-4804-82ec-019fe1af8622 - 401 - application/json;+charset=utf-8 1.2207ms
info: Microsoft.AspNetCore.Hosting.Diagnostics[1]
      Request starting HTTP/1.1 POST http://127.0.0.1:45923/api/v1/terminals/96298a64-cb04-4165-ae79-6c3740b00d45/kitchen-operations/deliveries/bfc95293-9cbb-4c0f-b084-cf7b1bed8bed/reprint-approval?terminalId=96298a64-cb04-4165-ae79-6c3740b00d45 - application/json;+charset=utf-8 2
info: Microsoft.AspNetCore.Routing.EndpointMiddleware[0]
      Executing endpoint 'HTTP: POST /api/v1/terminals/{terminalId:guid}/kitchen-operations/deliveries/{deliveryId:guid}/reprint-approval'
info: Microsoft.AspNetCore.Http.Result.JsonResult[1]
      Setting HTTP status code 401.
info: Microsoft.AspNetCore.Http.Result.JsonResult[3]
      Writing value of type 'KitchenOperationsErrorEnvelopeV1' as Json.
info: Microsoft.AspNetCore.Routing.EndpointMiddleware[1]
      Executed endpoint 'HTTP: POST /api/v1/terminals/{terminalId:guid}/kitchen-operations/deliveries/{deliveryId:guid}/reprint-approval'
info: Microsoft.AspNetCore.Hosting.Diagnostics[2]
      Request finished HTTP/1.1 POST https://127.0.0.1:45923/api/v1/terminals/96298a64-cb04-4165-ae79-6c3740b00d45/kitchen-operations/deliveries/bfc95293-9cbb-4c0f-b084-cf7b1bed8bed/reprint-approval?terminalId=96298a64-cb04-4165-ae79-6c3740b00d45 - 401 - application/json;+charset=utf-8 0.6068ms
info: Microsoft.AspNetCore.Hosting.Diagnostics[1]
      Request starting HTTP/1.1 POST http://127.0.0.1:45923/api/v1/terminals/02eadf06-1d7a-43d8-ae4b-6fccc4802059/kitchen-operations/deliveries/c5c79b57-590d-4e26-9663-c7da9f1c403b/reprint-rejection?terminalId=02eadf06-1d7a-43d8-ae4b-6fccc4802059 - application/json;+charset=utf-8 2
info: Microsoft.AspNetCore.Routing.EndpointMiddleware[0]
      Executing endpoint 'HTTP: POST /api/v1/terminals/{terminalId:guid}/kitchen-operations/deliveries/{deliveryId:guid}/reprint-rejection'
info: Microsoft.AspNetCore.Http.Result.JsonResult[1]
      Setting HTTP status code 401.
info: Microsoft.AspNetCore.Http.Result.JsonResult[3]
      Writing value of type 'KitchenOperationsErrorEnvelopeV1' as Json.
info: Microsoft.AspNetCore.Routing.EndpointMiddleware[1]
      Executed endpoint 'HTTP: POST /api/v1/terminals/{terminalId:guid}/kitchen-operations/deliveries/{deliveryId:guid}/reprint-rejection'
info: Microsoft.AspNetCore.Hosting.Diagnostics[2]
      Request finished HTTP/1.1 POST https://127.0.0.1:45923/api/v1/terminals/02eadf06-1d7a-43d8-ae4b-6fccc4802059/kitchen-operations/deliveries/c5c79b57-590d-4e26-9663-c7da9f1c403b/reprint-rejection?terminalId=02eadf06-1d7a-43d8-ae4b-6fccc4802059 - 401 - application/json;+charset=utf-8 0.6236ms
info: Microsoft.AspNetCore.Hosting.Diagnostics[1]
      Request starting HTTP/1.1 POST http://127.0.0.1:45923/api/v1/terminals/f72c6eae-f8f1-4f58-bb83-cda35de0089e/kitchen-operations/operations/backups?terminalId=f72c6eae-f8f1-4f58-bb83-cda35de0089e - application/json;+charset=utf-8 2
info: Microsoft.AspNetCore.Routing.EndpointMiddleware[0]
      Executing endpoint 'HTTP: POST /api/v1/terminals/{terminalId:guid}/kitchen-operations/operations/backups'
info: Microsoft.AspNetCore.Http.Result.JsonResult[1]
      Setting HTTP status code 401.
info: Microsoft.AspNetCore.Http.Result.JsonResult[3]
      Writing value of type 'KitchenOperationsErrorEnvelopeV1' as Json.
info: Microsoft.AspNetCore.Routing.EndpointMiddleware[1]
      Executed endpoint 'HTTP: POST /api/v1/terminals/{terminalId:guid}/kitchen-operations/operations/backups'
info: Microsoft.AspNetCore.Hosting.Diagnostics[2]
      Request finished HTTP/1.1 POST https://127.0.0.1:45923/api/v1/terminals/f72c6eae-f8f1-4f58-bb83-cda35de0089e/kitchen-operations/operations/backups?terminalId=f72c6eae-f8f1-4f58-bb83-cda35de0089e - 401 - application/json;+charset=utf-8 1.6258ms
info: Microsoft.AspNetCore.Hosting.Diagnostics[1]
      Request starting HTTP/1.1 GET http://127.0.0.1:45923/api/v1/terminals/6006845d-4f5d-4764-887b-0319594138d4/kitchen-operations/operations/backups/recent?terminalId=6006845d-4f5d-4764-887b-0319594138d4 - - -
info: Microsoft.AspNetCore.Routing.EndpointMiddleware[0]
      Executing endpoint 'HTTP: GET /api/v1/terminals/{terminalId:guid}/kitchen-operations/operations/backups/recent'
info: Microsoft.AspNetCore.Http.Result.JsonResult[1]
      Setting HTTP status code 401.
info: Microsoft.AspNetCore.Http.Result.JsonResult[3]
      Writing value of type 'KitchenOperationsErrorEnvelopeV1' as Json.
info: Microsoft.AspNetCore.Routing.EndpointMiddleware[1]
      Executed endpoint 'HTTP: GET /api/v1/terminals/{terminalId:guid}/kitchen-operations/operations/backups/recent'
info: Microsoft.AspNetCore.Hosting.Diagnostics[2]
      Request finished HTTP/1.1 GET https://127.0.0.1:45923/api/v1/terminals/6006845d-4f5d-4764-887b-0319594138d4/kitchen-operations/operations/backups/recent?terminalId=6006845d-4f5d-4764-887b-0319594138d4 - 401 - application/json;+charset=utf-8 2.0970ms
info: Microsoft.AspNetCore.Hosting.Diagnostics[1]
      Request starting HTTP/1.1 GET http://127.0.0.1:45923/api/v1/terminals/822f1746-c46c-48a7-87d2-4b41647b6256/kitchen-operations/operations/health/latest?terminalId=822f1746-c46c-48a7-87d2-4b41647b6256 - - -
info: Microsoft.AspNetCore.Routing.EndpointMiddleware[0]
      Executing endpoint 'HTTP: GET /api/v1/terminals/{terminalId:guid}/kitchen-operations/operations/health/latest'
info: Microsoft.AspNetCore.Http.Result.JsonResult[1]
      Setting HTTP status code 401.
info: Microsoft.AspNetCore.Http.Result.JsonResult[3]
      Writing value of type 'KitchenOperationsErrorEnvelopeV1' as Json.
info: Microsoft.AspNetCore.Routing.EndpointMiddleware[1]
      Executed endpoint 'HTTP: GET /api/v1/terminals/{terminalId:guid}/kitchen-operations/operations/health/latest'
info: Microsoft.AspNetCore.Hosting.Diagnostics[2]
      Request finished HTTP/1.1 GET https://127.0.0.1:45923/api/v1/terminals/822f1746-c46c-48a7-87d2-4b41647b6256/kitchen-operations/operations/health/latest?terminalId=822f1746-c46c-48a7-87d2-4b41647b6256 - 401 - application/json;+charset=utf-8 1.0048ms
info: Microsoft.AspNetCore.Hosting.Diagnostics[1]
      Request starting HTTP/1.1 GET http://127.0.0.1:45923/api/v1/terminals/1f9deb04-04da-4e05-80d4-96ec278bf080/kitchen-operations/operations/live-sync?terminalId=1f9deb04-04da-4e05-80d4-96ec278bf080 - - -
info: Microsoft.AspNetCore.Routing.EndpointMiddleware[0]
      Executing endpoint 'HTTP: GET /api/v1/terminals/{terminalId:guid}/kitchen-operations/operations/live-sync'
info: Microsoft.AspNetCore.Http.Result.JsonResult[1]
      Setting HTTP status code 401.
info: Microsoft.AspNetCore.Http.Result.JsonResult[3]
      Writing value of type 'KitchenOperationsErrorEnvelopeV1' as Json.
info: Microsoft.AspNetCore.Routing.EndpointMiddleware[1]
      Executed endpoint 'HTTP: GET /api/v1/terminals/{terminalId:guid}/kitchen-operations/operations/live-sync'
info: Microsoft.AspNetCore.Hosting.Diagnostics[2]
      Request finished HTTP/1.1 GET https://127.0.0.1:45923/api/v1/terminals/1f9deb04-04da-4e05-80d4-96ec278bf080/kitchen-operations/operations/live-sync?terminalId=1f9deb04-04da-4e05-80d4-96ec278bf080 - 401 - application/json;+charset=utf-8 1.0919ms
info: Microsoft.AspNetCore.Hosting.Diagnostics[1]
      Request starting HTTP/1.1 GET http://127.0.0.1:45923/api/v1/terminals/028b3e5d-bce5-4c50-a4a6-5e0fc5b336db/kitchen-operations/operations/performance-report?terminalId=028b3e5d-bce5-4c50-a4a6-5e0fc5b336db - - -
info: Microsoft.AspNetCore.Routing.EndpointMiddleware[0]
      Executing endpoint 'HTTP: GET /api/v1/terminals/{terminalId:guid}/kitchen-operations/operations/performance-report'
info: Microsoft.AspNetCore.Http.Result.JsonResult[1]
      Setting HTTP status code 401.
info: Microsoft.AspNetCore.Http.Result.JsonResult[3]
      Writing value of type 'KitchenOperationsErrorEnvelopeV1' as Json.
info: Microsoft.AspNetCore.Routing.EndpointMiddleware[1]
      Executed endpoint 'HTTP: GET /api/v1/terminals/{terminalId:guid}/kitchen-operations/operations/performance-report'
info: Microsoft.AspNetCore.Hosting.Diagnostics[2]
      Request finished HTTP/1.1 GET https://127.0.0.1:45923/api/v1/terminals/028b3e5d-bce5-4c50-a4a6-5e0fc5b336db/kitchen-operations/operations/performance-report?terminalId=028b3e5d-bce5-4c50-a4a6-5e0fc5b336db - 401 - application/json;+charset=utf-8 2.0018ms
info: Microsoft.AspNetCore.Hosting.Diagnostics[1]
      Request starting HTTP/1.1 GET http://127.0.0.1:45923/api/v1/terminals/4ec926e8-9dbf-4d45-a095-f19d08d7a913/kitchen-operations/print-jobs?terminalId=4ec926e8-9dbf-4d45-a095-f19d08d7a913 - - -
info: Microsoft.AspNetCore.Routing.EndpointMiddleware[0]
      Executing endpoint 'HTTP: GET /api/v1/terminals/{terminalId:guid}/kitchen-operations/print-jobs'
info: Microsoft.AspNetCore.Http.Result.JsonResult[1]
      Setting HTTP status code 401.
info: Microsoft.AspNetCore.Http.Result.JsonResult[3]
      Writing value of type 'KitchenOperationsErrorEnvelopeV1' as Json.
info: Microsoft.AspNetCore.Routing.EndpointMiddleware[1]
      Executed endpoint 'HTTP: GET /api/v1/terminals/{terminalId:guid}/kitchen-operations/print-jobs'
info: Microsoft.AspNetCore.Hosting.Diagnostics[2]
      Request finished HTTP/1.1 GET https://127.0.0.1:45923/api/v1/terminals/4ec926e8-9dbf-4d45-a095-f19d08d7a913/kitchen-operations/print-jobs?terminalId=4ec926e8-9dbf-4d45-a095-f19d08d7a913 - 401 - application/json;+charset=utf-8 2.4354ms
info: Microsoft.AspNetCore.Hosting.Diagnostics[1]
      Request starting HTTP/1.1 GET http://127.0.0.1:45923/api/v1/terminals/383ee53c-b84c-4a29-ac45-49d4d4f9a948/kitchen-operations/print-jobs/46d97387-ed87-4d6f-94e9-e88fb7fb979e?terminalId=383ee53c-b84c-4a29-ac45-49d4d4f9a948 - - -
info: Microsoft.AspNetCore.Routing.EndpointMiddleware[0]
      Executing endpoint 'HTTP: GET /api/v1/terminals/{terminalId:guid}/kitchen-operations/print-jobs/{jobId:guid}'
info: Microsoft.AspNetCore.Http.Result.JsonResult[1]
      Setting HTTP status code 401.
info: Microsoft.AspNetCore.Http.Result.JsonResult[3]
      Writing value of type 'KitchenOperationsErrorEnvelopeV1' as Json.
info: Microsoft.AspNetCore.Routing.EndpointMiddleware[1]
      Executed endpoint 'HTTP: GET /api/v1/terminals/{terminalId:guid}/kitchen-operations/print-jobs/{jobId:guid}'
info: Microsoft.AspNetCore.Hosting.Diagnostics[2]
      Request finished HTTP/1.1 GET https://127.0.0.1:45923/api/v1/terminals/383ee53c-b84c-4a29-ac45-49d4d4f9a948/kitchen-operations/print-jobs/46d97387-ed87-4d6f-94e9-e88fb7fb979e?terminalId=383ee53c-b84c-4a29-ac45-49d4d4f9a948 - 401 - application/json;+charset=utf-8 1.1916ms
info: Microsoft.AspNetCore.Hosting.Diagnostics[1]
      Request starting HTTP/1.1 GET http://127.0.0.1:45923/api/v1/terminals/03003d2e-1f6b-4d12-b6ad-3921147c972a/kitchen-operations/printers?terminalId=03003d2e-1f6b-4d12-b6ad-3921147c972a - - -
info: Microsoft.AspNetCore.Routing.EndpointMiddleware[0]
      Executing endpoint 'HTTP: GET /api/v1/terminals/{terminalId:guid}/kitchen-operations/printers'
info: Microsoft.AspNetCore.Http.Result.JsonResult[1]
      Setting HTTP status code 401.
info: Microsoft.AspNetCore.Http.Result.JsonResult[3]
      Writing value of type 'KitchenOperationsErrorEnvelopeV1' as Json.
info: Microsoft.AspNetCore.Routing.EndpointMiddleware[1]
      Executed endpoint 'HTTP: GET /api/v1/terminals/{terminalId:guid}/kitchen-operations/printers'
info: Microsoft.AspNetCore.Hosting.Diagnostics[2]
      Request finished HTTP/1.1 GET https://127.0.0.1:45923/api/v1/terminals/03003d2e-1f6b-4d12-b6ad-3921147c972a/kitchen-operations/printers?terminalId=03003d2e-1f6b-4d12-b6ad-3921147c972a - 401 - application/json;+charset=utf-8 1.0965ms
info: Microsoft.AspNetCore.Hosting.Diagnostics[1]
      Request starting HTTP/1.1 PUT http://127.0.0.1:45923/api/v1/terminals/8dec9493-a6ec-41c5-ace4-663a19285567/kitchen-operations/printers/d6388923-2f61-4a3d-bd33-865e92e60a9d?terminalId=8dec9493-a6ec-41c5-ace4-663a19285567 - application/json;+charset=utf-8 2
info: Microsoft.AspNetCore.Routing.EndpointMiddleware[0]
      Executing endpoint 'HTTP: PUT /api/v1/terminals/{terminalId:guid}/kitchen-operations/printers/{printerId:guid}'
info: Microsoft.AspNetCore.Http.Result.JsonResult[1]
      Setting HTTP status code 401.
info: Microsoft.AspNetCore.Http.Result.JsonResult[3]
      Writing value of type 'KitchenOperationsErrorEnvelopeV1' as Json.
info: Microsoft.AspNetCore.Routing.EndpointMiddleware[1]
      Executed endpoint 'HTTP: PUT /api/v1/terminals/{terminalId:guid}/kitchen-operations/printers/{printerId:guid}'
info: Microsoft.AspNetCore.Hosting.Diagnostics[2]
      Request finished HTTP/1.1 PUT https://127.0.0.1:45923/api/v1/terminals/8dec9493-a6ec-41c5-ace4-663a19285567/kitchen-operations/printers/d6388923-2f61-4a3d-bd33-865e92e60a9d?terminalId=8dec9493-a6ec-41c5-ace4-663a19285567 - 401 - application/json;+charset=utf-8 0.6838ms
info: Microsoft.AspNetCore.Hosting.Diagnostics[1]
      Request starting HTTP/1.1 POST http://127.0.0.1:45923/api/v1/terminals/2eba99c6-1482-4d94-8f30-16158fcbb689/kitchen-operations/products/ab9f1de4-d5b6-482e-897c-33616871df3c/suspend?terminalId=2eba99c6-1482-4d94-8f30-16158fcbb689 - application/json;+charset=utf-8 2
info: Microsoft.AspNetCore.Routing.EndpointMiddleware[0]
      Executing endpoint 'HTTP: POST /api/v1/terminals/{terminalId:guid}/kitchen-operations/products/{productId:guid}/suspend'
info: Microsoft.AspNetCore.Http.Result.JsonResult[1]
      Setting HTTP status code 401.
info: Microsoft.AspNetCore.Http.Result.JsonResult[3]
      Writing value of type 'KitchenOperationsErrorEnvelopeV1' as Json.
info: Microsoft.AspNetCore.Routing.EndpointMiddleware[1]
      Executed endpoint 'HTTP: POST /api/v1/terminals/{terminalId:guid}/kitchen-operations/products/{productId:guid}/suspend'
info: Microsoft.AspNetCore.Hosting.Diagnostics[2]
      Request finished HTTP/1.1 POST https://127.0.0.1:45923/api/v1/terminals/2eba99c6-1482-4d94-8f30-16158fcbb689/kitchen-operations/products/ab9f1de4-d5b6-482e-897c-33616871df3c/suspend?terminalId=2eba99c6-1482-4d94-8f30-16158fcbb689 - 401 - application/json;+charset=utf-8 0.3350ms
info: Microsoft.AspNetCore.Hosting.Diagnostics[1]
      Request starting HTTP/1.1 GET http://127.0.0.1:45923/api/v1/terminals/783c88cf-eca2-4ea7-88fb-5dbfb153d098/kitchen-operations/routes?terminalId=783c88cf-eca2-4ea7-88fb-5dbfb153d098 - - -
info: Microsoft.AspNetCore.Routing.EndpointMiddleware[0]
      Executing endpoint 'HTTP: GET /api/v1/terminals/{terminalId:guid}/kitchen-operations/routes'
info: Microsoft.AspNetCore.Http.Result.JsonResult[1]
      Setting HTTP status code 401.
info: Microsoft.AspNetCore.Http.Result.JsonResult[3]
      Writing value of type 'KitchenOperationsErrorEnvelopeV1' as Json.
info: Microsoft.AspNetCore.Routing.EndpointMiddleware[1]
      Executed endpoint 'HTTP: GET /api/v1/terminals/{terminalId:guid}/kitchen-operations/routes'
info: Microsoft.AspNetCore.Hosting.Diagnostics[2]
      Request finished HTTP/1.1 GET https://127.0.0.1:45923/api/v1/terminals/783c88cf-eca2-4ea7-88fb-5dbfb153d098/kitchen-operations/routes?terminalId=783c88cf-eca2-4ea7-88fb-5dbfb153d098 - 401 - application/json;+charset=utf-8 1.4763ms
info: Microsoft.AspNetCore.Hosting.Diagnostics[1]
      Request starting HTTP/1.1 POST http://127.0.0.1:45923/api/v1/terminals/a408d818-7894-415a-9020-09127e894db2/kitchen-operations/routes/a842783b-e469-4efd-a060-99056e5e0f26?terminalId=a408d818-7894-415a-9020-09127e894db2 - application/json;+charset=utf-8 2
info: Microsoft.AspNetCore.Routing.EndpointMiddleware[0]
      Executing endpoint 'HTTP: POST /api/v1/terminals/{terminalId:guid}/kitchen-operations/routes/{routeId:guid}'
info: Microsoft.AspNetCore.Http.Result.JsonResult[1]
      Setting HTTP status code 401.
info: Microsoft.AspNetCore.Http.Result.JsonResult[3]
      Writing value of type 'KitchenOperationsErrorEnvelopeV1' as Json.
info: Microsoft.AspNetCore.Routing.EndpointMiddleware[1]
      Executed endpoint 'HTTP: POST /api/v1/terminals/{terminalId:guid}/kitchen-operations/routes/{routeId:guid}'
info: Microsoft.AspNetCore.Hosting.Diagnostics[2]
      Request finished HTTP/1.1 POST https://127.0.0.1:45923/api/v1/terminals/a408d818-7894-415a-9020-09127e894db2/kitchen-operations/routes/a842783b-e469-4efd-a060-99056e5e0f26?terminalId=a408d818-7894-415a-9020-09127e894db2 - 401 - application/json;+charset=utf-8 0.8310ms
info: Microsoft.AspNetCore.Hosting.Diagnostics[1]
      Request starting HTTP/1.1 PUT http://127.0.0.1:45923/api/v1/terminals/29c34dd3-2d7b-4b2c-a772-0cc6e4c47603/kitchen-operations/routes/80b3537a-94aa-4079-bb82-12258f088471?terminalId=29c34dd3-2d7b-4b2c-a772-0cc6e4c47603 - application/json;+charset=utf-8 2
info: Microsoft.AspNetCore.Routing.EndpointMiddleware[0]
      Executing endpoint 'HTTP: PUT /api/v1/terminals/{terminalId:guid}/kitchen-operations/routes/{routeId:guid}'
info: Microsoft.AspNetCore.Http.Result.JsonResult[1]
      Setting HTTP status code 401.
info: Microsoft.AspNetCore.Http.Result.JsonResult[3]
      Writing value of type 'KitchenOperationsErrorEnvelopeV1' as Json.
info: Microsoft.AspNetCore.Routing.EndpointMiddleware[1]
      Executed endpoint 'HTTP: PUT /api/v1/terminals/{terminalId:guid}/kitchen-operations/routes/{routeId:guid}'
info: Microsoft.AspNetCore.Hosting.Diagnostics[2]
      Request finished HTTP/1.1 PUT https://127.0.0.1:45923/api/v1/terminals/29c34dd3-2d7b-4b2c-a772-0cc6e4c47603/kitchen-operations/routes/80b3537a-94aa-4079-bb82-12258f088471?terminalId=29c34dd3-2d7b-4b2c-a772-0cc6e4c47603 - 401 - application/json;+charset=utf-8 0.5094ms
info: Microsoft.AspNetCore.Hosting.Diagnostics[1]
      Request starting HTTP/1.1 GET http://127.0.0.1:45923/api/v1/terminals/ace8254a-1986-41fe-abef-95004ca11a78/kitchen-operations/tickets?terminalId=ace8254a-1986-41fe-abef-95004ca11a78 - - -
info: Microsoft.AspNetCore.Routing.EndpointMiddleware[0]
      Executing endpoint 'HTTP: GET /api/v1/terminals/{terminalId:guid}/kitchen-operations/tickets'
info: Microsoft.AspNetCore.Http.Result.JsonResult[1]
      Setting HTTP status code 401.
info: Microsoft.AspNetCore.Http.Result.JsonResult[3]
      Writing value of type 'KitchenOperationsErrorEnvelopeV1' as Json.
info: Microsoft.AspNetCore.Routing.EndpointMiddleware[1]
      Executed endpoint 'HTTP: GET /api/v1/terminals/{terminalId:guid}/kitchen-operations/tickets'
info: Microsoft.AspNetCore.Hosting.Diagnostics[2]
      Request finished HTTP/1.1 GET https://127.0.0.1:45923/api/v1/terminals/ace8254a-1986-41fe-abef-95004ca11a78/kitchen-operations/tickets?terminalId=ace8254a-1986-41fe-abef-95004ca11a78 - 401 - application/json;+charset=utf-8 1.7417ms
info: Microsoft.AspNetCore.Hosting.Diagnostics[1]
      Request starting HTTP/1.1 GET http://127.0.0.1:45923/api/v1/terminals/18923875-d23e-464f-9dd8-25ba9b382be9/kitchen-operations/tickets/bc6b3849-0442-4159-89fc-7387eb188d97?terminalId=18923875-d23e-464f-9dd8-25ba9b382be9 - - -
info: Microsoft.AspNetCore.Routing.EndpointMiddleware[0]
      Executing endpoint 'HTTP: GET /api/v1/terminals/{terminalId:guid}/kitchen-operations/tickets/{ticketId:guid}'
info: Microsoft.AspNetCore.Http.Result.JsonResult[1]
      Setting HTTP status code 401.
info: Microsoft.AspNetCore.Http.Result.JsonResult[3]
      Writing value of type 'KitchenOperationsErrorEnvelopeV1' as Json.
info: Microsoft.AspNetCore.Routing.EndpointMiddleware[1]
      Executed endpoint 'HTTP: GET /api/v1/terminals/{terminalId:guid}/kitchen-operations/tickets/{ticketId:guid}'
info: Microsoft.AspNetCore.Hosting.Diagnostics[2]
      Request finished HTTP/1.1 GET https://127.0.0.1:45923/api/v1/terminals/18923875-d23e-464f-9dd8-25ba9b382be9/kitchen-operations/tickets/bc6b3849-0442-4159-89fc-7387eb188d97?terminalId=18923875-d23e-464f-9dd8-25ba9b382be9 - 401 - application/json;+charset=utf-8 1.5336ms
info: Microsoft.AspNetCore.Hosting.Diagnostics[1]
      Request starting HTTP/1.1 POST http://127.0.0.1:45923/api/v1/terminals/019ae7c6-ed60-4299-a648-94ae8bdc0d9c/kitchen-operations/tickets/d0bf962d-e1e8-452e-9a26-a43df2ebc5f6/items/819cbc53-ed93-4df0-8a67-14108cd2f1f7/transition?terminalId=019ae7c6-ed60-4299-a648-94ae8bdc0d9c - application/json;+charset=utf-8 2
info: Microsoft.AspNetCore.Routing.EndpointMiddleware[0]
      Executing endpoint 'HTTP: POST /api/v1/terminals/{terminalId:guid}/kitchen-operations/tickets/{ticketId:guid}/items/{itemId:guid}/transition'
info: Microsoft.AspNetCore.Http.Result.JsonResult[1]
      Setting HTTP status code 401.
info: Microsoft.AspNetCore.Http.Result.JsonResult[3]
      Writing value of type 'KitchenOperationsErrorEnvelopeV1' as Json.
info: Microsoft.AspNetCore.Routing.EndpointMiddleware[1]
      Executed endpoint 'HTTP: POST /api/v1/terminals/{terminalId:guid}/kitchen-operations/tickets/{ticketId:guid}/items/{itemId:guid}/transition'
info: Microsoft.AspNetCore.Hosting.Diagnostics[2]
      Request finished HTTP/1.1 POST https://127.0.0.1:45923/api/v1/terminals/019ae7c6-ed60-4299-a648-94ae8bdc0d9c/kitchen-operations/tickets/d0bf962d-e1e8-452e-9a26-a43df2ebc5f6/items/819cbc53-ed93-4df0-8a67-14108cd2f1f7/transition?terminalId=019ae7c6-ed60-4299-a648-94ae8bdc0d9c - 401 - application/json;+charset=utf-8 0.4351ms
info: Microsoft.AspNetCore.Hosting.Diagnostics[1]
      Request starting HTTP/1.1 POST http://127.0.0.1:45923/api/v1/terminals/93d45ffb-788d-4ccc-b5f6-2c6165055a22/kitchen-operations/tickets/44e12f5a-aedd-48c6-84f2-84072af78a5e/items/38975da1-a64b-42ac-b6b3-7863f049f66f/undo?terminalId=93d45ffb-788d-4ccc-b5f6-2c6165055a22 - application/json;+charset=utf-8 2
info: Microsoft.AspNetCore.Routing.EndpointMiddleware[0]
      Executing endpoint 'HTTP: POST /api/v1/terminals/{terminalId:guid}/kitchen-operations/tickets/{ticketId:guid}/items/{itemId:guid}/undo'
info: Microsoft.AspNetCore.Http.Result.JsonResult[1]
      Setting HTTP status code 401.
info: Microsoft.AspNetCore.Http.Result.JsonResult[3]
      Writing value of type 'KitchenOperationsErrorEnvelopeV1' as Json.
info: Microsoft.AspNetCore.Routing.EndpointMiddleware[1]
      Executed endpoint 'HTTP: POST /api/v1/terminals/{terminalId:guid}/kitchen-operations/tickets/{ticketId:guid}/items/{itemId:guid}/undo'
info: Microsoft.AspNetCore.Hosting.Diagnostics[2]
      Request finished HTTP/1.1 POST https://127.0.0.1:45923/api/v1/terminals/93d45ffb-788d-4ccc-b5f6-2c6165055a22/kitchen-operations/tickets/44e12f5a-aedd-48c6-84f2-84072af78a5e/items/38975da1-a64b-42ac-b6b3-7863f049f66f/undo?terminalId=93d45ffb-788d-4ccc-b5f6-2c6165055a22 - 401 - application/json;+charset=utf-8 0.5282ms
info: Microsoft.AspNetCore.Hosting.Diagnostics[1]
      Request starting HTTP/1.1 POST http://127.0.0.1:45923/api/v1/terminals/74d22a08-0be3-4f1d-973b-5357827852c8/kitchen-operations/tickets/5b3e432b-692d-408c-86f3-79c4fdab5435/transition?terminalId=74d22a08-0be3-4f1d-973b-5357827852c8 - application/json;+charset=utf-8 2
info: Microsoft.AspNetCore.Routing.EndpointMiddleware[0]
      Executing endpoint 'HTTP: POST /api/v1/terminals/{terminalId:guid}/kitchen-operations/tickets/{ticketId:guid}/transition'
info: Microsoft.AspNetCore.Http.Result.JsonResult[1]
      Setting HTTP status code 401.
info: Microsoft.AspNetCore.Http.Result.JsonResult[3]
      Writing value of type 'KitchenOperationsErrorEnvelopeV1' as Json.
info: Microsoft.AspNetCore.Routing.EndpointMiddleware[1]
      Executed endpoint 'HTTP: POST /api/v1/terminals/{terminalId:guid}/kitchen-operations/tickets/{ticketId:guid}/transition'
info: Microsoft.AspNetCore.Hosting.Diagnostics[2]
      Request finished HTTP/1.1 POST https://127.0.0.1:45923/api/v1/terminals/74d22a08-0be3-4f1d-973b-5357827852c8/kitchen-operations/tickets/5b3e432b-692d-408c-86f3-79c4fdab5435/transition?terminalId=74d22a08-0be3-4f1d-973b-5357827852c8 - 401 - application/json;+charset=utf-8 0.5055ms
info: Microsoft.AspNetCore.Hosting.Diagnostics[1]
      Request starting HTTP/1.1 POST http://127.0.0.1:45923/api/v1/terminals/407ba43f-bbf4-470b-a262-cc73cf105307/offline-reconciliation/?terminalId=407ba43f-bbf4-470b-a262-cc73cf105307 - application/json;+charset=utf-8 2
info: Microsoft.AspNetCore.Routing.EndpointMiddleware[0]
      Executing endpoint 'HTTP: POST /api/v1/terminals/{terminalId:guid}/offline-reconciliation/'
info: Microsoft.AspNetCore.Http.Result.JsonResult[1]
      Setting HTTP status code 401.
info: Microsoft.AspNetCore.Http.Result.JsonResult[3]
      Writing value of type 'OfflineReconciliationErrorV1' as Json.
info: Microsoft.AspNetCore.Routing.EndpointMiddleware[1]
      Executed endpoint 'HTTP: POST /api/v1/terminals/{terminalId:guid}/offline-reconciliation/'
info: Microsoft.AspNetCore.Hosting.Diagnostics[2]
      Request finished HTTP/1.1 POST https://127.0.0.1:45923/api/v1/terminals/407ba43f-bbf4-470b-a262-cc73cf105307/offline-reconciliation/?terminalId=407ba43f-bbf4-470b-a262-cc73cf105307 - 401 - application/json;+charset=utf-8 0.6586ms
info: Microsoft.AspNetCore.Hosting.Diagnostics[1]
      Request starting HTTP/1.1 GET http://127.0.0.1:45923/api/v1/terminals/e7909d2c-9e0d-4f72-abc4-19f96dc444ec/online-channels?terminalId=e7909d2c-9e0d-4f72-abc4-19f96dc444ec - - -
info: Microsoft.AspNetCore.Routing.EndpointMiddleware[0]
      Executing endpoint 'HTTP: GET /api/v1/terminals/{terminalId:guid}/online-channels'
info: Microsoft.AspNetCore.Http.Result.JsonResult[1]
      Setting HTTP status code 401.
info: Microsoft.AspNetCore.Http.Result.JsonResult[3]
      Writing value of type '<>f__AnonymousType5`1' as Json.
info: Microsoft.AspNetCore.Routing.EndpointMiddleware[1]
      Executed endpoint 'HTTP: GET /api/v1/terminals/{terminalId:guid}/online-channels'
info: Microsoft.AspNetCore.Hosting.Diagnostics[2]
      Request finished HTTP/1.1 GET https://127.0.0.1:45923/api/v1/terminals/e7909d2c-9e0d-4f72-abc4-19f96dc444ec/online-channels?terminalId=e7909d2c-9e0d-4f72-abc4-19f96dc444ec - 401 - application/json;+charset=utf-8 5.0770ms
info: Microsoft.AspNetCore.Hosting.Diagnostics[1]
      Request starting HTTP/1.1 GET http://127.0.0.1:45923/api/v1/terminals/7c0b2bc7-b4f6-44b3-9e54-90cf3c912a55/online-menu/probe?terminalId=7c0b2bc7-b4f6-44b3-9e54-90cf3c912a55 - - -
info: Microsoft.AspNetCore.Routing.EndpointMiddleware[0]
      Executing endpoint 'HTTP: GET /api/v1/terminals/{terminalId:guid}/online-menu/{provider}'
info: Microsoft.AspNetCore.Http.Result.JsonResult[1]
      Setting HTTP status code 401.
info: Microsoft.AspNetCore.Http.Result.JsonResult[3]
      Writing value of type '<>f__AnonymousType5`1' as Json.
info: Microsoft.AspNetCore.Routing.EndpointMiddleware[1]
      Executed endpoint 'HTTP: GET /api/v1/terminals/{terminalId:guid}/online-menu/{provider}'
info: Microsoft.AspNetCore.Hosting.Diagnostics[2]
      Request finished HTTP/1.1 GET https://127.0.0.1:45923/api/v1/terminals/7c0b2bc7-b4f6-44b3-9e54-90cf3c912a55/online-menu/probe?terminalId=7c0b2bc7-b4f6-44b3-9e54-90cf3c912a55 - 401 - application/json;+charset=utf-8 3.9005ms
info: Microsoft.AspNetCore.Hosting.Diagnostics[1]
      Request starting HTTP/1.1 PUT http://127.0.0.1:45923/api/v1/terminals/826d442a-28a9-429b-9e64-b1a945218917/online-menu/probe/mappings/f2a34fdb-d076-45b7-ac56-897dbb0ea64d?terminalId=826d442a-28a9-429b-9e64-b1a945218917 - application/json;+charset=utf-8 2
info: Microsoft.AspNetCore.Routing.EndpointMiddleware[0]
      Executing endpoint 'HTTP: PUT /api/v1/terminals/{terminalId:guid}/online-menu/{provider}/mappings/{productId:guid}'
info: Microsoft.AspNetCore.Http.Result.JsonResult[1]
      Setting HTTP status code 401.
info: Microsoft.AspNetCore.Http.Result.JsonResult[3]
      Writing value of type '<>f__AnonymousType5`1' as Json.
info: Microsoft.AspNetCore.Routing.EndpointMiddleware[1]
      Executed endpoint 'HTTP: PUT /api/v1/terminals/{terminalId:guid}/online-menu/{provider}/mappings/{productId:guid}'
info: Microsoft.AspNetCore.Hosting.Diagnostics[2]
      Request finished HTTP/1.1 PUT https://127.0.0.1:45923/api/v1/terminals/826d442a-28a9-429b-9e64-b1a945218917/online-menu/probe/mappings/f2a34fdb-d076-45b7-ac56-897dbb0ea64d?terminalId=826d442a-28a9-429b-9e64-b1a945218917 - 401 - application/json;+charset=utf-8 0.9182ms
info: Microsoft.AspNetCore.Hosting.Diagnostics[1]
      Request starting HTTP/1.1 DELETE http://127.0.0.1:45923/api/v1/terminals/e0d83143-46ce-480b-b004-4eab1aa7f949/online-menu/probe/mappings/2de57113-2a5b-4662-a762-f24b230bfff6?terminalId=e0d83143-46ce-480b-b004-4eab1aa7f949 - application/json;+charset=utf-8 2
info: Microsoft.AspNetCore.Routing.EndpointMiddleware[0]
      Executing endpoint 'HTTP: DELETE /api/v1/terminals/{terminalId:guid}/online-menu/{provider}/mappings/{productId:guid}'
info: Microsoft.AspNetCore.Http.Result.JsonResult[1]
      Setting HTTP status code 401.
info: Microsoft.AspNetCore.Http.Result.JsonResult[3]
      Writing value of type '<>f__AnonymousType5`1' as Json.
info: Microsoft.AspNetCore.Routing.EndpointMiddleware[1]
      Executed endpoint 'HTTP: DELETE /api/v1/terminals/{terminalId:guid}/online-menu/{provider}/mappings/{productId:guid}'
info: Microsoft.AspNetCore.Hosting.Diagnostics[2]
      Request finished HTTP/1.1 DELETE https://127.0.0.1:45923/api/v1/terminals/e0d83143-46ce-480b-b004-4eab1aa7f949/online-menu/probe/mappings/2de57113-2a5b-4662-a762-f24b230bfff6?terminalId=e0d83143-46ce-480b-b004-4eab1aa7f949 - 401 - application/json;+charset=utf-8 0.5642ms
info: Microsoft.AspNetCore.Hosting.Diagnostics[1]
      Request starting HTTP/1.1 GET http://127.0.0.1:45923/api/v1/terminals/dad949cc-1778-4bba-af7a-af170a17869e/online-operations/?terminalId=dad949cc-1778-4bba-af7a-af170a17869e - - -
info: Microsoft.AspNetCore.Routing.EndpointMiddleware[0]
      Executing endpoint 'HTTP: GET /api/v1/terminals/{terminalId:guid}/online-operations/'
info: Microsoft.AspNetCore.Http.Result.JsonResult[1]
      Setting HTTP status code 401.
info: Microsoft.AspNetCore.Http.Result.JsonResult[3]
      Writing value of type '<>f__AnonymousType5`1' as Json.
info: Microsoft.AspNetCore.Routing.EndpointMiddleware[1]
      Executed endpoint 'HTTP: GET /api/v1/terminals/{terminalId:guid}/online-operations/'
info: Microsoft.AspNetCore.Hosting.Diagnostics[2]
      Request finished HTTP/1.1 GET https://127.0.0.1:45923/api/v1/terminals/dad949cc-1778-4bba-af7a-af170a17869e/online-operations/?terminalId=dad949cc-1778-4bba-af7a-af170a17869e - 401 - application/json;+charset=utf-8 2.5989ms
info: Microsoft.AspNetCore.Hosting.Diagnostics[1]
      Request starting HTTP/1.1 POST http://127.0.0.1:45923/api/v1/terminals/c11b7731-f51f-4f9a-a33b-e17587f3de4c/online-operations/orders/cda8591e-276a-46b8-a45e-3b668657cdff/cancel?terminalId=c11b7731-f51f-4f9a-a33b-e17587f3de4c - application/json;+charset=utf-8 2
info: Microsoft.AspNetCore.Routing.EndpointMiddleware[0]
      Executing endpoint 'HTTP: POST /api/v1/terminals/{terminalId:guid}/online-operations/orders/{orderId:guid}/cancel'
info: Microsoft.AspNetCore.Http.Result.JsonResult[1]
      Setting HTTP status code 401.
info: Microsoft.AspNetCore.Http.Result.JsonResult[3]
      Writing value of type '<>f__AnonymousType5`1' as Json.
info: Microsoft.AspNetCore.Routing.EndpointMiddleware[1]
      Executed endpoint 'HTTP: POST /api/v1/terminals/{terminalId:guid}/online-operations/orders/{orderId:guid}/cancel'
info: Microsoft.AspNetCore.Hosting.Diagnostics[2]
      Request finished HTTP/1.1 POST https://127.0.0.1:45923/api/v1/terminals/c11b7731-f51f-4f9a-a33b-e17587f3de4c/online-operations/orders/cda8591e-276a-46b8-a45e-3b668657cdff/cancel?terminalId=c11b7731-f51f-4f9a-a33b-e17587f3de4c - 401 - application/json;+charset=utf-8 3.4780ms
info: Microsoft.AspNetCore.Hosting.Diagnostics[1]
      Request starting HTTP/1.1 GET http://127.0.0.1:45923/api/v1/terminals/0501fa1d-efc6-476c-98d0-51b7136bcf2f/online-operations/orders/4be1653c-9a62-4aae-bff8-ee6dfe0129fc/customer-note?terminalId=0501fa1d-efc6-476c-98d0-51b7136bcf2f - - -
info: Microsoft.AspNetCore.Routing.EndpointMiddleware[0]
      Executing endpoint 'HTTP: GET /api/v1/terminals/{terminalId:guid}/online-operations/orders/{orderId:guid}/customer-note'
info: Microsoft.AspNetCore.Http.Result.JsonResult[1]
      Setting HTTP status code 401.
info: Microsoft.AspNetCore.Http.Result.JsonResult[3]
      Writing value of type '<>f__AnonymousType5`1' as Json.
info: Microsoft.AspNetCore.Routing.EndpointMiddleware[1]
      Executed endpoint 'HTTP: GET /api/v1/terminals/{terminalId:guid}/online-operations/orders/{orderId:guid}/customer-note'
info: Microsoft.AspNetCore.Hosting.Diagnostics[2]
      Request finished HTTP/1.1 GET https://127.0.0.1:45923/api/v1/terminals/0501fa1d-efc6-476c-98d0-51b7136bcf2f/online-operations/orders/4be1653c-9a62-4aae-bff8-ee6dfe0129fc/customer-note?terminalId=0501fa1d-efc6-476c-98d0-51b7136bcf2f - 401 - application/json;+charset=utf-8 4.3506ms
info: Microsoft.AspNetCore.Hosting.Diagnostics[1]
      Request starting HTTP/1.1 POST http://127.0.0.1:45923/api/v1/terminals/f18a94ea-7617-460a-aa4f-111194130ebf/online-operations/orders/0d9c3530-e374-4fb1-b57a-403f3d1475c6/hand-over?terminalId=f18a94ea-7617-460a-aa4f-111194130ebf - application/json;+charset=utf-8 2
info: Microsoft.AspNetCore.Routing.EndpointMiddleware[0]
      Executing endpoint 'HTTP: POST /api/v1/terminals/{terminalId:guid}/online-operations/orders/{orderId:guid}/hand-over'
info: Microsoft.AspNetCore.Http.Result.JsonResult[1]
      Setting HTTP status code 401.
info: Microsoft.AspNetCore.Http.Result.JsonResult[3]
      Writing value of type '<>f__AnonymousType5`1' as Json.
info: Microsoft.AspNetCore.Routing.EndpointMiddleware[1]
      Executed endpoint 'HTTP: POST /api/v1/terminals/{terminalId:guid}/online-operations/orders/{orderId:guid}/hand-over'
info: Microsoft.AspNetCore.Hosting.Diagnostics[2]
      Request finished HTTP/1.1 POST https://127.0.0.1:45923/api/v1/terminals/f18a94ea-7617-460a-aa4f-111194130ebf/online-operations/orders/0d9c3530-e374-4fb1-b57a-403f3d1475c6/hand-over?terminalId=f18a94ea-7617-460a-aa4f-111194130ebf - 401 - application/json;+charset=utf-8 0.7068ms
info: Microsoft.AspNetCore.Hosting.Diagnostics[1]
      Request starting HTTP/1.1 POST http://127.0.0.1:45923/api/v1/terminals/9172e811-3234-4479-8ec3-d07fea8245e5/online-ordering/catalog-publications/?terminalId=9172e811-3234-4479-8ec3-d07fea8245e5 - application/json;+charset=utf-8 2
info: Microsoft.AspNetCore.Routing.EndpointMiddleware[0]
      Executing endpoint 'HTTP: POST /api/v1/terminals/{terminalId:guid}/online-ordering/catalog-publications/'
info: Microsoft.AspNetCore.Http.Result.JsonResult[1]
      Setting HTTP status code 401.
info: Microsoft.AspNetCore.Http.Result.JsonResult[3]
      Writing value of type '<>f__AnonymousType5`1' as Json.
info: Microsoft.AspNetCore.Routing.EndpointMiddleware[1]
      Executed endpoint 'HTTP: POST /api/v1/terminals/{terminalId:guid}/online-ordering/catalog-publications/'
info: Microsoft.AspNetCore.Hosting.Diagnostics[2]
      Request finished HTTP/1.1 POST https://127.0.0.1:45923/api/v1/terminals/9172e811-3234-4479-8ec3-d07fea8245e5/online-ordering/catalog-publications/?terminalId=9172e811-3234-4479-8ec3-d07fea8245e5 - 401 - application/json;+charset=utf-8 1.0984ms
info: Microsoft.AspNetCore.Hosting.Diagnostics[1]
      Request starting HTTP/1.1 GET http://127.0.0.1:45923/api/v1/terminals/1eb3b7f5-81fb-4f32-9c9d-3e40f233a44a/online-platform-credentials/?terminalId=1eb3b7f5-81fb-4f32-9c9d-3e40f233a44a - - -
info: Microsoft.AspNetCore.Routing.EndpointMiddleware[0]
      Executing endpoint 'HTTP: GET /api/v1/terminals/{terminalId:guid}/online-platform-credentials/'
info: Microsoft.AspNetCore.Http.Result.JsonResult[1]
      Setting HTTP status code 401.
info: Microsoft.AspNetCore.Http.Result.JsonResult[3]
      Writing value of type '<>f__AnonymousType5`1' as Json.
info: Microsoft.AspNetCore.Routing.EndpointMiddleware[1]
      Executed endpoint 'HTTP: GET /api/v1/terminals/{terminalId:guid}/online-platform-credentials/'
info: Microsoft.AspNetCore.Hosting.Diagnostics[2]
      Request finished HTTP/1.1 GET https://127.0.0.1:45923/api/v1/terminals/1eb3b7f5-81fb-4f32-9c9d-3e40f233a44a/online-platform-credentials/?terminalId=1eb3b7f5-81fb-4f32-9c9d-3e40f233a44a - 401 - application/json;+charset=utf-8 1.9961ms
info: Microsoft.AspNetCore.Hosting.Diagnostics[1]
      Request starting HTTP/1.1 PUT http://127.0.0.1:45923/api/v1/terminals/c0b12298-2269-4378-a447-bde7193d0a16/online-platform-credentials/probe?terminalId=c0b12298-2269-4378-a447-bde7193d0a16 - application/json;+charset=utf-8 2
info: Microsoft.AspNetCore.Routing.EndpointMiddleware[0]
      Executing endpoint 'HTTP: PUT /api/v1/terminals/{terminalId:guid}/online-platform-credentials/{provider}'
info: Microsoft.AspNetCore.Http.Result.JsonResult[1]
      Setting HTTP status code 401.
info: Microsoft.AspNetCore.Http.Result.JsonResult[3]
      Writing value of type '<>f__AnonymousType5`1' as Json.
info: Microsoft.AspNetCore.Routing.EndpointMiddleware[1]
      Executed endpoint 'HTTP: PUT /api/v1/terminals/{terminalId:guid}/online-platform-credentials/{provider}'
info: Microsoft.AspNetCore.Hosting.Diagnostics[2]
      Request finished HTTP/1.1 PUT https://127.0.0.1:45923/api/v1/terminals/c0b12298-2269-4378-a447-bde7193d0a16/online-platform-credentials/probe?terminalId=c0b12298-2269-4378-a447-bde7193d0a16 - 401 - application/json;+charset=utf-8 0.4638ms
info: Microsoft.AspNetCore.Hosting.Diagnostics[1]
      Request starting HTTP/1.1 GET http://127.0.0.1:45923/api/v1/terminals/e11f29f5-f85d-4878-9cb6-605341f02c8c/online-problems/?terminalId=e11f29f5-f85d-4878-9cb6-605341f02c8c - - -
info: Microsoft.AspNetCore.Routing.EndpointMiddleware[0]
      Executing endpoint 'HTTP: GET /api/v1/terminals/{terminalId:guid}/online-problems/'
info: Microsoft.AspNetCore.Http.Result.JsonResult[1]
      Setting HTTP status code 401.
info: Microsoft.AspNetCore.Http.Result.JsonResult[3]
      Writing value of type '<>f__AnonymousType5`1' as Json.
info: Microsoft.AspNetCore.Routing.EndpointMiddleware[1]
      Executed endpoint 'HTTP: GET /api/v1/terminals/{terminalId:guid}/online-problems/'
info: Microsoft.AspNetCore.Hosting.Diagnostics[2]
      Request finished HTTP/1.1 GET https://127.0.0.1:45923/api/v1/terminals/e11f29f5-f85d-4878-9cb6-605341f02c8c/online-problems/?terminalId=e11f29f5-f85d-4878-9cb6-605341f02c8c - 401 - application/json;+charset=utf-8 2.3846ms
info: Microsoft.AspNetCore.Hosting.Diagnostics[1]
      Request starting HTTP/1.1 POST http://127.0.0.1:45923/api/v1/terminals/1ca97d33-b92f-4ecc-9da5-f143741fa29e/online-problems/7fc117c4-260b-4001-8c82-8e2039ed634b/resolve?terminalId=1ca97d33-b92f-4ecc-9da5-f143741fa29e - application/json;+charset=utf-8 2
info: Microsoft.AspNetCore.Routing.EndpointMiddleware[0]
      Executing endpoint 'HTTP: POST /api/v1/terminals/{terminalId:guid}/online-problems/{caseId:guid}/resolve'
info: Microsoft.AspNetCore.Http.Result.JsonResult[1]
      Setting HTTP status code 401.
info: Microsoft.AspNetCore.Http.Result.JsonResult[3]
      Writing value of type '<>f__AnonymousType5`1' as Json.
info: Microsoft.AspNetCore.Routing.EndpointMiddleware[1]
      Executed endpoint 'HTTP: POST /api/v1/terminals/{terminalId:guid}/online-problems/{caseId:guid}/resolve'
info: Microsoft.AspNetCore.Hosting.Diagnostics[2]
      Request finished HTTP/1.1 POST https://127.0.0.1:45923/api/v1/terminals/1ca97d33-b92f-4ecc-9da5-f143741fa29e/online-problems/7fc117c4-260b-4001-8c82-8e2039ed634b/resolve?terminalId=1ca97d33-b92f-4ecc-9da5-f143741fa29e - 401 - application/json;+charset=utf-8 0.8764ms
info: Microsoft.AspNetCore.Hosting.Diagnostics[1]
      Request starting HTTP/1.1 POST http://127.0.0.1:45923/api/v1/terminals/88be829c-28cc-460f-9629-9fa606a0e614/online-problems/85914b68-ed58-437a-a5f9-fb7b4aff5508/retry?terminalId=88be829c-28cc-460f-9629-9fa606a0e614 - application/json;+charset=utf-8 2
info: Microsoft.AspNetCore.Routing.EndpointMiddleware[0]
      Executing endpoint 'HTTP: POST /api/v1/terminals/{terminalId:guid}/online-problems/{caseId:guid}/retry'
info: Microsoft.AspNetCore.Http.Result.JsonResult[1]
      Setting HTTP status code 401.
info: Microsoft.AspNetCore.Http.Result.JsonResult[3]
      Writing value of type '<>f__AnonymousType5`1' as Json.
info: Microsoft.AspNetCore.Routing.EndpointMiddleware[1]
      Executed endpoint 'HTTP: POST /api/v1/terminals/{terminalId:guid}/online-problems/{caseId:guid}/retry'
info: Microsoft.AspNetCore.Hosting.Diagnostics[2]
      Request finished HTTP/1.1 POST https://127.0.0.1:45923/api/v1/terminals/88be829c-28cc-460f-9629-9fa606a0e614/online-problems/85914b68-ed58-437a-a5f9-fb7b4aff5508/retry?terminalId=88be829c-28cc-460f-9629-9fa606a0e614 - 401 - application/json;+charset=utf-8 0.7028ms
info: Microsoft.AspNetCore.Hosting.Diagnostics[1]
      Request starting HTTP/1.1 GET http://127.0.0.1:45923/api/v1/terminals/56d6fe8d-43ab-490b-b7ed-dd5e787f6ede/online-store-status/?terminalId=56d6fe8d-43ab-490b-b7ed-dd5e787f6ede - - -
info: Microsoft.AspNetCore.Routing.EndpointMiddleware[0]
      Executing endpoint 'HTTP: GET /api/v1/terminals/{terminalId:guid}/online-store-status/'
info: Microsoft.AspNetCore.Http.Result.JsonResult[1]
      Setting HTTP status code 401.
info: Microsoft.AspNetCore.Http.Result.JsonResult[3]
      Writing value of type '<>f__AnonymousType5`1' as Json.
info: Microsoft.AspNetCore.Routing.EndpointMiddleware[1]
      Executed endpoint 'HTTP: GET /api/v1/terminals/{terminalId:guid}/online-store-status/'
info: Microsoft.AspNetCore.Hosting.Diagnostics[2]
      Request finished HTTP/1.1 GET https://127.0.0.1:45923/api/v1/terminals/56d6fe8d-43ab-490b-b7ed-dd5e787f6ede/online-store-status/?terminalId=56d6fe8d-43ab-490b-b7ed-dd5e787f6ede - 401 - application/json;+charset=utf-8 2.4602ms
info: Microsoft.AspNetCore.Hosting.Diagnostics[1]
      Request starting HTTP/1.1 PUT http://127.0.0.1:45923/api/v1/terminals/3aafcb31-b75f-41f8-a419-ba0f05dccfc5/online-store-status/probe?terminalId=3aafcb31-b75f-41f8-a419-ba0f05dccfc5 - application/json;+charset=utf-8 2
info: Microsoft.AspNetCore.Routing.EndpointMiddleware[0]
      Executing endpoint 'HTTP: PUT /api/v1/terminals/{terminalId:guid}/online-store-status/{provider}'
info: Microsoft.AspNetCore.Http.Result.JsonResult[1]
      Setting HTTP status code 401.
info: Microsoft.AspNetCore.Http.Result.JsonResult[3]
      Writing value of type '<>f__AnonymousType5`1' as Json.
info: Microsoft.AspNetCore.Routing.EndpointMiddleware[1]
      Executed endpoint 'HTTP: PUT /api/v1/terminals/{terminalId:guid}/online-store-status/{provider}'
info: Microsoft.AspNetCore.Hosting.Diagnostics[2]
      Request finished HTTP/1.1 PUT https://127.0.0.1:45923/api/v1/terminals/3aafcb31-b75f-41f8-a419-ba0f05dccfc5/online-store-status/probe?terminalId=3aafcb31-b75f-41f8-a419-ba0f05dccfc5 - 401 - application/json;+charset=utf-8 0.5356ms
info: Microsoft.AspNetCore.Hosting.Diagnostics[1]
      Request starting HTTP/1.1 POST http://127.0.0.1:45923/api/v1/terminals/05e1b02f-c2b7-40be-981f-76782fa8a226/orders?terminalId=05e1b02f-c2b7-40be-981f-76782fa8a226 - application/json;+charset=utf-8 2
info: Microsoft.AspNetCore.Routing.EndpointMiddleware[0]
      Executing endpoint 'HTTP: POST /api/v1/terminals/{terminalId:guid}/orders'
info: Microsoft.AspNetCore.Routing.EndpointMiddleware[1]
      Executed endpoint 'HTTP: POST /api/v1/terminals/{terminalId:guid}/orders'
info: Microsoft.AspNetCore.Hosting.Diagnostics[2]
      Request finished HTTP/1.1 POST https://127.0.0.1:45923/api/v1/terminals/05e1b02f-c2b7-40be-981f-76782fa8a226/orders?terminalId=05e1b02f-c2b7-40be-981f-76782fa8a226 - 401 - application/json;+charset=utf-8 0.3819ms
info: Microsoft.AspNetCore.Hosting.Diagnostics[1]
      Request starting HTTP/1.1 GET http://127.0.0.1:45923/api/v1/terminals/83ff12b0-be21-458b-9e34-c3d15ff91876/orders/active?terminalId=83ff12b0-be21-458b-9e34-c3d15ff91876 - - -
info: Microsoft.AspNetCore.Routing.EndpointMiddleware[0]
      Executing endpoint 'HTTP: GET /api/v1/terminals/{terminalId:guid}/orders/active'
info: Microsoft.AspNetCore.Routing.EndpointMiddleware[1]
      Executed endpoint 'HTTP: GET /api/v1/terminals/{terminalId:guid}/orders/active'
info: Microsoft.AspNetCore.Hosting.Diagnostics[2]
      Request finished HTTP/1.1 GET https://127.0.0.1:45923/api/v1/terminals/83ff12b0-be21-458b-9e34-c3d15ff91876/orders/active?terminalId=83ff12b0-be21-458b-9e34-c3d15ff91876 - 401 - application/json;+charset=utf-8 1.1578ms
info: Microsoft.AspNetCore.Hosting.Diagnostics[1]
      Request starting HTTP/1.1 GET http://127.0.0.1:45923/api/v1/terminals/ca4469d7-eae3-4539-85d9-8cccb73f1fb3/orders/awaiting-payment?terminalId=ca4469d7-eae3-4539-85d9-8cccb73f1fb3 - - -
info: Microsoft.AspNetCore.Routing.EndpointMiddleware[0]
      Executing endpoint 'HTTP: GET /api/v1/terminals/{terminalId:guid}/orders/awaiting-payment'
info: Microsoft.AspNetCore.Http.Result.JsonResult[1]
      Setting HTTP status code 401.
info: Microsoft.AspNetCore.Http.Result.JsonResult[3]
      Writing value of type '<>f__AnonymousType5`1' as Json.
info: Microsoft.AspNetCore.Routing.EndpointMiddleware[1]
      Executed endpoint 'HTTP: GET /api/v1/terminals/{terminalId:guid}/orders/awaiting-payment'
info: Microsoft.AspNetCore.Hosting.Diagnostics[2]
      Request finished HTTP/1.1 GET https://127.0.0.1:45923/api/v1/terminals/ca4469d7-eae3-4539-85d9-8cccb73f1fb3/orders/awaiting-payment?terminalId=ca4469d7-eae3-4539-85d9-8cccb73f1fb3 - 401 - application/json;+charset=utf-8 1.2705ms
info: Microsoft.AspNetCore.Hosting.Diagnostics[1]
      Request starting HTTP/1.1 POST http://127.0.0.1:45923/api/v1/terminals/1f01ce4c-5249-4960-99da-511d8845c236/orders/handoff-note/pop?terminalId=1f01ce4c-5249-4960-99da-511d8845c236 - application/json;+charset=utf-8 2
info: Microsoft.AspNetCore.Routing.EndpointMiddleware[0]
      Executing endpoint 'HTTP: POST /api/v1/terminals/{terminalId:guid}/orders/handoff-note/pop'
info: Microsoft.AspNetCore.Http.Result.JsonResult[1]
      Setting HTTP status code 401.
info: Microsoft.AspNetCore.Http.Result.JsonResult[3]
      Writing value of type '<>f__AnonymousType5`1' as Json.
info: Microsoft.AspNetCore.Routing.EndpointMiddleware[1]
      Executed endpoint 'HTTP: POST /api/v1/terminals/{terminalId:guid}/orders/handoff-note/pop'
info: Microsoft.AspNetCore.Hosting.Diagnostics[2]
      Request finished HTTP/1.1 POST https://127.0.0.1:45923/api/v1/terminals/1f01ce4c-5249-4960-99da-511d8845c236/orders/handoff-note/pop?terminalId=1f01ce4c-5249-4960-99da-511d8845c236 - 401 - application/json;+charset=utf-8 0.3608ms
info: Microsoft.AspNetCore.Hosting.Diagnostics[1]
      Request starting HTTP/1.1 GET http://127.0.0.1:45923/api/v1/terminals/2ff20e21-3919-4af4-8507-dd6d6faac0a7/orders/my-shift-summary?terminalId=2ff20e21-3919-4af4-8507-dd6d6faac0a7 - - -
info: Microsoft.AspNetCore.Routing.EndpointMiddleware[0]
      Executing endpoint 'HTTP: GET /api/v1/terminals/{terminalId:guid}/orders/my-shift-summary'
info: Microsoft.AspNetCore.Http.Result.JsonResult[1]
      Setting HTTP status code 401.
info: Microsoft.AspNetCore.Http.Result.JsonResult[3]
      Writing value of type '<>f__AnonymousType5`1' as Json.
info: Microsoft.AspNetCore.Routing.EndpointMiddleware[1]
      Executed endpoint 'HTTP: GET /api/v1/terminals/{terminalId:guid}/orders/my-shift-summary'
info: Microsoft.AspNetCore.Hosting.Diagnostics[2]
      Request finished HTTP/1.1 GET https://127.0.0.1:45923/api/v1/terminals/2ff20e21-3919-4af4-8507-dd6d6faac0a7/orders/my-shift-summary?terminalId=2ff20e21-3919-4af4-8507-dd6d6faac0a7 - 401 - application/json;+charset=utf-8 1.3343ms
info: Microsoft.AspNetCore.Hosting.Diagnostics[1]
      Request starting HTTP/1.1 GET http://127.0.0.1:45923/api/v1/terminals/9ec8521b-a7c9-4430-b7a7-0d97a6e23286/orders/pending?terminalId=9ec8521b-a7c9-4430-b7a7-0d97a6e23286 - - -
info: Microsoft.AspNetCore.Routing.EndpointMiddleware[0]
      Executing endpoint 'HTTP: GET /api/v1/terminals/{terminalId:guid}/orders/pending'
info: Microsoft.AspNetCore.Http.Result.JsonResult[1]
      Setting HTTP status code 401.
info: Microsoft.AspNetCore.Http.Result.JsonResult[3]
      Writing value of type '<>f__AnonymousType5`1' as Json.
info: Microsoft.AspNetCore.Routing.EndpointMiddleware[1]
      Executed endpoint 'HTTP: GET /api/v1/terminals/{terminalId:guid}/orders/pending'
info: Microsoft.AspNetCore.Hosting.Diagnostics[2]
      Request finished HTTP/1.1 GET https://127.0.0.1:45923/api/v1/terminals/9ec8521b-a7c9-4430-b7a7-0d97a6e23286/orders/pending?terminalId=9ec8521b-a7c9-4430-b7a7-0d97a6e23286 - 401 - application/json;+charset=utf-8 2.4452ms
info: Microsoft.AspNetCore.Hosting.Diagnostics[1]
      Request starting HTTP/1.1 GET http://127.0.0.1:45923/api/v1/terminals/dccbf932-7260-4248-901c-70a97f415f32/orders/staff?terminalId=dccbf932-7260-4248-901c-70a97f415f32 - - -
info: Microsoft.AspNetCore.Routing.EndpointMiddleware[0]
      Executing endpoint 'HTTP: GET /api/v1/terminals/{terminalId:guid}/orders/staff'
info: Microsoft.AspNetCore.Http.Result.JsonResult[1]
      Setting HTTP status code 401.
info: Microsoft.AspNetCore.Http.Result.JsonResult[3]
      Writing value of type '<>f__AnonymousType5`1' as Json.
info: Microsoft.AspNetCore.Routing.EndpointMiddleware[1]
      Executed endpoint 'HTTP: GET /api/v1/terminals/{terminalId:guid}/orders/staff'
info: Microsoft.AspNetCore.Hosting.Diagnostics[2]
      Request finished HTTP/1.1 GET https://127.0.0.1:45923/api/v1/terminals/dccbf932-7260-4248-901c-70a97f415f32/orders/staff?terminalId=dccbf932-7260-4248-901c-70a97f415f32 - 401 - application/json;+charset=utf-8 2.5597ms
info: Microsoft.AspNetCore.Hosting.Diagnostics[1]
      Request starting HTTP/1.1 GET http://127.0.0.1:45923/api/v1/terminals/9f777ff1-b512-4add-9d92-3e7d5392ed16/orders/suggested-waiter?terminalId=9f777ff1-b512-4add-9d92-3e7d5392ed16 - - -
info: Microsoft.AspNetCore.Routing.EndpointMiddleware[0]
      Executing endpoint 'HTTP: GET /api/v1/terminals/{terminalId:guid}/orders/suggested-waiter'
info: Microsoft.AspNetCore.Http.Result.JsonResult[1]
      Setting HTTP status code 401.
info: Microsoft.AspNetCore.Http.Result.JsonResult[3]
      Writing value of type '<>f__AnonymousType5`1' as Json.
info: Microsoft.AspNetCore.Routing.EndpointMiddleware[1]
      Executed endpoint 'HTTP: GET /api/v1/terminals/{terminalId:guid}/orders/suggested-waiter'
info: Microsoft.AspNetCore.Hosting.Diagnostics[2]
      Request finished HTTP/1.1 GET https://127.0.0.1:45923/api/v1/terminals/9f777ff1-b512-4add-9d92-3e7d5392ed16/orders/suggested-waiter?terminalId=9f777ff1-b512-4add-9d92-3e7d5392ed16 - 401 - application/json;+charset=utf-8 2.6731ms
info: Microsoft.AspNetCore.Hosting.Diagnostics[1]
      Request starting HTTP/1.1 POST http://127.0.0.1:45923/api/v1/terminals/1181b819-7501-49cd-ad26-0da34f796b1b/orders/table?terminalId=1181b819-7501-49cd-ad26-0da34f796b1b - application/json;+charset=utf-8 2
info: Microsoft.AspNetCore.Routing.EndpointMiddleware[0]
      Executing endpoint 'HTTP: POST /api/v1/terminals/{terminalId:guid}/orders/table'
info: Microsoft.AspNetCore.Routing.EndpointMiddleware[1]
      Executed endpoint 'HTTP: POST /api/v1/terminals/{terminalId:guid}/orders/table'
info: Microsoft.AspNetCore.Hosting.Diagnostics[2]
      Request finished HTTP/1.1 POST https://127.0.0.1:45923/api/v1/terminals/1181b819-7501-49cd-ad26-0da34f796b1b/orders/table?terminalId=1181b819-7501-49cd-ad26-0da34f796b1b - 401 - application/json;+charset=utf-8 0.9137ms
info: Microsoft.AspNetCore.Hosting.Diagnostics[1]
      Request starting HTTP/1.1 POST http://127.0.0.1:45923/api/v1/terminals/572077f0-8dfa-4d80-b6e3-44ca96f25fdc/orders/table-draft?terminalId=572077f0-8dfa-4d80-b6e3-44ca96f25fdc - application/json;+charset=utf-8 2
info: Microsoft.AspNetCore.Routing.EndpointMiddleware[0]
      Executing endpoint 'HTTP: POST /api/v1/terminals/{terminalId:guid}/orders/table-draft'
info: Microsoft.AspNetCore.Http.Result.JsonResult[1]
      Setting HTTP status code 401.
info: Microsoft.AspNetCore.Http.Result.JsonResult[3]
      Writing value of type '<>f__AnonymousType5`1' as Json.
info: Microsoft.AspNetCore.Routing.EndpointMiddleware[1]
      Executed endpoint 'HTTP: POST /api/v1/terminals/{terminalId:guid}/orders/table-draft'
info: Microsoft.AspNetCore.Hosting.Diagnostics[2]
      Request finished HTTP/1.1 POST https://127.0.0.1:45923/api/v1/terminals/572077f0-8dfa-4d80-b6e3-44ca96f25fdc/orders/table-draft?terminalId=572077f0-8dfa-4d80-b6e3-44ca96f25fdc - 401 - application/json;+charset=utf-8 0.5559ms
info: Microsoft.AspNetCore.Hosting.Diagnostics[1]
      Request starting HTTP/1.1 GET http://127.0.0.1:45923/api/v1/terminals/2749f904-522b-473f-8736-1251d0a02256/orders/table/f794cbe0-508e-4071-940c-9b39cd42894b?terminalId=2749f904-522b-473f-8736-1251d0a02256 - - -
info: Microsoft.AspNetCore.Routing.EndpointMiddleware[0]
      Executing endpoint 'HTTP: GET /api/v1/terminals/{terminalId:guid}/orders/table/{tableId:guid}'
info: Microsoft.AspNetCore.Http.Result.JsonResult[1]
      Setting HTTP status code 401.
info: Microsoft.AspNetCore.Http.Result.JsonResult[3]
      Writing value of type '<>f__AnonymousType5`1' as Json.
info: Microsoft.AspNetCore.Routing.EndpointMiddleware[1]
      Executed endpoint 'HTTP: GET /api/v1/terminals/{terminalId:guid}/orders/table/{tableId:guid}'
info: Microsoft.AspNetCore.Hosting.Diagnostics[2]
      Request finished HTTP/1.1 GET https://127.0.0.1:45923/api/v1/terminals/2749f904-522b-473f-8736-1251d0a02256/orders/table/f794cbe0-508e-4071-940c-9b39cd42894b?terminalId=2749f904-522b-473f-8736-1251d0a02256 - 401 - application/json;+charset=utf-8 1.5777ms
info: Microsoft.AspNetCore.Hosting.Diagnostics[1]
      Request starting HTTP/1.1 POST http://127.0.0.1:45923/api/v1/terminals/4a840a75-43b2-4db0-9ae2-89f4d377a11a/orders/transfer-server?terminalId=4a840a75-43b2-4db0-9ae2-89f4d377a11a - application/json;+charset=utf-8 2
info: Microsoft.AspNetCore.Routing.EndpointMiddleware[0]
      Executing endpoint 'HTTP: POST /api/v1/terminals/{terminalId:guid}/orders/transfer-server'
info: Microsoft.AspNetCore.Http.Result.JsonResult[1]
      Setting HTTP status code 401.
info: Microsoft.AspNetCore.Http.Result.JsonResult[3]
      Writing value of type '<>f__AnonymousType5`1' as Json.
info: Microsoft.AspNetCore.Routing.EndpointMiddleware[1]
      Executed endpoint 'HTTP: POST /api/v1/terminals/{terminalId:guid}/orders/transfer-server'
info: Microsoft.AspNetCore.Hosting.Diagnostics[2]
      Request finished HTTP/1.1 POST https://127.0.0.1:45923/api/v1/terminals/4a840a75-43b2-4db0-9ae2-89f4d377a11a/orders/transfer-server?terminalId=4a840a75-43b2-4db0-9ae2-89f4d377a11a - 401 - application/json;+charset=utf-8 0.4634ms
info: Microsoft.AspNetCore.Hosting.Diagnostics[1]
      Request starting HTTP/1.1 GET http://127.0.0.1:45923/api/v1/terminals/ddd07928-2af8-4572-8287-1e807493b1d3/orders/waiter-load?terminalId=ddd07928-2af8-4572-8287-1e807493b1d3 - - -
info: Microsoft.AspNetCore.Routing.EndpointMiddleware[0]
      Executing endpoint 'HTTP: GET /api/v1/terminals/{terminalId:guid}/orders/waiter-load'
info: Microsoft.AspNetCore.Http.Result.JsonResult[1]
      Setting HTTP status code 401.
info: Microsoft.AspNetCore.Http.Result.JsonResult[3]
      Writing value of type '<>f__AnonymousType5`1' as Json.
info: Microsoft.AspNetCore.Routing.EndpointMiddleware[1]
      Executed endpoint 'HTTP: GET /api/v1/terminals/{terminalId:guid}/orders/waiter-load'
info: Microsoft.AspNetCore.Hosting.Diagnostics[2]
      Request finished HTTP/1.1 GET https://127.0.0.1:45923/api/v1/terminals/ddd07928-2af8-4572-8287-1e807493b1d3/orders/waiter-load?terminalId=ddd07928-2af8-4572-8287-1e807493b1d3 - 401 - application/json;+charset=utf-8 3.2338ms
info: Microsoft.AspNetCore.Hosting.Diagnostics[1]
      Request starting HTTP/1.1 GET http://127.0.0.1:45923/api/v1/terminals/9b0444c5-174a-40ef-a29a-e24dec2caa6f/orders/b6e5080f-5daf-4386-a6ca-f2c5748fd7de?terminalId=9b0444c5-174a-40ef-a29a-e24dec2caa6f - - -
info: Microsoft.AspNetCore.Routing.EndpointMiddleware[0]
      Executing endpoint 'HTTP: GET /api/v1/terminals/{terminalId:guid}/orders/{orderId:guid}'
info: Microsoft.AspNetCore.Http.Result.JsonResult[1]
      Setting HTTP status code 401.
info: Microsoft.AspNetCore.Http.Result.JsonResult[3]
      Writing value of type '<>f__AnonymousType5`1' as Json.
info: Microsoft.AspNetCore.Routing.EndpointMiddleware[1]
      Executed endpoint 'HTTP: GET /api/v1/terminals/{terminalId:guid}/orders/{orderId:guid}'
info: Microsoft.AspNetCore.Hosting.Diagnostics[2]
      Request finished HTTP/1.1 GET https://127.0.0.1:45923/api/v1/terminals/9b0444c5-174a-40ef-a29a-e24dec2caa6f/orders/b6e5080f-5daf-4386-a6ca-f2c5748fd7de?terminalId=9b0444c5-174a-40ef-a29a-e24dec2caa6f - 401 - application/json;+charset=utf-8 1.6195ms
info: Microsoft.AspNetCore.Hosting.Diagnostics[1]
      Request starting HTTP/1.1 POST http://127.0.0.1:45923/api/v1/terminals/c2d8b812-aba5-4f0b-ae4d-cb6040a6f255/orders/31eef94c-1ac7-449f-8ab9-e9a611f67ed9/accept?terminalId=c2d8b812-aba5-4f0b-ae4d-cb6040a6f255 - application/json;+charset=utf-8 2
info: Microsoft.AspNetCore.Routing.EndpointMiddleware[0]
      Executing endpoint 'HTTP: POST /api/v1/terminals/{terminalId:guid}/orders/{orderId:guid}/accept'
info: Microsoft.AspNetCore.Http.Result.JsonResult[1]
      Setting HTTP status code 401.
info: Microsoft.AspNetCore.Http.Result.JsonResult[3]
      Writing value of type '<>f__AnonymousType5`1' as Json.
info: Microsoft.AspNetCore.Routing.EndpointMiddleware[1]
      Executed endpoint 'HTTP: POST /api/v1/terminals/{terminalId:guid}/orders/{orderId:guid}/accept'
info: Microsoft.AspNetCore.Hosting.Diagnostics[2]
      Request finished HTTP/1.1 POST https://127.0.0.1:45923/api/v1/terminals/c2d8b812-aba5-4f0b-ae4d-cb6040a6f255/orders/31eef94c-1ac7-449f-8ab9-e9a611f67ed9/accept?terminalId=c2d8b812-aba5-4f0b-ae4d-cb6040a6f255 - 401 - application/json;+charset=utf-8 0.5065ms
info: Microsoft.AspNetCore.Hosting.Diagnostics[1]
      Request starting HTTP/1.1 POST http://127.0.0.1:45923/api/v1/terminals/8314a471-be9d-4cec-a767-2893dc8bbb2e/orders/9b552fd3-ff7d-4ac8-bc25-2cc5db33ad89/fire-course?terminalId=8314a471-be9d-4cec-a767-2893dc8bbb2e - application/json;+charset=utf-8 2
info: Microsoft.AspNetCore.Routing.EndpointMiddleware[0]
      Executing endpoint 'HTTP: POST /api/v1/terminals/{terminalId:guid}/orders/{orderId:guid}/fire-course'
info: Microsoft.AspNetCore.Http.Result.JsonResult[1]
      Setting HTTP status code 401.
info: Microsoft.AspNetCore.Http.Result.JsonResult[3]
      Writing value of type '<>f__AnonymousType5`1' as Json.
info: Microsoft.AspNetCore.Routing.EndpointMiddleware[1]
      Executed endpoint 'HTTP: POST /api/v1/terminals/{terminalId:guid}/orders/{orderId:guid}/fire-course'
info: Microsoft.AspNetCore.Hosting.Diagnostics[2]
      Request finished HTTP/1.1 POST https://127.0.0.1:45923/api/v1/terminals/8314a471-be9d-4cec-a767-2893dc8bbb2e/orders/9b552fd3-ff7d-4ac8-bc25-2cc5db33ad89/fire-course?terminalId=8314a471-be9d-4cec-a767-2893dc8bbb2e - 401 - application/json;+charset=utf-8 0.6455ms
info: Microsoft.AspNetCore.Hosting.Diagnostics[1]
      Request starting HTTP/1.1 POST http://127.0.0.1:45923/api/v1/terminals/22efc4da-76d7-47dd-9d72-c3751bfe8372/orders/4326c341-e2c9-47f8-97b7-aadffcc577e5/items?terminalId=22efc4da-76d7-47dd-9d72-c3751bfe8372 - application/json;+charset=utf-8 2
info: Microsoft.AspNetCore.Routing.EndpointMiddleware[0]
      Executing endpoint 'HTTP: POST /api/v1/terminals/{terminalId:guid}/orders/{orderId:guid}/items'
info: Microsoft.AspNetCore.Routing.EndpointMiddleware[1]
      Executed endpoint 'HTTP: POST /api/v1/terminals/{terminalId:guid}/orders/{orderId:guid}/items'
info: Microsoft.AspNetCore.Hosting.Diagnostics[2]
      Request finished HTTP/1.1 POST https://127.0.0.1:45923/api/v1/terminals/22efc4da-76d7-47dd-9d72-c3751bfe8372/orders/4326c341-e2c9-47f8-97b7-aadffcc577e5/items?terminalId=22efc4da-76d7-47dd-9d72-c3751bfe8372 - 401 - application/json;+charset=utf-8 0.4669ms
info: Microsoft.AspNetCore.Hosting.Diagnostics[1]
      Request starting HTTP/1.1 PATCH http://127.0.0.1:45923/api/v1/terminals/452880ed-270c-45a4-89f3-eda3f07a7c48/orders/bd4089f1-4f68-46f0-aeaa-3acc9ebce569/items/9deaeebd-67f2-4356-883f-69b7bf14182c?terminalId=452880ed-270c-45a4-89f3-eda3f07a7c48 - application/json;+charset=utf-8 2
info: Microsoft.AspNetCore.Routing.EndpointMiddleware[0]
      Executing endpoint 'HTTP: PATCH /api/v1/terminals/{terminalId:guid}/orders/{orderId:guid}/items/{itemId:guid}'
info: Microsoft.AspNetCore.Routing.EndpointMiddleware[1]
      Executed endpoint 'HTTP: PATCH /api/v1/terminals/{terminalId:guid}/orders/{orderId:guid}/items/{itemId:guid}'
info: Microsoft.AspNetCore.Hosting.Diagnostics[2]
      Request finished HTTP/1.1 PATCH https://127.0.0.1:45923/api/v1/terminals/452880ed-270c-45a4-89f3-eda3f07a7c48/orders/bd4089f1-4f68-46f0-aeaa-3acc9ebce569/items/9deaeebd-67f2-4356-883f-69b7bf14182c?terminalId=452880ed-270c-45a4-89f3-eda3f07a7c48 - 401 - application/json;+charset=utf-8 0.3833ms
info: Microsoft.AspNetCore.Hosting.Diagnostics[1]
      Request starting HTTP/1.1 DELETE http://127.0.0.1:45923/api/v1/terminals/2ef2f7b1-8fce-4fac-9b24-566ef0ccbd0b/orders/764b95d2-3f76-4e22-919d-3361ebb2d7e4/items/b1ba3424-e4ce-4655-8dd8-05052f053fdc?terminalId=2ef2f7b1-8fce-4fac-9b24-566ef0ccbd0b - application/json;+charset=utf-8 2
info: Microsoft.AspNetCore.Routing.EndpointMiddleware[0]
      Executing endpoint 'HTTP: DELETE /api/v1/terminals/{terminalId:guid}/orders/{orderId:guid}/items/{itemId:guid}'
info: Microsoft.AspNetCore.Routing.EndpointMiddleware[1]
      Executed endpoint 'HTTP: DELETE /api/v1/terminals/{terminalId:guid}/orders/{orderId:guid}/items/{itemId:guid}'
info: Microsoft.AspNetCore.Hosting.Diagnostics[2]
      Request finished HTTP/1.1 DELETE https://127.0.0.1:45923/api/v1/terminals/2ef2f7b1-8fce-4fac-9b24-566ef0ccbd0b/orders/764b95d2-3f76-4e22-919d-3361ebb2d7e4/items/b1ba3424-e4ce-4655-8dd8-05052f053fdc?terminalId=2ef2f7b1-8fce-4fac-9b24-566ef0ccbd0b - 400 0 - 0.1564ms
info: Microsoft.AspNetCore.Hosting.Diagnostics[1]
      Request starting HTTP/1.1 POST http://127.0.0.1:45923/api/v1/terminals/5c10ac53-ca43-4ed6-a6c3-92c3d200db70/orders/79475a6e-d984-4e80-8782-64863ba44d7e/items/f91e4c29-10fd-44a9-b50d-001820a408bf/comp?terminalId=5c10ac53-ca43-4ed6-a6c3-92c3d200db70 - application/json;+charset=utf-8 2
info: Microsoft.AspNetCore.Routing.EndpointMiddleware[0]
      Executing endpoint 'HTTP: POST /api/v1/terminals/{terminalId:guid}/orders/{orderId:guid}/items/{itemId:guid}/comp'
info: Microsoft.AspNetCore.Http.Result.JsonResult[1]
      Setting HTTP status code 401.
info: Microsoft.AspNetCore.Http.Result.JsonResult[3]
      Writing value of type '<>f__AnonymousType5`1' as Json.
info: Microsoft.AspNetCore.Routing.EndpointMiddleware[1]
      Executed endpoint 'HTTP: POST /api/v1/terminals/{terminalId:guid}/orders/{orderId:guid}/items/{itemId:guid}/comp'
info: Microsoft.AspNetCore.Hosting.Diagnostics[2]
      Request finished HTTP/1.1 POST https://127.0.0.1:45923/api/v1/terminals/5c10ac53-ca43-4ed6-a6c3-92c3d200db70/orders/79475a6e-d984-4e80-8782-64863ba44d7e/items/f91e4c29-10fd-44a9-b50d-001820a408bf/comp?terminalId=5c10ac53-ca43-4ed6-a6c3-92c3d200db70 - 401 - application/json;+charset=utf-8 0.3209ms
info: Microsoft.AspNetCore.Hosting.Diagnostics[1]
      Request starting HTTP/1.1 POST http://127.0.0.1:45923/api/v1/terminals/37de6aec-1a86-46cc-b4f7-2c58c7c4f211/orders/1486c6e1-518f-4bdb-bf86-897b9b5a7078/items/fd3e4468-6589-4c43-b9fb-dd604e0104b9/void?terminalId=37de6aec-1a86-46cc-b4f7-2c58c7c4f211 - application/json;+charset=utf-8 2
info: Microsoft.AspNetCore.Routing.EndpointMiddleware[0]
      Executing endpoint 'HTTP: POST /api/v1/terminals/{terminalId:guid}/orders/{orderId:guid}/items/{itemId:guid}/void'
info: Microsoft.AspNetCore.Http.Result.JsonResult[1]
      Setting HTTP status code 401.
info: Microsoft.AspNetCore.Http.Result.JsonResult[3]
      Writing value of type '<>f__AnonymousType5`1' as Json.
info: Microsoft.AspNetCore.Routing.EndpointMiddleware[1]
      Executed endpoint 'HTTP: POST /api/v1/terminals/{terminalId:guid}/orders/{orderId:guid}/items/{itemId:guid}/void'
info: Microsoft.AspNetCore.Hosting.Diagnostics[2]
      Request finished HTTP/1.1 POST https://127.0.0.1:45923/api/v1/terminals/37de6aec-1a86-46cc-b4f7-2c58c7c4f211/orders/1486c6e1-518f-4bdb-bf86-897b9b5a7078/items/fd3e4468-6589-4c43-b9fb-dd604e0104b9/void?terminalId=37de6aec-1a86-46cc-b4f7-2c58c7c4f211 - 401 - application/json;+charset=utf-8 0.6067ms
info: Microsoft.AspNetCore.Hosting.Diagnostics[1]
      Request starting HTTP/1.1 POST http://127.0.0.1:45923/api/v1/terminals/9dc068cb-7a4d-4d16-8fef-c102c9e04f27/orders/b7ff65fe-413d-4a26-9ef5-980a9b32ed6a/items/55948be6-aa66-4a0c-996a-c85e2152a8be/void-sent?terminalId=9dc068cb-7a4d-4d16-8fef-c102c9e04f27 - application/json;+charset=utf-8 2
info: Microsoft.AspNetCore.Routing.EndpointMiddleware[0]
      Executing endpoint 'HTTP: POST /api/v1/terminals/{terminalId:guid}/orders/{orderId:guid}/items/{itemId:guid}/void-sent'
info: Microsoft.AspNetCore.Http.Result.JsonResult[1]
      Setting HTTP status code 401.
info: Microsoft.AspNetCore.Http.Result.JsonResult[3]
      Writing value of type '<>f__AnonymousType5`1' as Json.
info: Microsoft.AspNetCore.Routing.EndpointMiddleware[1]
      Executed endpoint 'HTTP: POST /api/v1/terminals/{terminalId:guid}/orders/{orderId:guid}/items/{itemId:guid}/void-sent'
info: Microsoft.AspNetCore.Hosting.Diagnostics[2]
      Request finished HTTP/1.1 POST https://127.0.0.1:45923/api/v1/terminals/9dc068cb-7a4d-4d16-8fef-c102c9e04f27/orders/b7ff65fe-413d-4a26-9ef5-980a9b32ed6a/items/55948be6-aa66-4a0c-996a-c85e2152a8be/void-sent?terminalId=9dc068cb-7a4d-4d16-8fef-c102c9e04f27 - 401 - application/json;+charset=utf-8 0.4221ms
info: Microsoft.AspNetCore.Hosting.Diagnostics[1]
      Request starting HTTP/1.1 POST http://127.0.0.1:45923/api/v1/terminals/ddf70d1a-fae6-4249-af3e-0f35e77c57e2/orders/6a1e59d3-e58e-40f3-a0a0-6c396bcedaf8/recall-from-cashier?terminalId=ddf70d1a-fae6-4249-af3e-0f35e77c57e2 - application/json;+charset=utf-8 2
info: Microsoft.AspNetCore.Routing.EndpointMiddleware[0]
      Executing endpoint 'HTTP: POST /api/v1/terminals/{terminalId:guid}/orders/{orderId:guid}/recall-from-cashier'
info: Microsoft.AspNetCore.Http.Result.JsonResult[1]
      Setting HTTP status code 401.
info: Microsoft.AspNetCore.Http.Result.JsonResult[3]
      Writing value of type '<>f__AnonymousType5`1' as Json.
info: Microsoft.AspNetCore.Routing.EndpointMiddleware[1]
      Executed endpoint 'HTTP: POST /api/v1/terminals/{terminalId:guid}/orders/{orderId:guid}/recall-from-cashier'
info: Microsoft.AspNetCore.Hosting.Diagnostics[2]
      Request finished HTTP/1.1 POST https://127.0.0.1:45923/api/v1/terminals/ddf70d1a-fae6-4249-af3e-0f35e77c57e2/orders/6a1e59d3-e58e-40f3-a0a0-6c396bcedaf8/recall-from-cashier?terminalId=ddf70d1a-fae6-4249-af3e-0f35e77c57e2 - 401 - application/json;+charset=utf-8 0.7480ms
info: Microsoft.AspNetCore.Hosting.Diagnostics[1]
      Request starting HTTP/1.1 POST http://127.0.0.1:45923/api/v1/terminals/c2333bc3-1ad9-44d1-a7a3-ad1220a39461/orders/faa35f2e-52ec-4c6e-9fb1-13a56b65884e/reject?terminalId=c2333bc3-1ad9-44d1-a7a3-ad1220a39461 - application/json;+charset=utf-8 2
info: Microsoft.AspNetCore.Routing.EndpointMiddleware[0]
      Executing endpoint 'HTTP: POST /api/v1/terminals/{terminalId:guid}/orders/{orderId:guid}/reject'
info: Microsoft.AspNetCore.Http.Result.JsonResult[1]
      Setting HTTP status code 401.
info: Microsoft.AspNetCore.Http.Result.JsonResult[3]
      Writing value of type '<>f__AnonymousType5`1' as Json.
info: Microsoft.AspNetCore.Routing.EndpointMiddleware[1]
      Executed endpoint 'HTTP: POST /api/v1/terminals/{terminalId:guid}/orders/{orderId:guid}/reject'
info: Microsoft.AspNetCore.Hosting.Diagnostics[2]
      Request finished HTTP/1.1 POST https://127.0.0.1:45923/api/v1/terminals/c2333bc3-1ad9-44d1-a7a3-ad1220a39461/orders/faa35f2e-52ec-4c6e-9fb1-13a56b65884e/reject?terminalId=c2333bc3-1ad9-44d1-a7a3-ad1220a39461 - 401 - application/json;+charset=utf-8 0.7589ms
info: Microsoft.AspNetCore.Hosting.Diagnostics[1]
      Request starting HTTP/1.1 POST http://127.0.0.1:45923/api/v1/terminals/63301419-fba2-4c0f-bfe9-8e1e61b1c0dc/orders/997768e9-dd9a-4a69-aad1-b4f2e4041b71/send-to-cashier?terminalId=63301419-fba2-4c0f-bfe9-8e1e61b1c0dc - application/json;+charset=utf-8 2
info: Microsoft.AspNetCore.Routing.EndpointMiddleware[0]
      Executing endpoint 'HTTP: POST /api/v1/terminals/{terminalId:guid}/orders/{orderId:guid}/send-to-cashier'
info: Microsoft.AspNetCore.Http.Result.JsonResult[1]
      Setting HTTP status code 401.
info: Microsoft.AspNetCore.Http.Result.JsonResult[3]
      Writing value of type '<>f__AnonymousType5`1' as Json.
info: Microsoft.AspNetCore.Routing.EndpointMiddleware[1]
      Executed endpoint 'HTTP: POST /api/v1/terminals/{terminalId:guid}/orders/{orderId:guid}/send-to-cashier'
info: Microsoft.AspNetCore.Hosting.Diagnostics[2]
      Request finished HTTP/1.1 POST https://127.0.0.1:45923/api/v1/terminals/63301419-fba2-4c0f-bfe9-8e1e61b1c0dc/orders/997768e9-dd9a-4a69-aad1-b4f2e4041b71/send-to-cashier?terminalId=63301419-fba2-4c0f-bfe9-8e1e61b1c0dc - 401 - application/json;+charset=utf-8 0.9680ms
info: Microsoft.AspNetCore.Hosting.Diagnostics[1]
      Request starting HTTP/1.1 POST http://127.0.0.1:45923/api/v1/terminals/60e0fc27-7f91-4582-ba5e-3850aed1c86a/orders/f7f953df-9460-4e3d-bb4b-96f2f5d06141/submit?terminalId=60e0fc27-7f91-4582-ba5e-3850aed1c86a - application/json;+charset=utf-8 2
info: Microsoft.AspNetCore.Routing.EndpointMiddleware[0]
      Executing endpoint 'HTTP: POST /api/v1/terminals/{terminalId:guid}/orders/{orderId:guid}/submit'
info: Microsoft.AspNetCore.Routing.EndpointMiddleware[1]
      Executed endpoint 'HTTP: POST /api/v1/terminals/{terminalId:guid}/orders/{orderId:guid}/submit'
info: Microsoft.AspNetCore.Hosting.Diagnostics[2]
      Request finished HTTP/1.1 POST https://127.0.0.1:45923/api/v1/terminals/60e0fc27-7f91-4582-ba5e-3850aed1c86a/orders/f7f953df-9460-4e3d-bb4b-96f2f5d06141/submit?terminalId=60e0fc27-7f91-4582-ba5e-3850aed1c86a - 401 - application/json;+charset=utf-8 0.5830ms
info: Microsoft.AspNetCore.Hosting.Diagnostics[1]
      Request starting HTTP/1.1 POST http://127.0.0.1:45923/api/v1/terminals/f11fd82b-824b-4b01-a461-792aa5896721/orders/f9aee542-898b-4499-85e1-d19f7b65964d/submit-draft?terminalId=f11fd82b-824b-4b01-a461-792aa5896721 - application/json;+charset=utf-8 2
info: Microsoft.AspNetCore.Routing.EndpointMiddleware[0]
      Executing endpoint 'HTTP: POST /api/v1/terminals/{terminalId:guid}/orders/{orderId:guid}/submit-draft'
info: Microsoft.AspNetCore.Http.Result.JsonResult[1]
      Setting HTTP status code 401.
info: Microsoft.AspNetCore.Http.Result.JsonResult[3]
      Writing value of type '<>f__AnonymousType5`1' as Json.
info: Microsoft.AspNetCore.Routing.EndpointMiddleware[1]
      Executed endpoint 'HTTP: POST /api/v1/terminals/{terminalId:guid}/orders/{orderId:guid}/submit-draft'
info: Microsoft.AspNetCore.Hosting.Diagnostics[2]
      Request finished HTTP/1.1 POST https://127.0.0.1:45923/api/v1/terminals/f11fd82b-824b-4b01-a461-792aa5896721/orders/f9aee542-898b-4499-85e1-d19f7b65964d/submit-draft?terminalId=f11fd82b-824b-4b01-a461-792aa5896721 - 401 - application/json;+charset=utf-8 0.5603ms
info: Microsoft.AspNetCore.Hosting.Diagnostics[1]
      Request starting HTTP/1.1 POST http://127.0.0.1:45923/api/v1/terminals/4e22d189-ae51-411d-b0af-8ec41a7bc4c9/pairings/approve?terminalId=4e22d189-ae51-411d-b0af-8ec41a7bc4c9 - application/json;+charset=utf-8 2
info: Microsoft.AspNetCore.Routing.EndpointMiddleware[0]
      Executing endpoint 'HTTP: POST /api/v1/terminals/{terminalId:guid}/pairings/approve'
info: Microsoft.AspNetCore.Routing.EndpointMiddleware[1]
      Executed endpoint 'HTTP: POST /api/v1/terminals/{terminalId:guid}/pairings/approve'
info: Microsoft.AspNetCore.Hosting.Diagnostics[2]
      Request finished HTTP/1.1 POST https://127.0.0.1:45923/api/v1/terminals/4e22d189-ae51-411d-b0af-8ec41a7bc4c9/pairings/approve?terminalId=4e22d189-ae51-411d-b0af-8ec41a7bc4c9 - 401 - application/json;+charset=utf-8 0.5753ms
info: Microsoft.AspNetCore.Hosting.Diagnostics[1]
      Request starting HTTP/1.1 GET http://127.0.0.1:45923/api/v1/terminals/73f5d321-e59a-466d-b33d-ecaeeb3eebfd/push/public-key?terminalId=73f5d321-e59a-466d-b33d-ecaeeb3eebfd - - -
info: Microsoft.AspNetCore.Routing.EndpointMiddleware[0]
      Executing endpoint 'HTTP: GET /api/v1/terminals/{terminalId:guid}/push/public-key'
info: Microsoft.AspNetCore.Routing.EndpointMiddleware[1]
      Executed endpoint 'HTTP: GET /api/v1/terminals/{terminalId:guid}/push/public-key'
info: Microsoft.AspNetCore.Hosting.Diagnostics[2]
      Request finished HTTP/1.1 GET https://127.0.0.1:45923/api/v1/terminals/73f5d321-e59a-466d-b33d-ecaeeb3eebfd/push/public-key?terminalId=73f5d321-e59a-466d-b33d-ecaeeb3eebfd - 401 - application/json;+charset=utf-8 1.5901ms
info: Microsoft.AspNetCore.Hosting.Diagnostics[1]
      Request starting HTTP/1.1 POST http://127.0.0.1:45923/api/v1/terminals/8fa555e7-6a99-471d-b636-4564433c87ff/push/subscriptions?terminalId=8fa555e7-6a99-471d-b636-4564433c87ff - application/json;+charset=utf-8 2
info: Microsoft.AspNetCore.Routing.EndpointMiddleware[0]
      Executing endpoint 'HTTP: POST /api/v1/terminals/{terminalId:guid}/push/subscriptions'
info: Microsoft.AspNetCore.Routing.EndpointMiddleware[1]
      Executed endpoint 'HTTP: POST /api/v1/terminals/{terminalId:guid}/push/subscriptions'
info: Microsoft.AspNetCore.Hosting.Diagnostics[2]
      Request finished HTTP/1.1 POST https://127.0.0.1:45923/api/v1/terminals/8fa555e7-6a99-471d-b636-4564433c87ff/push/subscriptions?terminalId=8fa555e7-6a99-471d-b636-4564433c87ff - 401 - application/json;+charset=utf-8 0.3925ms
info: Microsoft.AspNetCore.Hosting.Diagnostics[1]
      Request starting HTTP/1.1 DELETE http://127.0.0.1:45923/api/v1/terminals/c1f7cd54-7c3b-4a50-839b-c928d822a1b6/push/subscriptions?terminalId=c1f7cd54-7c3b-4a50-839b-c928d822a1b6 - application/json;+charset=utf-8 2
info: Microsoft.AspNetCore.Routing.EndpointMiddleware[0]
      Executing endpoint 'HTTP: DELETE /api/v1/terminals/{terminalId:guid}/push/subscriptions'
info: Microsoft.AspNetCore.Routing.EndpointMiddleware[1]
      Executed endpoint 'HTTP: DELETE /api/v1/terminals/{terminalId:guid}/push/subscriptions'
info: Microsoft.AspNetCore.Hosting.Diagnostics[2]
      Request finished HTTP/1.1 DELETE https://127.0.0.1:45923/api/v1/terminals/c1f7cd54-7c3b-4a50-839b-c928d822a1b6/push/subscriptions?terminalId=c1f7cd54-7c3b-4a50-839b-c928d822a1b6 - 400 0 - 0.1754ms
info: Microsoft.AspNetCore.Hosting.Diagnostics[1]
      Request starting HTTP/1.1 POST http://127.0.0.1:45923/api/v1/terminals/e83ae8ab-df42-49a2-88d8-de0d46eae13e/qnb-credential/?terminalId=e83ae8ab-df42-49a2-88d8-de0d46eae13e - application/json;+charset=utf-8 2
info: Microsoft.AspNetCore.Routing.EndpointMiddleware[0]
      Executing endpoint 'HTTP: POST /api/v1/terminals/{terminalId:guid}/qnb-credential/'
info: Microsoft.AspNetCore.Http.Result.JsonResult[1]
      Setting HTTP status code 401.
info: Microsoft.AspNetCore.Http.Result.JsonResult[3]
      Writing value of type '<>f__AnonymousType5`1' as Json.
info: Microsoft.AspNetCore.Routing.EndpointMiddleware[1]
      Executed endpoint 'HTTP: POST /api/v1/terminals/{terminalId:guid}/qnb-credential/'
info: Microsoft.AspNetCore.Hosting.Diagnostics[2]
      Request finished HTTP/1.1 POST https://127.0.0.1:45923/api/v1/terminals/e83ae8ab-df42-49a2-88d8-de0d46eae13e/qnb-credential/?terminalId=e83ae8ab-df42-49a2-88d8-de0d46eae13e - 401 - application/json;+charset=utf-8 0.8297ms
info: Microsoft.AspNetCore.Hosting.Diagnostics[1]
      Request starting HTTP/1.1 GET http://127.0.0.1:45923/api/v1/terminals/1b76ccd9-cef5-4626-91ac-85c4d14e9d29/qnb-credential/status?terminalId=1b76ccd9-cef5-4626-91ac-85c4d14e9d29 - - -
info: Microsoft.AspNetCore.Routing.EndpointMiddleware[0]
      Executing endpoint 'HTTP: GET /api/v1/terminals/{terminalId:guid}/qnb-credential/status'
info: Microsoft.AspNetCore.Http.Result.JsonResult[1]
      Setting HTTP status code 401.
info: Microsoft.AspNetCore.Http.Result.JsonResult[3]
      Writing value of type '<>f__AnonymousType5`1' as Json.
info: Microsoft.AspNetCore.Routing.EndpointMiddleware[1]
      Executed endpoint 'HTTP: GET /api/v1/terminals/{terminalId:guid}/qnb-credential/status'
info: Microsoft.AspNetCore.Hosting.Diagnostics[2]
      Request finished HTTP/1.1 GET https://127.0.0.1:45923/api/v1/terminals/1b76ccd9-cef5-4626-91ac-85c4d14e9d29/qnb-credential/status?terminalId=1b76ccd9-cef5-4626-91ac-85c4d14e9d29 - 401 - application/json;+charset=utf-8 2.2721ms
info: Microsoft.AspNetCore.Hosting.Diagnostics[1]
      Request starting HTTP/1.1 POST http://127.0.0.1:45923/api/v1/terminals/f91554b6-ad5d-487c-98e1-752743d0a994/qnb-credential/test-connection?terminalId=f91554b6-ad5d-487c-98e1-752743d0a994 - application/json;+charset=utf-8 2
info: Microsoft.AspNetCore.Routing.EndpointMiddleware[0]
      Executing endpoint 'HTTP: POST /api/v1/terminals/{terminalId:guid}/qnb-credential/test-connection'
info: Microsoft.AspNetCore.Http.Result.JsonResult[1]
      Setting HTTP status code 401.
info: Microsoft.AspNetCore.Http.Result.JsonResult[3]
      Writing value of type '<>f__AnonymousType5`1' as Json.
info: Microsoft.AspNetCore.Routing.EndpointMiddleware[1]
      Executed endpoint 'HTTP: POST /api/v1/terminals/{terminalId:guid}/qnb-credential/test-connection'
info: Microsoft.AspNetCore.Hosting.Diagnostics[2]
      Request finished HTTP/1.1 POST https://127.0.0.1:45923/api/v1/terminals/f91554b6-ad5d-487c-98e1-752743d0a994/qnb-credential/test-connection?terminalId=f91554b6-ad5d-487c-98e1-752743d0a994 - 401 - application/json;+charset=utf-8 0.3181ms
info: Microsoft.AspNetCore.Hosting.Diagnostics[1]
      Request starting HTTP/1.1 POST http://127.0.0.1:45923/api/v1/terminals/1e008b19-66b7-4a7e-b1d4-6fd8a31b4f3a/relay-credential/?terminalId=1e008b19-66b7-4a7e-b1d4-6fd8a31b4f3a - application/json;+charset=utf-8 2
info: Microsoft.AspNetCore.Routing.EndpointMiddleware[0]
      Executing endpoint 'HTTP: POST /api/v1/terminals/{terminalId:guid}/relay-credential/'
info: Microsoft.AspNetCore.Http.Result.JsonResult[1]
      Setting HTTP status code 401.
info: Microsoft.AspNetCore.Http.Result.JsonResult[3]
      Writing value of type '<>f__AnonymousType5`1' as Json.
info: Microsoft.AspNetCore.Routing.EndpointMiddleware[1]
      Executed endpoint 'HTTP: POST /api/v1/terminals/{terminalId:guid}/relay-credential/'
info: Microsoft.AspNetCore.Hosting.Diagnostics[2]
      Request finished HTTP/1.1 POST https://127.0.0.1:45923/api/v1/terminals/1e008b19-66b7-4a7e-b1d4-6fd8a31b4f3a/relay-credential/?terminalId=1e008b19-66b7-4a7e-b1d4-6fd8a31b4f3a - 401 - application/json;+charset=utf-8 0.5071ms
info: Microsoft.AspNetCore.Hosting.Diagnostics[1]
      Request starting HTTP/1.1 POST http://127.0.0.1:45923/api/v1/terminals/6711d997-10aa-4ed9-bc5f-941fa9d9565b/relay-credential/provision?terminalId=6711d997-10aa-4ed9-bc5f-941fa9d9565b - application/json;+charset=utf-8 2
info: Microsoft.AspNetCore.Routing.EndpointMiddleware[0]
      Executing endpoint 'HTTP: POST /api/v1/terminals/{terminalId:guid}/relay-credential/provision'
info: Microsoft.AspNetCore.Http.Result.JsonResult[1]
      Setting HTTP status code 401.
info: Microsoft.AspNetCore.Http.Result.JsonResult[3]
      Writing value of type '<>f__AnonymousType5`1' as Json.
info: Microsoft.AspNetCore.Routing.EndpointMiddleware[1]
      Executed endpoint 'HTTP: POST /api/v1/terminals/{terminalId:guid}/relay-credential/provision'
info: Microsoft.AspNetCore.Hosting.Diagnostics[2]
      Request finished HTTP/1.1 POST https://127.0.0.1:45923/api/v1/terminals/6711d997-10aa-4ed9-bc5f-941fa9d9565b/relay-credential/provision?terminalId=6711d997-10aa-4ed9-bc5f-941fa9d9565b - 401 - application/json;+charset=utf-8 1.4212ms
info: Microsoft.AspNetCore.Hosting.Diagnostics[1]
      Request starting HTTP/1.1 GET http://127.0.0.1:45923/api/v1/terminals/7380c6af-30b6-48e5-b50f-fd454040886b/relay-credential/status?terminalId=7380c6af-30b6-48e5-b50f-fd454040886b - - -
info: Microsoft.AspNetCore.Routing.EndpointMiddleware[0]
      Executing endpoint 'HTTP: GET /api/v1/terminals/{terminalId:guid}/relay-credential/status'
info: Microsoft.AspNetCore.Http.Result.JsonResult[1]
      Setting HTTP status code 401.
info: Microsoft.AspNetCore.Http.Result.JsonResult[3]
      Writing value of type '<>f__AnonymousType5`1' as Json.
info: Microsoft.AspNetCore.Routing.EndpointMiddleware[1]
      Executed endpoint 'HTTP: GET /api/v1/terminals/{terminalId:guid}/relay-credential/status'
info: Microsoft.AspNetCore.Hosting.Diagnostics[2]
      Request finished HTTP/1.1 GET https://127.0.0.1:45923/api/v1/terminals/7380c6af-30b6-48e5-b50f-fd454040886b/relay-credential/status?terminalId=7380c6af-30b6-48e5-b50f-fd454040886b - 401 - application/json;+charset=utf-8 3.8654ms
info: Microsoft.AspNetCore.Hosting.Diagnostics[1]
      Request starting HTTP/1.1 GET http://127.0.0.1:45923/api/v1/terminals/50f38408-f016-4f8d-8e0b-4010cb25bea2/runtime-configuration?terminalId=50f38408-f016-4f8d-8e0b-4010cb25bea2 - - -
info: Microsoft.AspNetCore.Routing.EndpointMiddleware[0]
      Executing endpoint 'HTTP: GET /api/v1/terminals/{terminalId:guid}/runtime-configuration'
info: Microsoft.AspNetCore.Routing.EndpointMiddleware[1]
      Executed endpoint 'HTTP: GET /api/v1/terminals/{terminalId:guid}/runtime-configuration'
info: Microsoft.AspNetCore.Hosting.Diagnostics[2]
      Request finished HTTP/1.1 GET https://127.0.0.1:45923/api/v1/terminals/50f38408-f016-4f8d-8e0b-4010cb25bea2/runtime-configuration?terminalId=50f38408-f016-4f8d-8e0b-4010cb25bea2 - 401 - application/json;+charset=utf-8 2.0610ms
info: Microsoft.AspNetCore.Hosting.Diagnostics[1]
      Request starting HTTP/1.1 GET http://127.0.0.1:45923/api/v1/terminals/b762c012-2da3-4893-b9fd-3948ff504bb3/table-management/floor-plans/40c53dd7-5b94-4cf0-a577-a2ffbecaa4e2?terminalId=b762c012-2da3-4893-b9fd-3948ff504bb3 - - -
info: Microsoft.AspNetCore.Routing.EndpointMiddleware[0]
      Executing endpoint 'HTTP: GET /api/v1/terminals/{terminalId:guid}/table-management/floor-plans/{zoneId:guid}'
info: Microsoft.AspNetCore.Http.Result.JsonResult[1]
      Setting HTTP status code 401.
info: Microsoft.AspNetCore.Http.Result.JsonResult[3]
      Writing value of type 'TableManagementErrorEnvelope' as Json.
info: Microsoft.AspNetCore.Routing.EndpointMiddleware[1]
      Executed endpoint 'HTTP: GET /api/v1/terminals/{terminalId:guid}/table-management/floor-plans/{zoneId:guid}'
info: Microsoft.AspNetCore.Hosting.Diagnostics[2]
      Request finished HTTP/1.1 GET https://127.0.0.1:45923/api/v1/terminals/b762c012-2da3-4893-b9fd-3948ff504bb3/table-management/floor-plans/40c53dd7-5b94-4cf0-a577-a2ffbecaa4e2?terminalId=b762c012-2da3-4893-b9fd-3948ff504bb3 - 401 - application/json;+charset=utf-8 2.2902ms
info: Microsoft.AspNetCore.Hosting.Diagnostics[1]
      Request starting HTTP/1.1 PUT http://127.0.0.1:45923/api/v1/terminals/4e1bb5d8-b792-4711-b1c7-28e4cafed448/table-management/floor-plans/d203f7f9-f454-457c-a861-cf5860b6813d?terminalId=4e1bb5d8-b792-4711-b1c7-28e4cafed448 - application/json;+charset=utf-8 2
info: Microsoft.AspNetCore.Routing.EndpointMiddleware[0]
      Executing endpoint 'HTTP: PUT /api/v1/terminals/{terminalId:guid}/table-management/floor-plans/{zoneId:guid}'
info: Microsoft.AspNetCore.Http.Result.JsonResult[1]
      Setting HTTP status code 401.
info: Microsoft.AspNetCore.Http.Result.JsonResult[3]
      Writing value of type 'TableManagementErrorEnvelope' as Json.
info: Microsoft.AspNetCore.Routing.EndpointMiddleware[1]
      Executed endpoint 'HTTP: PUT /api/v1/terminals/{terminalId:guid}/table-management/floor-plans/{zoneId:guid}'
info: Microsoft.AspNetCore.Hosting.Diagnostics[2]
      Request finished HTTP/1.1 PUT https://127.0.0.1:45923/api/v1/terminals/4e1bb5d8-b792-4711-b1c7-28e4cafed448/table-management/floor-plans/d203f7f9-f454-457c-a861-cf5860b6813d?terminalId=4e1bb5d8-b792-4711-b1c7-28e4cafed448 - 401 - application/json;+charset=utf-8 0.7438ms
info: Microsoft.AspNetCore.Hosting.Diagnostics[1]
      Request starting HTTP/1.1 POST http://127.0.0.1:45923/api/v1/terminals/05351dc8-9c3c-440a-8127-c6ae1eff2f00/table-management/merges?terminalId=05351dc8-9c3c-440a-8127-c6ae1eff2f00 - application/json;+charset=utf-8 2
info: Microsoft.AspNetCore.Routing.EndpointMiddleware[0]
      Executing endpoint 'HTTP: POST /api/v1/terminals/{terminalId:guid}/table-management/merges'
info: Microsoft.AspNetCore.Http.Result.JsonResult[1]
      Setting HTTP status code 401.
info: Microsoft.AspNetCore.Http.Result.JsonResult[3]
      Writing value of type 'TableManagementErrorEnvelope' as Json.
info: Microsoft.AspNetCore.Routing.EndpointMiddleware[1]
      Executed endpoint 'HTTP: POST /api/v1/terminals/{terminalId:guid}/table-management/merges'
info: Microsoft.AspNetCore.Hosting.Diagnostics[2]
      Request finished HTTP/1.1 POST https://127.0.0.1:45923/api/v1/terminals/05351dc8-9c3c-440a-8127-c6ae1eff2f00/table-management/merges?terminalId=05351dc8-9c3c-440a-8127-c6ae1eff2f00 - 401 - application/json;+charset=utf-8 1.2449ms
info: Microsoft.AspNetCore.Hosting.Diagnostics[1]
      Request starting HTTP/1.1 POST http://127.0.0.1:45923/api/v1/terminals/726fdaf5-9f0f-4d02-978d-3150ebb545cf/table-management/merges/45ba425c-55e6-494d-8a78-152c0c04e21a/unmerge?terminalId=726fdaf5-9f0f-4d02-978d-3150ebb545cf - application/json;+charset=utf-8 2
info: Microsoft.AspNetCore.Routing.EndpointMiddleware[0]
      Executing endpoint 'HTTP: POST /api/v1/terminals/{terminalId:guid}/table-management/merges/{mergeGroupId:guid}/unmerge'
info: Microsoft.AspNetCore.Http.Result.JsonResult[1]
      Setting HTTP status code 401.
info: Microsoft.AspNetCore.Http.Result.JsonResult[3]
      Writing value of type 'TableManagementErrorEnvelope' as Json.
info: Microsoft.AspNetCore.Routing.EndpointMiddleware[1]
      Executed endpoint 'HTTP: POST /api/v1/terminals/{terminalId:guid}/table-management/merges/{mergeGroupId:guid}/unmerge'
info: Microsoft.AspNetCore.Hosting.Diagnostics[2]
      Request finished HTTP/1.1 POST https://127.0.0.1:45923/api/v1/terminals/726fdaf5-9f0f-4d02-978d-3150ebb545cf/table-management/merges/45ba425c-55e6-494d-8a78-152c0c04e21a/unmerge?terminalId=726fdaf5-9f0f-4d02-978d-3150ebb545cf - 401 - application/json;+charset=utf-8 0.5032ms
info: Microsoft.AspNetCore.Hosting.Diagnostics[1]
      Request starting HTTP/1.1 POST http://127.0.0.1:45923/api/v1/terminals/2accf290-202d-43fa-96b2-62bbc5e005cf/table-management/reservations?terminalId=2accf290-202d-43fa-96b2-62bbc5e005cf - application/json;+charset=utf-8 2
info: Microsoft.AspNetCore.Routing.EndpointMiddleware[0]
      Executing endpoint 'HTTP: POST /api/v1/terminals/{terminalId:guid}/table-management/reservations'
info: Microsoft.AspNetCore.Http.Result.JsonResult[1]
      Setting HTTP status code 401.
info: Microsoft.AspNetCore.Http.Result.JsonResult[3]
      Writing value of type 'TableManagementErrorEnvelope' as Json.
info: Microsoft.AspNetCore.Routing.EndpointMiddleware[1]
      Executed endpoint 'HTTP: POST /api/v1/terminals/{terminalId:guid}/table-management/reservations'
info: Microsoft.AspNetCore.Hosting.Diagnostics[2]
      Request finished HTTP/1.1 POST https://127.0.0.1:45923/api/v1/terminals/2accf290-202d-43fa-96b2-62bbc5e005cf/table-management/reservations?terminalId=2accf290-202d-43fa-96b2-62bbc5e005cf - 401 - application/json;+charset=utf-8 0.3786ms
info: Microsoft.AspNetCore.Hosting.Diagnostics[1]
      Request starting HTTP/1.1 GET http://127.0.0.1:45923/api/v1/terminals/921146a3-67e5-430f-9089-490afd1b507a/table-management/reservations/42148322-9a78-4753-8e75-6b3f8b0b34b0?terminalId=921146a3-67e5-430f-9089-490afd1b507a - - -
info: Microsoft.AspNetCore.Routing.EndpointMiddleware[0]
      Executing endpoint 'HTTP: GET /api/v1/terminals/{terminalId:guid}/table-management/reservations/{reservationId:guid}'
info: Microsoft.AspNetCore.Http.Result.JsonResult[1]
      Setting HTTP status code 401.
info: Microsoft.AspNetCore.Http.Result.JsonResult[3]
      Writing value of type 'TableManagementErrorEnvelope' as Json.
info: Microsoft.AspNetCore.Routing.EndpointMiddleware[1]
      Executed endpoint 'HTTP: GET /api/v1/terminals/{terminalId:guid}/table-management/reservations/{reservationId:guid}'
info: Microsoft.AspNetCore.Hosting.Diagnostics[2]
      Request finished HTTP/1.1 GET https://127.0.0.1:45923/api/v1/terminals/921146a3-67e5-430f-9089-490afd1b507a/table-management/reservations/42148322-9a78-4753-8e75-6b3f8b0b34b0?terminalId=921146a3-67e5-430f-9089-490afd1b507a - 401 - application/json;+charset=utf-8 1.4636ms
info: Microsoft.AspNetCore.Hosting.Diagnostics[1]
      Request starting HTTP/1.1 POST http://127.0.0.1:45923/api/v1/terminals/bd2e9638-f04c-4550-9ecf-e7e8d3f24004/table-management/reservations/2bd8a8c1-aa61-4f9d-a977-2dcf0ab7b448/cancel?terminalId=bd2e9638-f04c-4550-9ecf-e7e8d3f24004 - application/json;+charset=utf-8 2
info: Microsoft.AspNetCore.Routing.EndpointMiddleware[0]
      Executing endpoint 'HTTP: POST /api/v1/terminals/{terminalId:guid}/table-management/reservations/{reservationId:guid}/cancel'
info: Microsoft.AspNetCore.Http.Result.JsonResult[1]
      Setting HTTP status code 401.
info: Microsoft.AspNetCore.Http.Result.JsonResult[3]
      Writing value of type 'TableManagementErrorEnvelope' as Json.
info: Microsoft.AspNetCore.Routing.EndpointMiddleware[1]
      Executed endpoint 'HTTP: POST /api/v1/terminals/{terminalId:guid}/table-management/reservations/{reservationId:guid}/cancel'
info: Microsoft.AspNetCore.Hosting.Diagnostics[2]
      Request finished HTTP/1.1 POST https://127.0.0.1:45923/api/v1/terminals/bd2e9638-f04c-4550-9ecf-e7e8d3f24004/table-management/reservations/2bd8a8c1-aa61-4f9d-a977-2dcf0ab7b448/cancel?terminalId=bd2e9638-f04c-4550-9ecf-e7e8d3f24004 - 401 - application/json;+charset=utf-8 0.4053ms
info: Microsoft.AspNetCore.Hosting.Diagnostics[1]
      Request starting HTTP/1.1 POST http://127.0.0.1:45923/api/v1/terminals/e57ec7cf-b69a-494d-ab44-ab75cf76ceb1/table-management/reservations/5a2e1a45-f0bb-4a3b-9a87-3c978c448007/claim?terminalId=e57ec7cf-b69a-494d-ab44-ab75cf76ceb1 - application/json;+charset=utf-8 2
info: Microsoft.AspNetCore.Routing.EndpointMiddleware[0]
      Executing endpoint 'HTTP: POST /api/v1/terminals/{terminalId:guid}/table-management/reservations/{reservationId:guid}/claim'
info: Microsoft.AspNetCore.Http.Result.JsonResult[1]
      Setting HTTP status code 401.
info: Microsoft.AspNetCore.Http.Result.JsonResult[3]
      Writing value of type 'TableManagementErrorEnvelope' as Json.
info: Microsoft.AspNetCore.Routing.EndpointMiddleware[1]
      Executed endpoint 'HTTP: POST /api/v1/terminals/{terminalId:guid}/table-management/reservations/{reservationId:guid}/claim'
info: Microsoft.AspNetCore.Hosting.Diagnostics[2]
      Request finished HTTP/1.1 POST https://127.0.0.1:45923/api/v1/terminals/e57ec7cf-b69a-494d-ab44-ab75cf76ceb1/table-management/reservations/5a2e1a45-f0bb-4a3b-9a87-3c978c448007/claim?terminalId=e57ec7cf-b69a-494d-ab44-ab75cf76ceb1 - 401 - application/json;+charset=utf-8 0.4029ms
info: Microsoft.AspNetCore.Hosting.Diagnostics[1]
      Request starting HTTP/1.1 POST http://127.0.0.1:45923/api/v1/terminals/3f38a879-e3b8-463e-9f7e-0afce4446ee8/table-management/reservations/b219bc12-3a11-4e1e-9e42-deedd533a685/expire?terminalId=3f38a879-e3b8-463e-9f7e-0afce4446ee8 - application/json;+charset=utf-8 2
info: Microsoft.AspNetCore.Routing.EndpointMiddleware[0]
      Executing endpoint 'HTTP: POST /api/v1/terminals/{terminalId:guid}/table-management/reservations/{reservationId:guid}/expire'
info: Microsoft.AspNetCore.Http.Result.JsonResult[1]
      Setting HTTP status code 401.
info: Microsoft.AspNetCore.Http.Result.JsonResult[3]
      Writing value of type 'TableManagementErrorEnvelope' as Json.
info: Microsoft.AspNetCore.Routing.EndpointMiddleware[1]
      Executed endpoint 'HTTP: POST /api/v1/terminals/{terminalId:guid}/table-management/reservations/{reservationId:guid}/expire'
info: Microsoft.AspNetCore.Hosting.Diagnostics[2]
      Request finished HTTP/1.1 POST https://127.0.0.1:45923/api/v1/terminals/3f38a879-e3b8-463e-9f7e-0afce4446ee8/table-management/reservations/b219bc12-3a11-4e1e-9e42-deedd533a685/expire?terminalId=3f38a879-e3b8-463e-9f7e-0afce4446ee8 - 401 - application/json;+charset=utf-8 0.5371ms
info: Microsoft.AspNetCore.Hosting.Diagnostics[1]
      Request starting HTTP/1.1 GET http://127.0.0.1:45923/api/v1/terminals/d5df9880-2058-4491-a4fe-585ccef7fdac/table-management/tables?terminalId=d5df9880-2058-4491-a4fe-585ccef7fdac - - -
info: Microsoft.AspNetCore.Routing.EndpointMiddleware[0]
      Executing endpoint 'HTTP: GET /api/v1/terminals/{terminalId:guid}/table-management/tables'
info: Microsoft.AspNetCore.Http.Result.JsonResult[1]
      Setting HTTP status code 401.
info: Microsoft.AspNetCore.Http.Result.JsonResult[3]
      Writing value of type 'TableManagementErrorEnvelope' as Json.
info: Microsoft.AspNetCore.Routing.EndpointMiddleware[1]
      Executed endpoint 'HTTP: GET /api/v1/terminals/{terminalId:guid}/table-management/tables'
info: Microsoft.AspNetCore.Hosting.Diagnostics[2]
      Request finished HTTP/1.1 GET https://127.0.0.1:45923/api/v1/terminals/d5df9880-2058-4491-a4fe-585ccef7fdac/table-management/tables?terminalId=d5df9880-2058-4491-a4fe-585ccef7fdac - 401 - application/json;+charset=utf-8 2.8333ms
info: Microsoft.AspNetCore.Hosting.Diagnostics[1]
      Request starting HTTP/1.1 POST http://127.0.0.1:45923/api/v1/terminals/b78ba553-1838-492b-9bec-e77b715ec56c/table-management/tables?terminalId=b78ba553-1838-492b-9bec-e77b715ec56c - application/json;+charset=utf-8 2
info: Microsoft.AspNetCore.Routing.EndpointMiddleware[0]
      Executing endpoint 'HTTP: POST /api/v1/terminals/{terminalId:guid}/table-management/tables'
info: Microsoft.AspNetCore.Http.Result.JsonResult[1]
      Setting HTTP status code 401.
info: Microsoft.AspNetCore.Http.Result.JsonResult[3]
      Writing value of type 'TableManagementErrorEnvelope' as Json.
info: Microsoft.AspNetCore.Routing.EndpointMiddleware[1]
      Executed endpoint 'HTTP: POST /api/v1/terminals/{terminalId:guid}/table-management/tables'
info: Microsoft.AspNetCore.Hosting.Diagnostics[2]
      Request finished HTTP/1.1 POST https://127.0.0.1:45923/api/v1/terminals/b78ba553-1838-492b-9bec-e77b715ec56c/table-management/tables?terminalId=b78ba553-1838-492b-9bec-e77b715ec56c - 401 - application/json;+charset=utf-8 0.9273ms
info: Microsoft.AspNetCore.Hosting.Diagnostics[1]
      Request starting HTTP/1.1 GET http://127.0.0.1:45923/api/v1/terminals/bb5864a0-07d5-4ba6-b171-9080ff65d0aa/table-management/tables/43fe5474-b215-45db-802b-acd34155d398?terminalId=bb5864a0-07d5-4ba6-b171-9080ff65d0aa - - -
info: Microsoft.AspNetCore.Routing.EndpointMiddleware[0]
      Executing endpoint 'HTTP: GET /api/v1/terminals/{terminalId:guid}/table-management/tables/{tableId:guid}'
info: Microsoft.AspNetCore.Http.Result.JsonResult[1]
      Setting HTTP status code 401.
info: Microsoft.AspNetCore.Http.Result.JsonResult[3]
      Writing value of type 'TableManagementErrorEnvelope' as Json.
info: Microsoft.AspNetCore.Routing.EndpointMiddleware[1]
      Executed endpoint 'HTTP: GET /api/v1/terminals/{terminalId:guid}/table-management/tables/{tableId:guid}'
info: Microsoft.AspNetCore.Hosting.Diagnostics[2]
      Request finished HTTP/1.1 GET https://127.0.0.1:45923/api/v1/terminals/bb5864a0-07d5-4ba6-b171-9080ff65d0aa/table-management/tables/43fe5474-b215-45db-802b-acd34155d398?terminalId=bb5864a0-07d5-4ba6-b171-9080ff65d0aa - 401 - application/json;+charset=utf-8 1.7572ms
info: Microsoft.AspNetCore.Hosting.Diagnostics[1]
      Request starting HTTP/1.1 PUT http://127.0.0.1:45923/api/v1/terminals/8ea6bb34-8d00-4bbe-a506-6d0fd77df482/table-management/tables/f06ab512-0e2f-40c6-b541-671d70399685?terminalId=8ea6bb34-8d00-4bbe-a506-6d0fd77df482 - application/json;+charset=utf-8 2
info: Microsoft.AspNetCore.Routing.EndpointMiddleware[0]
      Executing endpoint 'HTTP: PUT /api/v1/terminals/{terminalId:guid}/table-management/tables/{tableId:guid}'
info: Microsoft.AspNetCore.Http.Result.JsonResult[1]
      Setting HTTP status code 401.
info: Microsoft.AspNetCore.Http.Result.JsonResult[3]
      Writing value of type 'TableManagementErrorEnvelope' as Json.
info: Microsoft.AspNetCore.Routing.EndpointMiddleware[1]
      Executed endpoint 'HTTP: PUT /api/v1/terminals/{terminalId:guid}/table-management/tables/{tableId:guid}'
info: Microsoft.AspNetCore.Hosting.Diagnostics[2]
      Request finished HTTP/1.1 PUT https://127.0.0.1:45923/api/v1/terminals/8ea6bb34-8d00-4bbe-a506-6d0fd77df482/table-management/tables/f06ab512-0e2f-40c6-b541-671d70399685?terminalId=8ea6bb34-8d00-4bbe-a506-6d0fd77df482 - 401 - application/json;+charset=utf-8 0.5985ms
info: Microsoft.AspNetCore.Hosting.Diagnostics[1]
      Request starting HTTP/1.1 GET http://127.0.0.1:45923/api/v1/terminals/6c52412e-9dee-4695-8ef2-802720bd1768/table-management/tables/70edd431-2625-45db-a279-7b26d585d62c/current-pointer?terminalId=6c52412e-9dee-4695-8ef2-802720bd1768 - - -
info: Microsoft.AspNetCore.Routing.EndpointMiddleware[0]
      Executing endpoint 'HTTP: GET /api/v1/terminals/{terminalId:guid}/table-management/tables/{tableId:guid}/current-pointer'
info: Microsoft.AspNetCore.Http.Result.JsonResult[1]
      Setting HTTP status code 401.
info: Microsoft.AspNetCore.Http.Result.JsonResult[3]
      Writing value of type 'TableManagementErrorEnvelope' as Json.
info: Microsoft.AspNetCore.Routing.EndpointMiddleware[1]
      Executed endpoint 'HTTP: GET /api/v1/terminals/{terminalId:guid}/table-management/tables/{tableId:guid}/current-pointer'
info: Microsoft.AspNetCore.Hosting.Diagnostics[2]
      Request finished HTTP/1.1 GET https://127.0.0.1:45923/api/v1/terminals/6c52412e-9dee-4695-8ef2-802720bd1768/table-management/tables/70edd431-2625-45db-a279-7b26d585d62c/current-pointer?terminalId=6c52412e-9dee-4695-8ef2-802720bd1768 - 401 - application/json;+charset=utf-8 2.7921ms
info: Microsoft.AspNetCore.Hosting.Diagnostics[1]
      Request starting HTTP/1.1 POST http://127.0.0.1:45923/api/v1/terminals/240a7694-7e9f-4987-a440-ec28c724afbb/table-management/tables/af030870-930d-45bc-91af-dbeb9a94dec9/status?terminalId=240a7694-7e9f-4987-a440-ec28c724afbb - application/json;+charset=utf-8 2
info: Microsoft.AspNetCore.Routing.EndpointMiddleware[0]
      Executing endpoint 'HTTP: POST /api/v1/terminals/{terminalId:guid}/table-management/tables/{tableId:guid}/status'
info: Microsoft.AspNetCore.Http.Result.JsonResult[1]
      Setting HTTP status code 401.
info: Microsoft.AspNetCore.Http.Result.JsonResult[3]
      Writing value of type 'TableManagementErrorEnvelope' as Json.
info: Microsoft.AspNetCore.Routing.EndpointMiddleware[1]
      Executed endpoint 'HTTP: POST /api/v1/terminals/{terminalId:guid}/table-management/tables/{tableId:guid}/status'
info: Microsoft.AspNetCore.Hosting.Diagnostics[2]
      Request finished HTTP/1.1 POST https://127.0.0.1:45923/api/v1/terminals/240a7694-7e9f-4987-a440-ec28c724afbb/table-management/tables/af030870-930d-45bc-91af-dbeb9a94dec9/status?terminalId=240a7694-7e9f-4987-a440-ec28c724afbb - 401 - application/json;+charset=utf-8 0.4545ms
info: Microsoft.AspNetCore.Hosting.Diagnostics[1]
      Request starting HTTP/1.1 POST http://127.0.0.1:45923/api/v1/terminals/fc8fc7bd-4c5f-4871-912f-328bedb6693f/table-management/transfers?terminalId=fc8fc7bd-4c5f-4871-912f-328bedb6693f - application/json;+charset=utf-8 2
info: Microsoft.AspNetCore.Routing.EndpointMiddleware[0]
      Executing endpoint 'HTTP: POST /api/v1/terminals/{terminalId:guid}/table-management/transfers'
info: Microsoft.AspNetCore.Http.Result.JsonResult[1]
      Setting HTTP status code 401.
info: Microsoft.AspNetCore.Http.Result.JsonResult[3]
      Writing value of type 'TableManagementErrorEnvelope' as Json.
info: Microsoft.AspNetCore.Routing.EndpointMiddleware[1]
      Executed endpoint 'HTTP: POST /api/v1/terminals/{terminalId:guid}/table-management/transfers'
info: Microsoft.AspNetCore.Hosting.Diagnostics[2]
      Request finished HTTP/1.1 POST https://127.0.0.1:45923/api/v1/terminals/fc8fc7bd-4c5f-4871-912f-328bedb6693f/table-management/transfers?terminalId=fc8fc7bd-4c5f-4871-912f-328bedb6693f - 401 - application/json;+charset=utf-8 0.9287ms
info: Microsoft.AspNetCore.Hosting.Diagnostics[1]
      Request starting HTTP/1.1 GET http://127.0.0.1:45923/api/v1/terminals/b4db3374-cf29-4a0d-89ac-567ba20b8beb/table-management/zones?terminalId=b4db3374-cf29-4a0d-89ac-567ba20b8beb - - -
info: Microsoft.AspNetCore.Routing.EndpointMiddleware[0]
      Executing endpoint 'HTTP: GET /api/v1/terminals/{terminalId:guid}/table-management/zones'
info: Microsoft.AspNetCore.Http.Result.JsonResult[1]
      Setting HTTP status code 401.
info: Microsoft.AspNetCore.Http.Result.JsonResult[3]
      Writing value of type 'TableManagementErrorEnvelope' as Json.
info: Microsoft.AspNetCore.Routing.EndpointMiddleware[1]
      Executed endpoint 'HTTP: GET /api/v1/terminals/{terminalId:guid}/table-management/zones'
info: Microsoft.AspNetCore.Hosting.Diagnostics[2]
      Request finished HTTP/1.1 GET https://127.0.0.1:45923/api/v1/terminals/b4db3374-cf29-4a0d-89ac-567ba20b8beb/table-management/zones?terminalId=b4db3374-cf29-4a0d-89ac-567ba20b8beb - 401 - application/json;+charset=utf-8 1.4378ms
info: Microsoft.AspNetCore.Hosting.Diagnostics[1]
      Request starting HTTP/1.1 POST http://127.0.0.1:45923/api/v1/terminals/4a29dddc-2007-4425-a683-ec8daa340065/table-management/zones?terminalId=4a29dddc-2007-4425-a683-ec8daa340065 - application/json;+charset=utf-8 2
info: Microsoft.AspNetCore.Routing.EndpointMiddleware[0]
      Executing endpoint 'HTTP: POST /api/v1/terminals/{terminalId:guid}/table-management/zones'
info: Microsoft.AspNetCore.Http.Result.JsonResult[1]
      Setting HTTP status code 401.
info: Microsoft.AspNetCore.Http.Result.JsonResult[3]
      Writing value of type 'TableManagementErrorEnvelope' as Json.
info: Microsoft.AspNetCore.Routing.EndpointMiddleware[1]
      Executed endpoint 'HTTP: POST /api/v1/terminals/{terminalId:guid}/table-management/zones'
info: Microsoft.AspNetCore.Hosting.Diagnostics[2]
      Request finished HTTP/1.1 POST https://127.0.0.1:45923/api/v1/terminals/4a29dddc-2007-4425-a683-ec8daa340065/table-management/zones?terminalId=4a29dddc-2007-4425-a683-ec8daa340065 - 401 - application/json;+charset=utf-8 0.9290ms
info: Microsoft.AspNetCore.Hosting.Diagnostics[1]
      Request starting HTTP/1.1 PUT http://127.0.0.1:45923/api/v1/terminals/882ee2d9-e7c0-45e7-84c4-b1bdf44460f4/table-management/zones/19187bce-b798-4e72-8894-5b5c791031d3?terminalId=882ee2d9-e7c0-45e7-84c4-b1bdf44460f4 - application/json;+charset=utf-8 2
info: Microsoft.AspNetCore.Routing.EndpointMiddleware[0]
      Executing endpoint 'HTTP: PUT /api/v1/terminals/{terminalId:guid}/table-management/zones/{zoneId:guid}'
info: Microsoft.AspNetCore.Http.Result.JsonResult[1]
      Setting HTTP status code 401.
info: Microsoft.AspNetCore.Http.Result.JsonResult[3]
      Writing value of type 'TableManagementErrorEnvelope' as Json.
info: Microsoft.AspNetCore.Routing.EndpointMiddleware[1]
      Executed endpoint 'HTTP: PUT /api/v1/terminals/{terminalId:guid}/table-management/zones/{zoneId:guid}'
info: Microsoft.AspNetCore.Hosting.Diagnostics[2]
      Request finished HTTP/1.1 PUT https://127.0.0.1:45923/api/v1/terminals/882ee2d9-e7c0-45e7-84c4-b1bdf44460f4/table-management/zones/19187bce-b798-4e72-8894-5b5c791031d3?terminalId=882ee2d9-e7c0-45e7-84c4-b1bdf44460f4 - 401 - application/json;+charset=utf-8 0.5735ms
info: Microsoft.AspNetCore.Hosting.Diagnostics[1]
      Request starting HTTP/1.1 DELETE http://127.0.0.1:45923/api/v1/terminals/57003988-3a2c-490a-8732-7f505829b3e4/table-management/zones/f831bfc3-9dad-4e40-8c5d-353b300f5ce1?terminalId=57003988-3a2c-490a-8732-7f505829b3e4 - application/json;+charset=utf-8 2
info: Microsoft.AspNetCore.Routing.EndpointMiddleware[0]
      Executing endpoint 'HTTP: DELETE /api/v1/terminals/{terminalId:guid}/table-management/zones/{zoneId:guid}'
info: Microsoft.AspNetCore.Http.Result.JsonResult[1]
      Setting HTTP status code 401.
info: Microsoft.AspNetCore.Http.Result.JsonResult[3]
      Writing value of type 'TableManagementErrorEnvelope' as Json.
info: Microsoft.AspNetCore.Routing.EndpointMiddleware[1]
      Executed endpoint 'HTTP: DELETE /api/v1/terminals/{terminalId:guid}/table-management/zones/{zoneId:guid}'
info: Microsoft.AspNetCore.Hosting.Diagnostics[2]
      Request finished HTTP/1.1 DELETE https://127.0.0.1:45923/api/v1/terminals/57003988-3a2c-490a-8732-7f505829b3e4/table-management/zones/f831bfc3-9dad-4e40-8c5d-353b300f5ce1?terminalId=57003988-3a2c-490a-8732-7f505829b3e4 - 401 - application/json;+charset=utf-8 0.4683ms
info: Microsoft.AspNetCore.Hosting.Diagnostics[1]
      Request starting HTTP/1.1 POST http://127.0.0.1:45923/api/v1/terminals/97128acb-5cd4-44fb-bd26-307718ff02c1/token-credential/?terminalId=97128acb-5cd4-44fb-bd26-307718ff02c1 - application/json;+charset=utf-8 2
info: Microsoft.AspNetCore.Routing.EndpointMiddleware[0]
      Executing endpoint 'HTTP: POST /api/v1/terminals/{terminalId:guid}/token-credential/'
info: Microsoft.AspNetCore.Http.Result.JsonResult[1]
      Setting HTTP status code 401.
info: Microsoft.AspNetCore.Http.Result.JsonResult[3]
      Writing value of type '<>f__AnonymousType5`1' as Json.
info: Microsoft.AspNetCore.Routing.EndpointMiddleware[1]
      Executed endpoint 'HTTP: POST /api/v1/terminals/{terminalId:guid}/token-credential/'
info: Microsoft.AspNetCore.Hosting.Diagnostics[2]
      Request finished HTTP/1.1 POST https://127.0.0.1:45923/api/v1/terminals/97128acb-5cd4-44fb-bd26-307718ff02c1/token-credential/?terminalId=97128acb-5cd4-44fb-bd26-307718ff02c1 - 401 - application/json;+charset=utf-8 0.6866ms
info: Microsoft.AspNetCore.Hosting.Diagnostics[1]
      Request starting HTTP/1.1 GET http://127.0.0.1:45923/api/v1/terminals/482b4244-a1f1-4557-90d8-0ca9157f0db8/token-credential/status?terminalId=482b4244-a1f1-4557-90d8-0ca9157f0db8 - - -
info: Microsoft.AspNetCore.Routing.EndpointMiddleware[0]
      Executing endpoint 'HTTP: GET /api/v1/terminals/{terminalId:guid}/token-credential/status'
info: Microsoft.AspNetCore.Http.Result.JsonResult[1]
      Setting HTTP status code 401.
info: Microsoft.AspNetCore.Http.Result.JsonResult[3]
      Writing value of type '<>f__AnonymousType5`1' as Json.
info: Microsoft.AspNetCore.Routing.EndpointMiddleware[1]
      Executed endpoint 'HTTP: GET /api/v1/terminals/{terminalId:guid}/token-credential/status'
info: Microsoft.AspNetCore.Hosting.Diagnostics[2]
      Request finished HTTP/1.1 GET https://127.0.0.1:45923/api/v1/terminals/482b4244-a1f1-4557-90d8-0ca9157f0db8/token-credential/status?terminalId=482b4244-a1f1-4557-90d8-0ca9157f0db8 - 401 - application/json;+charset=utf-8 1.9698ms
info: Microsoft.AspNetCore.Hosting.Diagnostics[1]
      Request starting HTTP/1.1 GET http://127.0.0.1:45923/api/{**path}?terminalId=d5b7c9f1-8cf3-4784-ae5a-3ebf42120130 - - -
info: Microsoft.AspNetCore.Routing.EndpointMiddleware[0]
      Executing endpoint 'HTTP: GET, POST, PUT, PATCH, DELETE, OPTIONS /api/{**path}'
info: Microsoft.AspNetCore.Http.Result.JsonResult[1]
      Setting HTTP status code 404.
info: Microsoft.AspNetCore.Http.Result.JsonResult[3]
      Writing value of type 'ApiErrorEnvelope' as Json.
info: Microsoft.AspNetCore.Routing.EndpointMiddleware[1]
      Executed endpoint 'HTTP: GET, POST, PUT, PATCH, DELETE, OPTIONS /api/{**path}'
info: Microsoft.AspNetCore.Hosting.Diagnostics[2]
      Request finished HTTP/1.1 GET https://127.0.0.1:45923/api/{**path}?terminalId=d5b7c9f1-8cf3-4784-ae5a-3ebf42120130 - 404 - application/json;+charset=utf-8 0.2113ms
info: Microsoft.AspNetCore.Hosting.Diagnostics[1]
      Request starting HTTP/1.1 POST http://127.0.0.1:45923/api/{**path}?terminalId=691a533c-28d1-4997-a363-cfb3467c3b7a - application/json;+charset=utf-8 2
info: Microsoft.AspNetCore.Routing.EndpointMiddleware[0]
      Executing endpoint 'HTTP: GET, POST, PUT, PATCH, DELETE, OPTIONS /api/{**path}'
info: Microsoft.AspNetCore.Http.Result.JsonResult[1]
      Setting HTTP status code 404.
info: Microsoft.AspNetCore.Http.Result.JsonResult[3]
      Writing value of type 'ApiErrorEnvelope' as Json.
info: Microsoft.AspNetCore.Routing.EndpointMiddleware[1]
      Executed endpoint 'HTTP: GET, POST, PUT, PATCH, DELETE, OPTIONS /api/{**path}'
info: Microsoft.AspNetCore.Hosting.Diagnostics[2]
      Request finished HTTP/1.1 POST https://127.0.0.1:45923/api/{**path}?terminalId=691a533c-28d1-4997-a363-cfb3467c3b7a - 404 - application/json;+charset=utf-8 0.1403ms
info: Microsoft.AspNetCore.Hosting.Diagnostics[1]
      Request starting HTTP/1.1 PUT http://127.0.0.1:45923/api/{**path}?terminalId=0e78f5ef-a9cb-4e07-9a4f-294c0814acc5 - application/json;+charset=utf-8 2
info: Microsoft.AspNetCore.Routing.EndpointMiddleware[0]
      Executing endpoint 'HTTP: GET, POST, PUT, PATCH, DELETE, OPTIONS /api/{**path}'
info: Microsoft.AspNetCore.Http.Result.JsonResult[1]
      Setting HTTP status code 404.
info: Microsoft.AspNetCore.Http.Result.JsonResult[3]
      Writing value of type 'ApiErrorEnvelope' as Json.
info: Microsoft.AspNetCore.Routing.EndpointMiddleware[1]
      Executed endpoint 'HTTP: GET, POST, PUT, PATCH, DELETE, OPTIONS /api/{**path}'
info: Microsoft.AspNetCore.Hosting.Diagnostics[2]
      Request finished HTTP/1.1 PUT https://127.0.0.1:45923/api/{**path}?terminalId=0e78f5ef-a9cb-4e07-9a4f-294c0814acc5 - 404 - application/json;+charset=utf-8 0.1292ms
info: Microsoft.AspNetCore.Hosting.Diagnostics[1]
      Request starting HTTP/1.1 PATCH http://127.0.0.1:45923/api/{**path}?terminalId=c7ba47d9-b73a-43ed-bff0-081f3a942c1c - application/json;+charset=utf-8 2
info: Microsoft.AspNetCore.Routing.EndpointMiddleware[0]
      Executing endpoint 'HTTP: GET, POST, PUT, PATCH, DELETE, OPTIONS /api/{**path}'
info: Microsoft.AspNetCore.Http.Result.JsonResult[1]
      Setting HTTP status code 404.
info: Microsoft.AspNetCore.Http.Result.JsonResult[3]
      Writing value of type 'ApiErrorEnvelope' as Json.
info: Microsoft.AspNetCore.Routing.EndpointMiddleware[1]
      Executed endpoint 'HTTP: GET, POST, PUT, PATCH, DELETE, OPTIONS /api/{**path}'
info: Microsoft.AspNetCore.Hosting.Diagnostics[2]
      Request finished HTTP/1.1 PATCH https://127.0.0.1:45923/api/{**path}?terminalId=c7ba47d9-b73a-43ed-bff0-081f3a942c1c - 404 - application/json;+charset=utf-8 0.1815ms
info: Microsoft.AspNetCore.Hosting.Diagnostics[1]
      Request starting HTTP/1.1 DELETE http://127.0.0.1:45923/api/{**path}?terminalId=b02a7066-1248-4146-bff5-e8206af1f3e9 - application/json;+charset=utf-8 2
info: Microsoft.AspNetCore.Routing.EndpointMiddleware[0]
      Executing endpoint 'HTTP: GET, POST, PUT, PATCH, DELETE, OPTIONS /api/{**path}'
info: Microsoft.AspNetCore.Http.Result.JsonResult[1]
      Setting HTTP status code 404.
info: Microsoft.AspNetCore.Http.Result.JsonResult[3]
      Writing value of type 'ApiErrorEnvelope' as Json.
info: Microsoft.AspNetCore.Routing.EndpointMiddleware[1]
      Executed endpoint 'HTTP: GET, POST, PUT, PATCH, DELETE, OPTIONS /api/{**path}'
info: Microsoft.AspNetCore.Hosting.Diagnostics[2]
      Request finished HTTP/1.1 DELETE https://127.0.0.1:45923/api/{**path}?terminalId=b02a7066-1248-4146-bff5-e8206af1f3e9 - 404 - application/json;+charset=utf-8 0.1796ms
info: Microsoft.AspNetCore.Hosting.Diagnostics[1]
      Request starting HTTP/1.1 OPTIONS http://127.0.0.1:45923/api/{**path}?terminalId=ad22d794-3593-417a-a26e-d03e0ad62cc5 - application/json;+charset=utf-8 2
info: Microsoft.AspNetCore.Routing.EndpointMiddleware[0]
      Executing endpoint 'HTTP: GET, POST, PUT, PATCH, DELETE, OPTIONS /api/{**path}'
info: Microsoft.AspNetCore.Http.Result.JsonResult[1]
      Setting HTTP status code 404.
info: Microsoft.AspNetCore.Http.Result.JsonResult[3]
      Writing value of type 'ApiErrorEnvelope' as Json.
info: Microsoft.AspNetCore.Routing.EndpointMiddleware[1]
      Executed endpoint 'HTTP: GET, POST, PUT, PATCH, DELETE, OPTIONS /api/{**path}'
info: Microsoft.AspNetCore.Hosting.Diagnostics[2]
      Request finished HTTP/1.1 OPTIONS https://127.0.0.1:45923/api/{**path}?terminalId=ad22d794-3593-417a-a26e-d03e0ad62cc5 - 404 - application/json;+charset=utf-8 0.1348ms
info: Microsoft.AspNetCore.Hosting.Diagnostics[1]
      Request starting HTTP/1.1 GET http://127.0.0.1:45923/health/ready?terminalId=b9f7461c-61c1-4407-8f9c-3bc166dad54e - - -
info: Microsoft.AspNetCore.Routing.EndpointMiddleware[0]
      Executing endpoint 'HTTP: GET /health/ready'
info: Microsoft.AspNetCore.Http.Result.OkObjectResult[1]
      Setting HTTP status code 200.
info: Microsoft.AspNetCore.Http.Result.OkObjectResult[3]
      Writing value of type '<>f__AnonymousType0`1' as Json.
info: Microsoft.AspNetCore.Routing.EndpointMiddleware[1]
      Executed endpoint 'HTTP: GET /health/ready'
info: Microsoft.AspNetCore.Hosting.Diagnostics[2]
      Request finished HTTP/1.1 GET https://127.0.0.1:45923/health/ready?terminalId=b9f7461c-61c1-4407-8f9c-3bc166dad54e - 200 - application/json;+charset=utf-8 4.3673ms
info: Microsoft.AspNetCore.Hosting.Diagnostics[1]
      Request starting HTTP/1.1 POST http://127.0.0.1:45923/api/v1/auth/login - application/json;+charset=utf-8 112
info: Microsoft.AspNetCore.Routing.EndpointMiddleware[0]
      Executing endpoint 'HTTP: POST /api/v1/auth/login'
info: Microsoft.AspNetCore.Http.Result.JsonResult[1]
      Setting HTTP status code 401.
info: Microsoft.AspNetCore.Http.Result.JsonResult[3]
      Writing value of type 'ApiErrorEnvelope' as Json.
info: Microsoft.AspNetCore.Routing.EndpointMiddleware[1]
      Executed endpoint 'HTTP: POST /api/v1/auth/login'
info: Microsoft.AspNetCore.Hosting.Diagnostics[2]
      Request finished HTTP/1.1 POST https://127.0.0.1:45923/api/v1/auth/login - 401 - application/json;+charset=utf-8 428.8067ms
info: Microsoft.AspNetCore.Hosting.Diagnostics[1]
      Request starting HTTP/1.1 POST http://127.0.0.1:45923/api/v1/auth/login - application/json;+charset=utf-8 112
info: Microsoft.AspNetCore.Routing.EndpointMiddleware[0]
      Executing endpoint 'HTTP: POST /api/v1/auth/login'
  Passed ALKAROS.Audit.AuthorizationProbes.AuthorizationProbes.D1EveryNonPublicRouteRejectsAnonymousCaller [1 s]
  Standard Output Messages:
 D1	POST	/api/v1/auth/login	400	public
 D1	POST	/api/v1/auth/logout	401	private
 D1	POST	/api/v1/auth/pin	401	private
 D1	GET	/api/v1/auth/session	401	private
 D1	GET	/api/v1/auth/session/current	401	private
 D1	POST	/api/v1/auth/unlock	401	private
 D1	POST	/api/v1/customer-displays/pairing-requests	400	public
 D1	POST	/api/v1/customer-displays/pairing-requests/{requestId:guid}/complete	404	public
 D1	GET	/api/v1/customer-displays/{displayId:guid}/screensaver	401	private
 D1	GET	/api/v1/customer-displays/{displayId:guid}/snapshot	401	private
 D1	POST	/api/v1/integrations/trendyol-go/orders/webhook/{eventType}	503	public
 D1	POST	/api/v1/integrations/yemeksepeti/orders/webhook	503	public
 D1	GET	/api/v1/management/authorization/behavioural-tightenings	401	private
 D1	POST	/api/v1/management/authorization/behavioural-tightenings/{tighteningId:guid}/clear	401	private
 D1	GET	/api/v1/management/authorization/delegations	401	private
 D1	POST	/api/v1/management/authorization/delegations/{delegationId:guid}/revoke	401	private
 D1	POST	/api/v1/management/authorization/grants/{grantId:guid}/approve	401	private
 D1	POST	/api/v1/management/authorization/grants/{grantId:guid}/deny	401	private
 D1	GET	/api/v1/management/authorization/pending-grants	401	private
 D1	GET	/api/v1/management/business-identity/accent-palette	401	private
 D1	PUT	/api/v1/management/business-identity/logo	404	second-pass
 D1	DELETE	/api/v1/management/business-identity/logo	401	private
 D1	GET	/api/v1/management/catalog/categories	401	private
 D1	POST	/api/v1/management/catalog/categories	401	private
 D1	GET	/api/v1/management/catalog/effective-price	401	private
 D1	GET	/api/v1/management/catalog/modifier-groups	401	private
 D1	POST	/api/v1/management/catalog/modifier-groups	401	private
 D1	GET	/api/v1/management/catalog/modifiers	401	private
 D1	POST	/api/v1/management/catalog/modifiers	401	private
 D1	GET	/api/v1/management/catalog/prices	401	private
 D1	POST	/api/v1/management/catalog/prices	401	private
 D1	GET	/api/v1/management/catalog/product-modifier-assignments	401	private
 D1	POST	/api/v1/management/catalog/product-modifier-assignments	401	private
 D1	GET	/api/v1/management/catalog/products	401	private
 D1	POST	/api/v1/management/catalog/products	401	private
 D1	POST	/api/v1/management/catalog/products/{productId:guid}/availability	401	private
 D1	POST	/api/v1/management/catalog/products/{productId:guid}/prep-time	401	private
 D1	GET	/api/v1/management/catalog/tax-profiles	401	private
 D1	POST	/api/v1/management/catalog/tax-profiles	401	private
 D1	PUT	/api/v1/management/customer-display/screensaver	404	second-pass
 D1	DELETE	/api/v1/management/customer-display/screensaver	401	private
 D1	POST	/api/v1/management/inventory/modifiers/{modifierId:guid}/stock-mappings	401	private
 D1	GET	/api/v1/management/inventory/modifiers/{modifierId:guid}/stock-mappings	401	private
 D1	DELETE	/api/v1/management/inventory/modifiers/{modifierId:guid}/stock-mappings/{stockItemId:guid}	401	private
 D1	POST	/api/v1/management/inventory/products/{productId:guid}/stock-mappings	401	private
 D1	GET	/api/v1/management/inventory/products/{productId:guid}/stock-mappings	401	private
 D1	DELETE	/api/v1/management/inventory/products/{productId:guid}/stock-mappings/{stockItemId:guid}	401	private
 D1	GET	/api/v1/management/inventory/reports/actual-vs-theoretical	401	private
 D1	GET	/api/v1/management/inventory/reports/critical-stock	401	private
 D1	GET	/api/v1/management/inventory/stock-items	401	private
 D1	POST	/api/v1/management/inventory/stock-items	401	private
 D1	POST	/api/v1/management/inventory/stock-items/{stockItemId:guid}/physical-counts	401	private
 D1	PUT	/api/v1/management/inventory/stock-items/{stockItemId:guid}/reorder-point	401	private
 D1	POST	/api/v1/management/inventory/stock-items/{stockItemId:guid}/waste	401	private
 D1	GET	/api/v1/management/inventory/stock-locations	401	private
 D1	POST	/api/v1/management/inventory/stock-locations	401	private
 D1	GET	/api/v1/management/inventory/waste	401	private
 D1	POST	/api/v1/management/menus-and-specials/daily-menus	401	private
 D1	GET	/api/v1/management/menus-and-specials/daily-menus/by-date/{businessDate}	401	private
 D1	PUT	/api/v1/management/menus-and-specials/daily-menus/items/{dailyMenuItemId:guid}/planned-portions	401	private
 D1	PUT	/api/v1/management/menus-and-specials/daily-menus/items/{dailyMenuItemId:guid}/price	401	private
 D1	PUT	/api/v1/management/menus-and-specials/daily-menus/items/{dailyMenuItemId:guid}/status	401	private
 D1	GET	/api/v1/management/menus-and-specials/daily-menus/{dailyMenuId:guid}	401	private
 D1	POST	/api/v1/management/menus-and-specials/daily-menus/{dailyMenuId:guid}/close	401	private
 D1	POST	/api/v1/management/menus-and-specials/daily-menus/{dailyMenuId:guid}/items	401	private
 D1	POST	/api/v1/management/menus-and-specials/daily-menus/{dailyMenuId:guid}/open	401	private
 D1	GET	/api/v1/management/menus-and-specials/menus	401	private
 D1	POST	/api/v1/management/menus-and-specials/menus	401	private
 D1	GET	/api/v1/management/menus-and-specials/menus/{menuId:guid}	401	private
 D1	PUT	/api/v1/management/menus-and-specials/menus/{menuId:guid}	401	private
 D1	POST	/api/v1/management/menus-and-specials/menus/{menuId:guid}/items	401	private
 D1	POST	/api/v1/management/menus-and-specials/menus/{menuId:guid}/items/reorder	401	private
 D1	PUT	/api/v1/management/menus-and-specials/menus/{menuId:guid}/items/{menuItemId:guid}	401	private
 D1	GET	/api/v1/management/observability/alerts/active	401	private
 D1	GET	/api/v1/management/observability/alerts/by-source	401	private
 D1	POST	/api/v1/management/observability/alerts/raise	401	private
 D1	GET	/api/v1/management/observability/alerts/{alertId:guid}	401	private
 D1	POST	/api/v1/management/observability/alerts/{alertId:guid}/acknowledge	401	private
 D1	POST	/api/v1/management/observability/alerts/{alertId:guid}/escalate	401	private
 D1	GET	/api/v1/management/observability/alerts/{alertId:guid}/events	401	private
 D1	POST	/api/v1/management/observability/alerts/{alertId:guid}/resolve	401	private
 D1	POST	/api/v1/management/observability/alerts/{alertId:guid}/suppress	401	private
 D1	POST	/api/v1/management/observability/health-checks	401	private
 D1	GET	/api/v1/management/observability/health-checks/by-target	401	private
 D1	GET	/api/v1/management/observability/health-checks/unhealthy	401	private
 D1	GET	/api/v1/management/observability/health-checks/{healthCheckId:guid}	401	private
 D1	GET	/api/v1/management/payments/manual-confirmations	401	private
 D1	POST	/api/v1/management/payments/reconciliation-scan	401	private
 D1	GET	/api/v1/management/payments/settlement-report	401	private
 D1	GET	/api/v1/management/production/batches	401	private
 D1	POST	/api/v1/management/production/batches	401	private
 D1	GET	/api/v1/management/production/batches/by-number/{batchNumber}	401	private
 D1	GET	/api/v1/management/production/batches/{batchId:guid}	401	private
 D1	POST	/api/v1/management/production/batches/{batchId:guid}/cancel	401	private
 D1	POST	/api/v1/management/production/batches/{batchId:guid}/complete	401	private
 D1	GET	/api/v1/management/production/batches/{batchId:guid}/consumptions	401	private
 D1	GET	/api/v1/management/production/batches/{batchId:guid}/outputs	401	private
 D1	PUT	/api/v1/management/production/batches/{batchId:guid}/recipe-version	401	private
 D1	POST	/api/v1/management/production/batches/{batchId:guid}/start	401	private
 D1	GET	/api/v1/management/purchasing/purchase-orders	401	private
 D1	POST	/api/v1/management/purchasing/purchase-orders	401	private
 D1	GET	/api/v1/management/purchasing/purchase-orders/{orderId:guid}	401	private
 D1	POST	/api/v1/management/purchasing/purchase-orders/{orderId:guid}/cancel	401	private
 D1	POST	/api/v1/management/purchasing/purchase-orders/{orderId:guid}/receipts	401	private
 D1	GET	/api/v1/management/purchasing/purchase-orders/{orderId:guid}/receipts	401	private
 D1	POST	/api/v1/management/purchasing/purchase-orders/{orderId:guid}/submit	401	private
 D1	GET	/api/v1/management/purchasing/receipts/{receiptId:guid}	401	private
 D1	GET	/api/v1/management/purchasing/suppliers	401	private
 D1	POST	/api/v1/management/purchasing/suppliers	401	private
 D1	GET	/api/v1/management/purchasing/suppliers/{supplierId:guid}	401	private
 D1	PUT	/api/v1/management/purchasing/suppliers/{supplierId:guid}	401	private
 D1	POST	/api/v1/management/purchasing/suppliers/{supplierId:guid}/activate	401	private
 D1	POST	/api/v1/management/purchasing/suppliers/{supplierId:guid}/deactivate	401	private
 D1	GET	/api/v1/management/recipes/	401	private
 D1	POST	/api/v1/management/recipes/	401	private
 D1	POST	/api/v1/management/recipes/products/{productId:guid}/mapping	401	private
 D1	GET	/api/v1/management/recipes/products/{productId:guid}/mapping	401	private
 D1	DELETE	/api/v1/management/recipes/products/{productId:guid}/mapping	401	private
 D1	GET	/api/v1/management/recipes/unit-conversions	401	private
 D1	POST	/api/v1/management/recipes/unit-conversions	401	private
 D1	POST	/api/v1/management/recipes/versions/{versionId:guid}/ingredients	401	private
 D1	DELETE	/api/v1/management/recipes/versions/{versionId:guid}/ingredients/{ingredientItemId:guid}	401	private
 D1	POST	/api/v1/management/recipes/versions/{versionId:guid}/lock	401	private
 D1	GET	/api/v1/management/recipes/{recipeId:guid}/versions	401	private
 D1	POST	/api/v1/management/recipes/{recipeId:guid}/versions	401	private
 D1	POST	/api/v1/management/recipes/{recipeId:guid}/versions/next	401	private
 D1	POST	/api/v1/management/recipes/{recipeId:guid}/versions/{versionNumber:int}/activate	401	private
 D1	POST	/api/v1/management/recipes/{recipeVersionId:guid}/cost-snapshots/	401	private
 D1	GET	/api/v1/management/recipes/{recipeVersionId:guid}/cost-snapshots/effective	401	private
 D1	POST	/api/v1/management/reconciliation/cases/	401	private
 D1	GET	/api/v1/management/reconciliation/cases/	401	private
 D1	GET	/api/v1/management/reconciliation/cases/{caseId:guid}	401	private
 D1	GET	/api/v1/management/reconciliation/cases/{caseId:guid}/actions	401	private
 D1	POST	/api/v1/management/reconciliation/cases/{caseId:guid}/notes	401	private
 D1	POST	/api/v1/management/reconciliation/cases/{caseId:guid}/transition	401	private
 D1	POST	/api/v1/management/reconciliation/online-orders/cases/{caseId:guid}/resolve	401	private
 D1	POST	/api/v1/management/reconciliation/online-orders/cases/{caseId:guid}/retry	401	private
 D1	POST	/api/v1/management/reconciliation/online-orders/scan	401	private
 D1	POST	/api/v1/management/reporting/business-day/open	401	private
 D1	GET	/api/v1/management/reporting/business-day/{businessDate}	401	private
 D1	POST	/api/v1/management/reporting/business-day/{businessDate}/close	401	private
 D1	GET	/api/v1/management/reporting/business-day/{businessDate}/full-report	401	private
 D1	GET	/api/v1/management/reports/channels/	401	private
 D1	POST	/api/v1/management/roles/permissions	401	second-pass
 D1	POST	/api/v1/management/roles/roles	401	second-pass
 D1	POST	/api/v1/management/roles/roles/{roleId:guid}/permissions	401	second-pass
 D1	DELETE	/api/v1/management/roles/roles/{roleId:guid}/permissions/{permissionCode}	401	private
 D1	POST	/api/v1/management/roles/roles/{roleId:guid}/users/{userId:guid}	401	private
 D1	DELETE	/api/v1/management/roles/roles/{roleId:guid}/users/{userId:guid}	401	private
 D1	GET	/api/v1/management/security/backup/restore-attempts	401	private
 D1	GET	/api/v1/management/security/backup/rpo	401	private
 D1	POST	/api/v1/management/security/diagnostic-bundle	401	private
 D1	GET	/api/v1/management/security/maintenance/jobs	401	private
 D1	POST	/api/v1/management/security/maintenance/jobs/{name}/run	401	private
 D1	GET	/api/v1/management/security/orders/backlog	401	private
 D1	POST	/api/v1/management/security/orders/close-settled	401	private
 D1	GET	/api/v1/management/security/outbox/dead-letters	401	private
 D1	POST	/api/v1/management/security/outbox/dead-letters/{id:guid}/requeue	401	private
 D1	GET	/api/v1/management/security/secrets	401	private
 D1	GET	/api/v1/management/security/secrets/{name}/rotation	401	private
 D1	POST	/api/v1/management/security/secrets/{name}/rotation/initialize	401	private
 D1	POST	/api/v1/management/security/secrets/{name}/rotation/revoke	401	private
 D1	POST	/api/v1/management/security/secrets/{name}/rotation/rollback	401	private
 D1	POST	/api/v1/management/security/secrets/{name}/rotation/rotate	401	private
 D1	GET	/api/v1/management/security/users/lookup	401	private
 D1	POST	/api/v1/management/security/users/{userId:guid}/force-unlock	401	private
 D1	POST	/api/v1/management/security/users/{userId:guid}/revoke-sessions	401	private
 D1	GET	/api/v1/management/settings/	401	private
 D1	GET	/api/v1/management/settings/{key}	401	private
 D1	PUT	/api/v1/management/settings/{key}	401	private
 D1	DELETE	/api/v1/management/settings/{key}	401	private
 D1	GET	/api/v1/management/settings/{key}/history	401	private
 D1	POST	/api/v1/management/users/	401	second-pass
 D1	GET	/api/v1/nfc/tables/{tableId:guid}/catalog	200	public
 D1	POST	/api/v1/nfc/tables/{tableId:guid}/orders	400	public
 D1	GET	/api/v1/qr/bill	401	public
 D1	GET	/api/v1/qr/branding	200	public
 D1	GET	/api/v1/qr/logo	404	public
 D1	GET	/api/v1/qr/menu	401	public
 D1	POST	/api/v1/qr/orders	400	public
 D1	GET	/api/v1/qr/orders/{submissionId:guid}	401	public
 D1	POST	/api/v1/qr/sessions	400	public
 D1	POST	/api/v1/terminals/{terminalId:guid}/billing/bills/from-order/{orderId:guid}	401	private
 D1	GET	/api/v1/terminals/{terminalId:guid}/billing/bills/{billId:guid}/adjustments	401	private
 D1	POST	/api/v1/terminals/{terminalId:guid}/billing/bills/{billId:guid}/discount	401	private
 D1	GET	/api/v1/terminals/{terminalId:guid}/billing/bills/{billId:guid}/split-design/	401	private
 D1	PUT	/api/v1/terminals/{terminalId:guid}/billing/bills/{billId:guid}/split-design/amounts	401	private
 D1	POST	/api/v1/terminals/{terminalId:guid}/billing/bills/{billId:guid}/split-design/clear	401	private
 D1	PUT	/api/v1/terminals/{terminalId:guid}/billing/bills/{billId:guid}/split-design/custom	401	private
 D1	PUT	/api/v1/terminals/{terminalId:guid}/billing/bills/{billId:guid}/split-design/equal	401	private
 D1	PUT	/api/v1/terminals/{terminalId:guid}/billing/bills/{billId:guid}/split-design/items	401	private
 D1	GET	/api/v1/terminals/{terminalId:guid}/billing/bills/{billId:guid}/split-design/owners	401	private
 D1	GET	/api/v1/terminals/{terminalId:guid}/billing/bills/{billId:guid}/tenders/	401	private
 D1	POST	/api/v1/terminals/{terminalId:guid}/billing/bills/{billId:guid}/tenders/	401	private
 D1	POST	/api/v1/terminals/{terminalId:guid}/billing/bills/{billId:guid}/tenders/confirmations/{confirmationId:guid}/approve	401	private
 D1	POST	/api/v1/terminals/{terminalId:guid}/billing/bills/{billId:guid}/tenders/confirmations/{confirmationId:guid}/reject	401	private
 D1	POST	/api/v1/terminals/{terminalId:guid}/billing/bills/{billId:guid}/tenders/unsettled/{paymentId:guid}/card-charged	401	private
 D1	POST	/api/v1/terminals/{terminalId:guid}/billing/bills/{billId:guid}/tenders/unsettled/{paymentId:guid}/not-charged	401	private
 D1	POST	/api/v1/terminals/{terminalId:guid}/billing/bills/{billId:guid}/tip	401	private
 D1	POST	/api/v1/terminals/{terminalId:guid}/cash-sessions/	401	private
 D1	GET	/api/v1/terminals/{terminalId:guid}/cash-sessions/active	401	private
 D1	GET	/api/v1/terminals/{terminalId:guid}/cash-sessions/suggested-opening-balance	401	private
 D1	POST	/api/v1/terminals/{terminalId:guid}/cash-sessions/{cashSessionId:guid}/cash-movements	401	private
 D1	POST	/api/v1/terminals/{terminalId:guid}/cash-sessions/{cashSessionId:guid}/cash-tender	401	private
 D1	POST	/api/v1/terminals/{terminalId:guid}/cash-sessions/{cashSessionId:guid}/close	401	private
 D1	POST	/api/v1/terminals/{terminalId:guid}/cash-sessions/{cashSessionId:guid}/counts	401	private
 D1	GET	/api/v1/terminals/{terminalId:guid}/cash-sessions/{cashSessionId:guid}/expected-cash	401	private
 D1	POST	/api/v1/terminals/{terminalId:guid}/cash-sessions/{cashSessionId:guid}/reconcile	401	private
 D1	POST	/api/v1/terminals/{terminalId:guid}/cash-sessions/{cashSessionId:guid}/start-count	401	private
 D1	GET	/api/v1/terminals/{terminalId:guid}/catalog	401	private
 D1	POST	/api/v1/terminals/{terminalId:guid}/display-sessions/revoke	401	private
 D1	POST	/api/v1/terminals/{terminalId:guid}/help-requests/	401	private
 D1	GET	/api/v1/terminals/{terminalId:guid}/kitchen-operations/audit/aggregate/{aggregateType}/{aggregateId:guid}	401	private
 D1	GET	/api/v1/terminals/{terminalId:guid}/kitchen-operations/audit/correlation/{correlationId}	401	private
 D1	GET	/api/v1/terminals/{terminalId:guid}/kitchen-operations/categories	401	private
 D1	GET	/api/v1/terminals/{terminalId:guid}/kitchen-operations/deliveries/unknown	401	private
 D1	GET	/api/v1/terminals/{terminalId:guid}/kitchen-operations/deliveries/{deliveryId:guid}	401	private
 D1	POST	/api/v1/terminals/{terminalId:guid}/kitchen-operations/deliveries/{deliveryId:guid}/reprint-approval	401	private
 D1	POST	/api/v1/terminals/{terminalId:guid}/kitchen-operations/deliveries/{deliveryId:guid}/reprint-rejection	401	private
 D1	POST	/api/v1/terminals/{terminalId:guid}/kitchen-operations/operations/backups	401	private
 D1	GET	/api/v1/terminals/{terminalId:guid}/kitchen-operations/operations/backups/recent	401	private
 D1	GET	/api/v1/terminals/{terminalId:guid}/kitchen-operations/operations/health/latest	401	private
 D1	GET	/api/v1/terminals/{terminalId:guid}/kitchen-operations/operations/live-sync	401	private
 D1	GET	/api/v1/terminals/{terminalId:guid}/kitchen-operations/operations/performance-report	401	private
 D1	GET	/api/v1/terminals/{terminalId:guid}/kitchen-operations/print-jobs	401	private
 D1	GET	/api/v1/terminals/{terminalId:guid}/kitchen-operations/print-jobs/{jobId:guid}	401	private
 D1	GET	/api/v1/terminals/{terminalId:guid}/kitchen-operations/printers	401	private
 D1	PUT	/api/v1/terminals/{terminalId:guid}/kitchen-operations/printers/{printerId:guid}	401	private
 D1	POST	/api/v1/terminals/{terminalId:guid}/kitchen-operations/products/{productId:guid}/suspend	401	private
 D1	GET	/api/v1/terminals/{terminalId:guid}/kitchen-operations/routes	401	private
 D1	POST	/api/v1/terminals/{terminalId:guid}/kitchen-operations/routes/{routeId:guid}	401	private
 D1	PUT	/api/v1/terminals/{terminalId:guid}/kitchen-operations/routes/{routeId:guid}	401	private
 D1	GET	/api/v1/terminals/{terminalId:guid}/kitchen-operations/tickets	401	private
 D1	GET	/api/v1/terminals/{terminalId:guid}/kitchen-operations/tickets/{ticketId:guid}	401	private
 D1	POST	/api/v1/terminals/{terminalId:guid}/kitchen-operations/tickets/{ticketId:guid}/items/{itemId:guid}/transition	401	private
 D1	POST	/api/v1/terminals/{terminalId:guid}/kitchen-operations/tickets/{ticketId:guid}/items/{itemId:guid}/undo	401	private
 D1	POST	/api/v1/terminals/{terminalId:guid}/kitchen-operations/tickets/{ticketId:guid}/transition	401	private
 D1	POST	/api/v1/terminals/{terminalId:guid}/offline-reconciliation/	401	private
 D1	GET	/api/v1/terminals/{terminalId:guid}/online-channels	401	private
 D1	GET	/api/v1/terminals/{terminalId:guid}/online-menu/{provider}	401	private
 D1	PUT	/api/v1/terminals/{terminalId:guid}/online-menu/{provider}/mappings/{productId:guid}	401	private
 D1	DELETE	/api/v1/terminals/{terminalId:guid}/online-menu/{provider}/mappings/{productId:guid}	401	private
 D1	GET	/api/v1/terminals/{terminalId:guid}/online-operations/	401	private
 D1	POST	/api/v1/terminals/{terminalId:guid}/online-operations/orders/{orderId:guid}/cancel	401	private
 D1	GET	/api/v1/terminals/{terminalId:guid}/online-operations/orders/{orderId:guid}/customer-note	401	private
 D1	POST	/api/v1/terminals/{terminalId:guid}/online-operations/orders/{orderId:guid}/hand-over	401	private
 D1	POST	/api/v1/terminals/{terminalId:guid}/online-ordering/catalog-publications/	401	private
 D1	GET	/api/v1/terminals/{terminalId:guid}/online-platform-credentials/	401	private
 D1	PUT	/api/v1/terminals/{terminalId:guid}/online-platform-credentials/{provider}	401	private
 D1	GET	/api/v1/terminals/{terminalId:guid}/online-problems/	401	private
 D1	POST	/api/v1/terminals/{terminalId:guid}/online-problems/{caseId:guid}/resolve	401	private
 D1	POST	/api/v1/terminals/{terminalId:guid}/online-problems/{caseId:guid}/retry	401	private
 D1	GET	/api/v1/terminals/{terminalId:guid}/online-store-status/	401	private
 D1	PUT	/api/v1/terminals/{terminalId:guid}/online-store-status/{provider}	401	private
 D1	POST	/api/v1/terminals/{terminalId:guid}/orders	401	private
 D1	GET	/api/v1/terminals/{terminalId:guid}/orders/active	401	private
 D1	GET	/api/v1/terminals/{terminalId:guid}/orders/awaiting-payment	401	private
 D1	POST	/api/v1/terminals/{terminalId:guid}/orders/handoff-note/pop	401	private
 D1	GET	/api/v1/terminals/{terminalId:guid}/orders/my-shift-summary	401	private
 D1	GET	/api/v1/terminals/{terminalId:guid}/orders/pending	401	private
 D1	GET	/api/v1/terminals/{terminalId:guid}/orders/staff	401	private
 D1	GET	/api/v1/terminals/{terminalId:guid}/orders/suggested-waiter	401	private
 D1	POST	/api/v1/terminals/{terminalId:guid}/orders/table	401	private
 D1	POST	/api/v1/terminals/{terminalId:guid}/orders/table-draft	401	private
 D1	GET	/api/v1/terminals/{terminalId:guid}/orders/table/{tableId:guid}	401	private
 D1	POST	/api/v1/terminals/{terminalId:guid}/orders/transfer-server	401	private
 D1	GET	/api/v1/terminals/{terminalId:guid}/orders/waiter-load	401	private
 D1	GET	/api/v1/terminals/{terminalId:guid}/orders/{orderId:guid}	401	private
 D1	POST	/api/v1/terminals/{terminalId:guid}/orders/{orderId:guid}/accept	401	private
 D1	POST	/api/v1/terminals/{terminalId:guid}/orders/{orderId:guid}/fire-course	401	private
 D1	POST	/api/v1/terminals/{terminalId:guid}/orders/{orderId:guid}/items	401	private
 D1	PATCH	/api/v1/terminals/{terminalId:guid}/orders/{orderId:guid}/items/{itemId:guid}	401	private
 D1	DELETE	/api/v1/terminals/{terminalId:guid}/orders/{orderId:guid}/items/{itemId:guid}	400	second-pass
 D1	POST	/api/v1/terminals/{terminalId:guid}/orders/{orderId:guid}/items/{itemId:guid}/comp	401	private
 D1	POST	/api/v1/terminals/{terminalId:guid}/orders/{orderId:guid}/items/{itemId:guid}/void	401	private
 D1	POST	/api/v1/terminals/{terminalId:guid}/orders/{orderId:guid}/items/{itemId:guid}/void-sent	401	private
 D1	POST	/api/v1/terminals/{terminalId:guid}/orders/{orderId:guid}/recall-from-cashier	401	private
 D1	POST	/api/v1/terminals/{terminalId:guid}/orders/{orderId:guid}/reject	401	private
 D1	POST	/api/v1/terminals/{terminalId:guid}/orders/{orderId:guid}/send-to-cashier	401	private
 D1	POST	/api/v1/terminals/{terminalId:guid}/orders/{orderId:guid}/submit	401	private
 D1	POST	/api/v1/terminals/{terminalId:guid}/orders/{orderId:guid}/submit-draft	401	private
 D1	POST	/api/v1/terminals/{terminalId:guid}/pairings/approve	401	private
 D1	GET	/api/v1/terminals/{terminalId:guid}/push/public-key	401	private
 D1	POST	/api/v1/terminals/{terminalId:guid}/push/subscriptions	401	private
 D1	DELETE	/api/v1/terminals/{terminalId:guid}/push/subscriptions	400	second-pass
 D1	POST	/api/v1/terminals/{terminalId:guid}/qnb-credential/	401	private
 D1	GET	/api/v1/terminals/{terminalId:guid}/qnb-credential/status	401	private
 D1	POST	/api/v1/terminals/{terminalId:guid}/qnb-credential/test-connection	401	private
 D1	POST	/api/v1/terminals/{terminalId:guid}/relay-credential/	401	private
 D1	POST	/api/v1/terminals/{terminalId:guid}/relay-credential/provision	401	private
 D1	GET	/api/v1/terminals/{terminalId:guid}/relay-credential/status	401	private
 D1	GET	/api/v1/terminals/{terminalId:guid}/runtime-configuration	401	private
 D1	GET	/api/v1/terminals/{terminalId:guid}/table-management/floor-plans/{zoneId:guid}	401	private
 D1	PUT	/api/v1/terminals/{terminalId:guid}/table-management/floor-plans/{zoneId:guid}	401	private
 D1	POST	/api/v1/terminals/{terminalId:guid}/table-management/merges	401	private
 D1	POST	/api/v1/terminals/{terminalId:guid}/table-management/merges/{mergeGroupId:guid}/unmerge	401	private
 D1	POST	/api/v1/terminals/{terminalId:guid}/table-management/reservations	401	private
 D1	GET	/api/v1/terminals/{terminalId:guid}/table-management/reservations/{reservationId:guid}	401	private
 D1	POST	/api/v1/terminals/{terminalId:guid}/table-management/reservations/{reservationId:guid}/cancel	401	private
 D1	POST	/api/v1/terminals/{terminalId:guid}/table-management/reservations/{reservationId:guid}/claim	401	private
 D1	POST	/api/v1/terminals/{terminalId:guid}/table-management/reservations/{reservationId:guid}/expire	401	private
 D1	GET	/api/v1/terminals/{terminalId:guid}/table-management/tables	401	private
 D1	POST	/api/v1/terminals/{terminalId:guid}/table-management/tables	401	private
 D1	GET	/api/v1/terminals/{terminalId:guid}/table-management/tables/{tableId:guid}	401	private
 D1	PUT	/api/v1/terminals/{terminalId:guid}/table-management/tables/{tableId:guid}	401	private
 D1	GET	/api/v1/terminals/{terminalId:guid}/table-management/tables/{tableId:guid}/current-pointer	401	private
 D1	POST	/api/v1/terminals/{terminalId:guid}/table-management/tables/{tableId:guid}/status	401	private
 D1	POST	/api/v1/terminals/{terminalId:guid}/table-management/transfers	401	private
 D1	GET	/api/v1/terminals/{terminalId:guid}/table-management/zones	401	private
 D1	POST	/api/v1/terminals/{terminalId:guid}/table-management/zones	401	private
 D1	PUT	/api/v1/terminals/{terminalId:guid}/table-management/zones/{zoneId:guid}	401	private
 D1	DELETE	/api/v1/terminals/{terminalId:guid}/table-management/zones/{zoneId:guid}	401	private
 D1	POST	/api/v1/terminals/{terminalId:guid}/token-credential/	401	private
 D1	GET	/api/v1/terminals/{terminalId:guid}/token-credential/status	401	private
 D1	GET	/api/{**path}	404	public
 D1	POST	/api/{**path}	404	public
 D1	PUT	/api/{**path}	404	public
 D1	PATCH	/api/{**path}	404	public
 D1	DELETE	/api/{**path}	404	public
 D1	OPTIONS	/api/{**path}	404	public
 D1	GET	/health/ready	200	public


info: Microsoft.AspNetCore.Http.Result.JsonResult[1]
      Setting HTTP status code 401.
info: Microsoft.AspNetCore.Http.Result.JsonResult[3]
      Writing value of type 'ApiErrorEnvelope' as Json.
info: Microsoft.AspNetCore.Routing.EndpointMiddleware[1]
      Executed endpoint 'HTTP: POST /api/v1/auth/login'
info: Microsoft.AspNetCore.Hosting.Diagnostics[2]
      Request finished HTTP/1.1 POST https://127.0.0.1:45923/api/v1/auth/login - 401 - application/json;+charset=utf-8 442.0738ms
info: Microsoft.AspNetCore.Hosting.Diagnostics[1]
      Request starting HTTP/1.1 POST http://127.0.0.1:45923/api/v1/auth/login - application/json;+charset=utf-8 112
info: Microsoft.AspNetCore.Routing.EndpointMiddleware[0]
      Executing endpoint 'HTTP: POST /api/v1/auth/login'
info: Microsoft.AspNetCore.Http.Result.JsonResult[1]
      Setting HTTP status code 401.
info: Microsoft.AspNetCore.Http.Result.JsonResult[3]
      Writing value of type 'ApiErrorEnvelope' as Json.
info: Microsoft.AspNetCore.Routing.EndpointMiddleware[1]
      Executed endpoint 'HTTP: POST /api/v1/auth/login'
info: Microsoft.AspNetCore.Hosting.Diagnostics[2]
      Request finished HTTP/1.1 POST https://127.0.0.1:45923/api/v1/auth/login - 401 - application/json;+charset=utf-8 420.5556ms
info: Microsoft.AspNetCore.Hosting.Diagnostics[1]
      Request starting HTTP/1.1 POST http://127.0.0.1:45923/api/v1/auth/login - application/json;+charset=utf-8 112
info: Microsoft.AspNetCore.Routing.EndpointMiddleware[0]
      Executing endpoint 'HTTP: POST /api/v1/auth/login'
info: Microsoft.AspNetCore.Http.Result.JsonResult[1]
      Setting HTTP status code 401.
info: Microsoft.AspNetCore.Http.Result.JsonResult[3]
      Writing value of type 'ApiErrorEnvelope' as Json.
info: Microsoft.AspNetCore.Routing.EndpointMiddleware[1]
      Executed endpoint 'HTTP: POST /api/v1/auth/login'
info: Microsoft.AspNetCore.Hosting.Diagnostics[2]
      Request finished HTTP/1.1 POST https://127.0.0.1:45923/api/v1/auth/login - 401 - application/json;+charset=utf-8 411.3647ms
info: Microsoft.AspNetCore.Hosting.Diagnostics[1]
      Request starting HTTP/1.1 POST http://127.0.0.1:45923/api/v1/auth/login - application/json;+charset=utf-8 112
info: Microsoft.AspNetCore.Routing.EndpointMiddleware[0]
      Executing endpoint 'HTTP: POST /api/v1/auth/login'
info: Microsoft.AspNetCore.Http.Result.JsonResult[1]
      Setting HTTP status code 401.
info: Microsoft.AspNetCore.Http.Result.JsonResult[3]
      Writing value of type 'ApiErrorEnvelope' as Json.
info: Microsoft.AspNetCore.Routing.EndpointMiddleware[1]
      Executed endpoint 'HTTP: POST /api/v1/auth/login'
info: Microsoft.AspNetCore.Hosting.Diagnostics[2]
      Request finished HTTP/1.1 POST https://127.0.0.1:45923/api/v1/auth/login - 401 - application/json;+charset=utf-8 443.8407ms
info: Microsoft.AspNetCore.Hosting.Diagnostics[1]
      Request starting HTTP/1.1 POST http://127.0.0.1:45923/api/v1/auth/login - application/json;+charset=utf-8 116
info: Microsoft.AspNetCore.Routing.EndpointMiddleware[0]
      Executing endpoint 'HTTP: POST /api/v1/auth/login'
info: Microsoft.AspNetCore.Http.Result.JsonResult[1]
      Setting HTTP status code 401.
info: Microsoft.AspNetCore.Http.Result.JsonResult[3]
      Writing value of type 'ApiErrorEnvelope' as Json.
info: Microsoft.AspNetCore.Routing.EndpointMiddleware[1]
      Executed endpoint 'HTTP: POST /api/v1/auth/login'
info: Microsoft.AspNetCore.Hosting.Diagnostics[2]
      Request finished HTTP/1.1 POST https://127.0.0.1:45923/api/v1/auth/login - 401 - application/json;+charset=utf-8 71.3200ms
  Passed ALKAROS.Audit.AuthorizationProbes.AuthorizationProbes.A1LoginLocksAccountAfterRepeatedFailures [2 s]
info: Microsoft.AspNetCore.Hosting.Diagnostics[1]
      Request starting HTTP/1.1 POST http://127.0.0.1:45923/api/v1/auth/login - application/json;+charset=utf-8 116
info: Microsoft.AspNetCore.Routing.EndpointMiddleware[0]
      Executing endpoint 'HTTP: POST /api/v1/auth/login'
info: Microsoft.AspNetCore.Http.Result.OkObjectResult[1]
      Setting HTTP status code 200.
info: Microsoft.AspNetCore.Http.Result.OkObjectResult[3]
      Writing value of type '<>f__AnonymousType3`6' as Json.
info: Microsoft.AspNetCore.Routing.EndpointMiddleware[1]
      Executed endpoint 'HTTP: POST /api/v1/auth/login'
info: Microsoft.AspNetCore.Hosting.Diagnostics[2]
      Request finished HTTP/1.1 POST https://127.0.0.1:45923/api/v1/auth/login - 200 - application/json;+charset=utf-8 445.8421ms
info: Microsoft.AspNetCore.Hosting.Diagnostics[1]
      Request starting HTTP/1.1 GET http://127.0.0.1:45923/api/v1/management/authorization/pending-grants - - -
info: Microsoft.AspNetCore.Routing.EndpointMiddleware[0]
      Executing endpoint 'HTTP: GET /api/v1/management/authorization/pending-grants'
info: Microsoft.AspNetCore.Http.Result.JsonResult[1]
      Setting HTTP status code 401.
info: Microsoft.AspNetCore.Http.Result.JsonResult[3]
      Writing value of type 'AuthorizationDecisionErrorEnvelopeV1' as Json.
info: Microsoft.AspNetCore.Routing.EndpointMiddleware[1]
      Executed endpoint 'HTTP: GET /api/v1/management/authorization/pending-grants'
info: Microsoft.AspNetCore.Hosting.Diagnostics[2]
      Request finished HTTP/1.1 GET https://127.0.0.1:45923/api/v1/management/authorization/pending-grants - 401 - application/json;+charset=utf-8 0.5257ms
[xUnit.net 00:00:23.90]     ALKAROS.Audit.AuthorizationProbes.AuthorizationProbes.C6SupervisorLoginReachesDecisionSurface [FAIL]
[xUnit.net 00:00:23.90]       Assert.Equal() Failure: Values differ
[xUnit.net 00:00:23.90]       Expected: OK
[xUnit.net 00:00:23.90]       Actual:   Unauthorized
[xUnit.net 00:00:23.90]       Stack Trace:
[xUnit.net 00:00:23.90]         /cal399/evidence/V1-RMD-399/probes/AuthorizationProbes/AuthorizationProbes.cs(277,0): at ALKAROS.Audit.AuthorizationProbes.AuthorizationProbes.C6SupervisorLoginReachesDecisionSurface()
[xUnit.net 00:00:23.90]         --- End of stack trace from previous location ---
[xUnit.net 00:00:23.90]       Output:
[xUnit.net 00:00:23.90]         supervisor (real login) -> pending-grants: 401; cookies set: alkaros.cashier
info: Microsoft.AspNetCore.Hosting.Diagnostics[1]
      Request starting HTTP/1.1 POST http://127.0.0.1:45923/api/v1/management/authorization/grants/53b0a7eb-b147-40ec-962b-962e4254037d/approve - application/json;+charset=utf-8 2
info: Microsoft.AspNetCore.Routing.EndpointMiddleware[0]
      Executing endpoint 'HTTP: POST /api/v1/management/authorization/grants/{grantId:guid}/approve'
info: Microsoft.AspNetCore.Http.Result.JsonResult[1]
      Setting HTTP status code 403.
info: Microsoft.AspNetCore.Http.Result.JsonResult[3]
      Writing value of type 'AuthorizationDecisionErrorEnvelopeV1' as Json.
info: Microsoft.AspNetCore.Routing.EndpointMiddleware[1]
      Executed endpoint 'HTTP: POST /api/v1/management/authorization/grants/{grantId:guid}/approve'
info: Microsoft.AspNetCore.Hosting.Diagnostics[2]
      Request finished HTTP/1.1 POST https://127.0.0.1:45923/api/v1/management/authorization/grants/53b0a7eb-b147-40ec-962b-962e4254037d/approve - 403 - application/json;+charset=utf-8 10.8204ms
info: Microsoft.AspNetCore.Hosting.Diagnostics[1]
      Request starting HTTP/1.1 POST http://127.0.0.1:45923/api/v1/terminals/b128fb16-0803-47d1-bcec-4b31821d0982/cash-sessions - application/json;+charset=utf-8 22
info: Microsoft.AspNetCore.Routing.EndpointMiddleware[0]
      Executing endpoint 'HTTP: POST /api/v1/terminals/{terminalId:guid}/cash-sessions/'
info: Microsoft.AspNetCore.Routing.EndpointMiddleware[1]
      Executed endpoint 'HTTP: POST /api/v1/terminals/{terminalId:guid}/cash-sessions/'
info: Microsoft.AspNetCore.Hosting.Diagnostics[2]
      Request finished HTTP/1.1 POST https://127.0.0.1:45923/api/v1/terminals/b128fb16-0803-47d1-bcec-4b31821d0982/cash-sessions - 403 - application/json;+charset=utf-8 2.8709ms
info: Microsoft.AspNetCore.Hosting.Diagnostics[1]
      Request starting HTTP/1.1 POST http://127.0.0.1:45923/api/v1/auth/login - application/json;+charset=utf-8 116
info: Microsoft.AspNetCore.Routing.EndpointMiddleware[0]
      Executing endpoint 'HTTP: POST /api/v1/auth/login'
info: Microsoft.AspNetCore.Http.Result.OkObjectResult[1]
      Setting HTTP status code 200.
info: Microsoft.AspNetCore.Http.Result.OkObjectResult[3]
      Writing value of type '<>f__AnonymousType3`6' as Json.
info: Microsoft.AspNetCore.Routing.EndpointMiddleware[1]
      Executed endpoint 'HTTP: POST /api/v1/auth/login'
info: Microsoft.AspNetCore.Hosting.Diagnostics[2]
      Request finished HTTP/1.1 POST https://127.0.0.1:45923/api/v1/auth/login - 200 - application/json;+charset=utf-8 494.7064ms
info: Microsoft.AspNetCore.Hosting.Diagnostics[1]
      Request starting HTTP/1.1 POST http://127.0.0.1:45923/api/v1/terminals/c6886ac3-ecdc-4bbd-a4eb-b462fdd65a1d/orders/21fb765f-d59a-450e-8bb7-da73a79b866b/items/da89093d-389e-40d9-8beb-08fdfe999d73/comp - application/json;+charset=utf-8 119
info: Microsoft.AspNetCore.Routing.EndpointMiddleware[0]
      Executing endpoint 'HTTP: POST /api/v1/terminals/{terminalId:guid}/orders/{orderId:guid}/items/{itemId:guid}/comp'
info: Microsoft.AspNetCore.Http.Result.AcceptedResult[1]
      Setting HTTP status code 202.
info: Microsoft.AspNetCore.Http.Result.AcceptedResult[3]
      Writing value of type 'ApplyComplimentaryResultV1' as Json.
info: Microsoft.AspNetCore.Routing.EndpointMiddleware[1]
      Executed endpoint 'HTTP: POST /api/v1/terminals/{terminalId:guid}/orders/{orderId:guid}/items/{itemId:guid}/comp'
info: Microsoft.AspNetCore.Hosting.Diagnostics[2]
      Request finished HTTP/1.1 POST https://127.0.0.1:45923/api/v1/terminals/c6886ac3-ecdc-4bbd-a4eb-b462fdd65a1d/orders/21fb765f-d59a-450e-8bb7-da73a79b866b/items/da89093d-389e-40d9-8beb-08fdfe999d73/comp - 202 - application/json;+charset=utf-8 51.6463ms
[xUnit.net 00:00:24.50]     ALKAROS.Audit.AuthorizationProbes.AuthorizationProbes.C3WaiterCompOnUnassignedCheckIsNotEscalated [FAIL]
[xUnit.net 00:00:24.50]       Assert.StartsWith() Failure: String start does not match
[xUnit.net 00:00:24.50]       String:         "pending/-"
[xUnit.net 00:00:24.50]       Expected start: "denied/"
[xUnit.net 00:00:24.50]       Stack Trace:
[xUnit.net 00:00:24.50]         /cal399/evidence/V1-RMD-399/probes/AuthorizationProbes/AuthorizationProbes.cs(230,0): at ALKAROS.Audit.AuthorizationProbes.AuthorizationProbes.C3WaiterCompOnUnassignedCheckIsNotEscalated()
[xUnit.net 00:00:24.50]         --- End of stack trace from previous location ---
[xUnit.net 00:00:24.50]       Output:
[xUnit.net 00:00:24.50]         waiter comp on an unassigned check: HTTP 202, grant pending/-
info: Microsoft.AspNetCore.Hosting.Diagnostics[1]
      Request starting HTTP/1.1 GET http://127.0.0.1:45923/api/v1/management/authorization/pending-grants - - -
info: Microsoft.AspNetCore.Routing.EndpointMiddleware[0]
      Executing endpoint 'HTTP: GET /api/v1/management/authorization/pending-grants'
info: Microsoft.AspNetCore.Http.Result.OkObjectResult[1]
      Setting HTTP status code 200.
info: Microsoft.AspNetCore.Http.Result.OkObjectResult[3]
      Writing value of type 'PendingGrantV1[]' as Json.
info: Microsoft.AspNetCore.Routing.EndpointMiddleware[1]
      Executed endpoint 'HTTP: GET /api/v1/management/authorization/pending-grants'
info: Microsoft.AspNetCore.Hosting.Diagnostics[2]
      Request finished HTTP/1.1 GET https://127.0.0.1:45923/api/v1/management/authorization/pending-grants - 200 - application/json;+charset=utf-8 17.3779ms
info: Microsoft.AspNetCore.Hosting.Diagnostics[1]
      Request starting HTTP/1.1 GET http://127.0.0.1:45923/api/v1/management/authorization/pending-grants - - -
info: Microsoft.AspNetCore.Routing.EndpointMiddleware[0]
      Executing endpoint 'HTTP: GET /api/v1/management/authorization/pending-grants'
info: Microsoft.AspNetCore.Http.Result.JsonResult[1]
      Setting HTTP status code 403.
info: Microsoft.AspNetCore.Http.Result.JsonResult[3]
      Writing value of type 'AuthorizationDecisionErrorEnvelopeV1' as Json.
info: Microsoft.AspNetCore.Routing.EndpointMiddleware[1]
      Executed endpoint 'HTTP: GET /api/v1/management/authorization/pending-grants'
info: Microsoft.AspNetCore.Hosting.Diagnostics[2]
      Request finished HTTP/1.1 GET https://127.0.0.1:45923/api/v1/management/authorization/pending-grants - 403 - application/json;+charset=utf-8 5.3799ms
info: Microsoft.AspNetCore.Hosting.Diagnostics[1]
      Request starting HTTP/1.1 GET http://127.0.0.1:45923/api/v1/auth/session?terminalId=73eea972-68c2-4afe-b98c-c0d371c359e2 - - -
info: Microsoft.AspNetCore.Routing.EndpointMiddleware[0]
      Executing endpoint 'HTTP: GET /api/v1/auth/session'
info: Microsoft.AspNetCore.Http.Result.OkObjectResult[1]
      Setting HTTP status code 200.
info: Microsoft.AspNetCore.Http.Result.OkObjectResult[3]
      Writing value of type '<>f__AnonymousType4`5' as Json.
info: Microsoft.AspNetCore.Routing.EndpointMiddleware[1]
      Executed endpoint 'HTTP: GET /api/v1/auth/session'
info: Microsoft.AspNetCore.Hosting.Diagnostics[2]
      Request finished HTTP/1.1 GET https://127.0.0.1:45923/api/v1/auth/session?terminalId=73eea972-68c2-4afe-b98c-c0d371c359e2 - 200 - application/json;+charset=utf-8 3.7802ms
info: Microsoft.AspNetCore.Hosting.Diagnostics[1]
      Request starting HTTP/1.1 GET http://127.0.0.1:45923/api/v1/auth/session?terminalId=73eea972-68c2-4afe-b98c-c0d371c359e2 - - -
info: Microsoft.AspNetCore.Routing.EndpointMiddleware[0]
      Executing endpoint 'HTTP: GET /api/v1/auth/session'
info: Microsoft.AspNetCore.Http.Result.OkObjectResult[1]
      Setting HTTP status code 200.
info: Microsoft.AspNetCore.Http.Result.OkObjectResult[3]
      Writing value of type '<>f__AnonymousType4`5' as Json.
info: Microsoft.AspNetCore.Routing.EndpointMiddleware[1]
      Executed endpoint 'HTTP: GET /api/v1/auth/session'
info: Microsoft.AspNetCore.Hosting.Diagnostics[2]
      Request finished HTTP/1.1 GET https://127.0.0.1:45923/api/v1/auth/session?terminalId=73eea972-68c2-4afe-b98c-c0d371c359e2 - 200 - application/json;+charset=utf-8 3.7008ms
[xUnit.net 00:00:24.55]     ALKAROS.Audit.AuthorizationProbes.AuthorizationProbes.A5DeactivatedUserSessionIsRejected [FAIL]
[xUnit.net 00:00:24.55]       Assert.Equal() Failure: Values differ
[xUnit.net 00:00:24.55]       Expected: Unauthorized
[xUnit.net 00:00:24.55]       Actual:   OK
[xUnit.net 00:00:24.55]       Stack Trace:
[xUnit.net 00:00:24.55]         /cal399/evidence/V1-RMD-399/probes/AuthorizationProbes/AuthorizationProbes.cs(118,0): at ALKAROS.Audit.AuthorizationProbes.AuthorizationProbes.A5DeactivatedUserSessionIsRejected()
[xUnit.net 00:00:24.55]         --- End of stack trace from previous location ---
info: Microsoft.AspNetCore.Hosting.Diagnostics[1]
      Request starting HTTP/1.1 GET http://127.0.0.1:45923/api/v1/terminals/9813f376-04aa-485d-b27a-482eb6e526c2/orders/active - - -
info: Microsoft.AspNetCore.Routing.EndpointMiddleware[0]
      Executing endpoint 'HTTP: GET /api/v1/terminals/{terminalId:guid}/orders/active'
info: Microsoft.AspNetCore.Routing.EndpointMiddleware[1]
      Executed endpoint 'HTTP: GET /api/v1/terminals/{terminalId:guid}/orders/active'
info: Microsoft.AspNetCore.Hosting.Diagnostics[2]
      Request finished HTTP/1.1 GET https://127.0.0.1:45923/api/v1/terminals/9813f376-04aa-485d-b27a-482eb6e526c2/orders/active - 401 - application/json;+charset=utf-8 1.4405ms
info: Microsoft.AspNetCore.Hosting.Diagnostics[1]
      Request starting HTTP/1.1 POST http://127.0.0.1:45923/api/v1/terminals/9813f376-04aa-485d-b27a-482eb6e526c2/cash-sessions - application/json;+charset=utf-8 21
info: Microsoft.AspNetCore.Routing.EndpointMiddleware[0]
      Executing endpoint 'HTTP: POST /api/v1/terminals/{terminalId:guid}/cash-sessions/'
info: Microsoft.AspNetCore.Routing.EndpointMiddleware[1]
      Executed endpoint 'HTTP: POST /api/v1/terminals/{terminalId:guid}/cash-sessions/'
info: Microsoft.AspNetCore.Hosting.Diagnostics[2]
      Request finished HTTP/1.1 POST https://127.0.0.1:45923/api/v1/terminals/9813f376-04aa-485d-b27a-482eb6e526c2/cash-sessions - 401 - application/json;+charset=utf-8 1.8715ms
[xUnit.net 00:00:24.71]   Finished:    ALKAROS.Audit.AuthorizationProbes
  Failed ALKAROS.Audit.AuthorizationProbes.AuthorizationProbes.C6SupervisorLoginReachesDecisionSurface [453 ms]
  Error Message:
   Assert.Equal() Failure: Values differ
Expected: OK
Actual:   Unauthorized
  Stack Trace:
     at ALKAROS.Audit.AuthorizationProbes.AuthorizationProbes.C6SupervisorLoginReachesDecisionSurface() in /cal399/evidence/V1-RMD-399/probes/AuthorizationProbes/AuthorizationProbes.cs:line 277
--- End of stack trace from previous location ---
  Standard Output Messages:
 supervisor (real login) -> pending-grants: 401; cookies set: alkaros.cashier


  Passed ALKAROS.Audit.AuthorizationProbes.AuthorizationProbes.C1RequesterCannotApproveOwnGrant [22 ms]
  Standard Output Messages:
 self-approve status: 403


  Passed ALKAROS.Audit.AuthorizationProbes.AuthorizationProbes.A4DisplaySessionCannotMutateCashierResources [10 ms]
  Failed ALKAROS.Audit.AuthorizationProbes.AuthorizationProbes.C3WaiterCompOnUnassignedCheckIsNotEscalated [559 ms]
  Error Message:
   Assert.StartsWith() Failure: String start does not match
String:         "pending/-"
Expected start: "denied/"
  Stack Trace:
     at ALKAROS.Audit.AuthorizationProbes.AuthorizationProbes.C3WaiterCompOnUnassignedCheckIsNotEscalated() in /cal399/evidence/V1-RMD-399/probes/AuthorizationProbes/AuthorizationProbes.cs:line 230
--- End of stack trace from previous location ---
  Standard Output Messages:
 waiter comp on an unassigned check: HTTP 202, grant pending/-


  Passed ALKAROS.Audit.AuthorizationProbes.AuthorizationProbes.B2RevokedPermissionTakesEffectOnNextRequest [31 ms]
  Failed ALKAROS.Audit.AuthorizationProbes.AuthorizationProbes.A5DeactivatedUserSessionIsRejected [16 ms]
  Error Message:
   Assert.Equal() Failure: Values differ
Expected: Unauthorized
Actual:   OK
  Stack Trace:
     at ALKAROS.Audit.AuthorizationProbes.AuthorizationProbes.A5DeactivatedUserSessionIsRejected() in /cal399/evidence/V1-RMD-399/probes/AuthorizationProbes/AuthorizationProbes.cs:line 118
--- End of stack trace from previous location ---
  Passed ALKAROS.Audit.AuthorizationProbes.AuthorizationProbes.E1SessionForTerminalACannotActOnTerminalB [11 ms]

Test Run Failed.
Total tests: 25
     Passed: 15
     Failed: 10
 Total time: 25.3962 Seconds
