a6859e23 evidence(V1-RMD-399): coverage matrix written before code reading
Test run for /a399/evidence/V1-RMD-399/probes/AuthorizationProbes/bin/Release/net8.0/ALKAROS.Audit.AuthorizationProbes.dll (.NETCoreApp,Version=v8.0)
A total of 1 test files matched the specified pattern.
/a399/evidence/V1-RMD-399/probes/AuthorizationProbes/bin/Release/net8.0/ALKAROS.Audit.AuthorizationProbes.dll
[xUnit.net 00:00:00.00] xUnit.net VSTest Adapter v2.8.2+699d445a1a (64-bit .NET 8.0.30)
[xUnit.net 00:00:00.10]   Discovering: ALKAROS.Audit.AuthorizationProbes
[xUnit.net 00:00:00.17]   Discovered:  ALKAROS.Audit.AuthorizationProbes
[xUnit.net 00:00:00.17]   Starting:    ALKAROS.Audit.AuthorizationProbes
warn: Microsoft.AspNetCore.Hosting.Diagnostics[15]
      Overriding HTTP_PORTS '8080' and HTTPS_PORTS ''. Binding to values defined by URLS instead 'http://127.0.0.1:0'.
info: Microsoft.Hosting.Lifetime[14]
      Now listening on: http://127.0.0.1:46097
info: Microsoft.Hosting.Lifetime[0]
      Application started. Press Ctrl+C to shut down.
info: Microsoft.Hosting.Lifetime[0]
      Hosting environment: Production
info: Microsoft.Hosting.Lifetime[0]
      Content root path: /a399/evidence/V1-RMD-399/probes/AuthorizationProbes/bin/Release/net8.0
info: Microsoft.AspNetCore.Hosting.Diagnostics[1]
      Request starting HTTP/1.1 POST http://127.0.0.1:46097/api/v1/auth/login - application/json;+charset=utf-8 116
info: Microsoft.AspNetCore.Routing.EndpointMiddleware[0]
      Executing endpoint 'HTTP: POST /api/v1/auth/login'
info: Microsoft.AspNetCore.Http.Result.OkObjectResult[1]
      Setting HTTP status code 200.
info: Microsoft.AspNetCore.Http.Result.OkObjectResult[3]
      Writing value of type '<>f__AnonymousType3`6' as Json.
info: Microsoft.AspNetCore.Routing.EndpointMiddleware[1]
      Executed endpoint 'HTTP: POST /api/v1/auth/login'
info: Microsoft.AspNetCore.Hosting.Diagnostics[2]
      Request finished HTTP/1.1 POST https://127.0.0.1:46097/api/v1/auth/login - 200 - application/json;+charset=utf-8 2097.1916ms
info: Microsoft.AspNetCore.Hosting.Diagnostics[1]
      Request starting HTTP/1.1 POST http://127.0.0.1:46097/api/v1/auth/login - application/json;+charset=utf-8 116
info: Microsoft.AspNetCore.Routing.EndpointMiddleware[0]
      Executing endpoint 'HTTP: POST /api/v1/auth/login'
info: Microsoft.AspNetCore.Http.Result.OkObjectResult[1]
      Setting HTTP status code 200.
info: Microsoft.AspNetCore.Http.Result.OkObjectResult[3]
      Writing value of type '<>f__AnonymousType3`6' as Json.
info: Microsoft.AspNetCore.Routing.EndpointMiddleware[1]
      Executed endpoint 'HTTP: POST /api/v1/auth/login'
info: Microsoft.AspNetCore.Hosting.Diagnostics[2]
      Request finished HTTP/1.1 POST https://127.0.0.1:46097/api/v1/auth/login - 200 - application/json;+charset=utf-8 446.5532ms
info: Microsoft.AspNetCore.Hosting.Diagnostics[1]
      Request starting HTTP/1.1 GET http://127.0.0.1:46097/api/v1/auth/session?terminalId=6bd7ac04-9c53-4a3d-804a-5c22816ef9ef - - -
info: Microsoft.AspNetCore.Routing.EndpointMiddleware[0]
      Executing endpoint 'HTTP: GET /api/v1/auth/session'
info: Microsoft.AspNetCore.Http.Result.OkObjectResult[1]
      Setting HTTP status code 200.
info: Microsoft.AspNetCore.Http.Result.OkObjectResult[3]
      Writing value of type '<>f__AnonymousType4`5' as Json.
info: Microsoft.AspNetCore.Routing.EndpointMiddleware[1]
      Executed endpoint 'HTTP: GET /api/v1/auth/session'
info: Microsoft.AspNetCore.Hosting.Diagnostics[2]
      Request finished HTTP/1.1 GET https://127.0.0.1:46097/api/v1/auth/session?terminalId=6bd7ac04-9c53-4a3d-804a-5c22816ef9ef - 200 - application/json;+charset=utf-8 23.5643ms
info: Microsoft.AspNetCore.Hosting.Diagnostics[1]
      Request starting HTTP/1.1 POST http://127.0.0.1:46097/api/v1/management/security/users/40c7c1d2-aa36-464c-b03b-e4e157883451/revoke-sessions - application/json;+charset=utf-8 2
info: Microsoft.AspNetCore.Routing.EndpointMiddleware[0]
      Executing endpoint 'HTTP: POST /api/v1/management/security/users/{userId:guid}/revoke-sessions'
info: Microsoft.AspNetCore.Http.Result.OkObjectResult[1]
      Setting HTTP status code 200.
info: Microsoft.AspNetCore.Http.Result.OkObjectResult[3]
      Writing value of type 'RevokeSessionsResultV1' as Json.
info: Microsoft.AspNetCore.Routing.EndpointMiddleware[1]
      Executed endpoint 'HTTP: POST /api/v1/management/security/users/{userId:guid}/revoke-sessions'
info: Microsoft.AspNetCore.Hosting.Diagnostics[2]
      Request finished HTTP/1.1 POST https://127.0.0.1:46097/api/v1/management/security/users/40c7c1d2-aa36-464c-b03b-e4e157883451/revoke-sessions - 200 - application/json;+charset=utf-8 221.8098ms
info: Microsoft.AspNetCore.Hosting.Diagnostics[1]
      Request starting HTTP/1.1 GET http://127.0.0.1:46097/api/v1/auth/session?terminalId=6bd7ac04-9c53-4a3d-804a-5c22816ef9ef - - -
info: Microsoft.AspNetCore.Routing.EndpointMiddleware[0]
      Executing endpoint 'HTTP: GET /api/v1/auth/session'
info: Microsoft.AspNetCore.Routing.EndpointMiddleware[1]
      Executed endpoint 'HTTP: GET /api/v1/auth/session'
info: Microsoft.AspNetCore.Hosting.Diagnostics[2]
      Request finished HTTP/1.1 GET https://127.0.0.1:46097/api/v1/auth/session?terminalId=6bd7ac04-9c53-4a3d-804a-5c22816ef9ef - 401 - application/json;+charset=utf-8 16.6811ms
  Passed ALKAROS.Audit.AuthorizationProbes.AuthorizationProbes.A5ManagerRevokeSessionsEndsVictimSessionOnNextRequest [3 s]
  Standard Output Messages:
 revoke-sessions by a real manager login: 200


[xUnit.net 00:00:09.35]     ALKAROS.Audit.AuthorizationProbes.AuthorizationProbes.C4DelegationCanBeCreatedThroughSomeRoute [FAIL]
[xUnit.net 00:00:09.35]       Assert.NotEmpty() Failure: Collection was empty
[xUnit.net 00:00:09.35]       Stack Trace:
[xUnit.net 00:00:09.35]         /a399/evidence/V1-RMD-399/probes/AuthorizationProbes/AuthorizationProbes.cs(243,0): at ALKAROS.Audit.AuthorizationProbes.AuthorizationProbes.C4DelegationCanBeCreatedThroughSomeRoute()
[xUnit.net 00:00:09.35]            at System.RuntimeMethodHandle.InvokeMethod(Object target, Void** arguments, Signature sig, Boolean isConstructor)
[xUnit.net 00:00:09.35]            at System.Reflection.MethodBaseInvoker.InvokeWithNoArgs(Object obj, BindingFlags invokeAttr)
[xUnit.net 00:00:09.35]       Output:
[xUnit.net 00:00:09.35]         delegation-creating routes: []
  Failed ALKAROS.Audit.AuthorizationProbes.AuthorizationProbes.C4DelegationCanBeCreatedThroughSomeRoute [1 s]
  Error Message:
   Assert.NotEmpty() Failure: Collection was empty
  Stack Trace:
     at ALKAROS.Audit.AuthorizationProbes.AuthorizationProbes.C4DelegationCanBeCreatedThroughSomeRoute() in /a399/evidence/V1-RMD-399/probes/AuthorizationProbes/AuthorizationProbes.cs:line 243
   at System.RuntimeMethodHandle.InvokeMethod(Object target, Void** arguments, Signature sig, Boolean isConstructor)
   at System.Reflection.MethodBaseInvoker.InvokeWithNoArgs(Object obj, BindingFlags invokeAttr)
  Standard Output Messages:
 delegation-creating routes: []


info: Microsoft.AspNetCore.Hosting.Diagnostics[1]
      Request starting HTTP/1.1 POST http://127.0.0.1:46097/api/v1/auth/logout?terminalId=38f17b1c-fae3-4c3c-ba83-b37863296df1 - application/json;+charset=utf-8 2
info: Microsoft.AspNetCore.Routing.EndpointMiddleware[0]
      Executing endpoint 'HTTP: POST /api/v1/auth/logout'
info: Microsoft.AspNetCore.Http.Result.NoContentResult[1]
      Setting HTTP status code 204.
info: Microsoft.AspNetCore.Routing.EndpointMiddleware[1]
      Executed endpoint 'HTTP: POST /api/v1/auth/logout'
info: Microsoft.AspNetCore.Hosting.Diagnostics[2]
      Request finished HTTP/1.1 POST https://127.0.0.1:46097/api/v1/auth/logout?terminalId=38f17b1c-fae3-4c3c-ba83-b37863296df1 - 204 - - 8.2378ms
info: Microsoft.AspNetCore.Hosting.Diagnostics[1]
      Request starting HTTP/1.1 POST http://127.0.0.1:46097/api/v1/auth/pin?terminalId=2ffdc9f0-dfc7-4ccd-8b61-73a2e372367d - application/json;+charset=utf-8 2
info: Microsoft.AspNetCore.Routing.EndpointMiddleware[0]
      Executing endpoint 'HTTP: POST /api/v1/auth/pin'
info: Microsoft.AspNetCore.Http.Result.BadRequestObjectResult[1]
      Setting HTTP status code 400.
info: Microsoft.AspNetCore.Http.Result.BadRequestObjectResult[3]
      Writing value of type '<>f__AnonymousType5`1' as Json.
info: Microsoft.AspNetCore.Routing.EndpointMiddleware[1]
      Executed endpoint 'HTTP: POST /api/v1/auth/pin'
info: Microsoft.AspNetCore.Hosting.Diagnostics[2]
      Request finished HTTP/1.1 POST https://127.0.0.1:46097/api/v1/auth/pin?terminalId=2ffdc9f0-dfc7-4ccd-8b61-73a2e372367d - 400 - application/json;+charset=utf-8 9.0164ms
info: Microsoft.AspNetCore.Hosting.Diagnostics[1]
      Request starting HTTP/1.1 POST http://127.0.0.1:46097/api/v1/auth/unlock?terminalId=6586f48e-5786-405a-a7ad-0a178eabb895 - application/json;+charset=utf-8 2
info: Microsoft.AspNetCore.Routing.EndpointMiddleware[0]
      Executing endpoint 'HTTP: POST /api/v1/auth/unlock'
info: Microsoft.AspNetCore.Http.Result.BadRequestObjectResult[1]
      Setting HTTP status code 400.
info: Microsoft.AspNetCore.Http.Result.BadRequestObjectResult[3]
      Writing value of type '<>f__AnonymousType5`1' as Json.
info: Microsoft.AspNetCore.Routing.EndpointMiddleware[1]
      Executed endpoint 'HTTP: POST /api/v1/auth/unlock'
info: Microsoft.AspNetCore.Hosting.Diagnostics[2]
      Request finished HTTP/1.1 POST https://127.0.0.1:46097/api/v1/auth/unlock?terminalId=6586f48e-5786-405a-a7ad-0a178eabb895 - 400 - application/json;+charset=utf-8 6.1071ms
info: Microsoft.AspNetCore.Hosting.Diagnostics[1]
      Request starting HTTP/1.1 POST http://127.0.0.1:46097/api/v1/management/authorization/behavioural-tightenings/c5e0af7f-c6f0-4866-b8e5-222fac090910/clear?terminalId=2e57107d-46f2-444a-af26-250e35161a64 - application/json;+charset=utf-8 2
info: Microsoft.AspNetCore.Routing.EndpointMiddleware[0]
      Executing endpoint 'HTTP: POST /api/v1/management/authorization/behavioural-tightenings/{tighteningId:guid}/clear'
info: Microsoft.AspNetCore.Http.Result.JsonResult[1]
      Setting HTTP status code 403.
info: Microsoft.AspNetCore.Http.Result.JsonResult[3]
      Writing value of type 'AuthorizationDecisionErrorEnvelopeV1' as Json.
info: Microsoft.AspNetCore.Routing.EndpointMiddleware[1]
      Executed endpoint 'HTTP: POST /api/v1/management/authorization/behavioural-tightenings/{tighteningId:guid}/clear'
info: Microsoft.AspNetCore.Hosting.Diagnostics[2]
      Request finished HTTP/1.1 POST https://127.0.0.1:46097/api/v1/management/authorization/behavioural-tightenings/c5e0af7f-c6f0-4866-b8e5-222fac090910/clear?terminalId=2e57107d-46f2-444a-af26-250e35161a64 - 403 - application/json;+charset=utf-8 18.8743ms
info: Microsoft.AspNetCore.Hosting.Diagnostics[1]
      Request starting HTTP/1.1 POST http://127.0.0.1:46097/api/v1/management/authorization/delegations/16d0de80-b844-47f3-bcf2-271a30de3509/revoke?terminalId=dc7c024d-7468-452d-badf-80bb05ded53d - application/json;+charset=utf-8 2
info: Microsoft.AspNetCore.Routing.EndpointMiddleware[0]
      Executing endpoint 'HTTP: POST /api/v1/management/authorization/delegations/{delegationId:guid}/revoke'
info: Microsoft.AspNetCore.Http.Result.JsonResult[1]
      Setting HTTP status code 403.
info: Microsoft.AspNetCore.Http.Result.JsonResult[3]
      Writing value of type 'AuthorizationDecisionErrorEnvelopeV1' as Json.
info: Microsoft.AspNetCore.Routing.EndpointMiddleware[1]
      Executed endpoint 'HTTP: POST /api/v1/management/authorization/delegations/{delegationId:guid}/revoke'
info: Microsoft.AspNetCore.Hosting.Diagnostics[2]
      Request finished HTTP/1.1 POST https://127.0.0.1:46097/api/v1/management/authorization/delegations/16d0de80-b844-47f3-bcf2-271a30de3509/revoke?terminalId=dc7c024d-7468-452d-badf-80bb05ded53d - 403 - application/json;+charset=utf-8 35.8584ms
info: Microsoft.AspNetCore.Hosting.Diagnostics[1]
      Request starting HTTP/1.1 POST http://127.0.0.1:46097/api/v1/management/authorization/grants/ee838af3-fdee-415e-bb1e-538ecc0b1dcc/approve?terminalId=0d261732-f4da-41f6-8a79-36dfe0c54e01 - application/json;+charset=utf-8 2
info: Microsoft.AspNetCore.Routing.EndpointMiddleware[0]
      Executing endpoint 'HTTP: POST /api/v1/management/authorization/grants/{grantId:guid}/approve'
info: Microsoft.AspNetCore.Http.Result.JsonResult[1]
      Setting HTTP status code 403.
info: Microsoft.AspNetCore.Http.Result.JsonResult[3]
      Writing value of type 'AuthorizationDecisionErrorEnvelopeV1' as Json.
info: Microsoft.AspNetCore.Routing.EndpointMiddleware[1]
      Executed endpoint 'HTTP: POST /api/v1/management/authorization/grants/{grantId:guid}/approve'
info: Microsoft.AspNetCore.Hosting.Diagnostics[2]
      Request finished HTTP/1.1 POST https://127.0.0.1:46097/api/v1/management/authorization/grants/ee838af3-fdee-415e-bb1e-538ecc0b1dcc/approve?terminalId=0d261732-f4da-41f6-8a79-36dfe0c54e01 - 403 - application/json;+charset=utf-8 9.4972ms
info: Microsoft.AspNetCore.Hosting.Diagnostics[1]
      Request starting HTTP/1.1 POST http://127.0.0.1:46097/api/v1/management/authorization/grants/0a0efdd3-6206-423a-90a3-fc90acb0e97e/deny?terminalId=37fd5330-7a60-4519-ba93-7e582ebc1dbf - application/json;+charset=utf-8 2
info: Microsoft.AspNetCore.Routing.EndpointMiddleware[0]
      Executing endpoint 'HTTP: POST /api/v1/management/authorization/grants/{grantId:guid}/deny'
info: Microsoft.AspNetCore.Http.Result.JsonResult[1]
      Setting HTTP status code 403.
info: Microsoft.AspNetCore.Http.Result.JsonResult[3]
      Writing value of type 'AuthorizationDecisionErrorEnvelopeV1' as Json.
info: Microsoft.AspNetCore.Routing.EndpointMiddleware[1]
      Executed endpoint 'HTTP: POST /api/v1/management/authorization/grants/{grantId:guid}/deny'
info: Microsoft.AspNetCore.Hosting.Diagnostics[2]
      Request finished HTTP/1.1 POST https://127.0.0.1:46097/api/v1/management/authorization/grants/0a0efdd3-6206-423a-90a3-fc90acb0e97e/deny?terminalId=37fd5330-7a60-4519-ba93-7e582ebc1dbf - 403 - application/json;+charset=utf-8 5.7046ms
info: Microsoft.AspNetCore.Hosting.Diagnostics[1]
      Request starting HTTP/1.1 PUT http://127.0.0.1:46097/api/v1/management/business-identity/logo?terminalId=7ab98599-73f3-482b-9d25-be58f3b0ae60 - application/json;+charset=utf-8 2
info: Microsoft.AspNetCore.Routing.EndpointMiddleware[0]
      Executing endpoint 'HTTP: GET, POST, PUT, PATCH, DELETE, OPTIONS /api/{**path}'
info: Microsoft.AspNetCore.Http.Result.JsonResult[1]
      Setting HTTP status code 404.
info: Microsoft.AspNetCore.Http.Result.JsonResult[3]
      Writing value of type 'ApiErrorEnvelope' as Json.
info: Microsoft.AspNetCore.Routing.EndpointMiddleware[1]
      Executed endpoint 'HTTP: GET, POST, PUT, PATCH, DELETE, OPTIONS /api/{**path}'
info: Microsoft.AspNetCore.Hosting.Diagnostics[2]
      Request finished HTTP/1.1 PUT https://127.0.0.1:46097/api/v1/management/business-identity/logo?terminalId=7ab98599-73f3-482b-9d25-be58f3b0ae60 - 404 - application/json;+charset=utf-8 1.9621ms
info: Microsoft.AspNetCore.Hosting.Diagnostics[1]
      Request starting HTTP/1.1 DELETE http://127.0.0.1:46097/api/v1/management/business-identity/logo?terminalId=f67ad5ac-3eec-4bfd-95da-1705e813146c - application/json;+charset=utf-8 2
info: Microsoft.AspNetCore.Routing.EndpointMiddleware[0]
      Executing endpoint 'HTTP: DELETE /api/v1/management/business-identity/logo'
info: Microsoft.AspNetCore.Http.Result.JsonResult[1]
      Setting HTTP status code 403.
info: Microsoft.AspNetCore.Http.Result.JsonResult[3]
      Writing value of type 'SettingsApiErrorEnvelopeV1' as Json.
info: Microsoft.AspNetCore.Routing.EndpointMiddleware[1]
      Executed endpoint 'HTTP: DELETE /api/v1/management/business-identity/logo'
info: Microsoft.AspNetCore.Hosting.Diagnostics[2]
      Request finished HTTP/1.1 DELETE https://127.0.0.1:46097/api/v1/management/business-identity/logo?terminalId=f67ad5ac-3eec-4bfd-95da-1705e813146c - 403 - application/json;+charset=utf-8 12.1659ms
info: Microsoft.AspNetCore.Hosting.Diagnostics[1]
      Request starting HTTP/1.1 POST http://127.0.0.1:46097/api/v1/management/catalog/categories?terminalId=8e02745c-0899-4e96-b1ce-852e7d117940 - application/json;+charset=utf-8 2
info: Microsoft.AspNetCore.Routing.EndpointMiddleware[0]
      Executing endpoint 'HTTP: POST /api/v1/management/catalog/categories'
info: Microsoft.AspNetCore.Http.Result.JsonResult[1]
      Setting HTTP status code 403.
info: Microsoft.AspNetCore.Http.Result.JsonResult[3]
      Writing value of type 'CatalogApiErrorEnvelopeV1' as Json.
info: Microsoft.AspNetCore.Routing.EndpointMiddleware[1]
      Executed endpoint 'HTTP: POST /api/v1/management/catalog/categories'
info: Microsoft.AspNetCore.Hosting.Diagnostics[2]
      Request finished HTTP/1.1 POST https://127.0.0.1:46097/api/v1/management/catalog/categories?terminalId=8e02745c-0899-4e96-b1ce-852e7d117940 - 403 - application/json;+charset=utf-8 12.9570ms
info: Microsoft.AspNetCore.Hosting.Diagnostics[1]
      Request starting HTTP/1.1 POST http://127.0.0.1:46097/api/v1/management/catalog/modifier-groups?terminalId=54f26eea-02d2-4a2e-a360-8a9d685d1466 - application/json;+charset=utf-8 2
info: Microsoft.AspNetCore.Routing.EndpointMiddleware[0]
      Executing endpoint 'HTTP: POST /api/v1/management/catalog/modifier-groups'
info: Microsoft.AspNetCore.Http.Result.JsonResult[1]
      Setting HTTP status code 403.
info: Microsoft.AspNetCore.Http.Result.JsonResult[3]
      Writing value of type 'CatalogApiErrorEnvelopeV1' as Json.
info: Microsoft.AspNetCore.Routing.EndpointMiddleware[1]
      Executed endpoint 'HTTP: POST /api/v1/management/catalog/modifier-groups'
info: Microsoft.AspNetCore.Hosting.Diagnostics[2]
      Request finished HTTP/1.1 POST https://127.0.0.1:46097/api/v1/management/catalog/modifier-groups?terminalId=54f26eea-02d2-4a2e-a360-8a9d685d1466 - 403 - application/json;+charset=utf-8 6.9609ms
info: Microsoft.AspNetCore.Hosting.Diagnostics[1]
      Request starting HTTP/1.1 POST http://127.0.0.1:46097/api/v1/management/catalog/modifiers?terminalId=e7345d66-ae9e-489d-8a8f-4e19255af8b9 - application/json;+charset=utf-8 2
info: Microsoft.AspNetCore.Routing.EndpointMiddleware[0]
      Executing endpoint 'HTTP: POST /api/v1/management/catalog/modifiers'
info: Microsoft.AspNetCore.Http.Result.JsonResult[1]
      Setting HTTP status code 403.
info: Microsoft.AspNetCore.Http.Result.JsonResult[3]
      Writing value of type 'CatalogApiErrorEnvelopeV1' as Json.
info: Microsoft.AspNetCore.Routing.EndpointMiddleware[1]
      Executed endpoint 'HTTP: POST /api/v1/management/catalog/modifiers'
info: Microsoft.AspNetCore.Hosting.Diagnostics[2]
      Request finished HTTP/1.1 POST https://127.0.0.1:46097/api/v1/management/catalog/modifiers?terminalId=e7345d66-ae9e-489d-8a8f-4e19255af8b9 - 403 - application/json;+charset=utf-8 8.1734ms
info: Microsoft.AspNetCore.Hosting.Diagnostics[1]
      Request starting HTTP/1.1 POST http://127.0.0.1:46097/api/v1/management/catalog/prices?terminalId=49dee32e-2176-432d-81bc-2d4aa0f4cfbb - application/json;+charset=utf-8 2
info: Microsoft.AspNetCore.Routing.EndpointMiddleware[0]
      Executing endpoint 'HTTP: POST /api/v1/management/catalog/prices'
info: Microsoft.AspNetCore.Http.Result.JsonResult[1]
      Setting HTTP status code 403.
info: Microsoft.AspNetCore.Http.Result.JsonResult[3]
      Writing value of type 'CatalogApiErrorEnvelopeV1' as Json.
info: Microsoft.AspNetCore.Routing.EndpointMiddleware[1]
      Executed endpoint 'HTTP: POST /api/v1/management/catalog/prices'
info: Microsoft.AspNetCore.Hosting.Diagnostics[2]
      Request finished HTTP/1.1 POST https://127.0.0.1:46097/api/v1/management/catalog/prices?terminalId=49dee32e-2176-432d-81bc-2d4aa0f4cfbb - 403 - application/json;+charset=utf-8 5.2585ms
info: Microsoft.AspNetCore.Hosting.Diagnostics[1]
      Request starting HTTP/1.1 POST http://127.0.0.1:46097/api/v1/management/catalog/product-modifier-assignments?terminalId=adbaba87-804b-4420-bffc-ec250965dd49 - application/json;+charset=utf-8 2
info: Microsoft.AspNetCore.Routing.EndpointMiddleware[0]
      Executing endpoint 'HTTP: POST /api/v1/management/catalog/product-modifier-assignments'
info: Microsoft.AspNetCore.Http.Result.JsonResult[1]
      Setting HTTP status code 403.
info: Microsoft.AspNetCore.Http.Result.JsonResult[3]
      Writing value of type 'CatalogApiErrorEnvelopeV1' as Json.
info: Microsoft.AspNetCore.Routing.EndpointMiddleware[1]
      Executed endpoint 'HTTP: POST /api/v1/management/catalog/product-modifier-assignments'
info: Microsoft.AspNetCore.Hosting.Diagnostics[2]
      Request finished HTTP/1.1 POST https://127.0.0.1:46097/api/v1/management/catalog/product-modifier-assignments?terminalId=adbaba87-804b-4420-bffc-ec250965dd49 - 403 - application/json;+charset=utf-8 5.3139ms
info: Microsoft.AspNetCore.Hosting.Diagnostics[1]
      Request starting HTTP/1.1 POST http://127.0.0.1:46097/api/v1/management/catalog/products?terminalId=b16c7b81-96fb-46ea-bfc3-1bced7545bc5 - application/json;+charset=utf-8 2
info: Microsoft.AspNetCore.Routing.EndpointMiddleware[0]
      Executing endpoint 'HTTP: POST /api/v1/management/catalog/products'
info: Microsoft.AspNetCore.Http.Result.JsonResult[1]
      Setting HTTP status code 403.
info: Microsoft.AspNetCore.Http.Result.JsonResult[3]
      Writing value of type 'CatalogApiErrorEnvelopeV1' as Json.
info: Microsoft.AspNetCore.Routing.EndpointMiddleware[1]
      Executed endpoint 'HTTP: POST /api/v1/management/catalog/products'
info: Microsoft.AspNetCore.Hosting.Diagnostics[2]
      Request finished HTTP/1.1 POST https://127.0.0.1:46097/api/v1/management/catalog/products?terminalId=b16c7b81-96fb-46ea-bfc3-1bced7545bc5 - 403 - application/json;+charset=utf-8 6.2128ms
info: Microsoft.AspNetCore.Hosting.Diagnostics[1]
      Request starting HTTP/1.1 POST http://127.0.0.1:46097/api/v1/management/catalog/products/857c42af-ce95-4acd-a899-a4221f8fc4a1/availability?terminalId=841a53ee-703b-4375-8761-c6db23483c69 - application/json;+charset=utf-8 2
info: Microsoft.AspNetCore.Routing.EndpointMiddleware[0]
      Executing endpoint 'HTTP: POST /api/v1/management/catalog/products/{productId:guid}/availability'
info: Microsoft.AspNetCore.Http.Result.JsonResult[1]
      Setting HTTP status code 403.
info: Microsoft.AspNetCore.Http.Result.JsonResult[3]
      Writing value of type 'CatalogApiErrorEnvelopeV1' as Json.
info: Microsoft.AspNetCore.Routing.EndpointMiddleware[1]
      Executed endpoint 'HTTP: POST /api/v1/management/catalog/products/{productId:guid}/availability'
info: Microsoft.AspNetCore.Hosting.Diagnostics[2]
      Request finished HTTP/1.1 POST https://127.0.0.1:46097/api/v1/management/catalog/products/857c42af-ce95-4acd-a899-a4221f8fc4a1/availability?terminalId=841a53ee-703b-4375-8761-c6db23483c69 - 403 - application/json;+charset=utf-8 5.7977ms
info: Microsoft.AspNetCore.Hosting.Diagnostics[1]
      Request starting HTTP/1.1 POST http://127.0.0.1:46097/api/v1/management/catalog/products/a80d31cb-6a47-473a-9ea3-79e0870ded8a/prep-time?terminalId=5caf5625-1452-4a03-b786-17281905e6c7 - application/json;+charset=utf-8 2
info: Microsoft.AspNetCore.Routing.EndpointMiddleware[0]
      Executing endpoint 'HTTP: POST /api/v1/management/catalog/products/{productId:guid}/prep-time'
info: Microsoft.AspNetCore.Http.Result.JsonResult[1]
      Setting HTTP status code 403.
info: Microsoft.AspNetCore.Http.Result.JsonResult[3]
      Writing value of type 'CatalogApiErrorEnvelopeV1' as Json.
info: Microsoft.AspNetCore.Routing.EndpointMiddleware[1]
      Executed endpoint 'HTTP: POST /api/v1/management/catalog/products/{productId:guid}/prep-time'
info: Microsoft.AspNetCore.Hosting.Diagnostics[2]
      Request finished HTTP/1.1 POST https://127.0.0.1:46097/api/v1/management/catalog/products/a80d31cb-6a47-473a-9ea3-79e0870ded8a/prep-time?terminalId=5caf5625-1452-4a03-b786-17281905e6c7 - 403 - application/json;+charset=utf-8 6.0258ms
info: Microsoft.AspNetCore.Hosting.Diagnostics[1]
      Request starting HTTP/1.1 POST http://127.0.0.1:46097/api/v1/management/catalog/tax-profiles?terminalId=14c2ef11-9a71-4cf2-993d-bdd6f4d7d142 - application/json;+charset=utf-8 2
info: Microsoft.AspNetCore.Routing.EndpointMiddleware[0]
      Executing endpoint 'HTTP: POST /api/v1/management/catalog/tax-profiles'
info: Microsoft.AspNetCore.Http.Result.JsonResult[1]
      Setting HTTP status code 403.
info: Microsoft.AspNetCore.Http.Result.JsonResult[3]
      Writing value of type 'CatalogApiErrorEnvelopeV1' as Json.
info: Microsoft.AspNetCore.Routing.EndpointMiddleware[1]
      Executed endpoint 'HTTP: POST /api/v1/management/catalog/tax-profiles'
info: Microsoft.AspNetCore.Hosting.Diagnostics[2]
      Request finished HTTP/1.1 POST https://127.0.0.1:46097/api/v1/management/catalog/tax-profiles?terminalId=14c2ef11-9a71-4cf2-993d-bdd6f4d7d142 - 403 - application/json;+charset=utf-8 4.8839ms
info: Microsoft.AspNetCore.Hosting.Diagnostics[1]
      Request starting HTTP/1.1 PUT http://127.0.0.1:46097/api/v1/management/customer-display/screensaver?terminalId=146407f7-3b5b-4331-81a5-caf1f469ccfc - application/json;+charset=utf-8 2
info: Microsoft.AspNetCore.Routing.EndpointMiddleware[0]
      Executing endpoint 'HTTP: GET, POST, PUT, PATCH, DELETE, OPTIONS /api/{**path}'
info: Microsoft.AspNetCore.Http.Result.JsonResult[1]
      Setting HTTP status code 404.
info: Microsoft.AspNetCore.Http.Result.JsonResult[3]
      Writing value of type 'ApiErrorEnvelope' as Json.
info: Microsoft.AspNetCore.Routing.EndpointMiddleware[1]
      Executed endpoint 'HTTP: GET, POST, PUT, PATCH, DELETE, OPTIONS /api/{**path}'
info: Microsoft.AspNetCore.Hosting.Diagnostics[2]
      Request finished HTTP/1.1 PUT https://127.0.0.1:46097/api/v1/management/customer-display/screensaver?terminalId=146407f7-3b5b-4331-81a5-caf1f469ccfc - 404 - application/json;+charset=utf-8 0.8701ms
info: Microsoft.AspNetCore.Hosting.Diagnostics[1]
      Request starting HTTP/1.1 DELETE http://127.0.0.1:46097/api/v1/management/customer-display/screensaver?terminalId=60c4fe5e-3af9-4032-aa21-f6d076d6f829 - application/json;+charset=utf-8 2
info: Microsoft.AspNetCore.Routing.EndpointMiddleware[0]
      Executing endpoint 'HTTP: DELETE /api/v1/management/customer-display/screensaver'
info: Microsoft.AspNetCore.Http.Result.JsonResult[1]
      Setting HTTP status code 403.
info: Microsoft.AspNetCore.Http.Result.JsonResult[3]
      Writing value of type 'CatalogApiErrorEnvelopeV1' as Json.
info: Microsoft.AspNetCore.Routing.EndpointMiddleware[1]
      Executed endpoint 'HTTP: DELETE /api/v1/management/customer-display/screensaver'
info: Microsoft.AspNetCore.Hosting.Diagnostics[2]
      Request finished HTTP/1.1 DELETE https://127.0.0.1:46097/api/v1/management/customer-display/screensaver?terminalId=60c4fe5e-3af9-4032-aa21-f6d076d6f829 - 403 - application/json;+charset=utf-8 5.3939ms
info: Microsoft.AspNetCore.Hosting.Diagnostics[1]
      Request starting HTTP/1.1 POST http://127.0.0.1:46097/api/v1/management/inventory/modifiers/831389aa-a5ea-4e46-905e-7ee2e7ae1481/stock-mappings?terminalId=e5565d0b-be67-4ae9-b1d8-32809b85ccae - application/json;+charset=utf-8 2
info: Microsoft.AspNetCore.Routing.EndpointMiddleware[0]
      Executing endpoint 'HTTP: POST /api/v1/management/inventory/modifiers/{modifierId:guid}/stock-mappings'
info: Microsoft.AspNetCore.Http.Result.JsonResult[1]
      Setting HTTP status code 403.
info: Microsoft.AspNetCore.Http.Result.JsonResult[3]
      Writing value of type 'StockMasterApiErrorEnvelopeV1' as Json.
info: Microsoft.AspNetCore.Routing.EndpointMiddleware[1]
      Executed endpoint 'HTTP: POST /api/v1/management/inventory/modifiers/{modifierId:guid}/stock-mappings'
info: Microsoft.AspNetCore.Hosting.Diagnostics[2]
      Request finished HTTP/1.1 POST https://127.0.0.1:46097/api/v1/management/inventory/modifiers/831389aa-a5ea-4e46-905e-7ee2e7ae1481/stock-mappings?terminalId=e5565d0b-be67-4ae9-b1d8-32809b85ccae - 403 - application/json;+charset=utf-8 25.7103ms
info: Microsoft.AspNetCore.Hosting.Diagnostics[1]
      Request starting HTTP/1.1 DELETE http://127.0.0.1:46097/api/v1/management/inventory/modifiers/ab1cb183-4bec-4226-888d-15fa7413d910/stock-mappings/c7f303f4-967f-46fd-8cd5-8a82b2d82d7d?terminalId=ea2942e1-f04b-4106-96b3-3e49ec1cc925 - application/json;+charset=utf-8 2
info: Microsoft.AspNetCore.Routing.EndpointMiddleware[0]
      Executing endpoint 'HTTP: DELETE /api/v1/management/inventory/modifiers/{modifierId:guid}/stock-mappings/{stockItemId:guid}'
info: Microsoft.AspNetCore.Http.Result.JsonResult[1]
      Setting HTTP status code 403.
info: Microsoft.AspNetCore.Http.Result.JsonResult[3]
      Writing value of type 'StockMasterApiErrorEnvelopeV1' as Json.
info: Microsoft.AspNetCore.Routing.EndpointMiddleware[1]
      Executed endpoint 'HTTP: DELETE /api/v1/management/inventory/modifiers/{modifierId:guid}/stock-mappings/{stockItemId:guid}'
info: Microsoft.AspNetCore.Hosting.Diagnostics[2]
      Request finished HTTP/1.1 DELETE https://127.0.0.1:46097/api/v1/management/inventory/modifiers/ab1cb183-4bec-4226-888d-15fa7413d910/stock-mappings/c7f303f4-967f-46fd-8cd5-8a82b2d82d7d?terminalId=ea2942e1-f04b-4106-96b3-3e49ec1cc925 - 403 - application/json;+charset=utf-8 7.5301ms
info: Microsoft.AspNetCore.Hosting.Diagnostics[1]
      Request starting HTTP/1.1 POST http://127.0.0.1:46097/api/v1/management/inventory/products/ec4f0702-32d3-4cfe-a8fe-ff1e25ff552e/stock-mappings?terminalId=3b5137fa-5eff-4a3a-b8d0-1a45061530f8 - application/json;+charset=utf-8 2
info: Microsoft.AspNetCore.Routing.EndpointMiddleware[0]
      Executing endpoint 'HTTP: POST /api/v1/management/inventory/products/{productId:guid}/stock-mappings'
info: Microsoft.AspNetCore.Http.Result.JsonResult[1]
      Setting HTTP status code 403.
info: Microsoft.AspNetCore.Http.Result.JsonResult[3]
      Writing value of type 'StockMasterApiErrorEnvelopeV1' as Json.
info: Microsoft.AspNetCore.Routing.EndpointMiddleware[1]
      Executed endpoint 'HTTP: POST /api/v1/management/inventory/products/{productId:guid}/stock-mappings'
info: Microsoft.AspNetCore.Hosting.Diagnostics[2]
      Request finished HTTP/1.1 POST https://127.0.0.1:46097/api/v1/management/inventory/products/ec4f0702-32d3-4cfe-a8fe-ff1e25ff552e/stock-mappings?terminalId=3b5137fa-5eff-4a3a-b8d0-1a45061530f8 - 403 - application/json;+charset=utf-8 5.3384ms
info: Microsoft.AspNetCore.Hosting.Diagnostics[1]
      Request starting HTTP/1.1 DELETE http://127.0.0.1:46097/api/v1/management/inventory/products/ad1990f9-901a-4e30-8531-f7f64f0578b4/stock-mappings/5e194fab-cd00-4b4a-8d08-0fd2e39354f3?terminalId=5317eb86-1892-4078-9402-bc744448971d - application/json;+charset=utf-8 2
info: Microsoft.AspNetCore.Routing.EndpointMiddleware[0]
      Executing endpoint 'HTTP: DELETE /api/v1/management/inventory/products/{productId:guid}/stock-mappings/{stockItemId:guid}'
info: Microsoft.AspNetCore.Http.Result.JsonResult[1]
      Setting HTTP status code 403.
info: Microsoft.AspNetCore.Http.Result.JsonResult[3]
      Writing value of type 'StockMasterApiErrorEnvelopeV1' as Json.
info: Microsoft.AspNetCore.Routing.EndpointMiddleware[1]
      Executed endpoint 'HTTP: DELETE /api/v1/management/inventory/products/{productId:guid}/stock-mappings/{stockItemId:guid}'
info: Microsoft.AspNetCore.Hosting.Diagnostics[2]
      Request finished HTTP/1.1 DELETE https://127.0.0.1:46097/api/v1/management/inventory/products/ad1990f9-901a-4e30-8531-f7f64f0578b4/stock-mappings/5e194fab-cd00-4b4a-8d08-0fd2e39354f3?terminalId=5317eb86-1892-4078-9402-bc744448971d - 403 - application/json;+charset=utf-8 3.5138ms
info: Microsoft.AspNetCore.Hosting.Diagnostics[1]
      Request starting HTTP/1.1 POST http://127.0.0.1:46097/api/v1/management/inventory/stock-items?terminalId=ef8cf95b-683e-4064-a06c-130769af7ce1 - application/json;+charset=utf-8 2
info: Microsoft.AspNetCore.Routing.EndpointMiddleware[0]
      Executing endpoint 'HTTP: POST /api/v1/management/inventory/stock-items'
info: Microsoft.AspNetCore.Http.Result.JsonResult[1]
      Setting HTTP status code 403.
info: Microsoft.AspNetCore.Http.Result.JsonResult[3]
      Writing value of type 'StockMasterApiErrorEnvelopeV1' as Json.
info: Microsoft.AspNetCore.Routing.EndpointMiddleware[1]
      Executed endpoint 'HTTP: POST /api/v1/management/inventory/stock-items'
info: Microsoft.AspNetCore.Hosting.Diagnostics[2]
      Request finished HTTP/1.1 POST https://127.0.0.1:46097/api/v1/management/inventory/stock-items?terminalId=ef8cf95b-683e-4064-a06c-130769af7ce1 - 403 - application/json;+charset=utf-8 4.9800ms
info: Microsoft.AspNetCore.Hosting.Diagnostics[1]
      Request starting HTTP/1.1 POST http://127.0.0.1:46097/api/v1/management/inventory/stock-items/a9a6267e-f5d9-4943-8809-96b5ee81975f/physical-counts?terminalId=90db3f3c-6574-4b7e-9941-dc6694ebc485 - application/json;+charset=utf-8 2
info: Microsoft.AspNetCore.Routing.EndpointMiddleware[0]
      Executing endpoint 'HTTP: POST /api/v1/management/inventory/stock-items/{stockItemId:guid}/physical-counts'
info: Microsoft.AspNetCore.Http.Result.JsonResult[1]
      Setting HTTP status code 403.
info: Microsoft.AspNetCore.Http.Result.JsonResult[3]
      Writing value of type 'StockMasterApiErrorEnvelopeV1' as Json.
info: Microsoft.AspNetCore.Routing.EndpointMiddleware[1]
      Executed endpoint 'HTTP: POST /api/v1/management/inventory/stock-items/{stockItemId:guid}/physical-counts'
info: Microsoft.AspNetCore.Hosting.Diagnostics[2]
      Request finished HTTP/1.1 POST https://127.0.0.1:46097/api/v1/management/inventory/stock-items/a9a6267e-f5d9-4943-8809-96b5ee81975f/physical-counts?terminalId=90db3f3c-6574-4b7e-9941-dc6694ebc485 - 403 - application/json;+charset=utf-8 4.7861ms
info: Microsoft.AspNetCore.Hosting.Diagnostics[1]
      Request starting HTTP/1.1 PUT http://127.0.0.1:46097/api/v1/management/inventory/stock-items/709ace9e-2636-483b-beb7-9431777a863c/reorder-point?terminalId=782fc454-ac06-407a-b20d-ea02ef5b3a84 - application/json;+charset=utf-8 2
info: Microsoft.AspNetCore.Routing.EndpointMiddleware[0]
      Executing endpoint 'HTTP: PUT /api/v1/management/inventory/stock-items/{stockItemId:guid}/reorder-point'
info: Microsoft.AspNetCore.Http.Result.JsonResult[1]
      Setting HTTP status code 403.
info: Microsoft.AspNetCore.Http.Result.JsonResult[3]
      Writing value of type 'StockMasterApiErrorEnvelopeV1' as Json.
info: Microsoft.AspNetCore.Routing.EndpointMiddleware[1]
      Executed endpoint 'HTTP: PUT /api/v1/management/inventory/stock-items/{stockItemId:guid}/reorder-point'
info: Microsoft.AspNetCore.Hosting.Diagnostics[2]
      Request finished HTTP/1.1 PUT https://127.0.0.1:46097/api/v1/management/inventory/stock-items/709ace9e-2636-483b-beb7-9431777a863c/reorder-point?terminalId=782fc454-ac06-407a-b20d-ea02ef5b3a84 - 403 - application/json;+charset=utf-8 6.4643ms
info: Microsoft.AspNetCore.Hosting.Diagnostics[1]
      Request starting HTTP/1.1 POST http://127.0.0.1:46097/api/v1/management/inventory/stock-items/2c80807a-86d3-448d-95c9-833f8f741ab3/waste?terminalId=d3b1b755-427f-41a7-a8fd-8d6ed6c62224 - application/json;+charset=utf-8 2
info: Microsoft.AspNetCore.Routing.EndpointMiddleware[0]
      Executing endpoint 'HTTP: POST /api/v1/management/inventory/stock-items/{stockItemId:guid}/waste'
info: Microsoft.AspNetCore.Http.Result.JsonResult[1]
      Setting HTTP status code 403.
info: Microsoft.AspNetCore.Http.Result.JsonResult[3]
      Writing value of type 'StockMasterApiErrorEnvelopeV1' as Json.
info: Microsoft.AspNetCore.Routing.EndpointMiddleware[1]
      Executed endpoint 'HTTP: POST /api/v1/management/inventory/stock-items/{stockItemId:guid}/waste'
info: Microsoft.AspNetCore.Hosting.Diagnostics[2]
      Request finished HTTP/1.1 POST https://127.0.0.1:46097/api/v1/management/inventory/stock-items/2c80807a-86d3-448d-95c9-833f8f741ab3/waste?terminalId=d3b1b755-427f-41a7-a8fd-8d6ed6c62224 - 403 - application/json;+charset=utf-8 5.8290ms
info: Microsoft.AspNetCore.Hosting.Diagnostics[1]
      Request starting HTTP/1.1 POST http://127.0.0.1:46097/api/v1/management/inventory/stock-locations?terminalId=d9851bff-bdfe-4b38-a53f-c2317295eb58 - application/json;+charset=utf-8 2
info: Microsoft.AspNetCore.Routing.EndpointMiddleware[0]
      Executing endpoint 'HTTP: POST /api/v1/management/inventory/stock-locations'
info: Microsoft.AspNetCore.Http.Result.JsonResult[1]
      Setting HTTP status code 403.
info: Microsoft.AspNetCore.Http.Result.JsonResult[3]
      Writing value of type 'StockMasterApiErrorEnvelopeV1' as Json.
info: Microsoft.AspNetCore.Routing.EndpointMiddleware[1]
      Executed endpoint 'HTTP: POST /api/v1/management/inventory/stock-locations'
info: Microsoft.AspNetCore.Hosting.Diagnostics[2]
      Request finished HTTP/1.1 POST https://127.0.0.1:46097/api/v1/management/inventory/stock-locations?terminalId=d9851bff-bdfe-4b38-a53f-c2317295eb58 - 403 - application/json;+charset=utf-8 5.6648ms
info: Microsoft.AspNetCore.Hosting.Diagnostics[1]
      Request starting HTTP/1.1 POST http://127.0.0.1:46097/api/v1/management/menus-and-specials/daily-menus?terminalId=d1ce6e1f-5377-4770-b52a-95a58d9cc7b8 - application/json;+charset=utf-8 2
info: Microsoft.AspNetCore.Routing.EndpointMiddleware[0]
      Executing endpoint 'HTTP: POST /api/v1/management/menus-and-specials/daily-menus'
info: Microsoft.AspNetCore.Http.Result.JsonResult[1]
      Setting HTTP status code 403.
info: Microsoft.AspNetCore.Http.Result.JsonResult[3]
      Writing value of type 'MenuApiErrorEnvelopeV1' as Json.
info: Microsoft.AspNetCore.Routing.EndpointMiddleware[1]
      Executed endpoint 'HTTP: POST /api/v1/management/menus-and-specials/daily-menus'
info: Microsoft.AspNetCore.Hosting.Diagnostics[2]
      Request finished HTTP/1.1 POST https://127.0.0.1:46097/api/v1/management/menus-and-specials/daily-menus?terminalId=d1ce6e1f-5377-4770-b52a-95a58d9cc7b8 - 403 - application/json;+charset=utf-8 14.2809ms
info: Microsoft.AspNetCore.Hosting.Diagnostics[1]
      Request starting HTTP/1.1 PUT http://127.0.0.1:46097/api/v1/management/menus-and-specials/daily-menus/items/c122f434-799f-4bb8-9d91-d3f59bff5f5e/planned-portions?terminalId=15e48ed4-8bee-4deb-9de9-f0b3526088eb - application/json;+charset=utf-8 2
info: Microsoft.AspNetCore.Routing.EndpointMiddleware[0]
      Executing endpoint 'HTTP: PUT /api/v1/management/menus-and-specials/daily-menus/items/{dailyMenuItemId:guid}/planned-portions'
info: Microsoft.AspNetCore.Http.Result.JsonResult[1]
      Setting HTTP status code 403.
info: Microsoft.AspNetCore.Http.Result.JsonResult[3]
      Writing value of type 'MenuApiErrorEnvelopeV1' as Json.
info: Microsoft.AspNetCore.Routing.EndpointMiddleware[1]
      Executed endpoint 'HTTP: PUT /api/v1/management/menus-and-specials/daily-menus/items/{dailyMenuItemId:guid}/planned-portions'
info: Microsoft.AspNetCore.Hosting.Diagnostics[2]
      Request finished HTTP/1.1 PUT https://127.0.0.1:46097/api/v1/management/menus-and-specials/daily-menus/items/c122f434-799f-4bb8-9d91-d3f59bff5f5e/planned-portions?terminalId=15e48ed4-8bee-4deb-9de9-f0b3526088eb - 403 - application/json;+charset=utf-8 8.3572ms
info: Microsoft.AspNetCore.Hosting.Diagnostics[1]
      Request starting HTTP/1.1 PUT http://127.0.0.1:46097/api/v1/management/menus-and-specials/daily-menus/items/c0056629-cda3-4adc-b8e4-d84b7c9d8a0a/price?terminalId=47d9b0c8-1c6b-46fb-b8d4-af1be655e250 - application/json;+charset=utf-8 2
info: Microsoft.AspNetCore.Routing.EndpointMiddleware[0]
      Executing endpoint 'HTTP: PUT /api/v1/management/menus-and-specials/daily-menus/items/{dailyMenuItemId:guid}/price'
info: Microsoft.AspNetCore.Http.Result.JsonResult[1]
      Setting HTTP status code 403.
info: Microsoft.AspNetCore.Http.Result.JsonResult[3]
      Writing value of type 'MenuApiErrorEnvelopeV1' as Json.
info: Microsoft.AspNetCore.Routing.EndpointMiddleware[1]
      Executed endpoint 'HTTP: PUT /api/v1/management/menus-and-specials/daily-menus/items/{dailyMenuItemId:guid}/price'
info: Microsoft.AspNetCore.Hosting.Diagnostics[2]
      Request finished HTTP/1.1 PUT https://127.0.0.1:46097/api/v1/management/menus-and-specials/daily-menus/items/c0056629-cda3-4adc-b8e4-d84b7c9d8a0a/price?terminalId=47d9b0c8-1c6b-46fb-b8d4-af1be655e250 - 403 - application/json;+charset=utf-8 7.0026ms
info: Microsoft.AspNetCore.Hosting.Diagnostics[1]
      Request starting HTTP/1.1 PUT http://127.0.0.1:46097/api/v1/management/menus-and-specials/daily-menus/items/303a6b9d-cdee-4020-b772-66f30d3b43ad/status?terminalId=98f4d4e9-c4b9-4b68-b253-0e5382cd17e7 - application/json;+charset=utf-8 2
info: Microsoft.AspNetCore.Routing.EndpointMiddleware[0]
      Executing endpoint 'HTTP: PUT /api/v1/management/menus-and-specials/daily-menus/items/{dailyMenuItemId:guid}/status'
info: Microsoft.AspNetCore.Http.Result.JsonResult[1]
      Setting HTTP status code 403.
info: Microsoft.AspNetCore.Http.Result.JsonResult[3]
      Writing value of type 'MenuApiErrorEnvelopeV1' as Json.
info: Microsoft.AspNetCore.Routing.EndpointMiddleware[1]
      Executed endpoint 'HTTP: PUT /api/v1/management/menus-and-specials/daily-menus/items/{dailyMenuItemId:guid}/status'
info: Microsoft.AspNetCore.Hosting.Diagnostics[2]
      Request finished HTTP/1.1 PUT https://127.0.0.1:46097/api/v1/management/menus-and-specials/daily-menus/items/303a6b9d-cdee-4020-b772-66f30d3b43ad/status?terminalId=98f4d4e9-c4b9-4b68-b253-0e5382cd17e7 - 403 - application/json;+charset=utf-8 5.3959ms
info: Microsoft.AspNetCore.Hosting.Diagnostics[1]
      Request starting HTTP/1.1 POST http://127.0.0.1:46097/api/v1/management/menus-and-specials/daily-menus/1df94204-9b72-45a5-9875-3ba3067a9272/close?terminalId=fbbb8a7a-35d5-4faf-8d75-c939b9edfe21 - application/json;+charset=utf-8 2
info: Microsoft.AspNetCore.Routing.EndpointMiddleware[0]
      Executing endpoint 'HTTP: POST /api/v1/management/menus-and-specials/daily-menus/{dailyMenuId:guid}/close'
info: Microsoft.AspNetCore.Http.Result.JsonResult[1]
      Setting HTTP status code 403.
info: Microsoft.AspNetCore.Http.Result.JsonResult[3]
      Writing value of type 'MenuApiErrorEnvelopeV1' as Json.
info: Microsoft.AspNetCore.Routing.EndpointMiddleware[1]
      Executed endpoint 'HTTP: POST /api/v1/management/menus-and-specials/daily-menus/{dailyMenuId:guid}/close'
info: Microsoft.AspNetCore.Hosting.Diagnostics[2]
      Request finished HTTP/1.1 POST https://127.0.0.1:46097/api/v1/management/menus-and-specials/daily-menus/1df94204-9b72-45a5-9875-3ba3067a9272/close?terminalId=fbbb8a7a-35d5-4faf-8d75-c939b9edfe21 - 403 - application/json;+charset=utf-8 4.8848ms
info: Microsoft.AspNetCore.Hosting.Diagnostics[1]
      Request starting HTTP/1.1 POST http://127.0.0.1:46097/api/v1/management/menus-and-specials/daily-menus/58e69b1b-ddca-4b07-876f-3c6439d42486/items?terminalId=7980af9a-bd39-4577-9926-4efa878759b1 - application/json;+charset=utf-8 2
info: Microsoft.AspNetCore.Routing.EndpointMiddleware[0]
      Executing endpoint 'HTTP: POST /api/v1/management/menus-and-specials/daily-menus/{dailyMenuId:guid}/items'
info: Microsoft.AspNetCore.Http.Result.JsonResult[1]
      Setting HTTP status code 403.
info: Microsoft.AspNetCore.Http.Result.JsonResult[3]
      Writing value of type 'MenuApiErrorEnvelopeV1' as Json.
info: Microsoft.AspNetCore.Routing.EndpointMiddleware[1]
      Executed endpoint 'HTTP: POST /api/v1/management/menus-and-specials/daily-menus/{dailyMenuId:guid}/items'
info: Microsoft.AspNetCore.Hosting.Diagnostics[2]
      Request finished HTTP/1.1 POST https://127.0.0.1:46097/api/v1/management/menus-and-specials/daily-menus/58e69b1b-ddca-4b07-876f-3c6439d42486/items?terminalId=7980af9a-bd39-4577-9926-4efa878759b1 - 403 - application/json;+charset=utf-8 6.1907ms
info: Microsoft.AspNetCore.Hosting.Diagnostics[1]
      Request starting HTTP/1.1 POST http://127.0.0.1:46097/api/v1/management/menus-and-specials/daily-menus/b643e309-a898-4af4-be64-0062c40ea25e/open?terminalId=ad6a7e89-8f6a-4729-89d9-9aa1d12ba834 - application/json;+charset=utf-8 2
info: Microsoft.AspNetCore.Routing.EndpointMiddleware[0]
      Executing endpoint 'HTTP: POST /api/v1/management/menus-and-specials/daily-menus/{dailyMenuId:guid}/open'
info: Microsoft.AspNetCore.Http.Result.JsonResult[1]
      Setting HTTP status code 403.
info: Microsoft.AspNetCore.Http.Result.JsonResult[3]
      Writing value of type 'MenuApiErrorEnvelopeV1' as Json.
info: Microsoft.AspNetCore.Routing.EndpointMiddleware[1]
      Executed endpoint 'HTTP: POST /api/v1/management/menus-and-specials/daily-menus/{dailyMenuId:guid}/open'
info: Microsoft.AspNetCore.Hosting.Diagnostics[2]
      Request finished HTTP/1.1 POST https://127.0.0.1:46097/api/v1/management/menus-and-specials/daily-menus/b643e309-a898-4af4-be64-0062c40ea25e/open?terminalId=ad6a7e89-8f6a-4729-89d9-9aa1d12ba834 - 403 - application/json;+charset=utf-8 6.2023ms
info: Microsoft.AspNetCore.Hosting.Diagnostics[1]
      Request starting HTTP/1.1 POST http://127.0.0.1:46097/api/v1/management/menus-and-specials/menus?terminalId=1b41a78d-c5f5-4c63-939f-76d885f5db9e - application/json;+charset=utf-8 2
info: Microsoft.AspNetCore.Routing.EndpointMiddleware[0]
      Executing endpoint 'HTTP: POST /api/v1/management/menus-and-specials/menus'
info: Microsoft.AspNetCore.Http.Result.JsonResult[1]
      Setting HTTP status code 403.
info: Microsoft.AspNetCore.Http.Result.JsonResult[3]
      Writing value of type 'MenuApiErrorEnvelopeV1' as Json.
info: Microsoft.AspNetCore.Routing.EndpointMiddleware[1]
      Executed endpoint 'HTTP: POST /api/v1/management/menus-and-specials/menus'
info: Microsoft.AspNetCore.Hosting.Diagnostics[2]
      Request finished HTTP/1.1 POST https://127.0.0.1:46097/api/v1/management/menus-and-specials/menus?terminalId=1b41a78d-c5f5-4c63-939f-76d885f5db9e - 403 - application/json;+charset=utf-8 5.9203ms
info: Microsoft.AspNetCore.Hosting.Diagnostics[1]
      Request starting HTTP/1.1 PUT http://127.0.0.1:46097/api/v1/management/menus-and-specials/menus/c32a21fd-aea3-42e0-805c-cfd8cba9eef5?terminalId=cc02b066-1a89-46f4-82ba-509b458ff177 - application/json;+charset=utf-8 2
info: Microsoft.AspNetCore.Routing.EndpointMiddleware[0]
      Executing endpoint 'HTTP: PUT /api/v1/management/menus-and-specials/menus/{menuId:guid}'
info: Microsoft.AspNetCore.Http.Result.JsonResult[1]
      Setting HTTP status code 403.
info: Microsoft.AspNetCore.Http.Result.JsonResult[3]
      Writing value of type 'MenuApiErrorEnvelopeV1' as Json.
info: Microsoft.AspNetCore.Routing.EndpointMiddleware[1]
      Executed endpoint 'HTTP: PUT /api/v1/management/menus-and-specials/menus/{menuId:guid}'
info: Microsoft.AspNetCore.Hosting.Diagnostics[2]
      Request finished HTTP/1.1 PUT https://127.0.0.1:46097/api/v1/management/menus-and-specials/menus/c32a21fd-aea3-42e0-805c-cfd8cba9eef5?terminalId=cc02b066-1a89-46f4-82ba-509b458ff177 - 403 - application/json;+charset=utf-8 8.2759ms
info: Microsoft.AspNetCore.Hosting.Diagnostics[1]
      Request starting HTTP/1.1 POST http://127.0.0.1:46097/api/v1/management/menus-and-specials/menus/8cb4cc8a-7899-4d0e-9437-c000c433c6a8/items?terminalId=39f667c3-843e-4841-896f-b2d6886e4c89 - application/json;+charset=utf-8 2
info: Microsoft.AspNetCore.Routing.EndpointMiddleware[0]
      Executing endpoint 'HTTP: POST /api/v1/management/menus-and-specials/menus/{menuId:guid}/items'
info: Microsoft.AspNetCore.Http.Result.JsonResult[1]
      Setting HTTP status code 403.
info: Microsoft.AspNetCore.Http.Result.JsonResult[3]
      Writing value of type 'MenuApiErrorEnvelopeV1' as Json.
info: Microsoft.AspNetCore.Routing.EndpointMiddleware[1]
      Executed endpoint 'HTTP: POST /api/v1/management/menus-and-specials/menus/{menuId:guid}/items'
info: Microsoft.AspNetCore.Hosting.Diagnostics[2]
      Request finished HTTP/1.1 POST https://127.0.0.1:46097/api/v1/management/menus-and-specials/menus/8cb4cc8a-7899-4d0e-9437-c000c433c6a8/items?terminalId=39f667c3-843e-4841-896f-b2d6886e4c89 - 403 - application/json;+charset=utf-8 5.4601ms
info: Microsoft.AspNetCore.Hosting.Diagnostics[1]
      Request starting HTTP/1.1 POST http://127.0.0.1:46097/api/v1/management/menus-and-specials/menus/e40c5b3d-d257-4fb8-a84f-335f163bd14e/items/reorder?terminalId=abe64591-905a-40f1-a43d-f2b4faca0e42 - application/json;+charset=utf-8 2
info: Microsoft.AspNetCore.Routing.EndpointMiddleware[0]
      Executing endpoint 'HTTP: POST /api/v1/management/menus-and-specials/menus/{menuId:guid}/items/reorder'
info: Microsoft.AspNetCore.Http.Result.JsonResult[1]
      Setting HTTP status code 403.
info: Microsoft.AspNetCore.Http.Result.JsonResult[3]
      Writing value of type 'MenuApiErrorEnvelopeV1' as Json.
info: Microsoft.AspNetCore.Routing.EndpointMiddleware[1]
      Executed endpoint 'HTTP: POST /api/v1/management/menus-and-specials/menus/{menuId:guid}/items/reorder'
info: Microsoft.AspNetCore.Hosting.Diagnostics[2]
      Request finished HTTP/1.1 POST https://127.0.0.1:46097/api/v1/management/menus-and-specials/menus/e40c5b3d-d257-4fb8-a84f-335f163bd14e/items/reorder?terminalId=abe64591-905a-40f1-a43d-f2b4faca0e42 - 403 - application/json;+charset=utf-8 4.2204ms
info: Microsoft.AspNetCore.Hosting.Diagnostics[1]
      Request starting HTTP/1.1 PUT http://127.0.0.1:46097/api/v1/management/menus-and-specials/menus/b5fc0755-3e3f-4751-90e8-46a8a4026d0b/items/42a0db35-92d1-4328-8a69-89cf52c5d7de?terminalId=b6a4d4ff-b247-4e79-9c8e-8649cb9ea088 - application/json;+charset=utf-8 2
info: Microsoft.AspNetCore.Routing.EndpointMiddleware[0]
      Executing endpoint 'HTTP: PUT /api/v1/management/menus-and-specials/menus/{menuId:guid}/items/{menuItemId:guid}'
info: Microsoft.AspNetCore.Http.Result.JsonResult[1]
      Setting HTTP status code 403.
info: Microsoft.AspNetCore.Http.Result.JsonResult[3]
      Writing value of type 'MenuApiErrorEnvelopeV1' as Json.
info: Microsoft.AspNetCore.Routing.EndpointMiddleware[1]
      Executed endpoint 'HTTP: PUT /api/v1/management/menus-and-specials/menus/{menuId:guid}/items/{menuItemId:guid}'
info: Microsoft.AspNetCore.Hosting.Diagnostics[2]
      Request finished HTTP/1.1 PUT https://127.0.0.1:46097/api/v1/management/menus-and-specials/menus/b5fc0755-3e3f-4751-90e8-46a8a4026d0b/items/42a0db35-92d1-4328-8a69-89cf52c5d7de?terminalId=b6a4d4ff-b247-4e79-9c8e-8649cb9ea088 - 403 - application/json;+charset=utf-8 7.5364ms
info: Microsoft.AspNetCore.Hosting.Diagnostics[1]
      Request starting HTTP/1.1 POST http://127.0.0.1:46097/api/v1/management/observability/alerts/raise?terminalId=c6146fba-6a95-43fe-bdc2-ad0522b5d7bc - application/json;+charset=utf-8 2
info: Microsoft.AspNetCore.Routing.EndpointMiddleware[0]
      Executing endpoint 'HTTP: POST /api/v1/management/observability/alerts/raise'
info: Microsoft.AspNetCore.Http.Result.JsonResult[1]
      Setting HTTP status code 403.
info: Microsoft.AspNetCore.Http.Result.JsonResult[3]
      Writing value of type 'ObservabilityApiErrorEnvelopeV1' as Json.
info: Microsoft.AspNetCore.Routing.EndpointMiddleware[1]
      Executed endpoint 'HTTP: POST /api/v1/management/observability/alerts/raise'
info: Microsoft.AspNetCore.Hosting.Diagnostics[2]
      Request finished HTTP/1.1 POST https://127.0.0.1:46097/api/v1/management/observability/alerts/raise?terminalId=c6146fba-6a95-43fe-bdc2-ad0522b5d7bc - 403 - application/json;+charset=utf-8 14.1736ms
info: Microsoft.AspNetCore.Hosting.Diagnostics[1]
      Request starting HTTP/1.1 POST http://127.0.0.1:46097/api/v1/management/observability/alerts/62ade118-069f-456a-9763-79132be173d1/acknowledge?terminalId=7deec655-d2ac-453a-b59a-723186ddd3e5 - application/json;+charset=utf-8 2
info: Microsoft.AspNetCore.Routing.EndpointMiddleware[0]
      Executing endpoint 'HTTP: POST /api/v1/management/observability/alerts/{alertId:guid}/acknowledge'
info: Microsoft.AspNetCore.Http.Result.JsonResult[1]
      Setting HTTP status code 403.
info: Microsoft.AspNetCore.Http.Result.JsonResult[3]
      Writing value of type 'ObservabilityApiErrorEnvelopeV1' as Json.
info: Microsoft.AspNetCore.Routing.EndpointMiddleware[1]
      Executed endpoint 'HTTP: POST /api/v1/management/observability/alerts/{alertId:guid}/acknowledge'
info: Microsoft.AspNetCore.Hosting.Diagnostics[2]
      Request finished HTTP/1.1 POST https://127.0.0.1:46097/api/v1/management/observability/alerts/62ade118-069f-456a-9763-79132be173d1/acknowledge?terminalId=7deec655-d2ac-453a-b59a-723186ddd3e5 - 403 - application/json;+charset=utf-8 7.0528ms
info: Microsoft.AspNetCore.Hosting.Diagnostics[1]
      Request starting HTTP/1.1 POST http://127.0.0.1:46097/api/v1/management/observability/alerts/59b5bd31-f62b-4abe-90c0-10adfad0c06c/escalate?terminalId=d4bbb358-ec2d-49a3-b28a-fd986d30c5e1 - application/json;+charset=utf-8 2
info: Microsoft.AspNetCore.Routing.EndpointMiddleware[0]
      Executing endpoint 'HTTP: POST /api/v1/management/observability/alerts/{alertId:guid}/escalate'
info: Microsoft.AspNetCore.Http.Result.JsonResult[1]
      Setting HTTP status code 403.
info: Microsoft.AspNetCore.Http.Result.JsonResult[3]
      Writing value of type 'ObservabilityApiErrorEnvelopeV1' as Json.
info: Microsoft.AspNetCore.Routing.EndpointMiddleware[1]
      Executed endpoint 'HTTP: POST /api/v1/management/observability/alerts/{alertId:guid}/escalate'
info: Microsoft.AspNetCore.Hosting.Diagnostics[2]
      Request finished HTTP/1.1 POST https://127.0.0.1:46097/api/v1/management/observability/alerts/59b5bd31-f62b-4abe-90c0-10adfad0c06c/escalate?terminalId=d4bbb358-ec2d-49a3-b28a-fd986d30c5e1 - 403 - application/json;+charset=utf-8 6.1006ms
info: Microsoft.AspNetCore.Hosting.Diagnostics[1]
      Request starting HTTP/1.1 POST http://127.0.0.1:46097/api/v1/management/observability/alerts/7e833aff-4418-4ab6-8a2c-e8a234d2da99/resolve?terminalId=f7867a7a-225a-4c6b-87eb-4369a91de8ca - application/json;+charset=utf-8 2
info: Microsoft.AspNetCore.Routing.EndpointMiddleware[0]
      Executing endpoint 'HTTP: POST /api/v1/management/observability/alerts/{alertId:guid}/resolve'
info: Microsoft.AspNetCore.Http.Result.JsonResult[1]
      Setting HTTP status code 403.
info: Microsoft.AspNetCore.Http.Result.JsonResult[3]
      Writing value of type 'ObservabilityApiErrorEnvelopeV1' as Json.
info: Microsoft.AspNetCore.Routing.EndpointMiddleware[1]
      Executed endpoint 'HTTP: POST /api/v1/management/observability/alerts/{alertId:guid}/resolve'
info: Microsoft.AspNetCore.Hosting.Diagnostics[2]
      Request finished HTTP/1.1 POST https://127.0.0.1:46097/api/v1/management/observability/alerts/7e833aff-4418-4ab6-8a2c-e8a234d2da99/resolve?terminalId=f7867a7a-225a-4c6b-87eb-4369a91de8ca - 403 - application/json;+charset=utf-8 5.8975ms
info: Microsoft.AspNetCore.Hosting.Diagnostics[1]
      Request starting HTTP/1.1 POST http://127.0.0.1:46097/api/v1/management/observability/alerts/4f3bffce-d6fe-48fb-9406-936cbab9b9c6/suppress?terminalId=d3962646-eedc-4d19-acdd-f69757109f9f - application/json;+charset=utf-8 2
info: Microsoft.AspNetCore.Routing.EndpointMiddleware[0]
      Executing endpoint 'HTTP: POST /api/v1/management/observability/alerts/{alertId:guid}/suppress'
info: Microsoft.AspNetCore.Http.Result.JsonResult[1]
      Setting HTTP status code 403.
info: Microsoft.AspNetCore.Http.Result.JsonResult[3]
      Writing value of type 'ObservabilityApiErrorEnvelopeV1' as Json.
info: Microsoft.AspNetCore.Routing.EndpointMiddleware[1]
      Executed endpoint 'HTTP: POST /api/v1/management/observability/alerts/{alertId:guid}/suppress'
info: Microsoft.AspNetCore.Hosting.Diagnostics[2]
      Request finished HTTP/1.1 POST https://127.0.0.1:46097/api/v1/management/observability/alerts/4f3bffce-d6fe-48fb-9406-936cbab9b9c6/suppress?terminalId=d3962646-eedc-4d19-acdd-f69757109f9f - 403 - application/json;+charset=utf-8 4.1395ms
info: Microsoft.AspNetCore.Hosting.Diagnostics[1]
      Request starting HTTP/1.1 POST http://127.0.0.1:46097/api/v1/management/observability/health-checks?terminalId=79071562-4b49-43bb-a1eb-b6a709965d54 - application/json;+charset=utf-8 2
info: Microsoft.AspNetCore.Routing.EndpointMiddleware[0]
      Executing endpoint 'HTTP: POST /api/v1/management/observability/health-checks'
info: Microsoft.AspNetCore.Http.Result.JsonResult[1]
      Setting HTTP status code 403.
info: Microsoft.AspNetCore.Http.Result.JsonResult[3]
      Writing value of type 'ObservabilityApiErrorEnvelopeV1' as Json.
info: Microsoft.AspNetCore.Routing.EndpointMiddleware[1]
      Executed endpoint 'HTTP: POST /api/v1/management/observability/health-checks'
info: Microsoft.AspNetCore.Hosting.Diagnostics[2]
      Request finished HTTP/1.1 POST https://127.0.0.1:46097/api/v1/management/observability/health-checks?terminalId=79071562-4b49-43bb-a1eb-b6a709965d54 - 403 - application/json;+charset=utf-8 5.7847ms
info: Microsoft.AspNetCore.Hosting.Diagnostics[1]
      Request starting HTTP/1.1 POST http://127.0.0.1:46097/api/v1/management/payments/reconciliation-scan?terminalId=c6f5b098-ec3b-45db-bd66-67aa8dc3a9bb - application/json;+charset=utf-8 2
info: Microsoft.AspNetCore.Routing.EndpointMiddleware[0]
      Executing endpoint 'HTTP: POST /api/v1/management/payments/reconciliation-scan'
info: Microsoft.AspNetCore.Http.Result.JsonResult[1]
      Setting HTTP status code 403.
info: Microsoft.AspNetCore.Http.Result.JsonResult[3]
      Writing value of type 'ReconciliationCaseApiErrorEnvelopeV1' as Json.
info: Microsoft.AspNetCore.Routing.EndpointMiddleware[1]
      Executed endpoint 'HTTP: POST /api/v1/management/payments/reconciliation-scan'
info: Microsoft.AspNetCore.Hosting.Diagnostics[2]
      Request finished HTTP/1.1 POST https://127.0.0.1:46097/api/v1/management/payments/reconciliation-scan?terminalId=c6f5b098-ec3b-45db-bd66-67aa8dc3a9bb - 403 - application/json;+charset=utf-8 11.4454ms
info: Microsoft.AspNetCore.Hosting.Diagnostics[1]
      Request starting HTTP/1.1 POST http://127.0.0.1:46097/api/v1/management/production/batches?terminalId=45c7359b-dbf9-46f1-b8d8-a6ade4cef864 - application/json;+charset=utf-8 2
info: Microsoft.AspNetCore.Routing.EndpointMiddleware[0]
      Executing endpoint 'HTTP: POST /api/v1/management/production/batches'
info: Microsoft.AspNetCore.Http.Result.JsonResult[1]
      Setting HTTP status code 403.
info: Microsoft.AspNetCore.Http.Result.JsonResult[3]
      Writing value of type 'ProductionApiErrorEnvelopeV1' as Json.
info: Microsoft.AspNetCore.Routing.EndpointMiddleware[1]
      Executed endpoint 'HTTP: POST /api/v1/management/production/batches'
info: Microsoft.AspNetCore.Hosting.Diagnostics[2]
      Request finished HTTP/1.1 POST https://127.0.0.1:46097/api/v1/management/production/batches?terminalId=45c7359b-dbf9-46f1-b8d8-a6ade4cef864 - 403 - application/json;+charset=utf-8 13.0652ms
info: Microsoft.AspNetCore.Hosting.Diagnostics[1]
      Request starting HTTP/1.1 POST http://127.0.0.1:46097/api/v1/management/production/batches/ce9819fc-6d48-4e67-a2de-061dd66c81d3/cancel?terminalId=2ecfc389-8c94-445e-afe0-3e9c6c403abe - application/json;+charset=utf-8 2
info: Microsoft.AspNetCore.Routing.EndpointMiddleware[0]
      Executing endpoint 'HTTP: POST /api/v1/management/production/batches/{batchId:guid}/cancel'
info: Microsoft.AspNetCore.Http.Result.JsonResult[1]
      Setting HTTP status code 403.
info: Microsoft.AspNetCore.Http.Result.JsonResult[3]
      Writing value of type 'ProductionApiErrorEnvelopeV1' as Json.
info: Microsoft.AspNetCore.Routing.EndpointMiddleware[1]
      Executed endpoint 'HTTP: POST /api/v1/management/production/batches/{batchId:guid}/cancel'
info: Microsoft.AspNetCore.Hosting.Diagnostics[2]
      Request finished HTTP/1.1 POST https://127.0.0.1:46097/api/v1/management/production/batches/ce9819fc-6d48-4e67-a2de-061dd66c81d3/cancel?terminalId=2ecfc389-8c94-445e-afe0-3e9c6c403abe - 403 - application/json;+charset=utf-8 5.1354ms
info: Microsoft.AspNetCore.Hosting.Diagnostics[1]
      Request starting HTTP/1.1 POST http://127.0.0.1:46097/api/v1/management/production/batches/87906e59-d106-4ddc-96c1-1350fbfc934f/complete?terminalId=48f2e752-101b-462a-b4d1-5486d1e8e854 - application/json;+charset=utf-8 2
info: Microsoft.AspNetCore.Routing.EndpointMiddleware[0]
      Executing endpoint 'HTTP: POST /api/v1/management/production/batches/{batchId:guid}/complete'
info: Microsoft.AspNetCore.Http.Result.JsonResult[1]
      Setting HTTP status code 403.
info: Microsoft.AspNetCore.Http.Result.JsonResult[3]
      Writing value of type 'ProductionApiErrorEnvelopeV1' as Json.
info: Microsoft.AspNetCore.Routing.EndpointMiddleware[1]
      Executed endpoint 'HTTP: POST /api/v1/management/production/batches/{batchId:guid}/complete'
info: Microsoft.AspNetCore.Hosting.Diagnostics[2]
      Request finished HTTP/1.1 POST https://127.0.0.1:46097/api/v1/management/production/batches/87906e59-d106-4ddc-96c1-1350fbfc934f/complete?terminalId=48f2e752-101b-462a-b4d1-5486d1e8e854 - 403 - application/json;+charset=utf-8 8.2034ms
info: Microsoft.AspNetCore.Hosting.Diagnostics[1]
      Request starting HTTP/1.1 PUT http://127.0.0.1:46097/api/v1/management/production/batches/64016654-cf24-4fdf-a617-c5191cc2f353/recipe-version?terminalId=adf7b89d-0c68-4066-9d1b-2f405a01dbd2 - application/json;+charset=utf-8 2
info: Microsoft.AspNetCore.Routing.EndpointMiddleware[0]
      Executing endpoint 'HTTP: PUT /api/v1/management/production/batches/{batchId:guid}/recipe-version'
info: Microsoft.AspNetCore.Http.Result.JsonResult[1]
      Setting HTTP status code 403.
info: Microsoft.AspNetCore.Http.Result.JsonResult[3]
      Writing value of type 'ProductionApiErrorEnvelopeV1' as Json.
info: Microsoft.AspNetCore.Routing.EndpointMiddleware[1]
      Executed endpoint 'HTTP: PUT /api/v1/management/production/batches/{batchId:guid}/recipe-version'
info: Microsoft.AspNetCore.Hosting.Diagnostics[2]
      Request finished HTTP/1.1 PUT https://127.0.0.1:46097/api/v1/management/production/batches/64016654-cf24-4fdf-a617-c5191cc2f353/recipe-version?terminalId=adf7b89d-0c68-4066-9d1b-2f405a01dbd2 - 403 - application/json;+charset=utf-8 5.8061ms
info: Microsoft.AspNetCore.Hosting.Diagnostics[1]
      Request starting HTTP/1.1 POST http://127.0.0.1:46097/api/v1/management/production/batches/29baaea4-9ceb-4a69-b186-b0302848c41c/start?terminalId=e1e7fa4b-3c75-48e1-b671-f22f1afb1c15 - application/json;+charset=utf-8 2
info: Microsoft.AspNetCore.Routing.EndpointMiddleware[0]
      Executing endpoint 'HTTP: POST /api/v1/management/production/batches/{batchId:guid}/start'
info: Microsoft.AspNetCore.Http.Result.JsonResult[1]
      Setting HTTP status code 403.
info: Microsoft.AspNetCore.Http.Result.JsonResult[3]
      Writing value of type 'ProductionApiErrorEnvelopeV1' as Json.
info: Microsoft.AspNetCore.Routing.EndpointMiddleware[1]
      Executed endpoint 'HTTP: POST /api/v1/management/production/batches/{batchId:guid}/start'
info: Microsoft.AspNetCore.Hosting.Diagnostics[2]
      Request finished HTTP/1.1 POST https://127.0.0.1:46097/api/v1/management/production/batches/29baaea4-9ceb-4a69-b186-b0302848c41c/start?terminalId=e1e7fa4b-3c75-48e1-b671-f22f1afb1c15 - 403 - application/json;+charset=utf-8 5.9520ms
info: Microsoft.AspNetCore.Hosting.Diagnostics[1]
      Request starting HTTP/1.1 POST http://127.0.0.1:46097/api/v1/management/purchasing/purchase-orders?terminalId=5fad6642-f04a-4720-9336-18b30a7c3d8a - application/json;+charset=utf-8 2
info: Microsoft.AspNetCore.Routing.EndpointMiddleware[0]
      Executing endpoint 'HTTP: POST /api/v1/management/purchasing/purchase-orders'
info: Microsoft.AspNetCore.Http.Result.JsonResult[1]
      Setting HTTP status code 403.
info: Microsoft.AspNetCore.Http.Result.JsonResult[3]
      Writing value of type 'PurchasingApiErrorEnvelopeV1' as Json.
info: Microsoft.AspNetCore.Routing.EndpointMiddleware[1]
      Executed endpoint 'HTTP: POST /api/v1/management/purchasing/purchase-orders'
info: Microsoft.AspNetCore.Hosting.Diagnostics[2]
      Request finished HTTP/1.1 POST https://127.0.0.1:46097/api/v1/management/purchasing/purchase-orders?terminalId=5fad6642-f04a-4720-9336-18b30a7c3d8a - 403 - application/json;+charset=utf-8 14.7879ms
info: Microsoft.AspNetCore.Hosting.Diagnostics[1]
      Request starting HTTP/1.1 POST http://127.0.0.1:46097/api/v1/management/purchasing/purchase-orders/60be9359-f73f-4a91-b414-8e1f45084b6a/cancel?terminalId=6d83aeb1-19dd-4694-9b5a-5cd860293cdd - application/json;+charset=utf-8 2
info: Microsoft.AspNetCore.Routing.EndpointMiddleware[0]
      Executing endpoint 'HTTP: POST /api/v1/management/purchasing/purchase-orders/{orderId:guid}/cancel'
info: Microsoft.AspNetCore.Http.Result.JsonResult[1]
      Setting HTTP status code 403.
info: Microsoft.AspNetCore.Http.Result.JsonResult[3]
      Writing value of type 'PurchasingApiErrorEnvelopeV1' as Json.
info: Microsoft.AspNetCore.Routing.EndpointMiddleware[1]
      Executed endpoint 'HTTP: POST /api/v1/management/purchasing/purchase-orders/{orderId:guid}/cancel'
info: Microsoft.AspNetCore.Hosting.Diagnostics[2]
      Request finished HTTP/1.1 POST https://127.0.0.1:46097/api/v1/management/purchasing/purchase-orders/60be9359-f73f-4a91-b414-8e1f45084b6a/cancel?terminalId=6d83aeb1-19dd-4694-9b5a-5cd860293cdd - 403 - application/json;+charset=utf-8 7.0809ms
info: Microsoft.AspNetCore.Hosting.Diagnostics[1]
      Request starting HTTP/1.1 POST http://127.0.0.1:46097/api/v1/management/purchasing/purchase-orders/5427fe66-9b69-4197-a343-8acf61e94e9f/receipts?terminalId=42a85704-49dd-4402-a8c6-ddc9db0416ba - application/json;+charset=utf-8 2
info: Microsoft.AspNetCore.Routing.EndpointMiddleware[0]
      Executing endpoint 'HTTP: POST /api/v1/management/purchasing/purchase-orders/{orderId:guid}/receipts'
info: Microsoft.AspNetCore.Http.Result.JsonResult[1]
      Setting HTTP status code 403.
info: Microsoft.AspNetCore.Http.Result.JsonResult[3]
      Writing value of type 'PurchasingApiErrorEnvelopeV1' as Json.
info: Microsoft.AspNetCore.Routing.EndpointMiddleware[1]
      Executed endpoint 'HTTP: POST /api/v1/management/purchasing/purchase-orders/{orderId:guid}/receipts'
info: Microsoft.AspNetCore.Hosting.Diagnostics[2]
      Request finished HTTP/1.1 POST https://127.0.0.1:46097/api/v1/management/purchasing/purchase-orders/5427fe66-9b69-4197-a343-8acf61e94e9f/receipts?terminalId=42a85704-49dd-4402-a8c6-ddc9db0416ba - 403 - application/json;+charset=utf-8 7.3640ms
info: Microsoft.AspNetCore.Hosting.Diagnostics[1]
      Request starting HTTP/1.1 POST http://127.0.0.1:46097/api/v1/management/purchasing/purchase-orders/0d4254a8-3480-43c7-a6e8-e0461c4f49df/submit?terminalId=36ba8136-66e2-4250-8d0b-f3e26ee60f4c - application/json;+charset=utf-8 2
info: Microsoft.AspNetCore.Routing.EndpointMiddleware[0]
      Executing endpoint 'HTTP: POST /api/v1/management/purchasing/purchase-orders/{orderId:guid}/submit'
info: Microsoft.AspNetCore.Http.Result.JsonResult[1]
      Setting HTTP status code 403.
info: Microsoft.AspNetCore.Http.Result.JsonResult[3]
      Writing value of type 'PurchasingApiErrorEnvelopeV1' as Json.
info: Microsoft.AspNetCore.Routing.EndpointMiddleware[1]
      Executed endpoint 'HTTP: POST /api/v1/management/purchasing/purchase-orders/{orderId:guid}/submit'
info: Microsoft.AspNetCore.Hosting.Diagnostics[2]
      Request finished HTTP/1.1 POST https://127.0.0.1:46097/api/v1/management/purchasing/purchase-orders/0d4254a8-3480-43c7-a6e8-e0461c4f49df/submit?terminalId=36ba8136-66e2-4250-8d0b-f3e26ee60f4c - 403 - application/json;+charset=utf-8 4.0404ms
info: Microsoft.AspNetCore.Hosting.Diagnostics[1]
      Request starting HTTP/1.1 POST http://127.0.0.1:46097/api/v1/management/purchasing/suppliers?terminalId=20b462fd-56be-402d-8536-2219feb70040 - application/json;+charset=utf-8 2
info: Microsoft.AspNetCore.Routing.EndpointMiddleware[0]
      Executing endpoint 'HTTP: POST /api/v1/management/purchasing/suppliers'
info: Microsoft.AspNetCore.Http.Result.JsonResult[1]
      Setting HTTP status code 403.
info: Microsoft.AspNetCore.Http.Result.JsonResult[3]
      Writing value of type 'PurchasingApiErrorEnvelopeV1' as Json.
info: Microsoft.AspNetCore.Routing.EndpointMiddleware[1]
      Executed endpoint 'HTTP: POST /api/v1/management/purchasing/suppliers'
info: Microsoft.AspNetCore.Hosting.Diagnostics[2]
      Request finished HTTP/1.1 POST https://127.0.0.1:46097/api/v1/management/purchasing/suppliers?terminalId=20b462fd-56be-402d-8536-2219feb70040 - 403 - application/json;+charset=utf-8 6.3674ms
info: Microsoft.AspNetCore.Hosting.Diagnostics[1]
      Request starting HTTP/1.1 PUT http://127.0.0.1:46097/api/v1/management/purchasing/suppliers/82523748-eee8-4ace-8cca-387f0f175351?terminalId=3bb55024-0be1-46ac-938c-70646d7e8c32 - application/json;+charset=utf-8 2
info: Microsoft.AspNetCore.Routing.EndpointMiddleware[0]
      Executing endpoint 'HTTP: PUT /api/v1/management/purchasing/suppliers/{supplierId:guid}'
info: Microsoft.AspNetCore.Http.Result.JsonResult[1]
      Setting HTTP status code 403.
info: Microsoft.AspNetCore.Http.Result.JsonResult[3]
      Writing value of type 'PurchasingApiErrorEnvelopeV1' as Json.
info: Microsoft.AspNetCore.Routing.EndpointMiddleware[1]
      Executed endpoint 'HTTP: PUT /api/v1/management/purchasing/suppliers/{supplierId:guid}'
info: Microsoft.AspNetCore.Hosting.Diagnostics[2]
      Request finished HTTP/1.1 PUT https://127.0.0.1:46097/api/v1/management/purchasing/suppliers/82523748-eee8-4ace-8cca-387f0f175351?terminalId=3bb55024-0be1-46ac-938c-70646d7e8c32 - 403 - application/json;+charset=utf-8 5.6766ms
info: Microsoft.AspNetCore.Hosting.Diagnostics[1]
      Request starting HTTP/1.1 POST http://127.0.0.1:46097/api/v1/management/purchasing/suppliers/462fe3a4-25de-4d84-9ec3-0dc6d8d27b10/activate?terminalId=4774c399-1dfc-4665-a67b-e30d487953ba - application/json;+charset=utf-8 2
info: Microsoft.AspNetCore.Routing.EndpointMiddleware[0]
      Executing endpoint 'HTTP: POST /api/v1/management/purchasing/suppliers/{supplierId:guid}/activate'
info: Microsoft.AspNetCore.Http.Result.JsonResult[1]
      Setting HTTP status code 403.
info: Microsoft.AspNetCore.Http.Result.JsonResult[3]
      Writing value of type 'PurchasingApiErrorEnvelopeV1' as Json.
info: Microsoft.AspNetCore.Routing.EndpointMiddleware[1]
      Executed endpoint 'HTTP: POST /api/v1/management/purchasing/suppliers/{supplierId:guid}/activate'
info: Microsoft.AspNetCore.Hosting.Diagnostics[2]
      Request finished HTTP/1.1 POST https://127.0.0.1:46097/api/v1/management/purchasing/suppliers/462fe3a4-25de-4d84-9ec3-0dc6d8d27b10/activate?terminalId=4774c399-1dfc-4665-a67b-e30d487953ba - 403 - application/json;+charset=utf-8 5.9928ms
info: Microsoft.AspNetCore.Hosting.Diagnostics[1]
      Request starting HTTP/1.1 POST http://127.0.0.1:46097/api/v1/management/purchasing/suppliers/90df7709-4a33-4b63-bf3d-f0fc2a478d40/deactivate?terminalId=735d4447-1288-43ae-9119-f5d802919114 - application/json;+charset=utf-8 2
info: Microsoft.AspNetCore.Routing.EndpointMiddleware[0]
      Executing endpoint 'HTTP: POST /api/v1/management/purchasing/suppliers/{supplierId:guid}/deactivate'
info: Microsoft.AspNetCore.Http.Result.JsonResult[1]
      Setting HTTP status code 403.
info: Microsoft.AspNetCore.Http.Result.JsonResult[3]
      Writing value of type 'PurchasingApiErrorEnvelopeV1' as Json.
info: Microsoft.AspNetCore.Routing.EndpointMiddleware[1]
      Executed endpoint 'HTTP: POST /api/v1/management/purchasing/suppliers/{supplierId:guid}/deactivate'
info: Microsoft.AspNetCore.Hosting.Diagnostics[2]
      Request finished HTTP/1.1 POST https://127.0.0.1:46097/api/v1/management/purchasing/suppliers/90df7709-4a33-4b63-bf3d-f0fc2a478d40/deactivate?terminalId=735d4447-1288-43ae-9119-f5d802919114 - 403 - application/json;+charset=utf-8 5.6532ms
info: Microsoft.AspNetCore.Hosting.Diagnostics[1]
      Request starting HTTP/1.1 POST http://127.0.0.1:46097/api/v1/management/recipes/?terminalId=6d0ef942-7281-4b10-a114-22eef2fc6ac3 - application/json;+charset=utf-8 2
info: Microsoft.AspNetCore.Routing.EndpointMiddleware[0]
      Executing endpoint 'HTTP: POST /api/v1/management/recipes/'
info: Microsoft.AspNetCore.Http.Result.JsonResult[1]
      Setting HTTP status code 403.
info: Microsoft.AspNetCore.Http.Result.JsonResult[3]
      Writing value of type '<>f__AnonymousType5`1' as Json.
info: Microsoft.AspNetCore.Routing.EndpointMiddleware[1]
      Executed endpoint 'HTTP: POST /api/v1/management/recipes/'
info: Microsoft.AspNetCore.Hosting.Diagnostics[2]
      Request finished HTTP/1.1 POST https://127.0.0.1:46097/api/v1/management/recipes/?terminalId=6d0ef942-7281-4b10-a114-22eef2fc6ac3 - 403 - application/json;+charset=utf-8 9.5299ms
info: Microsoft.AspNetCore.Hosting.Diagnostics[1]
      Request starting HTTP/1.1 POST http://127.0.0.1:46097/api/v1/management/recipes/products/fa2064e7-80b3-4faa-ab8e-95a1cf535471/mapping?terminalId=e05be62b-f1ec-4b7b-8003-7484e0fb925e - application/json;+charset=utf-8 2
info: Microsoft.AspNetCore.Routing.EndpointMiddleware[0]
      Executing endpoint 'HTTP: POST /api/v1/management/recipes/products/{productId:guid}/mapping'
info: Microsoft.AspNetCore.Http.Result.JsonResult[1]
      Setting HTTP status code 403.
info: Microsoft.AspNetCore.Http.Result.JsonResult[3]
      Writing value of type '<>f__AnonymousType5`1' as Json.
info: Microsoft.AspNetCore.Routing.EndpointMiddleware[1]
      Executed endpoint 'HTTP: POST /api/v1/management/recipes/products/{productId:guid}/mapping'
info: Microsoft.AspNetCore.Hosting.Diagnostics[2]
      Request finished HTTP/1.1 POST https://127.0.0.1:46097/api/v1/management/recipes/products/fa2064e7-80b3-4faa-ab8e-95a1cf535471/mapping?terminalId=e05be62b-f1ec-4b7b-8003-7484e0fb925e - 403 - application/json;+charset=utf-8 7.9044ms
info: Microsoft.AspNetCore.Hosting.Diagnostics[1]
      Request starting HTTP/1.1 DELETE http://127.0.0.1:46097/api/v1/management/recipes/products/2ef8a101-1bdf-44c6-a487-55d8ad598c17/mapping?terminalId=89201a8d-6432-47e6-a46b-9f59d409f118 - application/json;+charset=utf-8 2
info: Microsoft.AspNetCore.Routing.EndpointMiddleware[0]
      Executing endpoint 'HTTP: DELETE /api/v1/management/recipes/products/{productId:guid}/mapping'
info: Microsoft.AspNetCore.Http.Result.JsonResult[1]
      Setting HTTP status code 403.
info: Microsoft.AspNetCore.Http.Result.JsonResult[3]
      Writing value of type '<>f__AnonymousType5`1' as Json.
info: Microsoft.AspNetCore.Routing.EndpointMiddleware[1]
      Executed endpoint 'HTTP: DELETE /api/v1/management/recipes/products/{productId:guid}/mapping'
info: Microsoft.AspNetCore.Hosting.Diagnostics[2]
      Request finished HTTP/1.1 DELETE https://127.0.0.1:46097/api/v1/management/recipes/products/2ef8a101-1bdf-44c6-a487-55d8ad598c17/mapping?terminalId=89201a8d-6432-47e6-a46b-9f59d409f118 - 403 - application/json;+charset=utf-8 6.8660ms
info: Microsoft.AspNetCore.Hosting.Diagnostics[1]
      Request starting HTTP/1.1 POST http://127.0.0.1:46097/api/v1/management/recipes/unit-conversions?terminalId=bfb62a1e-8052-43c4-a7df-89d62d48c547 - application/json;+charset=utf-8 2
info: Microsoft.AspNetCore.Routing.EndpointMiddleware[0]
      Executing endpoint 'HTTP: POST /api/v1/management/recipes/unit-conversions'
info: Microsoft.AspNetCore.Http.Result.JsonResult[1]
      Setting HTTP status code 403.
info: Microsoft.AspNetCore.Http.Result.JsonResult[3]
      Writing value of type '<>f__AnonymousType5`1' as Json.
info: Microsoft.AspNetCore.Routing.EndpointMiddleware[1]
      Executed endpoint 'HTTP: POST /api/v1/management/recipes/unit-conversions'
info: Microsoft.AspNetCore.Hosting.Diagnostics[2]
      Request finished HTTP/1.1 POST https://127.0.0.1:46097/api/v1/management/recipes/unit-conversions?terminalId=bfb62a1e-8052-43c4-a7df-89d62d48c547 - 403 - application/json;+charset=utf-8 6.7302ms
info: Microsoft.AspNetCore.Hosting.Diagnostics[1]
      Request starting HTTP/1.1 POST http://127.0.0.1:46097/api/v1/management/recipes/versions/1355ac54-03e3-4a4a-a469-d667622e57d0/ingredients?terminalId=99963eb2-7a13-468f-af93-369bf36fba9b - application/json;+charset=utf-8 2
info: Microsoft.AspNetCore.Routing.EndpointMiddleware[0]
      Executing endpoint 'HTTP: POST /api/v1/management/recipes/versions/{versionId:guid}/ingredients'
info: Microsoft.AspNetCore.Http.Result.JsonResult[1]
      Setting HTTP status code 403.
info: Microsoft.AspNetCore.Http.Result.JsonResult[3]
      Writing value of type '<>f__AnonymousType5`1' as Json.
info: Microsoft.AspNetCore.Routing.EndpointMiddleware[1]
      Executed endpoint 'HTTP: POST /api/v1/management/recipes/versions/{versionId:guid}/ingredients'
info: Microsoft.AspNetCore.Hosting.Diagnostics[2]
      Request finished HTTP/1.1 POST https://127.0.0.1:46097/api/v1/management/recipes/versions/1355ac54-03e3-4a4a-a469-d667622e57d0/ingredients?terminalId=99963eb2-7a13-468f-af93-369bf36fba9b - 403 - application/json;+charset=utf-8 6.5661ms
info: Microsoft.AspNetCore.Hosting.Diagnostics[1]
      Request starting HTTP/1.1 DELETE http://127.0.0.1:46097/api/v1/management/recipes/versions/0c0a2903-23a3-4d3e-ba67-c8a83bc29d9f/ingredients/2baa6656-1017-476e-b57d-42f73dc3e10c?terminalId=6d36143a-807b-4b61-b029-a06606ec30d3 - application/json;+charset=utf-8 2
info: Microsoft.AspNetCore.Routing.EndpointMiddleware[0]
      Executing endpoint 'HTTP: DELETE /api/v1/management/recipes/versions/{versionId:guid}/ingredients/{ingredientItemId:guid}'
info: Microsoft.AspNetCore.Http.Result.JsonResult[1]
      Setting HTTP status code 403.
info: Microsoft.AspNetCore.Http.Result.JsonResult[3]
      Writing value of type '<>f__AnonymousType5`1' as Json.
info: Microsoft.AspNetCore.Routing.EndpointMiddleware[1]
      Executed endpoint 'HTTP: DELETE /api/v1/management/recipes/versions/{versionId:guid}/ingredients/{ingredientItemId:guid}'
info: Microsoft.AspNetCore.Hosting.Diagnostics[2]
      Request finished HTTP/1.1 DELETE https://127.0.0.1:46097/api/v1/management/recipes/versions/0c0a2903-23a3-4d3e-ba67-c8a83bc29d9f/ingredients/2baa6656-1017-476e-b57d-42f73dc3e10c?terminalId=6d36143a-807b-4b61-b029-a06606ec30d3 - 403 - application/json;+charset=utf-8 6.4226ms
info: Microsoft.AspNetCore.Hosting.Diagnostics[1]
      Request starting HTTP/1.1 POST http://127.0.0.1:46097/api/v1/management/recipes/versions/f3d0366b-c100-40f2-95a8-5385cfd4e273/lock?terminalId=c7911935-bc4f-45f6-98a7-8601bb9a799d - application/json;+charset=utf-8 2
info: Microsoft.AspNetCore.Routing.EndpointMiddleware[0]
      Executing endpoint 'HTTP: POST /api/v1/management/recipes/versions/{versionId:guid}/lock'
info: Microsoft.AspNetCore.Http.Result.JsonResult[1]
      Setting HTTP status code 403.
info: Microsoft.AspNetCore.Http.Result.JsonResult[3]
      Writing value of type '<>f__AnonymousType5`1' as Json.
info: Microsoft.AspNetCore.Routing.EndpointMiddleware[1]
      Executed endpoint 'HTTP: POST /api/v1/management/recipes/versions/{versionId:guid}/lock'
info: Microsoft.AspNetCore.Hosting.Diagnostics[2]
      Request finished HTTP/1.1 POST https://127.0.0.1:46097/api/v1/management/recipes/versions/f3d0366b-c100-40f2-95a8-5385cfd4e273/lock?terminalId=c7911935-bc4f-45f6-98a7-8601bb9a799d - 403 - application/json;+charset=utf-8 4.6732ms
info: Microsoft.AspNetCore.Hosting.Diagnostics[1]
      Request starting HTTP/1.1 POST http://127.0.0.1:46097/api/v1/management/recipes/c3b45747-b992-49f6-90cc-9a9d9949c0d5/versions?terminalId=5ad04d46-6ead-49b4-9474-cdd598594368 - application/json;+charset=utf-8 2
info: Microsoft.AspNetCore.Routing.EndpointMiddleware[0]
      Executing endpoint 'HTTP: POST /api/v1/management/recipes/{recipeId:guid}/versions'
info: Microsoft.AspNetCore.Http.Result.JsonResult[1]
      Setting HTTP status code 403.
info: Microsoft.AspNetCore.Http.Result.JsonResult[3]
      Writing value of type '<>f__AnonymousType5`1' as Json.
info: Microsoft.AspNetCore.Routing.EndpointMiddleware[1]
      Executed endpoint 'HTTP: POST /api/v1/management/recipes/{recipeId:guid}/versions'
info: Microsoft.AspNetCore.Hosting.Diagnostics[2]
      Request finished HTTP/1.1 POST https://127.0.0.1:46097/api/v1/management/recipes/c3b45747-b992-49f6-90cc-9a9d9949c0d5/versions?terminalId=5ad04d46-6ead-49b4-9474-cdd598594368 - 403 - application/json;+charset=utf-8 8.1718ms
info: Microsoft.AspNetCore.Hosting.Diagnostics[1]
      Request starting HTTP/1.1 POST http://127.0.0.1:46097/api/v1/management/recipes/12877102-7bcd-4ecb-80b4-7d8bc1ac9a3a/versions/next?terminalId=2df90be3-251f-4c05-b35e-a90c4ee421c4 - application/json;+charset=utf-8 2
info: Microsoft.AspNetCore.Routing.EndpointMiddleware[0]
      Executing endpoint 'HTTP: POST /api/v1/management/recipes/{recipeId:guid}/versions/next'
info: Microsoft.AspNetCore.Http.Result.JsonResult[1]
      Setting HTTP status code 403.
info: Microsoft.AspNetCore.Http.Result.JsonResult[3]
      Writing value of type '<>f__AnonymousType5`1' as Json.
info: Microsoft.AspNetCore.Routing.EndpointMiddleware[1]
      Executed endpoint 'HTTP: POST /api/v1/management/recipes/{recipeId:guid}/versions/next'
info: Microsoft.AspNetCore.Hosting.Diagnostics[2]
      Request finished HTTP/1.1 POST https://127.0.0.1:46097/api/v1/management/recipes/12877102-7bcd-4ecb-80b4-7d8bc1ac9a3a/versions/next?terminalId=2df90be3-251f-4c05-b35e-a90c4ee421c4 - 403 - application/json;+charset=utf-8 6.0003ms
info: Microsoft.AspNetCore.Hosting.Diagnostics[1]
      Request starting HTTP/1.1 POST http://127.0.0.1:46097/api/v1/management/recipes/e4382f53-736f-41f8-bc63-7a9a34a1adbd/versions/1/activate?terminalId=c12d0d12-7ec4-4040-8fe8-f6061351cdfb - application/json;+charset=utf-8 2
info: Microsoft.AspNetCore.Routing.EndpointMiddleware[0]
      Executing endpoint 'HTTP: POST /api/v1/management/recipes/{recipeId:guid}/versions/{versionNumber:int}/activate'
info: Microsoft.AspNetCore.Http.Result.JsonResult[1]
      Setting HTTP status code 403.
info: Microsoft.AspNetCore.Http.Result.JsonResult[3]
      Writing value of type '<>f__AnonymousType5`1' as Json.
info: Microsoft.AspNetCore.Routing.EndpointMiddleware[1]
      Executed endpoint 'HTTP: POST /api/v1/management/recipes/{recipeId:guid}/versions/{versionNumber:int}/activate'
info: Microsoft.AspNetCore.Hosting.Diagnostics[2]
      Request finished HTTP/1.1 POST https://127.0.0.1:46097/api/v1/management/recipes/e4382f53-736f-41f8-bc63-7a9a34a1adbd/versions/1/activate?terminalId=c12d0d12-7ec4-4040-8fe8-f6061351cdfb - 403 - application/json;+charset=utf-8 5.1396ms
info: Microsoft.AspNetCore.Hosting.Diagnostics[1]
      Request starting HTTP/1.1 POST http://127.0.0.1:46097/api/v1/management/recipes/6450af23-623b-4354-a85c-1800a05d4ce8/cost-snapshots/?terminalId=6d0d8326-d6eb-497d-9b5e-5c6f191fa815 - application/json;+charset=utf-8 2
info: Microsoft.AspNetCore.Routing.EndpointMiddleware[0]
      Executing endpoint 'HTTP: POST /api/v1/management/recipes/{recipeVersionId:guid}/cost-snapshots/'
info: Microsoft.AspNetCore.Http.Result.JsonResult[1]
      Setting HTTP status code 403.
info: Microsoft.AspNetCore.Http.Result.JsonResult[3]
      Writing value of type 'RecipeCostSnapshotApiErrorEnvelopeV1' as Json.
info: Microsoft.AspNetCore.Routing.EndpointMiddleware[1]
      Executed endpoint 'HTTP: POST /api/v1/management/recipes/{recipeVersionId:guid}/cost-snapshots/'
info: Microsoft.AspNetCore.Hosting.Diagnostics[2]
      Request finished HTTP/1.1 POST https://127.0.0.1:46097/api/v1/management/recipes/6450af23-623b-4354-a85c-1800a05d4ce8/cost-snapshots/?terminalId=6d0d8326-d6eb-497d-9b5e-5c6f191fa815 - 403 - application/json;+charset=utf-8 14.9769ms
info: Microsoft.AspNetCore.Hosting.Diagnostics[1]
      Request starting HTTP/1.1 POST http://127.0.0.1:46097/api/v1/management/reconciliation/cases/?terminalId=938a7eb0-d548-4a0c-bc53-0787d9661c57 - application/json;+charset=utf-8 2
info: Microsoft.AspNetCore.Routing.EndpointMiddleware[0]
      Executing endpoint 'HTTP: POST /api/v1/management/reconciliation/cases/'
info: Microsoft.AspNetCore.Http.Result.JsonResult[1]
      Setting HTTP status code 403.
info: Microsoft.AspNetCore.Http.Result.JsonResult[3]
      Writing value of type 'ReconciliationCaseApiErrorEnvelopeV1' as Json.
info: Microsoft.AspNetCore.Routing.EndpointMiddleware[1]
      Executed endpoint 'HTTP: POST /api/v1/management/reconciliation/cases/'
info: Microsoft.AspNetCore.Hosting.Diagnostics[2]
      Request finished HTTP/1.1 POST https://127.0.0.1:46097/api/v1/management/reconciliation/cases/?terminalId=938a7eb0-d548-4a0c-bc53-0787d9661c57 - 403 - application/json;+charset=utf-8 19.9869ms
info: Microsoft.AspNetCore.Hosting.Diagnostics[1]
      Request starting HTTP/1.1 POST http://127.0.0.1:46097/api/v1/management/reconciliation/cases/bfa71c5d-162e-4d03-bb6f-be43a4b7383e/notes?terminalId=f34f081c-10bd-4999-b9f0-c94cb53e620b - application/json;+charset=utf-8 2
info: Microsoft.AspNetCore.Routing.EndpointMiddleware[0]
      Executing endpoint 'HTTP: POST /api/v1/management/reconciliation/cases/{caseId:guid}/notes'
info: Microsoft.AspNetCore.Http.Result.JsonResult[1]
      Setting HTTP status code 403.
info: Microsoft.AspNetCore.Http.Result.JsonResult[3]
      Writing value of type 'ReconciliationCaseApiErrorEnvelopeV1' as Json.
info: Microsoft.AspNetCore.Routing.EndpointMiddleware[1]
      Executed endpoint 'HTTP: POST /api/v1/management/reconciliation/cases/{caseId:guid}/notes'
info: Microsoft.AspNetCore.Hosting.Diagnostics[2]
      Request finished HTTP/1.1 POST https://127.0.0.1:46097/api/v1/management/reconciliation/cases/bfa71c5d-162e-4d03-bb6f-be43a4b7383e/notes?terminalId=f34f081c-10bd-4999-b9f0-c94cb53e620b - 403 - application/json;+charset=utf-8 8.0385ms
info: Microsoft.AspNetCore.Hosting.Diagnostics[1]
      Request starting HTTP/1.1 POST http://127.0.0.1:46097/api/v1/management/reconciliation/cases/603d08a1-8702-42d7-96bc-785a79ebb2d9/transition?terminalId=155ea10d-fa96-4499-b136-81a6122cdd3d - application/json;+charset=utf-8 2
info: Microsoft.AspNetCore.Routing.EndpointMiddleware[0]
      Executing endpoint 'HTTP: POST /api/v1/management/reconciliation/cases/{caseId:guid}/transition'
info: Microsoft.AspNetCore.Http.Result.JsonResult[1]
      Setting HTTP status code 403.
info: Microsoft.AspNetCore.Http.Result.JsonResult[3]
      Writing value of type 'ReconciliationCaseApiErrorEnvelopeV1' as Json.
info: Microsoft.AspNetCore.Routing.EndpointMiddleware[1]
      Executed endpoint 'HTTP: POST /api/v1/management/reconciliation/cases/{caseId:guid}/transition'
info: Microsoft.AspNetCore.Hosting.Diagnostics[2]
      Request finished HTTP/1.1 POST https://127.0.0.1:46097/api/v1/management/reconciliation/cases/603d08a1-8702-42d7-96bc-785a79ebb2d9/transition?terminalId=155ea10d-fa96-4499-b136-81a6122cdd3d - 403 - application/json;+charset=utf-8 7.3259ms
info: Microsoft.AspNetCore.Hosting.Diagnostics[1]
      Request starting HTTP/1.1 POST http://127.0.0.1:46097/api/v1/management/reconciliation/online-orders/cases/7b5fc1d0-8fef-4759-b22e-e1de151805b6/resolve?terminalId=af736861-365a-4b1a-ab3a-fa4fa620699e - application/json;+charset=utf-8 2
info: Microsoft.AspNetCore.Routing.EndpointMiddleware[0]
      Executing endpoint 'HTTP: POST /api/v1/management/reconciliation/online-orders/cases/{caseId:guid}/resolve'
info: Microsoft.AspNetCore.Http.Result.JsonResult[1]
      Setting HTTP status code 403.
info: Microsoft.AspNetCore.Http.Result.JsonResult[3]
      Writing value of type 'ReconciliationCaseApiErrorEnvelopeV1' as Json.
info: Microsoft.AspNetCore.Routing.EndpointMiddleware[1]
      Executed endpoint 'HTTP: POST /api/v1/management/reconciliation/online-orders/cases/{caseId:guid}/resolve'
info: Microsoft.AspNetCore.Hosting.Diagnostics[2]
      Request finished HTTP/1.1 POST https://127.0.0.1:46097/api/v1/management/reconciliation/online-orders/cases/7b5fc1d0-8fef-4759-b22e-e1de151805b6/resolve?terminalId=af736861-365a-4b1a-ab3a-fa4fa620699e - 403 - application/json;+charset=utf-8 9.9362ms
info: Microsoft.AspNetCore.Hosting.Diagnostics[1]
      Request starting HTTP/1.1 POST http://127.0.0.1:46097/api/v1/management/reconciliation/online-orders/cases/cdf5f4a5-98ff-4919-bc7d-35e472defc9f/retry?terminalId=4af2917d-7caa-49bc-b604-7165981834ef - application/json;+charset=utf-8 2
info: Microsoft.AspNetCore.Routing.EndpointMiddleware[0]
      Executing endpoint 'HTTP: POST /api/v1/management/reconciliation/online-orders/cases/{caseId:guid}/retry'
info: Microsoft.AspNetCore.Http.Result.JsonResult[1]
      Setting HTTP status code 403.
info: Microsoft.AspNetCore.Http.Result.JsonResult[3]
      Writing value of type 'ReconciliationCaseApiErrorEnvelopeV1' as Json.
info: Microsoft.AspNetCore.Routing.EndpointMiddleware[1]
      Executed endpoint 'HTTP: POST /api/v1/management/reconciliation/online-orders/cases/{caseId:guid}/retry'
info: Microsoft.AspNetCore.Hosting.Diagnostics[2]
      Request finished HTTP/1.1 POST https://127.0.0.1:46097/api/v1/management/reconciliation/online-orders/cases/cdf5f4a5-98ff-4919-bc7d-35e472defc9f/retry?terminalId=4af2917d-7caa-49bc-b604-7165981834ef - 403 - application/json;+charset=utf-8 8.2283ms
info: Microsoft.AspNetCore.Hosting.Diagnostics[1]
      Request starting HTTP/1.1 POST http://127.0.0.1:46097/api/v1/management/reconciliation/online-orders/scan?terminalId=b85e832d-5d81-4f95-a8a4-780899e285a8 - application/json;+charset=utf-8 2
info: Microsoft.AspNetCore.Routing.EndpointMiddleware[0]
      Executing endpoint 'HTTP: POST /api/v1/management/reconciliation/online-orders/scan'
info: Microsoft.AspNetCore.Http.Result.JsonResult[1]
      Setting HTTP status code 403.
info: Microsoft.AspNetCore.Http.Result.JsonResult[3]
      Writing value of type 'ReconciliationCaseApiErrorEnvelopeV1' as Json.
info: Microsoft.AspNetCore.Routing.EndpointMiddleware[1]
      Executed endpoint 'HTTP: POST /api/v1/management/reconciliation/online-orders/scan'
info: Microsoft.AspNetCore.Hosting.Diagnostics[2]
      Request finished HTTP/1.1 POST https://127.0.0.1:46097/api/v1/management/reconciliation/online-orders/scan?terminalId=b85e832d-5d81-4f95-a8a4-780899e285a8 - 403 - application/json;+charset=utf-8 6.1697ms
info: Microsoft.AspNetCore.Hosting.Diagnostics[1]
      Request starting HTTP/1.1 POST http://127.0.0.1:46097/api/v1/management/reporting/business-day/open?terminalId=775a0841-c4d8-4275-a1ac-d30b202fae12 - application/json;+charset=utf-8 2
info: Microsoft.AspNetCore.Routing.EndpointMiddleware[0]
      Executing endpoint 'HTTP: POST /api/v1/management/reporting/business-day/open'
info: Microsoft.AspNetCore.Http.Result.JsonResult[1]
      Setting HTTP status code 403.
info: Microsoft.AspNetCore.Http.Result.JsonResult[3]
      Writing value of type 'EndOfDayApiErrorEnvelopeV1' as Json.
info: Microsoft.AspNetCore.Routing.EndpointMiddleware[1]
      Executed endpoint 'HTTP: POST /api/v1/management/reporting/business-day/open'
info: Microsoft.AspNetCore.Hosting.Diagnostics[2]
      Request finished HTTP/1.1 POST https://127.0.0.1:46097/api/v1/management/reporting/business-day/open?terminalId=775a0841-c4d8-4275-a1ac-d30b202fae12 - 403 - application/json;+charset=utf-8 15.5309ms
info: Microsoft.AspNetCore.Hosting.Diagnostics[1]
      Request starting HTTP/1.1 POST http://127.0.0.1:46097/api/v1/management/reporting/business-day/2026-09-28/close?terminalId=595b4ecb-d913-4256-97d3-85499c61653c - application/json;+charset=utf-8 2
info: Microsoft.AspNetCore.Routing.EndpointMiddleware[0]
      Executing endpoint 'HTTP: POST /api/v1/management/reporting/business-day/{businessDate}/close'
info: Microsoft.AspNetCore.Http.Result.JsonResult[1]
      Setting HTTP status code 403.
info: Microsoft.AspNetCore.Http.Result.JsonResult[3]
      Writing value of type 'EndOfDayApiErrorEnvelopeV1' as Json.
info: Microsoft.AspNetCore.Routing.EndpointMiddleware[1]
      Executed endpoint 'HTTP: POST /api/v1/management/reporting/business-day/{businessDate}/close'
info: Microsoft.AspNetCore.Hosting.Diagnostics[2]
      Request finished HTTP/1.1 POST https://127.0.0.1:46097/api/v1/management/reporting/business-day/2026-09-28/close?terminalId=595b4ecb-d913-4256-97d3-85499c61653c - 403 - application/json;+charset=utf-8 8.5134ms
info: Microsoft.AspNetCore.Hosting.Diagnostics[1]
      Request starting HTTP/1.1 POST http://127.0.0.1:46097/api/v1/management/roles/permissions?terminalId=a703eef4-c618-419a-b0f0-c0c1c51eae45 - application/json;+charset=utf-8 2
info: Microsoft.AspNetCore.Routing.EndpointMiddleware[0]
      Executing endpoint 'HTTP: POST /api/v1/management/roles/permissions'
info: Microsoft.AspNetCore.Http.Result.JsonResult[1]
      Setting HTTP status code 400.
info: Microsoft.AspNetCore.Http.Result.JsonResult[3]
      Writing value of type 'RoleManagementErrorEnvelopeV1' as Json.
info: Microsoft.AspNetCore.Routing.EndpointMiddleware[1]
      Executed endpoint 'HTTP: POST /api/v1/management/roles/permissions'
info: Microsoft.AspNetCore.Hosting.Diagnostics[2]
      Request finished HTTP/1.1 POST https://127.0.0.1:46097/api/v1/management/roles/permissions?terminalId=a703eef4-c618-419a-b0f0-c0c1c51eae45 - 400 - application/json;+charset=utf-8 14.9558ms
info: Microsoft.AspNetCore.Hosting.Diagnostics[1]
      Request starting HTTP/1.1 POST http://127.0.0.1:46097/api/v1/management/roles/roles?terminalId=31dc9094-6c2b-48d9-964c-9a935ec043b1 - application/json;+charset=utf-8 2
info: Microsoft.AspNetCore.Routing.EndpointMiddleware[0]
      Executing endpoint 'HTTP: POST /api/v1/management/roles/roles'
info: Microsoft.AspNetCore.Http.Result.JsonResult[1]
      Setting HTTP status code 400.
info: Microsoft.AspNetCore.Http.Result.JsonResult[3]
      Writing value of type 'RoleManagementErrorEnvelopeV1' as Json.
info: Microsoft.AspNetCore.Routing.EndpointMiddleware[1]
      Executed endpoint 'HTTP: POST /api/v1/management/roles/roles'
info: Microsoft.AspNetCore.Hosting.Diagnostics[2]
      Request finished HTTP/1.1 POST https://127.0.0.1:46097/api/v1/management/roles/roles?terminalId=31dc9094-6c2b-48d9-964c-9a935ec043b1 - 400 - application/json;+charset=utf-8 6.9149ms
info: Microsoft.AspNetCore.Hosting.Diagnostics[1]
      Request starting HTTP/1.1 POST http://127.0.0.1:46097/api/v1/management/roles/roles/d0e21efc-72d8-4aef-b973-7ae9ec858e58/permissions?terminalId=c3dc4456-a480-4a6b-beb6-a6d9624d22c8 - application/json;+charset=utf-8 2
info: Microsoft.AspNetCore.Routing.EndpointMiddleware[0]
      Executing endpoint 'HTTP: POST /api/v1/management/roles/roles/{roleId:guid}/permissions'
info: Microsoft.AspNetCore.Http.Result.JsonResult[1]
      Setting HTTP status code 400.
info: Microsoft.AspNetCore.Http.Result.JsonResult[3]
      Writing value of type 'RoleManagementErrorEnvelopeV1' as Json.
info: Microsoft.AspNetCore.Routing.EndpointMiddleware[1]
      Executed endpoint 'HTTP: POST /api/v1/management/roles/roles/{roleId:guid}/permissions'
info: Microsoft.AspNetCore.Hosting.Diagnostics[2]
      Request finished HTTP/1.1 POST https://127.0.0.1:46097/api/v1/management/roles/roles/d0e21efc-72d8-4aef-b973-7ae9ec858e58/permissions?terminalId=c3dc4456-a480-4a6b-beb6-a6d9624d22c8 - 400 - application/json;+charset=utf-8 5.7270ms
info: Microsoft.AspNetCore.Hosting.Diagnostics[1]
      Request starting HTTP/1.1 DELETE http://127.0.0.1:46097/api/v1/management/roles/roles/141f76f3-5105-4241-b625-4da7788841e8/permissions/probe?terminalId=302851e7-f81b-4d3e-86fe-4b0029f3a639 - application/json;+charset=utf-8 2
info: Microsoft.AspNetCore.Routing.EndpointMiddleware[0]
      Executing endpoint 'HTTP: DELETE /api/v1/management/roles/roles/{roleId:guid}/permissions/{permissionCode}'
info: Microsoft.AspNetCore.Http.Result.JsonResult[1]
      Setting HTTP status code 403.
info: Microsoft.AspNetCore.Http.Result.JsonResult[3]
      Writing value of type 'RoleManagementErrorEnvelopeV1' as Json.
info: Microsoft.AspNetCore.Routing.EndpointMiddleware[1]
      Executed endpoint 'HTTP: DELETE /api/v1/management/roles/roles/{roleId:guid}/permissions/{permissionCode}'
info: Microsoft.AspNetCore.Hosting.Diagnostics[2]
      Request finished HTTP/1.1 DELETE https://127.0.0.1:46097/api/v1/management/roles/roles/141f76f3-5105-4241-b625-4da7788841e8/permissions/probe?terminalId=302851e7-f81b-4d3e-86fe-4b0029f3a639 - 403 - application/json;+charset=utf-8 7.4002ms
info: Microsoft.AspNetCore.Hosting.Diagnostics[1]
      Request starting HTTP/1.1 POST http://127.0.0.1:46097/api/v1/management/roles/roles/4a348606-7a57-41cf-b0e3-a0e0962614cd/users/b533efd1-f406-4ae1-a18f-c96353db96d5?terminalId=8bcffab4-1540-46ca-bee2-a03001624a93 - application/json;+charset=utf-8 2
info: Microsoft.AspNetCore.Routing.EndpointMiddleware[0]
      Executing endpoint 'HTTP: POST /api/v1/management/roles/roles/{roleId:guid}/users/{userId:guid}'
info: Microsoft.AspNetCore.Http.Result.JsonResult[1]
      Setting HTTP status code 403.
info: Microsoft.AspNetCore.Http.Result.JsonResult[3]
      Writing value of type 'RoleManagementErrorEnvelopeV1' as Json.
info: Microsoft.AspNetCore.Routing.EndpointMiddleware[1]
      Executed endpoint 'HTTP: POST /api/v1/management/roles/roles/{roleId:guid}/users/{userId:guid}'
info: Microsoft.AspNetCore.Hosting.Diagnostics[2]
      Request finished HTTP/1.1 POST https://127.0.0.1:46097/api/v1/management/roles/roles/4a348606-7a57-41cf-b0e3-a0e0962614cd/users/b533efd1-f406-4ae1-a18f-c96353db96d5?terminalId=8bcffab4-1540-46ca-bee2-a03001624a93 - 403 - application/json;+charset=utf-8 7.6283ms
info: Microsoft.AspNetCore.Hosting.Diagnostics[1]
      Request starting HTTP/1.1 DELETE http://127.0.0.1:46097/api/v1/management/roles/roles/060f3cc7-3447-4f3f-aa44-521581398cd6/users/e9d9493f-b386-43ac-8204-b97a3257632f?terminalId=da6456a2-a072-4b33-aceb-325e8d6fd51f - application/json;+charset=utf-8 2
info: Microsoft.AspNetCore.Routing.EndpointMiddleware[0]
      Executing endpoint 'HTTP: DELETE /api/v1/management/roles/roles/{roleId:guid}/users/{userId:guid}'
info: Microsoft.AspNetCore.Http.Result.JsonResult[1]
      Setting HTTP status code 403.
info: Microsoft.AspNetCore.Http.Result.JsonResult[3]
      Writing value of type 'RoleManagementErrorEnvelopeV1' as Json.
info: Microsoft.AspNetCore.Routing.EndpointMiddleware[1]
      Executed endpoint 'HTTP: DELETE /api/v1/management/roles/roles/{roleId:guid}/users/{userId:guid}'
info: Microsoft.AspNetCore.Hosting.Diagnostics[2]
      Request finished HTTP/1.1 DELETE https://127.0.0.1:46097/api/v1/management/roles/roles/060f3cc7-3447-4f3f-aa44-521581398cd6/users/e9d9493f-b386-43ac-8204-b97a3257632f?terminalId=da6456a2-a072-4b33-aceb-325e8d6fd51f - 403 - application/json;+charset=utf-8 6.9579ms
info: Microsoft.AspNetCore.Hosting.Diagnostics[1]
      Request starting HTTP/1.1 POST http://127.0.0.1:46097/api/v1/management/security/diagnostic-bundle?terminalId=90792047-7022-4078-b2a5-b9d3fcd85be9 - application/json;+charset=utf-8 2
info: Microsoft.AspNetCore.Routing.EndpointMiddleware[0]
      Executing endpoint 'HTTP: POST /api/v1/management/security/diagnostic-bundle'
info: Microsoft.AspNetCore.Http.Result.JsonResult[1]
      Setting HTTP status code 403.
info: Microsoft.AspNetCore.Http.Result.JsonResult[3]
      Writing value of type 'SecurityAdministrationApiErrorEnvelopeV1' as Json.
info: Microsoft.AspNetCore.Routing.EndpointMiddleware[1]
      Executed endpoint 'HTTP: POST /api/v1/management/security/diagnostic-bundle'
info: Microsoft.AspNetCore.Hosting.Diagnostics[2]
      Request finished HTTP/1.1 POST https://127.0.0.1:46097/api/v1/management/security/diagnostic-bundle?terminalId=90792047-7022-4078-b2a5-b9d3fcd85be9 - 403 - application/json;+charset=utf-8 11.4916ms
info: Microsoft.AspNetCore.Hosting.Diagnostics[1]
      Request starting HTTP/1.1 POST http://127.0.0.1:46097/api/v1/management/security/maintenance/jobs/probe/run?terminalId=83846ec1-588b-43cb-ac56-b70bd66e6e6b - application/json;+charset=utf-8 2
info: Microsoft.AspNetCore.Routing.EndpointMiddleware[0]
      Executing endpoint 'HTTP: POST /api/v1/management/security/maintenance/jobs/{name}/run'
info: Microsoft.AspNetCore.Http.Result.JsonResult[1]
      Setting HTTP status code 403.
info: Microsoft.AspNetCore.Http.Result.JsonResult[3]
      Writing value of type 'SecurityAdministrationApiErrorEnvelopeV1' as Json.
info: Microsoft.AspNetCore.Routing.EndpointMiddleware[1]
      Executed endpoint 'HTTP: POST /api/v1/management/security/maintenance/jobs/{name}/run'
info: Microsoft.AspNetCore.Hosting.Diagnostics[2]
      Request finished HTTP/1.1 POST https://127.0.0.1:46097/api/v1/management/security/maintenance/jobs/probe/run?terminalId=83846ec1-588b-43cb-ac56-b70bd66e6e6b - 403 - application/json;+charset=utf-8 5.1925ms
info: Microsoft.AspNetCore.Hosting.Diagnostics[1]
      Request starting HTTP/1.1 POST http://127.0.0.1:46097/api/v1/management/security/orders/close-settled?terminalId=11270a8b-cff3-4129-883f-9800a10f072c - application/json;+charset=utf-8 2
info: Microsoft.AspNetCore.Routing.EndpointMiddleware[0]
      Executing endpoint 'HTTP: POST /api/v1/management/security/orders/close-settled'
info: Microsoft.AspNetCore.Http.Result.JsonResult[1]
      Setting HTTP status code 403.
info: Microsoft.AspNetCore.Http.Result.JsonResult[3]
      Writing value of type 'SecurityAdministrationApiErrorEnvelopeV1' as Json.
info: Microsoft.AspNetCore.Routing.EndpointMiddleware[1]
      Executed endpoint 'HTTP: POST /api/v1/management/security/orders/close-settled'
info: Microsoft.AspNetCore.Hosting.Diagnostics[2]
      Request finished HTTP/1.1 POST https://127.0.0.1:46097/api/v1/management/security/orders/close-settled?terminalId=11270a8b-cff3-4129-883f-9800a10f072c - 403 - application/json;+charset=utf-8 6.1692ms
info: Microsoft.AspNetCore.Hosting.Diagnostics[1]
      Request starting HTTP/1.1 POST http://127.0.0.1:46097/api/v1/management/security/outbox/dead-letters/2d8341cf-8e86-4464-825b-2d9f34a96fea/requeue?terminalId=b0f70209-81dc-45ee-955e-ea6cc9c40757 - application/json;+charset=utf-8 2
info: Microsoft.AspNetCore.Routing.EndpointMiddleware[0]
      Executing endpoint 'HTTP: POST /api/v1/management/security/outbox/dead-letters/{id:guid}/requeue'
info: Microsoft.AspNetCore.Http.Result.JsonResult[1]
      Setting HTTP status code 403.
info: Microsoft.AspNetCore.Http.Result.JsonResult[3]
      Writing value of type 'SecurityAdministrationApiErrorEnvelopeV1' as Json.
info: Microsoft.AspNetCore.Routing.EndpointMiddleware[1]
      Executed endpoint 'HTTP: POST /api/v1/management/security/outbox/dead-letters/{id:guid}/requeue'
info: Microsoft.AspNetCore.Hosting.Diagnostics[2]
      Request finished HTTP/1.1 POST https://127.0.0.1:46097/api/v1/management/security/outbox/dead-letters/2d8341cf-8e86-4464-825b-2d9f34a96fea/requeue?terminalId=b0f70209-81dc-45ee-955e-ea6cc9c40757 - 403 - application/json;+charset=utf-8 6.3815ms
info: Microsoft.AspNetCore.Hosting.Diagnostics[1]
      Request starting HTTP/1.1 POST http://127.0.0.1:46097/api/v1/management/security/secrets/probe/rotation/initialize?terminalId=b2ba2af4-49e2-4b7c-82e6-3d72598db5d5 - application/json;+charset=utf-8 2
info: Microsoft.AspNetCore.Routing.EndpointMiddleware[0]
      Executing endpoint 'HTTP: POST /api/v1/management/security/secrets/{name}/rotation/initialize'
info: Microsoft.AspNetCore.Http.Result.JsonResult[1]
      Setting HTTP status code 403.
info: Microsoft.AspNetCore.Http.Result.JsonResult[3]
      Writing value of type 'SecurityAdministrationApiErrorEnvelopeV1' as Json.
info: Microsoft.AspNetCore.Routing.EndpointMiddleware[1]
      Executed endpoint 'HTTP: POST /api/v1/management/security/secrets/{name}/rotation/initialize'
info: Microsoft.AspNetCore.Hosting.Diagnostics[2]
      Request finished HTTP/1.1 POST https://127.0.0.1:46097/api/v1/management/security/secrets/probe/rotation/initialize?terminalId=b2ba2af4-49e2-4b7c-82e6-3d72598db5d5 - 403 - application/json;+charset=utf-8 6.4594ms
info: Microsoft.AspNetCore.Hosting.Diagnostics[1]
      Request starting HTTP/1.1 POST http://127.0.0.1:46097/api/v1/management/security/secrets/probe/rotation/revoke?terminalId=e5520a64-3c60-4103-81bd-db79ce1e1645 - application/json;+charset=utf-8 2
info: Microsoft.AspNetCore.Routing.EndpointMiddleware[0]
      Executing endpoint 'HTTP: POST /api/v1/management/security/secrets/{name}/rotation/revoke'
info: Microsoft.AspNetCore.Http.Result.JsonResult[1]
      Setting HTTP status code 403.
info: Microsoft.AspNetCore.Http.Result.JsonResult[3]
      Writing value of type 'SecurityAdministrationApiErrorEnvelopeV1' as Json.
info: Microsoft.AspNetCore.Routing.EndpointMiddleware[1]
      Executed endpoint 'HTTP: POST /api/v1/management/security/secrets/{name}/rotation/revoke'
info: Microsoft.AspNetCore.Hosting.Diagnostics[2]
      Request finished HTTP/1.1 POST https://127.0.0.1:46097/api/v1/management/security/secrets/probe/rotation/revoke?terminalId=e5520a64-3c60-4103-81bd-db79ce1e1645 - 403 - application/json;+charset=utf-8 5.5682ms
info: Microsoft.AspNetCore.Hosting.Diagnostics[1]
      Request starting HTTP/1.1 POST http://127.0.0.1:46097/api/v1/management/security/secrets/probe/rotation/rollback?terminalId=337fb2e3-2705-4116-bf6a-9e76b906a752 - application/json;+charset=utf-8 2
info: Microsoft.AspNetCore.Routing.EndpointMiddleware[0]
      Executing endpoint 'HTTP: POST /api/v1/management/security/secrets/{name}/rotation/rollback'
info: Microsoft.AspNetCore.Http.Result.JsonResult[1]
      Setting HTTP status code 403.
info: Microsoft.AspNetCore.Http.Result.JsonResult[3]
      Writing value of type 'SecurityAdministrationApiErrorEnvelopeV1' as Json.
info: Microsoft.AspNetCore.Routing.EndpointMiddleware[1]
      Executed endpoint 'HTTP: POST /api/v1/management/security/secrets/{name}/rotation/rollback'
info: Microsoft.AspNetCore.Hosting.Diagnostics[2]
      Request finished HTTP/1.1 POST https://127.0.0.1:46097/api/v1/management/security/secrets/probe/rotation/rollback?terminalId=337fb2e3-2705-4116-bf6a-9e76b906a752 - 403 - application/json;+charset=utf-8 6.0880ms
info: Microsoft.AspNetCore.Hosting.Diagnostics[1]
      Request starting HTTP/1.1 POST http://127.0.0.1:46097/api/v1/management/security/secrets/probe/rotation/rotate?terminalId=6c077cdc-450b-4b12-bd1a-5f956f405b09 - application/json;+charset=utf-8 2
info: Microsoft.AspNetCore.Routing.EndpointMiddleware[0]
      Executing endpoint 'HTTP: POST /api/v1/management/security/secrets/{name}/rotation/rotate'
info: Microsoft.AspNetCore.Http.Result.JsonResult[1]
      Setting HTTP status code 403.
info: Microsoft.AspNetCore.Http.Result.JsonResult[3]
      Writing value of type 'SecurityAdministrationApiErrorEnvelopeV1' as Json.
info: Microsoft.AspNetCore.Routing.EndpointMiddleware[1]
      Executed endpoint 'HTTP: POST /api/v1/management/security/secrets/{name}/rotation/rotate'
info: Microsoft.AspNetCore.Hosting.Diagnostics[2]
      Request finished HTTP/1.1 POST https://127.0.0.1:46097/api/v1/management/security/secrets/probe/rotation/rotate?terminalId=6c077cdc-450b-4b12-bd1a-5f956f405b09 - 403 - application/json;+charset=utf-8 5.0745ms
info: Microsoft.AspNetCore.Hosting.Diagnostics[1]
      Request starting HTTP/1.1 POST http://127.0.0.1:46097/api/v1/management/security/users/a27746aa-3260-4de7-a1c9-d30e90aa1b18/force-unlock?terminalId=dbd4d763-dab8-4966-a502-c1ffbe677a0d - application/json;+charset=utf-8 2
info: Microsoft.AspNetCore.Routing.EndpointMiddleware[0]
      Executing endpoint 'HTTP: POST /api/v1/management/security/users/{userId:guid}/force-unlock'
info: Microsoft.AspNetCore.Http.Result.JsonResult[1]
      Setting HTTP status code 403.
info: Microsoft.AspNetCore.Http.Result.JsonResult[3]
      Writing value of type 'SecurityAdministrationApiErrorEnvelopeV1' as Json.
info: Microsoft.AspNetCore.Routing.EndpointMiddleware[1]
      Executed endpoint 'HTTP: POST /api/v1/management/security/users/{userId:guid}/force-unlock'
info: Microsoft.AspNetCore.Hosting.Diagnostics[2]
      Request finished HTTP/1.1 POST https://127.0.0.1:46097/api/v1/management/security/users/a27746aa-3260-4de7-a1c9-d30e90aa1b18/force-unlock?terminalId=dbd4d763-dab8-4966-a502-c1ffbe677a0d - 403 - application/json;+charset=utf-8 5.5999ms
info: Microsoft.AspNetCore.Hosting.Diagnostics[1]
      Request starting HTTP/1.1 POST http://127.0.0.1:46097/api/v1/management/security/users/0fc74934-d619-454b-92b8-f65444081c71/revoke-sessions?terminalId=072f6849-349a-4897-9b62-e6f73c2e4be2 - application/json;+charset=utf-8 2
info: Microsoft.AspNetCore.Routing.EndpointMiddleware[0]
      Executing endpoint 'HTTP: POST /api/v1/management/security/users/{userId:guid}/revoke-sessions'
info: Microsoft.AspNetCore.Http.Result.JsonResult[1]
      Setting HTTP status code 403.
info: Microsoft.AspNetCore.Http.Result.JsonResult[3]
      Writing value of type 'SecurityAdministrationApiErrorEnvelopeV1' as Json.
info: Microsoft.AspNetCore.Routing.EndpointMiddleware[1]
      Executed endpoint 'HTTP: POST /api/v1/management/security/users/{userId:guid}/revoke-sessions'
info: Microsoft.AspNetCore.Hosting.Diagnostics[2]
      Request finished HTTP/1.1 POST https://127.0.0.1:46097/api/v1/management/security/users/0fc74934-d619-454b-92b8-f65444081c71/revoke-sessions?terminalId=072f6849-349a-4897-9b62-e6f73c2e4be2 - 403 - application/json;+charset=utf-8 4.8520ms
info: Microsoft.AspNetCore.Hosting.Diagnostics[1]
      Request starting HTTP/1.1 PUT http://127.0.0.1:46097/api/v1/management/settings/probe?terminalId=76ea7398-861f-400f-9ec3-a5fb594d5ef0 - application/json;+charset=utf-8 2
info: Microsoft.AspNetCore.Routing.EndpointMiddleware[0]
      Executing endpoint 'HTTP: PUT /api/v1/management/settings/{key}'
info: Microsoft.AspNetCore.Http.Result.JsonResult[1]
      Setting HTTP status code 403.
info: Microsoft.AspNetCore.Http.Result.JsonResult[3]
      Writing value of type 'SettingsApiErrorEnvelopeV1' as Json.
info: Microsoft.AspNetCore.Routing.EndpointMiddleware[1]
      Executed endpoint 'HTTP: PUT /api/v1/management/settings/{key}'
info: Microsoft.AspNetCore.Hosting.Diagnostics[2]
      Request finished HTTP/1.1 PUT https://127.0.0.1:46097/api/v1/management/settings/probe?terminalId=76ea7398-861f-400f-9ec3-a5fb594d5ef0 - 403 - application/json;+charset=utf-8 6.4891ms
info: Microsoft.AspNetCore.Hosting.Diagnostics[1]
      Request starting HTTP/1.1 DELETE http://127.0.0.1:46097/api/v1/management/settings/probe?terminalId=28f88abe-da22-450f-ab89-bb3eb80fbf2b - application/json;+charset=utf-8 2
info: Microsoft.AspNetCore.Routing.EndpointMiddleware[0]
      Executing endpoint 'HTTP: DELETE /api/v1/management/settings/{key}'
info: Microsoft.AspNetCore.Http.Result.JsonResult[1]
      Setting HTTP status code 403.
info: Microsoft.AspNetCore.Http.Result.JsonResult[3]
      Writing value of type 'SettingsApiErrorEnvelopeV1' as Json.
info: Microsoft.AspNetCore.Routing.EndpointMiddleware[1]
      Executed endpoint 'HTTP: DELETE /api/v1/management/settings/{key}'
info: Microsoft.AspNetCore.Hosting.Diagnostics[2]
      Request finished HTTP/1.1 DELETE https://127.0.0.1:46097/api/v1/management/settings/probe?terminalId=28f88abe-da22-450f-ab89-bb3eb80fbf2b - 403 - application/json;+charset=utf-8 5.6797ms
info: Microsoft.AspNetCore.Hosting.Diagnostics[1]
      Request starting HTTP/1.1 POST http://127.0.0.1:46097/api/v1/management/users/?terminalId=682757ad-dbd6-4f8d-a19e-13c18faa0a2b - application/json;+charset=utf-8 2
info: Microsoft.AspNetCore.Routing.EndpointMiddleware[0]
      Executing endpoint 'HTTP: POST /api/v1/management/users/'
info: Microsoft.AspNetCore.Http.Result.JsonResult[1]
      Setting HTTP status code 400.
info: Microsoft.AspNetCore.Http.Result.JsonResult[3]
      Writing value of type 'RoleManagementErrorEnvelopeV1' as Json.
info: Microsoft.AspNetCore.Routing.EndpointMiddleware[1]
      Executed endpoint 'HTTP: POST /api/v1/management/users/'
info: Microsoft.AspNetCore.Hosting.Diagnostics[2]
      Request finished HTTP/1.1 POST https://127.0.0.1:46097/api/v1/management/users/?terminalId=682757ad-dbd6-4f8d-a19e-13c18faa0a2b - 400 - application/json;+charset=utf-8 5.5521ms
info: Microsoft.AspNetCore.Hosting.Diagnostics[1]
      Request starting HTTP/1.1 POST http://127.0.0.1:46097/api/v1/terminals/9e1e7d2f-d313-4240-a6a6-485d262c5fc7/billing/bills/from-order/d42afc82-4fa8-41eb-b7b6-86e8e7313c9c?terminalId=9e1e7d2f-d313-4240-a6a6-485d262c5fc7 - application/json;+charset=utf-8 2
info: Microsoft.AspNetCore.Routing.EndpointMiddleware[0]
      Executing endpoint 'HTTP: POST /api/v1/terminals/{terminalId:guid}/billing/bills/from-order/{orderId:guid}'
info: Microsoft.AspNetCore.Http.Result.JsonResult[1]
      Setting HTTP status code 403.
info: Microsoft.AspNetCore.Http.Result.JsonResult[3]
      Writing value of type 'BillingSplitErrorEnvelope' as Json.
info: Microsoft.AspNetCore.Routing.EndpointMiddleware[1]
      Executed endpoint 'HTTP: POST /api/v1/terminals/{terminalId:guid}/billing/bills/from-order/{orderId:guid}'
info: Microsoft.AspNetCore.Hosting.Diagnostics[2]
      Request finished HTTP/1.1 POST https://127.0.0.1:46097/api/v1/terminals/9e1e7d2f-d313-4240-a6a6-485d262c5fc7/billing/bills/from-order/d42afc82-4fa8-41eb-b7b6-86e8e7313c9c?terminalId=9e1e7d2f-d313-4240-a6a6-485d262c5fc7 - 403 - application/json;+charset=utf-8 21.0850ms
info: Microsoft.AspNetCore.Hosting.Diagnostics[1]
      Request starting HTTP/1.1 POST http://127.0.0.1:46097/api/v1/terminals/9f8246e1-e9c3-4c98-99e0-eb743b3c213e/billing/bills/b41c7c63-3364-4279-ab8c-0bf4c60cf89d/discount?terminalId=9f8246e1-e9c3-4c98-99e0-eb743b3c213e - application/json;+charset=utf-8 2
info: Microsoft.AspNetCore.Routing.EndpointMiddleware[0]
      Executing endpoint 'HTTP: POST /api/v1/terminals/{terminalId:guid}/billing/bills/{billId:guid}/discount'
info: Microsoft.AspNetCore.Http.Result.JsonResult[1]
      Setting HTTP status code 400.
info: Microsoft.AspNetCore.Http.Result.JsonResult[3]
      Writing value of type 'BillingSplitErrorEnvelope' as Json.
info: Microsoft.AspNetCore.Routing.EndpointMiddleware[1]
      Executed endpoint 'HTTP: POST /api/v1/terminals/{terminalId:guid}/billing/bills/{billId:guid}/discount'
info: Microsoft.AspNetCore.Hosting.Diagnostics[2]
      Request finished HTTP/1.1 POST https://127.0.0.1:46097/api/v1/terminals/9f8246e1-e9c3-4c98-99e0-eb743b3c213e/billing/bills/b41c7c63-3364-4279-ab8c-0bf4c60cf89d/discount?terminalId=9f8246e1-e9c3-4c98-99e0-eb743b3c213e - 400 - application/json;+charset=utf-8 15.7655ms
info: Microsoft.AspNetCore.Hosting.Diagnostics[1]
      Request starting HTTP/1.1 PUT http://127.0.0.1:46097/api/v1/terminals/dd228acb-e1cf-4a11-9b4a-fa4d3b7ba254/billing/bills/48c42b2d-62b3-4795-af44-a8b5ee86ea0e/split-design/amounts?terminalId=dd228acb-e1cf-4a11-9b4a-fa4d3b7ba254 - application/json;+charset=utf-8 2
info: Microsoft.AspNetCore.Routing.EndpointMiddleware[0]
      Executing endpoint 'HTTP: PUT /api/v1/terminals/{terminalId:guid}/billing/bills/{billId:guid}/split-design/amounts'
info: Microsoft.AspNetCore.Http.Result.JsonResult[1]
      Setting HTTP status code 403.
info: Microsoft.AspNetCore.Http.Result.JsonResult[3]
      Writing value of type 'BillingSplitErrorEnvelope' as Json.
info: Microsoft.AspNetCore.Routing.EndpointMiddleware[1]
      Executed endpoint 'HTTP: PUT /api/v1/terminals/{terminalId:guid}/billing/bills/{billId:guid}/split-design/amounts'
info: Microsoft.AspNetCore.Hosting.Diagnostics[2]
      Request finished HTTP/1.1 PUT https://127.0.0.1:46097/api/v1/terminals/dd228acb-e1cf-4a11-9b4a-fa4d3b7ba254/billing/bills/48c42b2d-62b3-4795-af44-a8b5ee86ea0e/split-design/amounts?terminalId=dd228acb-e1cf-4a11-9b4a-fa4d3b7ba254 - 403 - application/json;+charset=utf-8 13.1827ms
info: Microsoft.AspNetCore.Hosting.Diagnostics[1]
      Request starting HTTP/1.1 POST http://127.0.0.1:46097/api/v1/terminals/61d1bddc-8ce5-4ff9-9e75-4ba32a5198b0/billing/bills/a214ecc4-c34d-4656-8d9d-a472d721dcaa/split-design/clear?terminalId=61d1bddc-8ce5-4ff9-9e75-4ba32a5198b0 - application/json;+charset=utf-8 2
info: Microsoft.AspNetCore.Routing.EndpointMiddleware[0]
      Executing endpoint 'HTTP: POST /api/v1/terminals/{terminalId:guid}/billing/bills/{billId:guid}/split-design/clear'
info: Microsoft.AspNetCore.Http.Result.JsonResult[1]
      Setting HTTP status code 403.
info: Microsoft.AspNetCore.Http.Result.JsonResult[3]
      Writing value of type 'BillingSplitErrorEnvelope' as Json.
info: Microsoft.AspNetCore.Routing.EndpointMiddleware[1]
      Executed endpoint 'HTTP: POST /api/v1/terminals/{terminalId:guid}/billing/bills/{billId:guid}/split-design/clear'
info: Microsoft.AspNetCore.Hosting.Diagnostics[2]
      Request finished HTTP/1.1 POST https://127.0.0.1:46097/api/v1/terminals/61d1bddc-8ce5-4ff9-9e75-4ba32a5198b0/billing/bills/a214ecc4-c34d-4656-8d9d-a472d721dcaa/split-design/clear?terminalId=61d1bddc-8ce5-4ff9-9e75-4ba32a5198b0 - 403 - application/json;+charset=utf-8 7.9873ms
info: Microsoft.AspNetCore.Hosting.Diagnostics[1]
      Request starting HTTP/1.1 PUT http://127.0.0.1:46097/api/v1/terminals/d2448eba-41db-4a45-975f-c51df7e474e2/billing/bills/045d9802-12b4-4746-8a8a-08b4a4395d4d/split-design/custom?terminalId=d2448eba-41db-4a45-975f-c51df7e474e2 - application/json;+charset=utf-8 2
info: Microsoft.AspNetCore.Routing.EndpointMiddleware[0]
      Executing endpoint 'HTTP: PUT /api/v1/terminals/{terminalId:guid}/billing/bills/{billId:guid}/split-design/custom'
info: Microsoft.AspNetCore.Http.Result.JsonResult[1]
      Setting HTTP status code 403.
info: Microsoft.AspNetCore.Http.Result.JsonResult[3]
      Writing value of type 'BillingSplitErrorEnvelope' as Json.
info: Microsoft.AspNetCore.Routing.EndpointMiddleware[1]
      Executed endpoint 'HTTP: PUT /api/v1/terminals/{terminalId:guid}/billing/bills/{billId:guid}/split-design/custom'
info: Microsoft.AspNetCore.Hosting.Diagnostics[2]
      Request finished HTTP/1.1 PUT https://127.0.0.1:46097/api/v1/terminals/d2448eba-41db-4a45-975f-c51df7e474e2/billing/bills/045d9802-12b4-4746-8a8a-08b4a4395d4d/split-design/custom?terminalId=d2448eba-41db-4a45-975f-c51df7e474e2 - 403 - application/json;+charset=utf-8 7.5441ms
info: Microsoft.AspNetCore.Hosting.Diagnostics[1]
      Request starting HTTP/1.1 PUT http://127.0.0.1:46097/api/v1/terminals/be02aee7-c7c4-4232-a2e4-b85008496c79/billing/bills/0b40d11a-daad-4f76-9f4b-9bfc8ab5349c/split-design/equal?terminalId=be02aee7-c7c4-4232-a2e4-b85008496c79 - application/json;+charset=utf-8 2
info: Microsoft.AspNetCore.Routing.EndpointMiddleware[0]
      Executing endpoint 'HTTP: PUT /api/v1/terminals/{terminalId:guid}/billing/bills/{billId:guid}/split-design/equal'
info: Microsoft.AspNetCore.Http.Result.JsonResult[1]
      Setting HTTP status code 403.
info: Microsoft.AspNetCore.Http.Result.JsonResult[3]
      Writing value of type 'BillingSplitErrorEnvelope' as Json.
info: Microsoft.AspNetCore.Routing.EndpointMiddleware[1]
      Executed endpoint 'HTTP: PUT /api/v1/terminals/{terminalId:guid}/billing/bills/{billId:guid}/split-design/equal'
info: Microsoft.AspNetCore.Hosting.Diagnostics[2]
      Request finished HTTP/1.1 PUT https://127.0.0.1:46097/api/v1/terminals/be02aee7-c7c4-4232-a2e4-b85008496c79/billing/bills/0b40d11a-daad-4f76-9f4b-9bfc8ab5349c/split-design/equal?terminalId=be02aee7-c7c4-4232-a2e4-b85008496c79 - 403 - application/json;+charset=utf-8 8.2831ms
info: Microsoft.AspNetCore.Hosting.Diagnostics[1]
      Request starting HTTP/1.1 PUT http://127.0.0.1:46097/api/v1/terminals/4ae682ac-1462-41b4-93b5-2e7fbd5658fe/billing/bills/a49003a8-81df-43a1-84b8-f1ca09e18069/split-design/items?terminalId=4ae682ac-1462-41b4-93b5-2e7fbd5658fe - application/json;+charset=utf-8 2
info: Microsoft.AspNetCore.Routing.EndpointMiddleware[0]
      Executing endpoint 'HTTP: PUT /api/v1/terminals/{terminalId:guid}/billing/bills/{billId:guid}/split-design/items'
info: Microsoft.AspNetCore.Http.Result.JsonResult[1]
      Setting HTTP status code 403.
info: Microsoft.AspNetCore.Http.Result.JsonResult[3]
      Writing value of type 'BillingSplitErrorEnvelope' as Json.
info: Microsoft.AspNetCore.Routing.EndpointMiddleware[1]
      Executed endpoint 'HTTP: PUT /api/v1/terminals/{terminalId:guid}/billing/bills/{billId:guid}/split-design/items'
info: Microsoft.AspNetCore.Hosting.Diagnostics[2]
      Request finished HTTP/1.1 PUT https://127.0.0.1:46097/api/v1/terminals/4ae682ac-1462-41b4-93b5-2e7fbd5658fe/billing/bills/a49003a8-81df-43a1-84b8-f1ca09e18069/split-design/items?terminalId=4ae682ac-1462-41b4-93b5-2e7fbd5658fe - 403 - application/json;+charset=utf-8 7.1118ms
info: Microsoft.AspNetCore.Hosting.Diagnostics[1]
      Request starting HTTP/1.1 POST http://127.0.0.1:46097/api/v1/terminals/44e67b0f-348e-435b-948a-9d625630ebc7/billing/bills/971c891f-bb1e-4fa7-bf63-17d59b4237c6/tenders/?terminalId=44e67b0f-348e-435b-948a-9d625630ebc7 - application/json;+charset=utf-8 2
info: Microsoft.AspNetCore.Routing.EndpointMiddleware[0]
      Executing endpoint 'HTTP: POST /api/v1/terminals/{terminalId:guid}/billing/bills/{billId:guid}/tenders/'
info: Microsoft.AspNetCore.Http.Result.JsonResult[1]
      Setting HTTP status code 400.
info: Microsoft.AspNetCore.Http.Result.JsonResult[3]
      Writing value of type '<>f__AnonymousType5`1' as Json.
info: Microsoft.AspNetCore.Routing.EndpointMiddleware[1]
      Executed endpoint 'HTTP: POST /api/v1/terminals/{terminalId:guid}/billing/bills/{billId:guid}/tenders/'
info: Microsoft.AspNetCore.Hosting.Diagnostics[2]
      Request finished HTTP/1.1 POST https://127.0.0.1:46097/api/v1/terminals/44e67b0f-348e-435b-948a-9d625630ebc7/billing/bills/971c891f-bb1e-4fa7-bf63-17d59b4237c6/tenders/?terminalId=44e67b0f-348e-435b-948a-9d625630ebc7 - 400 - application/json;+charset=utf-8 11.0222ms
info: Microsoft.AspNetCore.Hosting.Diagnostics[1]
      Request starting HTTP/1.1 POST http://127.0.0.1:46097/api/v1/terminals/b4aa8957-6086-47df-bc40-c7488301c87b/billing/bills/dfba9d3c-d467-4133-98b2-3016d1a250f6/tenders/confirmations/93fee68a-4462-458c-a9aa-f0e670d4e452/approve?terminalId=b4aa8957-6086-47df-bc40-c7488301c87b - application/json;+charset=utf-8 2
info: Microsoft.AspNetCore.Routing.EndpointMiddleware[0]
      Executing endpoint 'HTTP: POST /api/v1/terminals/{terminalId:guid}/billing/bills/{billId:guid}/tenders/confirmations/{confirmationId:guid}/approve'
info: Microsoft.AspNetCore.Routing.EndpointMiddleware[1]
      Executed endpoint 'HTTP: POST /api/v1/terminals/{terminalId:guid}/billing/bills/{billId:guid}/tenders/confirmations/{confirmationId:guid}/approve'
info: Microsoft.AspNetCore.Hosting.Diagnostics[2]
      Request finished HTTP/1.1 POST https://127.0.0.1:46097/api/v1/terminals/b4aa8957-6086-47df-bc40-c7488301c87b/billing/bills/dfba9d3c-d467-4133-98b2-3016d1a250f6/tenders/confirmations/93fee68a-4462-458c-a9aa-f0e670d4e452/approve?terminalId=b4aa8957-6086-47df-bc40-c7488301c87b - 403 - application/json;+charset=utf-8 10.5491ms
info: Microsoft.AspNetCore.Hosting.Diagnostics[1]
      Request starting HTTP/1.1 POST http://127.0.0.1:46097/api/v1/terminals/547d7d5b-9939-4a33-8921-9f6f7bdd999f/billing/bills/7c690323-a476-4791-8fa6-b1d13aee09ed/tenders/confirmations/5d9a8eaa-bdfc-4d64-a59e-ab84996166d7/reject?terminalId=547d7d5b-9939-4a33-8921-9f6f7bdd999f - application/json;+charset=utf-8 2
info: Microsoft.AspNetCore.Routing.EndpointMiddleware[0]
      Executing endpoint 'HTTP: POST /api/v1/terminals/{terminalId:guid}/billing/bills/{billId:guid}/tenders/confirmations/{confirmationId:guid}/reject'
info: Microsoft.AspNetCore.Routing.EndpointMiddleware[1]
      Executed endpoint 'HTTP: POST /api/v1/terminals/{terminalId:guid}/billing/bills/{billId:guid}/tenders/confirmations/{confirmationId:guid}/reject'
info: Microsoft.AspNetCore.Hosting.Diagnostics[2]
      Request finished HTTP/1.1 POST https://127.0.0.1:46097/api/v1/terminals/547d7d5b-9939-4a33-8921-9f6f7bdd999f/billing/bills/7c690323-a476-4791-8fa6-b1d13aee09ed/tenders/confirmations/5d9a8eaa-bdfc-4d64-a59e-ab84996166d7/reject?terminalId=547d7d5b-9939-4a33-8921-9f6f7bdd999f - 403 - application/json;+charset=utf-8 9.7331ms
info: Microsoft.AspNetCore.Hosting.Diagnostics[1]
      Request starting HTTP/1.1 POST http://127.0.0.1:46097/api/v1/terminals/8600d763-c0e7-4f35-b904-f2ec8426ce16/billing/bills/d081b950-3214-4549-a23b-5db8b3d85f0d/tenders/unsettled/6536c805-0616-47ec-9b01-e6fe8572f1e4/card-charged?terminalId=8600d763-c0e7-4f35-b904-f2ec8426ce16 - application/json;+charset=utf-8 2
info: Microsoft.AspNetCore.Routing.EndpointMiddleware[0]
      Executing endpoint 'HTTP: POST /api/v1/terminals/{terminalId:guid}/billing/bills/{billId:guid}/tenders/unsettled/{paymentId:guid}/card-charged'
info: Microsoft.AspNetCore.Routing.EndpointMiddleware[1]
      Executed endpoint 'HTTP: POST /api/v1/terminals/{terminalId:guid}/billing/bills/{billId:guid}/tenders/unsettled/{paymentId:guid}/card-charged'
info: Microsoft.AspNetCore.Hosting.Diagnostics[2]
      Request finished HTTP/1.1 POST https://127.0.0.1:46097/api/v1/terminals/8600d763-c0e7-4f35-b904-f2ec8426ce16/billing/bills/d081b950-3214-4549-a23b-5db8b3d85f0d/tenders/unsettled/6536c805-0616-47ec-9b01-e6fe8572f1e4/card-charged?terminalId=8600d763-c0e7-4f35-b904-f2ec8426ce16 - 403 - application/json;+charset=utf-8 8.2332ms
info: Microsoft.AspNetCore.Hosting.Diagnostics[1]
      Request starting HTTP/1.1 POST http://127.0.0.1:46097/api/v1/terminals/5c7af9d8-ec72-4e4c-827e-3df4d9b87b4c/billing/bills/349576bb-daf1-4728-9681-0624c529bdbb/tenders/unsettled/2e06a150-e07d-40f6-a2e9-6440adeac1fa/not-charged?terminalId=5c7af9d8-ec72-4e4c-827e-3df4d9b87b4c - application/json;+charset=utf-8 2
info: Microsoft.AspNetCore.Routing.EndpointMiddleware[0]
      Executing endpoint 'HTTP: POST /api/v1/terminals/{terminalId:guid}/billing/bills/{billId:guid}/tenders/unsettled/{paymentId:guid}/not-charged'
info: Microsoft.AspNetCore.Routing.EndpointMiddleware[1]
      Executed endpoint 'HTTP: POST /api/v1/terminals/{terminalId:guid}/billing/bills/{billId:guid}/tenders/unsettled/{paymentId:guid}/not-charged'
info: Microsoft.AspNetCore.Hosting.Diagnostics[2]
      Request finished HTTP/1.1 POST https://127.0.0.1:46097/api/v1/terminals/5c7af9d8-ec72-4e4c-827e-3df4d9b87b4c/billing/bills/349576bb-daf1-4728-9681-0624c529bdbb/tenders/unsettled/2e06a150-e07d-40f6-a2e9-6440adeac1fa/not-charged?terminalId=5c7af9d8-ec72-4e4c-827e-3df4d9b87b4c - 403 - application/json;+charset=utf-8 9.2288ms
info: Microsoft.AspNetCore.Hosting.Diagnostics[1]
      Request starting HTTP/1.1 POST http://127.0.0.1:46097/api/v1/terminals/ed8afe41-9c51-44b9-a3bf-914b555d8b56/billing/bills/0f3fe6c0-470b-4a5a-b808-2509431c1d8e/tip?terminalId=ed8afe41-9c51-44b9-a3bf-914b555d8b56 - application/json;+charset=utf-8 2
info: Microsoft.AspNetCore.Routing.EndpointMiddleware[0]
      Executing endpoint 'HTTP: POST /api/v1/terminals/{terminalId:guid}/billing/bills/{billId:guid}/tip'
info: Microsoft.AspNetCore.Http.Result.JsonResult[1]
      Setting HTTP status code 403.
info: Microsoft.AspNetCore.Http.Result.JsonResult[3]
      Writing value of type 'BillingSplitErrorEnvelope' as Json.
info: Microsoft.AspNetCore.Routing.EndpointMiddleware[1]
      Executed endpoint 'HTTP: POST /api/v1/terminals/{terminalId:guid}/billing/bills/{billId:guid}/tip'
info: Microsoft.AspNetCore.Hosting.Diagnostics[2]
      Request finished HTTP/1.1 POST https://127.0.0.1:46097/api/v1/terminals/ed8afe41-9c51-44b9-a3bf-914b555d8b56/billing/bills/0f3fe6c0-470b-4a5a-b808-2509431c1d8e/tip?terminalId=ed8afe41-9c51-44b9-a3bf-914b555d8b56 - 403 - application/json;+charset=utf-8 8.5584ms
info: Microsoft.AspNetCore.Hosting.Diagnostics[1]
      Request starting HTTP/1.1 POST http://127.0.0.1:46097/api/v1/terminals/a96d96ab-bd3d-467a-93cf-bf3260d9db31/cash-sessions/?terminalId=a96d96ab-bd3d-467a-93cf-bf3260d9db31 - application/json;+charset=utf-8 2
info: Microsoft.AspNetCore.Routing.EndpointMiddleware[0]
      Executing endpoint 'HTTP: POST /api/v1/terminals/{terminalId:guid}/cash-sessions/'
info: Microsoft.AspNetCore.Http.Result.CreatedResult[1]
      Setting HTTP status code 201.
info: Microsoft.AspNetCore.Http.Result.CreatedResult[3]
      Writing value of type 'CashSessionSnapshot' as Json.
info: Microsoft.AspNetCore.Routing.EndpointMiddleware[1]
      Executed endpoint 'HTTP: POST /api/v1/terminals/{terminalId:guid}/cash-sessions/'
info: Microsoft.AspNetCore.Hosting.Diagnostics[2]
      Request finished HTTP/1.1 POST https://127.0.0.1:46097/api/v1/terminals/a96d96ab-bd3d-467a-93cf-bf3260d9db31/cash-sessions/?terminalId=a96d96ab-bd3d-467a-93cf-bf3260d9db31 - 201 - application/json;+charset=utf-8 40.9980ms
info: Microsoft.AspNetCore.Hosting.Diagnostics[1]
      Request starting HTTP/1.1 POST http://127.0.0.1:46097/api/v1/terminals/013831b4-2b54-4372-9001-8ba4506cb9b6/cash-sessions/4a3a47fd-7ede-4362-aeb7-b50bd6a1c7c8/cash-movements?terminalId=013831b4-2b54-4372-9001-8ba4506cb9b6 - application/json;+charset=utf-8 2
info: Microsoft.AspNetCore.Routing.EndpointMiddleware[0]
      Executing endpoint 'HTTP: POST /api/v1/terminals/{terminalId:guid}/cash-sessions/{cashSessionId:guid}/cash-movements'
info: Microsoft.AspNetCore.Routing.EndpointMiddleware[1]
      Executed endpoint 'HTTP: POST /api/v1/terminals/{terminalId:guid}/cash-sessions/{cashSessionId:guid}/cash-movements'
info: Microsoft.AspNetCore.Hosting.Diagnostics[2]
      Request finished HTTP/1.1 POST https://127.0.0.1:46097/api/v1/terminals/013831b4-2b54-4372-9001-8ba4506cb9b6/cash-sessions/4a3a47fd-7ede-4362-aeb7-b50bd6a1c7c8/cash-movements?terminalId=013831b4-2b54-4372-9001-8ba4506cb9b6 - 400 - application/json;+charset=utf-8 6.9399ms
info: Microsoft.AspNetCore.Hosting.Diagnostics[1]
      Request starting HTTP/1.1 POST http://127.0.0.1:46097/api/v1/terminals/f2b1f14d-6eae-440f-b124-f3fb22dee978/cash-sessions/3037c4b1-4c11-4de4-a78b-c91304044d13/cash-tender?terminalId=f2b1f14d-6eae-440f-b124-f3fb22dee978 - application/json;+charset=utf-8 2
info: Microsoft.AspNetCore.Routing.EndpointMiddleware[0]
      Executing endpoint 'HTTP: POST /api/v1/terminals/{terminalId:guid}/cash-sessions/{cashSessionId:guid}/cash-tender'
info: Microsoft.AspNetCore.Routing.EndpointMiddleware[1]
      Executed endpoint 'HTTP: POST /api/v1/terminals/{terminalId:guid}/cash-sessions/{cashSessionId:guid}/cash-tender'
info: Microsoft.AspNetCore.Hosting.Diagnostics[2]
      Request finished HTTP/1.1 POST https://127.0.0.1:46097/api/v1/terminals/f2b1f14d-6eae-440f-b124-f3fb22dee978/cash-sessions/3037c4b1-4c11-4de4-a78b-c91304044d13/cash-tender?terminalId=f2b1f14d-6eae-440f-b124-f3fb22dee978 - 400 - application/json;+charset=utf-8 11.0483ms
info: Microsoft.AspNetCore.Hosting.Diagnostics[1]
      Request starting HTTP/1.1 POST http://127.0.0.1:46097/api/v1/terminals/0ee99f03-8afb-4cff-8408-41dd0f7304c3/cash-sessions/a879b3d7-46a3-43c2-8721-8aee362b7df1/close?terminalId=0ee99f03-8afb-4cff-8408-41dd0f7304c3 - application/json;+charset=utf-8 2
info: Microsoft.AspNetCore.Routing.EndpointMiddleware[0]
      Executing endpoint 'HTTP: POST /api/v1/terminals/{terminalId:guid}/cash-sessions/{cashSessionId:guid}/close'
info: Microsoft.AspNetCore.Routing.EndpointMiddleware[1]
      Executed endpoint 'HTTP: POST /api/v1/terminals/{terminalId:guid}/cash-sessions/{cashSessionId:guid}/close'
info: Microsoft.AspNetCore.Hosting.Diagnostics[2]
      Request finished HTTP/1.1 POST https://127.0.0.1:46097/api/v1/terminals/0ee99f03-8afb-4cff-8408-41dd0f7304c3/cash-sessions/a879b3d7-46a3-43c2-8721-8aee362b7df1/close?terminalId=0ee99f03-8afb-4cff-8408-41dd0f7304c3 - 404 - application/json;+charset=utf-8 21.3504ms
info: Microsoft.AspNetCore.Hosting.Diagnostics[1]
      Request starting HTTP/1.1 POST http://127.0.0.1:46097/api/v1/terminals/4d8be0e4-092b-45c2-a663-6aa07d913a72/cash-sessions/982fc540-1c00-425a-9722-5e7d92b68187/counts?terminalId=4d8be0e4-092b-45c2-a663-6aa07d913a72 - application/json;+charset=utf-8 2
info: Microsoft.AspNetCore.Routing.EndpointMiddleware[0]
      Executing endpoint 'HTTP: POST /api/v1/terminals/{terminalId:guid}/cash-sessions/{cashSessionId:guid}/counts'
info: Microsoft.AspNetCore.Routing.EndpointMiddleware[1]
      Executed endpoint 'HTTP: POST /api/v1/terminals/{terminalId:guid}/cash-sessions/{cashSessionId:guid}/counts'
info: Microsoft.AspNetCore.Hosting.Diagnostics[2]
      Request finished HTTP/1.1 POST https://127.0.0.1:46097/api/v1/terminals/4d8be0e4-092b-45c2-a663-6aa07d913a72/cash-sessions/982fc540-1c00-425a-9722-5e7d92b68187/counts?terminalId=4d8be0e4-092b-45c2-a663-6aa07d913a72 - 404 - application/json;+charset=utf-8 8.2684ms
info: Microsoft.AspNetCore.Hosting.Diagnostics[1]
      Request starting HTTP/1.1 POST http://127.0.0.1:46097/api/v1/terminals/1a396f0a-a10e-461d-a186-286fac0cba49/cash-sessions/eb008fbd-b1de-4ed2-8c3c-1da07f50fe9c/reconcile?terminalId=1a396f0a-a10e-461d-a186-286fac0cba49 - application/json;+charset=utf-8 2
info: Microsoft.AspNetCore.Routing.EndpointMiddleware[0]
      Executing endpoint 'HTTP: POST /api/v1/terminals/{terminalId:guid}/cash-sessions/{cashSessionId:guid}/reconcile'
info: Microsoft.AspNetCore.Routing.EndpointMiddleware[1]
      Executed endpoint 'HTTP: POST /api/v1/terminals/{terminalId:guid}/cash-sessions/{cashSessionId:guid}/reconcile'
info: Microsoft.AspNetCore.Hosting.Diagnostics[2]
      Request finished HTTP/1.1 POST https://127.0.0.1:46097/api/v1/terminals/1a396f0a-a10e-461d-a186-286fac0cba49/cash-sessions/eb008fbd-b1de-4ed2-8c3c-1da07f50fe9c/reconcile?terminalId=1a396f0a-a10e-461d-a186-286fac0cba49 - 404 - application/json;+charset=utf-8 8.5857ms
info: Microsoft.AspNetCore.Hosting.Diagnostics[1]
      Request starting HTTP/1.1 POST http://127.0.0.1:46097/api/v1/terminals/d4d56f77-7970-4e11-9c8e-65d17fd8df85/cash-sessions/438506e0-3fca-4bcd-8a89-fab51dff7e78/start-count?terminalId=d4d56f77-7970-4e11-9c8e-65d17fd8df85 - application/json;+charset=utf-8 2
info: Microsoft.AspNetCore.Routing.EndpointMiddleware[0]
      Executing endpoint 'HTTP: POST /api/v1/terminals/{terminalId:guid}/cash-sessions/{cashSessionId:guid}/start-count'
info: Microsoft.AspNetCore.Routing.EndpointMiddleware[1]
      Executed endpoint 'HTTP: POST /api/v1/terminals/{terminalId:guid}/cash-sessions/{cashSessionId:guid}/start-count'
info: Microsoft.AspNetCore.Hosting.Diagnostics[2]
      Request finished HTTP/1.1 POST https://127.0.0.1:46097/api/v1/terminals/d4d56f77-7970-4e11-9c8e-65d17fd8df85/cash-sessions/438506e0-3fca-4bcd-8a89-fab51dff7e78/start-count?terminalId=d4d56f77-7970-4e11-9c8e-65d17fd8df85 - 404 - application/json;+charset=utf-8 6.3790ms
info: Microsoft.AspNetCore.Hosting.Diagnostics[1]
      Request starting HTTP/1.1 POST http://127.0.0.1:46097/api/v1/terminals/468f3211-433c-4eed-a596-19245ea1908e/display-sessions/revoke?terminalId=468f3211-433c-4eed-a596-19245ea1908e - application/json;+charset=utf-8 2
info: Microsoft.AspNetCore.Routing.EndpointMiddleware[0]
      Executing endpoint 'HTTP: POST /api/v1/terminals/{terminalId:guid}/display-sessions/revoke'
info: Microsoft.AspNetCore.Http.Result.OkObjectResult[1]
      Setting HTTP status code 200.
info: Microsoft.AspNetCore.Http.Result.OkObjectResult[3]
      Writing value of type '<>f__AnonymousType13`1' as Json.
info: Microsoft.AspNetCore.Routing.EndpointMiddleware[1]
      Executed endpoint 'HTTP: POST /api/v1/terminals/{terminalId:guid}/display-sessions/revoke'
info: Microsoft.AspNetCore.Hosting.Diagnostics[2]
      Request finished HTTP/1.1 POST https://127.0.0.1:46097/api/v1/terminals/468f3211-433c-4eed-a596-19245ea1908e/display-sessions/revoke?terminalId=468f3211-433c-4eed-a596-19245ea1908e - 200 - application/json;+charset=utf-8 7.1006ms
info: Microsoft.AspNetCore.Hosting.Diagnostics[1]
      Request starting HTTP/1.1 POST http://127.0.0.1:46097/api/v1/terminals/00fd15ca-9874-4fa8-931c-dfeb70a8623a/help-requests/?terminalId=00fd15ca-9874-4fa8-931c-dfeb70a8623a - application/json;+charset=utf-8 2
info: Microsoft.AspNetCore.Routing.EndpointMiddleware[0]
      Executing endpoint 'HTTP: POST /api/v1/terminals/{terminalId:guid}/help-requests/'
info: Microsoft.AspNetCore.Http.Result.BadRequestObjectResult[1]
      Setting HTTP status code 400.
info: Microsoft.AspNetCore.Http.Result.BadRequestObjectResult[3]
      Writing value of type '<>f__AnonymousType5`1' as Json.
info: Microsoft.AspNetCore.Routing.EndpointMiddleware[1]
      Executed endpoint 'HTTP: POST /api/v1/terminals/{terminalId:guid}/help-requests/'
info: Microsoft.AspNetCore.Hosting.Diagnostics[2]
      Request finished HTTP/1.1 POST https://127.0.0.1:46097/api/v1/terminals/00fd15ca-9874-4fa8-931c-dfeb70a8623a/help-requests/?terminalId=00fd15ca-9874-4fa8-931c-dfeb70a8623a - 400 - application/json;+charset=utf-8 4.2424ms
info: Microsoft.AspNetCore.Hosting.Diagnostics[1]
      Request starting HTTP/1.1 POST http://127.0.0.1:46097/api/v1/terminals/32cabcdb-dc8e-4eab-917c-ac220ef61340/kitchen-operations/deliveries/5df58616-88f1-4498-be52-bbb6c9edc21f/reprint-approval?terminalId=32cabcdb-dc8e-4eab-917c-ac220ef61340 - application/json;+charset=utf-8 2
info: Microsoft.AspNetCore.Routing.EndpointMiddleware[0]
      Executing endpoint 'HTTP: POST /api/v1/terminals/{terminalId:guid}/kitchen-operations/deliveries/{deliveryId:guid}/reprint-approval'
info: Microsoft.AspNetCore.Http.Result.JsonResult[1]
      Setting HTTP status code 403.
info: Microsoft.AspNetCore.Http.Result.JsonResult[3]
      Writing value of type 'KitchenOperationsErrorEnvelopeV1' as Json.
info: Microsoft.AspNetCore.Routing.EndpointMiddleware[1]
      Executed endpoint 'HTTP: POST /api/v1/terminals/{terminalId:guid}/kitchen-operations/deliveries/{deliveryId:guid}/reprint-approval'
info: Microsoft.AspNetCore.Hosting.Diagnostics[2]
      Request finished HTTP/1.1 POST https://127.0.0.1:46097/api/v1/terminals/32cabcdb-dc8e-4eab-917c-ac220ef61340/kitchen-operations/deliveries/5df58616-88f1-4498-be52-bbb6c9edc21f/reprint-approval?terminalId=32cabcdb-dc8e-4eab-917c-ac220ef61340 - 403 - application/json;+charset=utf-8 17.6152ms
info: Microsoft.AspNetCore.Hosting.Diagnostics[1]
      Request starting HTTP/1.1 POST http://127.0.0.1:46097/api/v1/terminals/43e9094a-6cff-4a72-b078-be4f2ff00289/kitchen-operations/deliveries/de6522f7-39b0-4f7e-89e1-7a1e0e3d4df9/reprint-rejection?terminalId=43e9094a-6cff-4a72-b078-be4f2ff00289 - application/json;+charset=utf-8 2
info: Microsoft.AspNetCore.Routing.EndpointMiddleware[0]
      Executing endpoint 'HTTP: POST /api/v1/terminals/{terminalId:guid}/kitchen-operations/deliveries/{deliveryId:guid}/reprint-rejection'
info: Microsoft.AspNetCore.Http.Result.JsonResult[1]
      Setting HTTP status code 403.
info: Microsoft.AspNetCore.Http.Result.JsonResult[3]
      Writing value of type 'KitchenOperationsErrorEnvelopeV1' as Json.
info: Microsoft.AspNetCore.Routing.EndpointMiddleware[1]
      Executed endpoint 'HTTP: POST /api/v1/terminals/{terminalId:guid}/kitchen-operations/deliveries/{deliveryId:guid}/reprint-rejection'
info: Microsoft.AspNetCore.Hosting.Diagnostics[2]
      Request finished HTTP/1.1 POST https://127.0.0.1:46097/api/v1/terminals/43e9094a-6cff-4a72-b078-be4f2ff00289/kitchen-operations/deliveries/de6522f7-39b0-4f7e-89e1-7a1e0e3d4df9/reprint-rejection?terminalId=43e9094a-6cff-4a72-b078-be4f2ff00289 - 403 - application/json;+charset=utf-8 10.7322ms
info: Microsoft.AspNetCore.Hosting.Diagnostics[1]
      Request starting HTTP/1.1 POST http://127.0.0.1:46097/api/v1/terminals/032523c8-11ab-45e8-9620-ad8460b484d8/kitchen-operations/operations/backups?terminalId=032523c8-11ab-45e8-9620-ad8460b484d8 - application/json;+charset=utf-8 2
info: Microsoft.AspNetCore.Routing.EndpointMiddleware[0]
      Executing endpoint 'HTTP: POST /api/v1/terminals/{terminalId:guid}/kitchen-operations/operations/backups'
info: Microsoft.AspNetCore.Http.Result.JsonResult[1]
      Setting HTTP status code 403.
info: Microsoft.AspNetCore.Http.Result.JsonResult[3]
      Writing value of type 'KitchenOperationsErrorEnvelopeV1' as Json.
info: Microsoft.AspNetCore.Routing.EndpointMiddleware[1]
      Executed endpoint 'HTTP: POST /api/v1/terminals/{terminalId:guid}/kitchen-operations/operations/backups'
info: Microsoft.AspNetCore.Hosting.Diagnostics[2]
      Request finished HTTP/1.1 POST https://127.0.0.1:46097/api/v1/terminals/032523c8-11ab-45e8-9620-ad8460b484d8/kitchen-operations/operations/backups?terminalId=032523c8-11ab-45e8-9620-ad8460b484d8 - 403 - application/json;+charset=utf-8 12.4124ms
info: Microsoft.AspNetCore.Hosting.Diagnostics[1]
      Request starting HTTP/1.1 PUT http://127.0.0.1:46097/api/v1/terminals/dee4bd78-94dc-44fa-85f3-c52ece6ed3ef/kitchen-operations/printers/acb39462-23b2-495f-a19b-3895442537c3?terminalId=dee4bd78-94dc-44fa-85f3-c52ece6ed3ef - application/json;+charset=utf-8 2
info: Microsoft.AspNetCore.Routing.EndpointMiddleware[0]
      Executing endpoint 'HTTP: PUT /api/v1/terminals/{terminalId:guid}/kitchen-operations/printers/{printerId:guid}'
info: Microsoft.AspNetCore.Http.Result.JsonResult[1]
      Setting HTTP status code 403.
info: Microsoft.AspNetCore.Http.Result.JsonResult[3]
      Writing value of type 'KitchenOperationsErrorEnvelopeV1' as Json.
info: Microsoft.AspNetCore.Routing.EndpointMiddleware[1]
      Executed endpoint 'HTTP: PUT /api/v1/terminals/{terminalId:guid}/kitchen-operations/printers/{printerId:guid}'
info: Microsoft.AspNetCore.Hosting.Diagnostics[2]
      Request finished HTTP/1.1 PUT https://127.0.0.1:46097/api/v1/terminals/dee4bd78-94dc-44fa-85f3-c52ece6ed3ef/kitchen-operations/printers/acb39462-23b2-495f-a19b-3895442537c3?terminalId=dee4bd78-94dc-44fa-85f3-c52ece6ed3ef - 403 - application/json;+charset=utf-8 8.1870ms
info: Microsoft.AspNetCore.Hosting.Diagnostics[1]
      Request starting HTTP/1.1 POST http://127.0.0.1:46097/api/v1/terminals/c72cb691-d56c-4996-8731-abc26738eb2a/kitchen-operations/products/b409ad04-b71c-444a-8c82-a186f94bebf2/suspend?terminalId=c72cb691-d56c-4996-8731-abc26738eb2a - application/json;+charset=utf-8 2
info: Microsoft.AspNetCore.Routing.EndpointMiddleware[0]
      Executing endpoint 'HTTP: POST /api/v1/terminals/{terminalId:guid}/kitchen-operations/products/{productId:guid}/suspend'
info: Microsoft.AspNetCore.Http.Result.JsonResult[1]
      Setting HTTP status code 403.
info: Microsoft.AspNetCore.Http.Result.JsonResult[3]
      Writing value of type 'KitchenOperationsErrorEnvelopeV1' as Json.
info: Microsoft.AspNetCore.Routing.EndpointMiddleware[1]
      Executed endpoint 'HTTP: POST /api/v1/terminals/{terminalId:guid}/kitchen-operations/products/{productId:guid}/suspend'
info: Microsoft.AspNetCore.Hosting.Diagnostics[2]
      Request finished HTTP/1.1 POST https://127.0.0.1:46097/api/v1/terminals/c72cb691-d56c-4996-8731-abc26738eb2a/kitchen-operations/products/b409ad04-b71c-444a-8c82-a186f94bebf2/suspend?terminalId=c72cb691-d56c-4996-8731-abc26738eb2a - 403 - application/json;+charset=utf-8 7.9807ms
info: Microsoft.AspNetCore.Hosting.Diagnostics[1]
      Request starting HTTP/1.1 POST http://127.0.0.1:46097/api/v1/terminals/75d6d1f2-d37a-4b66-b480-493fec39eb68/kitchen-operations/routes/19947249-49f8-4b6f-84c8-d70189179dd8?terminalId=75d6d1f2-d37a-4b66-b480-493fec39eb68 - application/json;+charset=utf-8 2
info: Microsoft.AspNetCore.Routing.EndpointMiddleware[0]
      Executing endpoint 'HTTP: POST /api/v1/terminals/{terminalId:guid}/kitchen-operations/routes/{routeId:guid}'
info: Microsoft.AspNetCore.Http.Result.JsonResult[1]
      Setting HTTP status code 403.
info: Microsoft.AspNetCore.Http.Result.JsonResult[3]
      Writing value of type 'KitchenOperationsErrorEnvelopeV1' as Json.
info: Microsoft.AspNetCore.Routing.EndpointMiddleware[1]
      Executed endpoint 'HTTP: POST /api/v1/terminals/{terminalId:guid}/kitchen-operations/routes/{routeId:guid}'
info: Microsoft.AspNetCore.Hosting.Diagnostics[2]
      Request finished HTTP/1.1 POST https://127.0.0.1:46097/api/v1/terminals/75d6d1f2-d37a-4b66-b480-493fec39eb68/kitchen-operations/routes/19947249-49f8-4b6f-84c8-d70189179dd8?terminalId=75d6d1f2-d37a-4b66-b480-493fec39eb68 - 403 - application/json;+charset=utf-8 8.4436ms
info: Microsoft.AspNetCore.Hosting.Diagnostics[1]
      Request starting HTTP/1.1 PUT http://127.0.0.1:46097/api/v1/terminals/ae2de442-3462-499f-b930-8f22390c5a7a/kitchen-operations/routes/7698d7d7-f647-4121-b0cf-d55f6311c9e0?terminalId=ae2de442-3462-499f-b930-8f22390c5a7a - application/json;+charset=utf-8 2
info: Microsoft.AspNetCore.Routing.EndpointMiddleware[0]
      Executing endpoint 'HTTP: PUT /api/v1/terminals/{terminalId:guid}/kitchen-operations/routes/{routeId:guid}'
info: Microsoft.AspNetCore.Http.Result.JsonResult[1]
      Setting HTTP status code 403.
info: Microsoft.AspNetCore.Http.Result.JsonResult[3]
      Writing value of type 'KitchenOperationsErrorEnvelopeV1' as Json.
info: Microsoft.AspNetCore.Routing.EndpointMiddleware[1]
      Executed endpoint 'HTTP: PUT /api/v1/terminals/{terminalId:guid}/kitchen-operations/routes/{routeId:guid}'
info: Microsoft.AspNetCore.Hosting.Diagnostics[2]
      Request finished HTTP/1.1 PUT https://127.0.0.1:46097/api/v1/terminals/ae2de442-3462-499f-b930-8f22390c5a7a/kitchen-operations/routes/7698d7d7-f647-4121-b0cf-d55f6311c9e0?terminalId=ae2de442-3462-499f-b930-8f22390c5a7a - 403 - application/json;+charset=utf-8 8.7746ms
info: Microsoft.AspNetCore.Hosting.Diagnostics[1]
      Request starting HTTP/1.1 POST http://127.0.0.1:46097/api/v1/terminals/6d466b4e-ee65-437a-b14a-26045aa2fcab/kitchen-operations/tickets/7c0f24b6-43ec-432d-8119-9c6e929c09c7/items/22a6655a-7354-4bda-b2e2-4c4d6459b6b7/transition?terminalId=6d466b4e-ee65-437a-b14a-26045aa2fcab - application/json;+charset=utf-8 2
info: Microsoft.AspNetCore.Routing.EndpointMiddleware[0]
      Executing endpoint 'HTTP: POST /api/v1/terminals/{terminalId:guid}/kitchen-operations/tickets/{ticketId:guid}/items/{itemId:guid}/transition'
info: Microsoft.AspNetCore.Http.Result.JsonResult[1]
      Setting HTTP status code 403.
info: Microsoft.AspNetCore.Http.Result.JsonResult[3]
      Writing value of type 'KitchenOperationsErrorEnvelopeV1' as Json.
info: Microsoft.AspNetCore.Routing.EndpointMiddleware[1]
      Executed endpoint 'HTTP: POST /api/v1/terminals/{terminalId:guid}/kitchen-operations/tickets/{ticketId:guid}/items/{itemId:guid}/transition'
info: Microsoft.AspNetCore.Hosting.Diagnostics[2]
      Request finished HTTP/1.1 POST https://127.0.0.1:46097/api/v1/terminals/6d466b4e-ee65-437a-b14a-26045aa2fcab/kitchen-operations/tickets/7c0f24b6-43ec-432d-8119-9c6e929c09c7/items/22a6655a-7354-4bda-b2e2-4c4d6459b6b7/transition?terminalId=6d466b4e-ee65-437a-b14a-26045aa2fcab - 403 - application/json;+charset=utf-8 8.3394ms
info: Microsoft.AspNetCore.Hosting.Diagnostics[1]
      Request starting HTTP/1.1 POST http://127.0.0.1:46097/api/v1/terminals/fea38369-b29b-41bf-944b-7a8c90d07afa/kitchen-operations/tickets/9873a2a9-0bc3-478c-9cad-36027e29aa56/items/e19e2ba4-9aef-4650-b514-c02982e72980/undo?terminalId=fea38369-b29b-41bf-944b-7a8c90d07afa - application/json;+charset=utf-8 2
info: Microsoft.AspNetCore.Routing.EndpointMiddleware[0]
      Executing endpoint 'HTTP: POST /api/v1/terminals/{terminalId:guid}/kitchen-operations/tickets/{ticketId:guid}/items/{itemId:guid}/undo'
info: Microsoft.AspNetCore.Http.Result.JsonResult[1]
      Setting HTTP status code 403.
info: Microsoft.AspNetCore.Http.Result.JsonResult[3]
      Writing value of type 'KitchenOperationsErrorEnvelopeV1' as Json.
info: Microsoft.AspNetCore.Routing.EndpointMiddleware[1]
      Executed endpoint 'HTTP: POST /api/v1/terminals/{terminalId:guid}/kitchen-operations/tickets/{ticketId:guid}/items/{itemId:guid}/undo'
info: Microsoft.AspNetCore.Hosting.Diagnostics[2]
      Request finished HTTP/1.1 POST https://127.0.0.1:46097/api/v1/terminals/fea38369-b29b-41bf-944b-7a8c90d07afa/kitchen-operations/tickets/9873a2a9-0bc3-478c-9cad-36027e29aa56/items/e19e2ba4-9aef-4650-b514-c02982e72980/undo?terminalId=fea38369-b29b-41bf-944b-7a8c90d07afa - 403 - application/json;+charset=utf-8 8.4266ms
info: Microsoft.AspNetCore.Hosting.Diagnostics[1]
      Request starting HTTP/1.1 POST http://127.0.0.1:46097/api/v1/terminals/4394e1c0-a860-4245-aba7-b588c7f9ea1c/kitchen-operations/tickets/398f625a-6797-4d11-b5aa-7b53857ac343/transition?terminalId=4394e1c0-a860-4245-aba7-b588c7f9ea1c - application/json;+charset=utf-8 2
info: Microsoft.AspNetCore.Routing.EndpointMiddleware[0]
      Executing endpoint 'HTTP: POST /api/v1/terminals/{terminalId:guid}/kitchen-operations/tickets/{ticketId:guid}/transition'
info: Microsoft.AspNetCore.Http.Result.JsonResult[1]
      Setting HTTP status code 403.
info: Microsoft.AspNetCore.Http.Result.JsonResult[3]
      Writing value of type 'KitchenOperationsErrorEnvelopeV1' as Json.
info: Microsoft.AspNetCore.Routing.EndpointMiddleware[1]
      Executed endpoint 'HTTP: POST /api/v1/terminals/{terminalId:guid}/kitchen-operations/tickets/{ticketId:guid}/transition'
info: Microsoft.AspNetCore.Hosting.Diagnostics[2]
      Request finished HTTP/1.1 POST https://127.0.0.1:46097/api/v1/terminals/4394e1c0-a860-4245-aba7-b588c7f9ea1c/kitchen-operations/tickets/398f625a-6797-4d11-b5aa-7b53857ac343/transition?terminalId=4394e1c0-a860-4245-aba7-b588c7f9ea1c - 403 - application/json;+charset=utf-8 7.1637ms
info: Microsoft.AspNetCore.Hosting.Diagnostics[1]
      Request starting HTTP/1.1 POST http://127.0.0.1:46097/api/v1/terminals/df1bf7fa-0898-4244-832b-f801201684da/offline-reconciliation/?terminalId=df1bf7fa-0898-4244-832b-f801201684da - application/json;+charset=utf-8 2
info: Microsoft.AspNetCore.Routing.EndpointMiddleware[0]
      Executing endpoint 'HTTP: POST /api/v1/terminals/{terminalId:guid}/offline-reconciliation/'
info: Microsoft.AspNetCore.Http.Result.JsonResult[1]
      Setting HTTP status code 404.
info: Microsoft.AspNetCore.Http.Result.JsonResult[3]
      Writing value of type 'OfflineReconciliationErrorV1' as Json.
info: Microsoft.AspNetCore.Routing.EndpointMiddleware[1]
      Executed endpoint 'HTTP: POST /api/v1/terminals/{terminalId:guid}/offline-reconciliation/'
info: Microsoft.AspNetCore.Hosting.Diagnostics[2]
      Request finished HTTP/1.1 POST https://127.0.0.1:46097/api/v1/terminals/df1bf7fa-0898-4244-832b-f801201684da/offline-reconciliation/?terminalId=df1bf7fa-0898-4244-832b-f801201684da - 404 - application/json;+charset=utf-8 13.8610ms
info: Microsoft.AspNetCore.Hosting.Diagnostics[1]
      Request starting HTTP/1.1 PUT http://127.0.0.1:46097/api/v1/terminals/45d9dac7-5ab0-498f-8814-b269b31570b5/online-menu/probe/mappings/4b5da22a-53e0-4921-be32-332fab90dc55?terminalId=45d9dac7-5ab0-498f-8814-b269b31570b5 - application/json;+charset=utf-8 2
info: Microsoft.AspNetCore.Routing.EndpointMiddleware[0]
      Executing endpoint 'HTTP: PUT /api/v1/terminals/{terminalId:guid}/online-menu/{provider}/mappings/{productId:guid}'
info: Microsoft.AspNetCore.Http.Result.JsonResult[1]
      Setting HTTP status code 403.
info: Microsoft.AspNetCore.Http.Result.JsonResult[3]
      Writing value of type '<>f__AnonymousType5`1' as Json.
info: Microsoft.AspNetCore.Routing.EndpointMiddleware[1]
      Executed endpoint 'HTTP: PUT /api/v1/terminals/{terminalId:guid}/online-menu/{provider}/mappings/{productId:guid}'
info: Microsoft.AspNetCore.Hosting.Diagnostics[2]
      Request finished HTTP/1.1 PUT https://127.0.0.1:46097/api/v1/terminals/45d9dac7-5ab0-498f-8814-b269b31570b5/online-menu/probe/mappings/4b5da22a-53e0-4921-be32-332fab90dc55?terminalId=45d9dac7-5ab0-498f-8814-b269b31570b5 - 403 - application/json;+charset=utf-8 12.9960ms
info: Microsoft.AspNetCore.Hosting.Diagnostics[1]
      Request starting HTTP/1.1 DELETE http://127.0.0.1:46097/api/v1/terminals/7c01dcfa-48b2-4e9d-8579-ffc21f871df1/online-menu/probe/mappings/204d2f1e-4518-45f4-84c1-5b9fad46ade2?terminalId=7c01dcfa-48b2-4e9d-8579-ffc21f871df1 - application/json;+charset=utf-8 2
info: Microsoft.AspNetCore.Routing.EndpointMiddleware[0]
      Executing endpoint 'HTTP: DELETE /api/v1/terminals/{terminalId:guid}/online-menu/{provider}/mappings/{productId:guid}'
info: Microsoft.AspNetCore.Http.Result.JsonResult[1]
      Setting HTTP status code 403.
info: Microsoft.AspNetCore.Http.Result.JsonResult[3]
      Writing value of type '<>f__AnonymousType5`1' as Json.
info: Microsoft.AspNetCore.Routing.EndpointMiddleware[1]
      Executed endpoint 'HTTP: DELETE /api/v1/terminals/{terminalId:guid}/online-menu/{provider}/mappings/{productId:guid}'
info: Microsoft.AspNetCore.Hosting.Diagnostics[2]
      Request finished HTTP/1.1 DELETE https://127.0.0.1:46097/api/v1/terminals/7c01dcfa-48b2-4e9d-8579-ffc21f871df1/online-menu/probe/mappings/204d2f1e-4518-45f4-84c1-5b9fad46ade2?terminalId=7c01dcfa-48b2-4e9d-8579-ffc21f871df1 - 403 - application/json;+charset=utf-8 7.3845ms
info: Microsoft.AspNetCore.Hosting.Diagnostics[1]
      Request starting HTTP/1.1 POST http://127.0.0.1:46097/api/v1/terminals/99182372-e4ac-4343-9d2c-8e96a4d0e2fa/online-operations/orders/c5f06a33-755e-42d0-b38e-a786146fa064/cancel?terminalId=99182372-e4ac-4343-9d2c-8e96a4d0e2fa - application/json;+charset=utf-8 2
info: Microsoft.AspNetCore.Routing.EndpointMiddleware[0]
      Executing endpoint 'HTTP: POST /api/v1/terminals/{terminalId:guid}/online-operations/orders/{orderId:guid}/cancel'
info: Microsoft.AspNetCore.Http.Result.JsonResult[1]
      Setting HTTP status code 403.
info: Microsoft.AspNetCore.Http.Result.JsonResult[3]
      Writing value of type '<>f__AnonymousType5`1' as Json.
info: Microsoft.AspNetCore.Routing.EndpointMiddleware[1]
      Executed endpoint 'HTTP: POST /api/v1/terminals/{terminalId:guid}/online-operations/orders/{orderId:guid}/cancel'
info: Microsoft.AspNetCore.Hosting.Diagnostics[2]
      Request finished HTTP/1.1 POST https://127.0.0.1:46097/api/v1/terminals/99182372-e4ac-4343-9d2c-8e96a4d0e2fa/online-operations/orders/c5f06a33-755e-42d0-b38e-a786146fa064/cancel?terminalId=99182372-e4ac-4343-9d2c-8e96a4d0e2fa - 403 - application/json;+charset=utf-8 15.4561ms
info: Microsoft.AspNetCore.Hosting.Diagnostics[1]
      Request starting HTTP/1.1 POST http://127.0.0.1:46097/api/v1/terminals/d7e2e98b-a305-45da-bb1a-c06d41177063/online-operations/orders/94d99bef-b920-4a2f-9232-b3a7b58d1c24/hand-over?terminalId=d7e2e98b-a305-45da-bb1a-c06d41177063 - application/json;+charset=utf-8 2
info: Microsoft.AspNetCore.Routing.EndpointMiddleware[0]
      Executing endpoint 'HTTP: POST /api/v1/terminals/{terminalId:guid}/online-operations/orders/{orderId:guid}/hand-over'
info: Microsoft.AspNetCore.Http.Result.JsonResult[1]
      Setting HTTP status code 403.
info: Microsoft.AspNetCore.Http.Result.JsonResult[3]
      Writing value of type '<>f__AnonymousType5`1' as Json.
info: Microsoft.AspNetCore.Routing.EndpointMiddleware[1]
      Executed endpoint 'HTTP: POST /api/v1/terminals/{terminalId:guid}/online-operations/orders/{orderId:guid}/hand-over'
info: Microsoft.AspNetCore.Hosting.Diagnostics[2]
      Request finished HTTP/1.1 POST https://127.0.0.1:46097/api/v1/terminals/d7e2e98b-a305-45da-bb1a-c06d41177063/online-operations/orders/94d99bef-b920-4a2f-9232-b3a7b58d1c24/hand-over?terminalId=d7e2e98b-a305-45da-bb1a-c06d41177063 - 403 - application/json;+charset=utf-8 9.0122ms
info: Microsoft.AspNetCore.Hosting.Diagnostics[1]
      Request starting HTTP/1.1 POST http://127.0.0.1:46097/api/v1/terminals/3f2c56e1-5859-47d2-bc06-dd043ddae433/online-ordering/catalog-publications/?terminalId=3f2c56e1-5859-47d2-bc06-dd043ddae433 - application/json;+charset=utf-8 2
info: Microsoft.AspNetCore.Routing.EndpointMiddleware[0]
      Executing endpoint 'HTTP: POST /api/v1/terminals/{terminalId:guid}/online-ordering/catalog-publications/'
info: Microsoft.AspNetCore.Http.Result.JsonResult[1]
      Setting HTTP status code 403.
info: Microsoft.AspNetCore.Http.Result.JsonResult[3]
      Writing value of type '<>f__AnonymousType5`1' as Json.
info: Microsoft.AspNetCore.Routing.EndpointMiddleware[1]
      Executed endpoint 'HTTP: POST /api/v1/terminals/{terminalId:guid}/online-ordering/catalog-publications/'
info: Microsoft.AspNetCore.Hosting.Diagnostics[2]
      Request finished HTTP/1.1 POST https://127.0.0.1:46097/api/v1/terminals/3f2c56e1-5859-47d2-bc06-dd043ddae433/online-ordering/catalog-publications/?terminalId=3f2c56e1-5859-47d2-bc06-dd043ddae433 - 403 - application/json;+charset=utf-8 16.4692ms
info: Microsoft.AspNetCore.Hosting.Diagnostics[1]
      Request starting HTTP/1.1 PUT http://127.0.0.1:46097/api/v1/terminals/77367cef-cf93-4506-90a9-c33395d52ef8/online-platform-credentials/probe?terminalId=77367cef-cf93-4506-90a9-c33395d52ef8 - application/json;+charset=utf-8 2
info: Microsoft.AspNetCore.Routing.EndpointMiddleware[0]
      Executing endpoint 'HTTP: PUT /api/v1/terminals/{terminalId:guid}/online-platform-credentials/{provider}'
info: Microsoft.AspNetCore.Http.Result.JsonResult[1]
      Setting HTTP status code 403.
info: Microsoft.AspNetCore.Http.Result.JsonResult[3]
      Writing value of type '<>f__AnonymousType5`1' as Json.
info: Microsoft.AspNetCore.Routing.EndpointMiddleware[1]
      Executed endpoint 'HTTP: PUT /api/v1/terminals/{terminalId:guid}/online-platform-credentials/{provider}'
info: Microsoft.AspNetCore.Hosting.Diagnostics[2]
      Request finished HTTP/1.1 PUT https://127.0.0.1:46097/api/v1/terminals/77367cef-cf93-4506-90a9-c33395d52ef8/online-platform-credentials/probe?terminalId=77367cef-cf93-4506-90a9-c33395d52ef8 - 403 - application/json;+charset=utf-8 19.7045ms
info: Microsoft.AspNetCore.Hosting.Diagnostics[1]
      Request starting HTTP/1.1 POST http://127.0.0.1:46097/api/v1/terminals/72cb7c63-2faf-4a1d-adf8-538c6b915081/online-problems/addf5a86-1523-4ef8-bfb7-edb2560308d8/resolve?terminalId=72cb7c63-2faf-4a1d-adf8-538c6b915081 - application/json;+charset=utf-8 2
info: Microsoft.AspNetCore.Routing.EndpointMiddleware[0]
      Executing endpoint 'HTTP: POST /api/v1/terminals/{terminalId:guid}/online-problems/{caseId:guid}/resolve'
info: Microsoft.AspNetCore.Http.Result.JsonResult[1]
      Setting HTTP status code 403.
info: Microsoft.AspNetCore.Http.Result.JsonResult[3]
      Writing value of type '<>f__AnonymousType5`1' as Json.
info: Microsoft.AspNetCore.Routing.EndpointMiddleware[1]
      Executed endpoint 'HTTP: POST /api/v1/terminals/{terminalId:guid}/online-problems/{caseId:guid}/resolve'
info: Microsoft.AspNetCore.Hosting.Diagnostics[2]
      Request finished HTTP/1.1 POST https://127.0.0.1:46097/api/v1/terminals/72cb7c63-2faf-4a1d-adf8-538c6b915081/online-problems/addf5a86-1523-4ef8-bfb7-edb2560308d8/resolve?terminalId=72cb7c63-2faf-4a1d-adf8-538c6b915081 - 403 - application/json;+charset=utf-8 15.3514ms
info: Microsoft.AspNetCore.Hosting.Diagnostics[1]
      Request starting HTTP/1.1 POST http://127.0.0.1:46097/api/v1/terminals/95c31045-40ec-4391-80a1-d737afe1ab6c/online-problems/ae200ce2-4d7c-4e73-827c-bba86829031d/retry?terminalId=95c31045-40ec-4391-80a1-d737afe1ab6c - application/json;+charset=utf-8 2
info: Microsoft.AspNetCore.Routing.EndpointMiddleware[0]
      Executing endpoint 'HTTP: POST /api/v1/terminals/{terminalId:guid}/online-problems/{caseId:guid}/retry'
info: Microsoft.AspNetCore.Http.Result.JsonResult[1]
      Setting HTTP status code 403.
info: Microsoft.AspNetCore.Http.Result.JsonResult[3]
      Writing value of type '<>f__AnonymousType5`1' as Json.
info: Microsoft.AspNetCore.Routing.EndpointMiddleware[1]
      Executed endpoint 'HTTP: POST /api/v1/terminals/{terminalId:guid}/online-problems/{caseId:guid}/retry'
info: Microsoft.AspNetCore.Hosting.Diagnostics[2]
      Request finished HTTP/1.1 POST https://127.0.0.1:46097/api/v1/terminals/95c31045-40ec-4391-80a1-d737afe1ab6c/online-problems/ae200ce2-4d7c-4e73-827c-bba86829031d/retry?terminalId=95c31045-40ec-4391-80a1-d737afe1ab6c - 403 - application/json;+charset=utf-8 10.8226ms
info: Microsoft.AspNetCore.Hosting.Diagnostics[1]
      Request starting HTTP/1.1 PUT http://127.0.0.1:46097/api/v1/terminals/de1b9076-2544-48b1-8001-db243bd7f96e/online-store-status/probe?terminalId=de1b9076-2544-48b1-8001-db243bd7f96e - application/json;+charset=utf-8 2
info: Microsoft.AspNetCore.Routing.EndpointMiddleware[0]
      Executing endpoint 'HTTP: PUT /api/v1/terminals/{terminalId:guid}/online-store-status/{provider}'
info: Microsoft.AspNetCore.Http.Result.JsonResult[1]
      Setting HTTP status code 403.
info: Microsoft.AspNetCore.Http.Result.JsonResult[3]
      Writing value of type '<>f__AnonymousType5`1' as Json.
info: Microsoft.AspNetCore.Routing.EndpointMiddleware[1]
      Executed endpoint 'HTTP: PUT /api/v1/terminals/{terminalId:guid}/online-store-status/{provider}'
info: Microsoft.AspNetCore.Hosting.Diagnostics[2]
      Request finished HTTP/1.1 PUT https://127.0.0.1:46097/api/v1/terminals/de1b9076-2544-48b1-8001-db243bd7f96e/online-store-status/probe?terminalId=de1b9076-2544-48b1-8001-db243bd7f96e - 403 - application/json;+charset=utf-8 16.5731ms
info: Microsoft.AspNetCore.Hosting.Diagnostics[1]
      Request starting HTTP/1.1 POST http://127.0.0.1:46097/api/v1/terminals/053f7d0f-ac43-4b05-b780-3fb159de22bc/orders?terminalId=053f7d0f-ac43-4b05-b780-3fb159de22bc - application/json;+charset=utf-8 2
info: Microsoft.AspNetCore.Routing.EndpointMiddleware[0]
      Executing endpoint 'HTTP: POST /api/v1/terminals/{terminalId:guid}/orders'
info: Microsoft.AspNetCore.Routing.EndpointMiddleware[1]
      Executed endpoint 'HTTP: POST /api/v1/terminals/{terminalId:guid}/orders'
info: Microsoft.AspNetCore.Hosting.Diagnostics[2]
      Request finished HTTP/1.1 POST https://127.0.0.1:46097/api/v1/terminals/053f7d0f-ac43-4b05-b780-3fb159de22bc/orders?terminalId=053f7d0f-ac43-4b05-b780-3fb159de22bc - 403 - application/json;+charset=utf-8 7.5851ms
info: Microsoft.AspNetCore.Hosting.Diagnostics[1]
      Request starting HTTP/1.1 POST http://127.0.0.1:46097/api/v1/terminals/d1da291d-075c-4889-9702-1d47e86b0ccb/orders/handoff-note/pop?terminalId=d1da291d-075c-4889-9702-1d47e86b0ccb - application/json;+charset=utf-8 2
info: Microsoft.AspNetCore.Routing.EndpointMiddleware[0]
      Executing endpoint 'HTTP: POST /api/v1/terminals/{terminalId:guid}/orders/handoff-note/pop'
info: Microsoft.AspNetCore.Http.Result.NoContentResult[1]
      Setting HTTP status code 204.
info: Microsoft.AspNetCore.Routing.EndpointMiddleware[1]
      Executed endpoint 'HTTP: POST /api/v1/terminals/{terminalId:guid}/orders/handoff-note/pop'
info: Microsoft.AspNetCore.Hosting.Diagnostics[2]
      Request finished HTTP/1.1 POST https://127.0.0.1:46097/api/v1/terminals/d1da291d-075c-4889-9702-1d47e86b0ccb/orders/handoff-note/pop?terminalId=d1da291d-075c-4889-9702-1d47e86b0ccb - 204 - - 47.9095ms
info: Microsoft.AspNetCore.Hosting.Diagnostics[1]
      Request starting HTTP/1.1 POST http://127.0.0.1:46097/api/v1/terminals/3d11a09c-99cf-4369-a3a5-8485f4dd0c8d/orders/table?terminalId=3d11a09c-99cf-4369-a3a5-8485f4dd0c8d - application/json;+charset=utf-8 2
info: Microsoft.AspNetCore.Routing.EndpointMiddleware[0]
      Executing endpoint 'HTTP: POST /api/v1/terminals/{terminalId:guid}/orders/table'
info: Microsoft.AspNetCore.Routing.EndpointMiddleware[1]
      Executed endpoint 'HTTP: POST /api/v1/terminals/{terminalId:guid}/orders/table'
info: Microsoft.AspNetCore.Hosting.Diagnostics[2]
      Request finished HTTP/1.1 POST https://127.0.0.1:46097/api/v1/terminals/3d11a09c-99cf-4369-a3a5-8485f4dd0c8d/orders/table?terminalId=3d11a09c-99cf-4369-a3a5-8485f4dd0c8d - 403 - application/json;+charset=utf-8 15.4442ms
info: Microsoft.AspNetCore.Hosting.Diagnostics[1]
      Request starting HTTP/1.1 POST http://127.0.0.1:46097/api/v1/terminals/252e64bd-ec4a-482d-a870-4bf7d428c3ec/orders/table-draft?terminalId=252e64bd-ec4a-482d-a870-4bf7d428c3ec - application/json;+charset=utf-8 2
info: Microsoft.AspNetCore.Routing.EndpointMiddleware[0]
      Executing endpoint 'HTTP: POST /api/v1/terminals/{terminalId:guid}/orders/table-draft'
info: Microsoft.AspNetCore.Http.Result.JsonResult[1]
      Setting HTTP status code 403.
info: Microsoft.AspNetCore.Http.Result.JsonResult[3]
      Writing value of type '<>f__AnonymousType5`1' as Json.
info: Microsoft.AspNetCore.Routing.EndpointMiddleware[1]
      Executed endpoint 'HTTP: POST /api/v1/terminals/{terminalId:guid}/orders/table-draft'
info: Microsoft.AspNetCore.Hosting.Diagnostics[2]
      Request finished HTTP/1.1 POST https://127.0.0.1:46097/api/v1/terminals/252e64bd-ec4a-482d-a870-4bf7d428c3ec/orders/table-draft?terminalId=252e64bd-ec4a-482d-a870-4bf7d428c3ec - 403 - application/json;+charset=utf-8 13.4387ms
info: Microsoft.AspNetCore.Hosting.Diagnostics[1]
      Request starting HTTP/1.1 POST http://127.0.0.1:46097/api/v1/terminals/c8fef612-7ce8-4987-a507-2e8cf2627534/orders/transfer-server?terminalId=c8fef612-7ce8-4987-a507-2e8cf2627534 - application/json;+charset=utf-8 2
info: Microsoft.AspNetCore.Routing.EndpointMiddleware[0]
      Executing endpoint 'HTTP: POST /api/v1/terminals/{terminalId:guid}/orders/transfer-server'
info: Microsoft.AspNetCore.Http.Result.JsonResult[1]
      Setting HTTP status code 403.
info: Microsoft.AspNetCore.Http.Result.JsonResult[3]
      Writing value of type '<>f__AnonymousType5`1' as Json.
info: Microsoft.AspNetCore.Routing.EndpointMiddleware[1]
      Executed endpoint 'HTTP: POST /api/v1/terminals/{terminalId:guid}/orders/transfer-server'
info: Microsoft.AspNetCore.Hosting.Diagnostics[2]
      Request finished HTTP/1.1 POST https://127.0.0.1:46097/api/v1/terminals/c8fef612-7ce8-4987-a507-2e8cf2627534/orders/transfer-server?terminalId=c8fef612-7ce8-4987-a507-2e8cf2627534 - 403 - application/json;+charset=utf-8 13.2974ms
info: Microsoft.AspNetCore.Hosting.Diagnostics[1]
      Request starting HTTP/1.1 POST http://127.0.0.1:46097/api/v1/terminals/3603e4a3-1713-4882-b1be-396acc6487d7/orders/c5c60d5c-b02c-4751-bad7-bf43546e4cdc/accept?terminalId=3603e4a3-1713-4882-b1be-396acc6487d7 - application/json;+charset=utf-8 2
info: Microsoft.AspNetCore.Routing.EndpointMiddleware[0]
      Executing endpoint 'HTTP: POST /api/v1/terminals/{terminalId:guid}/orders/{orderId:guid}/accept'
info: Microsoft.AspNetCore.Http.Result.JsonResult[1]
      Setting HTTP status code 403.
info: Microsoft.AspNetCore.Http.Result.JsonResult[3]
      Writing value of type '<>f__AnonymousType5`1' as Json.
info: Microsoft.AspNetCore.Routing.EndpointMiddleware[1]
      Executed endpoint 'HTTP: POST /api/v1/terminals/{terminalId:guid}/orders/{orderId:guid}/accept'
info: Microsoft.AspNetCore.Hosting.Diagnostics[2]
      Request finished HTTP/1.1 POST https://127.0.0.1:46097/api/v1/terminals/3603e4a3-1713-4882-b1be-396acc6487d7/orders/c5c60d5c-b02c-4751-bad7-bf43546e4cdc/accept?terminalId=3603e4a3-1713-4882-b1be-396acc6487d7 - 403 - application/json;+charset=utf-8 10.1220ms
info: Microsoft.AspNetCore.Hosting.Diagnostics[1]
      Request starting HTTP/1.1 POST http://127.0.0.1:46097/api/v1/terminals/39b8daa1-99b3-425d-a051-5b39d5b74da9/orders/d6e1590a-5a14-4c8a-ac18-eafa843e921a/fire-course?terminalId=39b8daa1-99b3-425d-a051-5b39d5b74da9 - application/json;+charset=utf-8 2
info: Microsoft.AspNetCore.Routing.EndpointMiddleware[0]
      Executing endpoint 'HTTP: POST /api/v1/terminals/{terminalId:guid}/orders/{orderId:guid}/fire-course'
info: Microsoft.AspNetCore.Http.Result.JsonResult[1]
      Setting HTTP status code 403.
info: Microsoft.AspNetCore.Http.Result.JsonResult[3]
      Writing value of type '<>f__AnonymousType5`1' as Json.
info: Microsoft.AspNetCore.Routing.EndpointMiddleware[1]
      Executed endpoint 'HTTP: POST /api/v1/terminals/{terminalId:guid}/orders/{orderId:guid}/fire-course'
info: Microsoft.AspNetCore.Hosting.Diagnostics[2]
      Request finished HTTP/1.1 POST https://127.0.0.1:46097/api/v1/terminals/39b8daa1-99b3-425d-a051-5b39d5b74da9/orders/d6e1590a-5a14-4c8a-ac18-eafa843e921a/fire-course?terminalId=39b8daa1-99b3-425d-a051-5b39d5b74da9 - 403 - application/json;+charset=utf-8 14.2929ms
info: Microsoft.AspNetCore.Hosting.Diagnostics[1]
      Request starting HTTP/1.1 POST http://127.0.0.1:46097/api/v1/terminals/4cbb53bb-726d-467a-97c5-beb18a0bb45a/orders/a1471497-07a3-4789-8102-0f1616b33dea/items?terminalId=4cbb53bb-726d-467a-97c5-beb18a0bb45a - application/json;+charset=utf-8 2
info: Microsoft.AspNetCore.Routing.EndpointMiddleware[0]
      Executing endpoint 'HTTP: POST /api/v1/terminals/{terminalId:guid}/orders/{orderId:guid}/items'
info: Microsoft.AspNetCore.Routing.EndpointMiddleware[1]
      Executed endpoint 'HTTP: POST /api/v1/terminals/{terminalId:guid}/orders/{orderId:guid}/items'
info: Microsoft.AspNetCore.Hosting.Diagnostics[2]
      Request finished HTTP/1.1 POST https://127.0.0.1:46097/api/v1/terminals/4cbb53bb-726d-467a-97c5-beb18a0bb45a/orders/a1471497-07a3-4789-8102-0f1616b33dea/items?terminalId=4cbb53bb-726d-467a-97c5-beb18a0bb45a - 403 - application/json;+charset=utf-8 9.9427ms
info: Microsoft.AspNetCore.Hosting.Diagnostics[1]
      Request starting HTTP/1.1 PATCH http://127.0.0.1:46097/api/v1/terminals/c40ecadf-e755-4ab7-9ac6-509806c20b52/orders/fbe5b45f-c7a8-4ba1-b63f-722513c450b8/items/8cf62ee3-100f-442c-b4ec-81a21f2c7dbc?terminalId=c40ecadf-e755-4ab7-9ac6-509806c20b52 - application/json;+charset=utf-8 2
info: Microsoft.AspNetCore.Routing.EndpointMiddleware[0]
      Executing endpoint 'HTTP: PATCH /api/v1/terminals/{terminalId:guid}/orders/{orderId:guid}/items/{itemId:guid}'
info: Microsoft.AspNetCore.Routing.EndpointMiddleware[1]
      Executed endpoint 'HTTP: PATCH /api/v1/terminals/{terminalId:guid}/orders/{orderId:guid}/items/{itemId:guid}'
info: Microsoft.AspNetCore.Hosting.Diagnostics[2]
      Request finished HTTP/1.1 PATCH https://127.0.0.1:46097/api/v1/terminals/c40ecadf-e755-4ab7-9ac6-509806c20b52/orders/fbe5b45f-c7a8-4ba1-b63f-722513c450b8/items/8cf62ee3-100f-442c-b4ec-81a21f2c7dbc?terminalId=c40ecadf-e755-4ab7-9ac6-509806c20b52 - 403 - application/json;+charset=utf-8 8.1962ms
info: Microsoft.AspNetCore.Hosting.Diagnostics[1]
      Request starting HTTP/1.1 DELETE http://127.0.0.1:46097/api/v1/terminals/9c16be85-4b10-450f-a275-a5f551fd6c5a/orders/203378a0-2ae1-4861-8e19-13d1c74513a6/items/30146170-6dfa-4fef-a222-3dc5e3ec9e0d?terminalId=9c16be85-4b10-450f-a275-a5f551fd6c5a - application/json;+charset=utf-8 2
info: Microsoft.AspNetCore.Routing.EndpointMiddleware[0]
      Executing endpoint 'HTTP: DELETE /api/v1/terminals/{terminalId:guid}/orders/{orderId:guid}/items/{itemId:guid}'
info: Microsoft.AspNetCore.Routing.EndpointMiddleware[1]
      Executed endpoint 'HTTP: DELETE /api/v1/terminals/{terminalId:guid}/orders/{orderId:guid}/items/{itemId:guid}'
info: Microsoft.AspNetCore.Hosting.Diagnostics[2]
      Request finished HTTP/1.1 DELETE https://127.0.0.1:46097/api/v1/terminals/9c16be85-4b10-450f-a275-a5f551fd6c5a/orders/203378a0-2ae1-4861-8e19-13d1c74513a6/items/30146170-6dfa-4fef-a222-3dc5e3ec9e0d?terminalId=9c16be85-4b10-450f-a275-a5f551fd6c5a - 400 0 - 0.7373ms
info: Microsoft.AspNetCore.Hosting.Diagnostics[1]
      Request starting HTTP/1.1 POST http://127.0.0.1:46097/api/v1/terminals/b6100d7e-5d0d-4f16-bb71-79774340b56c/orders/be9827ef-b872-4b70-ad67-314599ae6a32/items/08b3a3b1-b44a-4182-aa46-99af01f328c5/comp?terminalId=b6100d7e-5d0d-4f16-bb71-79774340b56c - application/json;+charset=utf-8 2
info: Microsoft.AspNetCore.Routing.EndpointMiddleware[0]
      Executing endpoint 'HTTP: POST /api/v1/terminals/{terminalId:guid}/orders/{orderId:guid}/items/{itemId:guid}/comp'
info: Microsoft.AspNetCore.Http.Result.JsonResult[1]
      Setting HTTP status code 400.
info: Microsoft.AspNetCore.Http.Result.JsonResult[3]
      Writing value of type '<>f__AnonymousType5`1' as Json.
info: Microsoft.AspNetCore.Routing.EndpointMiddleware[1]
      Executed endpoint 'HTTP: POST /api/v1/terminals/{terminalId:guid}/orders/{orderId:guid}/items/{itemId:guid}/comp'
info: Microsoft.AspNetCore.Hosting.Diagnostics[2]
      Request finished HTTP/1.1 POST https://127.0.0.1:46097/api/v1/terminals/b6100d7e-5d0d-4f16-bb71-79774340b56c/orders/be9827ef-b872-4b70-ad67-314599ae6a32/items/08b3a3b1-b44a-4182-aa46-99af01f328c5/comp?terminalId=b6100d7e-5d0d-4f16-bb71-79774340b56c - 400 - application/json;+charset=utf-8 12.2493ms
info: Microsoft.AspNetCore.Hosting.Diagnostics[1]
      Request starting HTTP/1.1 POST http://127.0.0.1:46097/api/v1/terminals/05586cdc-46a2-4e74-98f9-9cdeaeb700e8/orders/801881d5-f7ab-4ea6-a13f-a807b7b5799e/items/6497f8f2-6182-41cc-aaad-4aa62744a605/void?terminalId=05586cdc-46a2-4e74-98f9-9cdeaeb700e8 - application/json;+charset=utf-8 2
info: Microsoft.AspNetCore.Routing.EndpointMiddleware[0]
      Executing endpoint 'HTTP: POST /api/v1/terminals/{terminalId:guid}/orders/{orderId:guid}/items/{itemId:guid}/void'
info: Microsoft.AspNetCore.Http.Result.JsonResult[1]
      Setting HTTP status code 403.
info: Microsoft.AspNetCore.Http.Result.JsonResult[3]
      Writing value of type '<>f__AnonymousType5`1' as Json.
info: Microsoft.AspNetCore.Routing.EndpointMiddleware[1]
      Executed endpoint 'HTTP: POST /api/v1/terminals/{terminalId:guid}/orders/{orderId:guid}/items/{itemId:guid}/void'
info: Microsoft.AspNetCore.Hosting.Diagnostics[2]
      Request finished HTTP/1.1 POST https://127.0.0.1:46097/api/v1/terminals/05586cdc-46a2-4e74-98f9-9cdeaeb700e8/orders/801881d5-f7ab-4ea6-a13f-a807b7b5799e/items/6497f8f2-6182-41cc-aaad-4aa62744a605/void?terminalId=05586cdc-46a2-4e74-98f9-9cdeaeb700e8 - 403 - application/json;+charset=utf-8 10.7852ms
info: Microsoft.AspNetCore.Hosting.Diagnostics[1]
      Request starting HTTP/1.1 POST http://127.0.0.1:46097/api/v1/terminals/b16bf57b-15b3-44ee-a80e-1aab2864d797/orders/b3851c7d-24f7-47f8-b5dd-a141bfd19dfc/items/f0d3d5f1-f79a-4cb7-862a-36cdd8cdcd70/void-sent?terminalId=b16bf57b-15b3-44ee-a80e-1aab2864d797 - application/json;+charset=utf-8 2
info: Microsoft.AspNetCore.Routing.EndpointMiddleware[0]
      Executing endpoint 'HTTP: POST /api/v1/terminals/{terminalId:guid}/orders/{orderId:guid}/items/{itemId:guid}/void-sent'
info: Microsoft.AspNetCore.Http.Result.JsonResult[1]
      Setting HTTP status code 400.
info: Microsoft.AspNetCore.Http.Result.JsonResult[3]
      Writing value of type '<>f__AnonymousType5`1' as Json.
info: Microsoft.AspNetCore.Routing.EndpointMiddleware[1]
      Executed endpoint 'HTTP: POST /api/v1/terminals/{terminalId:guid}/orders/{orderId:guid}/items/{itemId:guid}/void-sent'
info: Microsoft.AspNetCore.Hosting.Diagnostics[2]
      Request finished HTTP/1.1 POST https://127.0.0.1:46097/api/v1/terminals/b16bf57b-15b3-44ee-a80e-1aab2864d797/orders/b3851c7d-24f7-47f8-b5dd-a141bfd19dfc/items/f0d3d5f1-f79a-4cb7-862a-36cdd8cdcd70/void-sent?terminalId=b16bf57b-15b3-44ee-a80e-1aab2864d797 - 400 - application/json;+charset=utf-8 12.8759ms
info: Microsoft.AspNetCore.Hosting.Diagnostics[1]
      Request starting HTTP/1.1 POST http://127.0.0.1:46097/api/v1/terminals/ad23732f-c9a3-49e9-883a-375fdb116fb0/orders/9dd7c454-9a67-4702-b94e-3901a61ecf4f/recall-from-cashier?terminalId=ad23732f-c9a3-49e9-883a-375fdb116fb0 - application/json;+charset=utf-8 2
info: Microsoft.AspNetCore.Routing.EndpointMiddleware[0]
      Executing endpoint 'HTTP: POST /api/v1/terminals/{terminalId:guid}/orders/{orderId:guid}/recall-from-cashier'
info: Microsoft.AspNetCore.Http.Result.JsonResult[1]
      Setting HTTP status code 403.
info: Microsoft.AspNetCore.Http.Result.JsonResult[3]
      Writing value of type '<>f__AnonymousType5`1' as Json.
info: Microsoft.AspNetCore.Routing.EndpointMiddleware[1]
      Executed endpoint 'HTTP: POST /api/v1/terminals/{terminalId:guid}/orders/{orderId:guid}/recall-from-cashier'
info: Microsoft.AspNetCore.Hosting.Diagnostics[2]
      Request finished HTTP/1.1 POST https://127.0.0.1:46097/api/v1/terminals/ad23732f-c9a3-49e9-883a-375fdb116fb0/orders/9dd7c454-9a67-4702-b94e-3901a61ecf4f/recall-from-cashier?terminalId=ad23732f-c9a3-49e9-883a-375fdb116fb0 - 403 - application/json;+charset=utf-8 11.4076ms
info: Microsoft.AspNetCore.Hosting.Diagnostics[1]
      Request starting HTTP/1.1 POST http://127.0.0.1:46097/api/v1/terminals/cb9544c4-4e64-4efb-a765-9431d815a60b/orders/53debccc-8eec-4784-a7d1-8a0c572c38ad/reject?terminalId=cb9544c4-4e64-4efb-a765-9431d815a60b - application/json;+charset=utf-8 2
info: Microsoft.AspNetCore.Routing.EndpointMiddleware[0]
      Executing endpoint 'HTTP: POST /api/v1/terminals/{terminalId:guid}/orders/{orderId:guid}/reject'
info: Microsoft.AspNetCore.Http.Result.JsonResult[1]
      Setting HTTP status code 403.
info: Microsoft.AspNetCore.Http.Result.JsonResult[3]
      Writing value of type '<>f__AnonymousType5`1' as Json.
info: Microsoft.AspNetCore.Routing.EndpointMiddleware[1]
      Executed endpoint 'HTTP: POST /api/v1/terminals/{terminalId:guid}/orders/{orderId:guid}/reject'
info: Microsoft.AspNetCore.Hosting.Diagnostics[2]
      Request finished HTTP/1.1 POST https://127.0.0.1:46097/api/v1/terminals/cb9544c4-4e64-4efb-a765-9431d815a60b/orders/53debccc-8eec-4784-a7d1-8a0c572c38ad/reject?terminalId=cb9544c4-4e64-4efb-a765-9431d815a60b - 403 - application/json;+charset=utf-8 10.3211ms
info: Microsoft.AspNetCore.Hosting.Diagnostics[1]
      Request starting HTTP/1.1 POST http://127.0.0.1:46097/api/v1/terminals/6e74e357-66c0-4554-b92a-bd4db10adfd2/orders/6f76a714-fd37-42a8-b18c-8317e021c2c1/send-to-cashier?terminalId=6e74e357-66c0-4554-b92a-bd4db10adfd2 - application/json;+charset=utf-8 2
info: Microsoft.AspNetCore.Routing.EndpointMiddleware[0]
      Executing endpoint 'HTTP: POST /api/v1/terminals/{terminalId:guid}/orders/{orderId:guid}/send-to-cashier'
info: Microsoft.AspNetCore.Http.Result.JsonResult[1]
      Setting HTTP status code 403.
info: Microsoft.AspNetCore.Http.Result.JsonResult[3]
      Writing value of type '<>f__AnonymousType5`1' as Json.
info: Microsoft.AspNetCore.Routing.EndpointMiddleware[1]
      Executed endpoint 'HTTP: POST /api/v1/terminals/{terminalId:guid}/orders/{orderId:guid}/send-to-cashier'
info: Microsoft.AspNetCore.Hosting.Diagnostics[2]
      Request finished HTTP/1.1 POST https://127.0.0.1:46097/api/v1/terminals/6e74e357-66c0-4554-b92a-bd4db10adfd2/orders/6f76a714-fd37-42a8-b18c-8317e021c2c1/send-to-cashier?terminalId=6e74e357-66c0-4554-b92a-bd4db10adfd2 - 403 - application/json;+charset=utf-8 10.8350ms
info: Microsoft.AspNetCore.Hosting.Diagnostics[1]
      Request starting HTTP/1.1 POST http://127.0.0.1:46097/api/v1/terminals/c7fb4c19-671e-46ee-8482-da04d36f2c7e/orders/7171719c-0121-4327-934c-997aa91a64bd/submit?terminalId=c7fb4c19-671e-46ee-8482-da04d36f2c7e - application/json;+charset=utf-8 2
info: Microsoft.AspNetCore.Routing.EndpointMiddleware[0]
      Executing endpoint 'HTTP: POST /api/v1/terminals/{terminalId:guid}/orders/{orderId:guid}/submit'
info: Microsoft.AspNetCore.Routing.EndpointMiddleware[1]
      Executed endpoint 'HTTP: POST /api/v1/terminals/{terminalId:guid}/orders/{orderId:guid}/submit'
info: Microsoft.AspNetCore.Hosting.Diagnostics[2]
      Request finished HTTP/1.1 POST https://127.0.0.1:46097/api/v1/terminals/c7fb4c19-671e-46ee-8482-da04d36f2c7e/orders/7171719c-0121-4327-934c-997aa91a64bd/submit?terminalId=c7fb4c19-671e-46ee-8482-da04d36f2c7e - 403 - application/json;+charset=utf-8 8.7548ms
info: Microsoft.AspNetCore.Hosting.Diagnostics[1]
      Request starting HTTP/1.1 POST http://127.0.0.1:46097/api/v1/terminals/d89b6748-3df4-4fce-92d7-9a79f351f66a/orders/e615d1db-d401-4094-a86a-308df23c8dc9/submit-draft?terminalId=d89b6748-3df4-4fce-92d7-9a79f351f66a - application/json;+charset=utf-8 2
info: Microsoft.AspNetCore.Routing.EndpointMiddleware[0]
      Executing endpoint 'HTTP: POST /api/v1/terminals/{terminalId:guid}/orders/{orderId:guid}/submit-draft'
info: Microsoft.AspNetCore.Http.Result.JsonResult[1]
      Setting HTTP status code 403.
info: Microsoft.AspNetCore.Http.Result.JsonResult[3]
      Writing value of type '<>f__AnonymousType5`1' as Json.
info: Microsoft.AspNetCore.Routing.EndpointMiddleware[1]
      Executed endpoint 'HTTP: POST /api/v1/terminals/{terminalId:guid}/orders/{orderId:guid}/submit-draft'
info: Microsoft.AspNetCore.Hosting.Diagnostics[2]
      Request finished HTTP/1.1 POST https://127.0.0.1:46097/api/v1/terminals/d89b6748-3df4-4fce-92d7-9a79f351f66a/orders/e615d1db-d401-4094-a86a-308df23c8dc9/submit-draft?terminalId=d89b6748-3df4-4fce-92d7-9a79f351f66a - 403 - application/json;+charset=utf-8 10.1357ms
info: Microsoft.AspNetCore.Hosting.Diagnostics[1]
      Request starting HTTP/1.1 POST http://127.0.0.1:46097/api/v1/terminals/078d2623-3bcc-44e1-8ff6-c0dff2c21573/pairings/approve?terminalId=078d2623-3bcc-44e1-8ff6-c0dff2c21573 - application/json;+charset=utf-8 2
info: Microsoft.AspNetCore.Routing.EndpointMiddleware[0]
      Executing endpoint 'HTTP: POST /api/v1/terminals/{terminalId:guid}/pairings/approve'
info: Microsoft.AspNetCore.Routing.EndpointMiddleware[1]
      Executed endpoint 'HTTP: POST /api/v1/terminals/{terminalId:guid}/pairings/approve'
info: Microsoft.AspNetCore.Hosting.Diagnostics[2]
      Request finished HTTP/1.1 POST https://127.0.0.1:46097/api/v1/terminals/078d2623-3bcc-44e1-8ff6-c0dff2c21573/pairings/approve?terminalId=078d2623-3bcc-44e1-8ff6-c0dff2c21573 - 400 - application/json;+charset=utf-8 7.4541ms
info: Microsoft.AspNetCore.Hosting.Diagnostics[1]
      Request starting HTTP/1.1 POST http://127.0.0.1:46097/api/v1/terminals/18768e45-5c7f-4125-a264-3267a0a909a3/push/subscriptions?terminalId=18768e45-5c7f-4125-a264-3267a0a909a3 - application/json;+charset=utf-8 2
info: Microsoft.AspNetCore.Routing.EndpointMiddleware[0]
      Executing endpoint 'HTTP: POST /api/v1/terminals/{terminalId:guid}/push/subscriptions'
info: Microsoft.AspNetCore.Http.Result.BadRequestObjectResult[1]
      Setting HTTP status code 400.
info: Microsoft.AspNetCore.Http.Result.BadRequestObjectResult[3]
      Writing value of type '<>f__AnonymousType5`1' as Json.
info: Microsoft.AspNetCore.Routing.EndpointMiddleware[1]
      Executed endpoint 'HTTP: POST /api/v1/terminals/{terminalId:guid}/push/subscriptions'
info: Microsoft.AspNetCore.Hosting.Diagnostics[2]
      Request finished HTTP/1.1 POST https://127.0.0.1:46097/api/v1/terminals/18768e45-5c7f-4125-a264-3267a0a909a3/push/subscriptions?terminalId=18768e45-5c7f-4125-a264-3267a0a909a3 - 400 - application/json;+charset=utf-8 8.3604ms
info: Microsoft.AspNetCore.Hosting.Diagnostics[1]
      Request starting HTTP/1.1 DELETE http://127.0.0.1:46097/api/v1/terminals/223b3f2c-f294-4c4e-8986-4819f20bf1f8/push/subscriptions?terminalId=223b3f2c-f294-4c4e-8986-4819f20bf1f8 - application/json;+charset=utf-8 2
info: Microsoft.AspNetCore.Routing.EndpointMiddleware[0]
      Executing endpoint 'HTTP: DELETE /api/v1/terminals/{terminalId:guid}/push/subscriptions'
info: Microsoft.AspNetCore.Routing.EndpointMiddleware[1]
      Executed endpoint 'HTTP: DELETE /api/v1/terminals/{terminalId:guid}/push/subscriptions'
info: Microsoft.AspNetCore.Hosting.Diagnostics[2]
      Request finished HTTP/1.1 DELETE https://127.0.0.1:46097/api/v1/terminals/223b3f2c-f294-4c4e-8986-4819f20bf1f8/push/subscriptions?terminalId=223b3f2c-f294-4c4e-8986-4819f20bf1f8 - 400 0 - 2.0356ms
info: Microsoft.AspNetCore.Hosting.Diagnostics[1]
      Request starting HTTP/1.1 POST http://127.0.0.1:46097/api/v1/terminals/59538668-adb9-4eaa-a5cf-7a7ccc4ca81c/qnb-credential/?terminalId=59538668-adb9-4eaa-a5cf-7a7ccc4ca81c - application/json;+charset=utf-8 2
info: Microsoft.AspNetCore.Routing.EndpointMiddleware[0]
      Executing endpoint 'HTTP: POST /api/v1/terminals/{terminalId:guid}/qnb-credential/'
info: Microsoft.AspNetCore.Http.Result.JsonResult[1]
      Setting HTTP status code 403.
info: Microsoft.AspNetCore.Http.Result.JsonResult[3]
      Writing value of type '<>f__AnonymousType5`1' as Json.
info: Microsoft.AspNetCore.Routing.EndpointMiddleware[1]
      Executed endpoint 'HTTP: POST /api/v1/terminals/{terminalId:guid}/qnb-credential/'
info: Microsoft.AspNetCore.Hosting.Diagnostics[2]
      Request finished HTTP/1.1 POST https://127.0.0.1:46097/api/v1/terminals/59538668-adb9-4eaa-a5cf-7a7ccc4ca81c/qnb-credential/?terminalId=59538668-adb9-4eaa-a5cf-7a7ccc4ca81c - 403 - application/json;+charset=utf-8 12.0760ms
info: Microsoft.AspNetCore.Hosting.Diagnostics[1]
      Request starting HTTP/1.1 POST http://127.0.0.1:46097/api/v1/terminals/9172ad57-f6c5-47b0-865d-4929e08fcfa2/qnb-credential/test-connection?terminalId=9172ad57-f6c5-47b0-865d-4929e08fcfa2 - application/json;+charset=utf-8 2
info: Microsoft.AspNetCore.Routing.EndpointMiddleware[0]
      Executing endpoint 'HTTP: POST /api/v1/terminals/{terminalId:guid}/qnb-credential/test-connection'
info: Microsoft.AspNetCore.Http.Result.JsonResult[1]
      Setting HTTP status code 403.
info: Microsoft.AspNetCore.Http.Result.JsonResult[3]
      Writing value of type '<>f__AnonymousType5`1' as Json.
info: Microsoft.AspNetCore.Routing.EndpointMiddleware[1]
      Executed endpoint 'HTTP: POST /api/v1/terminals/{terminalId:guid}/qnb-credential/test-connection'
info: Microsoft.AspNetCore.Hosting.Diagnostics[2]
      Request finished HTTP/1.1 POST https://127.0.0.1:46097/api/v1/terminals/9172ad57-f6c5-47b0-865d-4929e08fcfa2/qnb-credential/test-connection?terminalId=9172ad57-f6c5-47b0-865d-4929e08fcfa2 - 403 - application/json;+charset=utf-8 8.0492ms
info: Microsoft.AspNetCore.Hosting.Diagnostics[1]
      Request starting HTTP/1.1 POST http://127.0.0.1:46097/api/v1/terminals/c11b763e-fc6f-4bb2-9992-ae7327c111f4/relay-credential/?terminalId=c11b763e-fc6f-4bb2-9992-ae7327c111f4 - application/json;+charset=utf-8 2
info: Microsoft.AspNetCore.Routing.EndpointMiddleware[0]
      Executing endpoint 'HTTP: POST /api/v1/terminals/{terminalId:guid}/relay-credential/'
info: Microsoft.AspNetCore.Http.Result.JsonResult[1]
      Setting HTTP status code 403.
info: Microsoft.AspNetCore.Http.Result.JsonResult[3]
      Writing value of type '<>f__AnonymousType5`1' as Json.
info: Microsoft.AspNetCore.Routing.EndpointMiddleware[1]
      Executed endpoint 'HTTP: POST /api/v1/terminals/{terminalId:guid}/relay-credential/'
info: Microsoft.AspNetCore.Hosting.Diagnostics[2]
      Request finished HTTP/1.1 POST https://127.0.0.1:46097/api/v1/terminals/c11b763e-fc6f-4bb2-9992-ae7327c111f4/relay-credential/?terminalId=c11b763e-fc6f-4bb2-9992-ae7327c111f4 - 403 - application/json;+charset=utf-8 13.0135ms
info: Microsoft.AspNetCore.Hosting.Diagnostics[1]
      Request starting HTTP/1.1 POST http://127.0.0.1:46097/api/v1/terminals/33bc6f5a-5a5d-40f3-a28f-db3af298be59/relay-credential/provision?terminalId=33bc6f5a-5a5d-40f3-a28f-db3af298be59 - application/json;+charset=utf-8 2
info: Microsoft.AspNetCore.Routing.EndpointMiddleware[0]
      Executing endpoint 'HTTP: POST /api/v1/terminals/{terminalId:guid}/relay-credential/provision'
info: Microsoft.AspNetCore.Http.Result.JsonResult[1]
      Setting HTTP status code 403.
info: Microsoft.AspNetCore.Http.Result.JsonResult[3]
      Writing value of type '<>f__AnonymousType5`1' as Json.
info: Microsoft.AspNetCore.Routing.EndpointMiddleware[1]
      Executed endpoint 'HTTP: POST /api/v1/terminals/{terminalId:guid}/relay-credential/provision'
info: Microsoft.AspNetCore.Hosting.Diagnostics[2]
      Request finished HTTP/1.1 POST https://127.0.0.1:46097/api/v1/terminals/33bc6f5a-5a5d-40f3-a28f-db3af298be59/relay-credential/provision?terminalId=33bc6f5a-5a5d-40f3-a28f-db3af298be59 - 403 - application/json;+charset=utf-8 12.1108ms
info: Microsoft.AspNetCore.Hosting.Diagnostics[1]
      Request starting HTTP/1.1 PUT http://127.0.0.1:46097/api/v1/terminals/e36c6a26-130b-4a6f-8a94-537231c018b2/table-management/floor-plans/38c130e0-46d1-4650-b9ce-e3f3d7f60f9b?terminalId=e36c6a26-130b-4a6f-8a94-537231c018b2 - application/json;+charset=utf-8 2
info: Microsoft.AspNetCore.Routing.EndpointMiddleware[0]
      Executing endpoint 'HTTP: PUT /api/v1/terminals/{terminalId:guid}/table-management/floor-plans/{zoneId:guid}'
info: Microsoft.AspNetCore.Http.Result.JsonResult[1]
      Setting HTTP status code 403.
info: Microsoft.AspNetCore.Http.Result.JsonResult[3]
      Writing value of type 'TableManagementErrorEnvelope' as Json.
info: Microsoft.AspNetCore.Routing.EndpointMiddleware[1]
      Executed endpoint 'HTTP: PUT /api/v1/terminals/{terminalId:guid}/table-management/floor-plans/{zoneId:guid}'
info: Microsoft.AspNetCore.Hosting.Diagnostics[2]
      Request finished HTTP/1.1 PUT https://127.0.0.1:46097/api/v1/terminals/e36c6a26-130b-4a6f-8a94-537231c018b2/table-management/floor-plans/38c130e0-46d1-4650-b9ce-e3f3d7f60f9b?terminalId=e36c6a26-130b-4a6f-8a94-537231c018b2 - 403 - application/json;+charset=utf-8 20.7545ms
info: Microsoft.AspNetCore.Hosting.Diagnostics[1]
      Request starting HTTP/1.1 POST http://127.0.0.1:46097/api/v1/terminals/9fe0af0b-f6dd-491c-a04c-95176865ab50/table-management/merges?terminalId=9fe0af0b-f6dd-491c-a04c-95176865ab50 - application/json;+charset=utf-8 2
info: Microsoft.AspNetCore.Routing.EndpointMiddleware[0]
      Executing endpoint 'HTTP: POST /api/v1/terminals/{terminalId:guid}/table-management/merges'
info: Microsoft.AspNetCore.Http.Result.JsonResult[1]
      Setting HTTP status code 403.
info: Microsoft.AspNetCore.Http.Result.JsonResult[3]
      Writing value of type 'TableManagementErrorEnvelope' as Json.
info: Microsoft.AspNetCore.Routing.EndpointMiddleware[1]
      Executed endpoint 'HTTP: POST /api/v1/terminals/{terminalId:guid}/table-management/merges'
info: Microsoft.AspNetCore.Hosting.Diagnostics[2]
      Request finished HTTP/1.1 POST https://127.0.0.1:46097/api/v1/terminals/9fe0af0b-f6dd-491c-a04c-95176865ab50/table-management/merges?terminalId=9fe0af0b-f6dd-491c-a04c-95176865ab50 - 403 - application/json;+charset=utf-8 40.7246ms
info: Microsoft.AspNetCore.Hosting.Diagnostics[1]
      Request starting HTTP/1.1 POST http://127.0.0.1:46097/api/v1/terminals/4a069c93-f1cd-40a7-93cf-e3c70ef03ae0/table-management/merges/0f8b5c84-4600-40b3-bc67-ace1436fdeed/unmerge?terminalId=4a069c93-f1cd-40a7-93cf-e3c70ef03ae0 - application/json;+charset=utf-8 2
info: Microsoft.AspNetCore.Routing.EndpointMiddleware[0]
      Executing endpoint 'HTTP: POST /api/v1/terminals/{terminalId:guid}/table-management/merges/{mergeGroupId:guid}/unmerge'
info: Microsoft.AspNetCore.Http.Result.JsonResult[1]
      Setting HTTP status code 403.
info: Microsoft.AspNetCore.Http.Result.JsonResult[3]
      Writing value of type 'TableManagementErrorEnvelope' as Json.
info: Microsoft.AspNetCore.Routing.EndpointMiddleware[1]
      Executed endpoint 'HTTP: POST /api/v1/terminals/{terminalId:guid}/table-management/merges/{mergeGroupId:guid}/unmerge'
info: Microsoft.AspNetCore.Hosting.Diagnostics[2]
      Request finished HTTP/1.1 POST https://127.0.0.1:46097/api/v1/terminals/4a069c93-f1cd-40a7-93cf-e3c70ef03ae0/table-management/merges/0f8b5c84-4600-40b3-bc67-ace1436fdeed/unmerge?terminalId=4a069c93-f1cd-40a7-93cf-e3c70ef03ae0 - 403 - application/json;+charset=utf-8 12.1774ms
info: Microsoft.AspNetCore.Hosting.Diagnostics[1]
      Request starting HTTP/1.1 POST http://127.0.0.1:46097/api/v1/terminals/b52d3851-4239-42ed-88c7-9445846629c3/table-management/reservations?terminalId=b52d3851-4239-42ed-88c7-9445846629c3 - application/json;+charset=utf-8 2
info: Microsoft.AspNetCore.Routing.EndpointMiddleware[0]
      Executing endpoint 'HTTP: POST /api/v1/terminals/{terminalId:guid}/table-management/reservations'
info: Microsoft.AspNetCore.Http.Result.JsonResult[1]
      Setting HTTP status code 403.
info: Microsoft.AspNetCore.Http.Result.JsonResult[3]
      Writing value of type 'TableManagementErrorEnvelope' as Json.
info: Microsoft.AspNetCore.Routing.EndpointMiddleware[1]
      Executed endpoint 'HTTP: POST /api/v1/terminals/{terminalId:guid}/table-management/reservations'
info: Microsoft.AspNetCore.Hosting.Diagnostics[2]
      Request finished HTTP/1.1 POST https://127.0.0.1:46097/api/v1/terminals/b52d3851-4239-42ed-88c7-9445846629c3/table-management/reservations?terminalId=b52d3851-4239-42ed-88c7-9445846629c3 - 403 - application/json;+charset=utf-8 10.5654ms
info: Microsoft.AspNetCore.Hosting.Diagnostics[1]
      Request starting HTTP/1.1 POST http://127.0.0.1:46097/api/v1/terminals/5c1180d7-5d25-462a-a676-ab8def28d537/table-management/reservations/29f6b16f-134d-4fe5-b59d-40badec04527/cancel?terminalId=5c1180d7-5d25-462a-a676-ab8def28d537 - application/json;+charset=utf-8 2
info: Microsoft.AspNetCore.Routing.EndpointMiddleware[0]
      Executing endpoint 'HTTP: POST /api/v1/terminals/{terminalId:guid}/table-management/reservations/{reservationId:guid}/cancel'
info: Microsoft.AspNetCore.Http.Result.JsonResult[1]
      Setting HTTP status code 403.
info: Microsoft.AspNetCore.Http.Result.JsonResult[3]
      Writing value of type 'TableManagementErrorEnvelope' as Json.
info: Microsoft.AspNetCore.Routing.EndpointMiddleware[1]
      Executed endpoint 'HTTP: POST /api/v1/terminals/{terminalId:guid}/table-management/reservations/{reservationId:guid}/cancel'
info: Microsoft.AspNetCore.Hosting.Diagnostics[2]
      Request finished HTTP/1.1 POST https://127.0.0.1:46097/api/v1/terminals/5c1180d7-5d25-462a-a676-ab8def28d537/table-management/reservations/29f6b16f-134d-4fe5-b59d-40badec04527/cancel?terminalId=5c1180d7-5d25-462a-a676-ab8def28d537 - 403 - application/json;+charset=utf-8 9.9382ms
info: Microsoft.AspNetCore.Hosting.Diagnostics[1]
      Request starting HTTP/1.1 POST http://127.0.0.1:46097/api/v1/terminals/f743b63a-8cbf-4f32-a6c0-ccf0073fd620/table-management/reservations/9588a07e-b817-461c-b4c5-167e94e6199a/claim?terminalId=f743b63a-8cbf-4f32-a6c0-ccf0073fd620 - application/json;+charset=utf-8 2
info: Microsoft.AspNetCore.Routing.EndpointMiddleware[0]
      Executing endpoint 'HTTP: POST /api/v1/terminals/{terminalId:guid}/table-management/reservations/{reservationId:guid}/claim'
info: Microsoft.AspNetCore.Http.Result.JsonResult[1]
      Setting HTTP status code 403.
info: Microsoft.AspNetCore.Http.Result.JsonResult[3]
      Writing value of type 'TableManagementErrorEnvelope' as Json.
info: Microsoft.AspNetCore.Routing.EndpointMiddleware[1]
      Executed endpoint 'HTTP: POST /api/v1/terminals/{terminalId:guid}/table-management/reservations/{reservationId:guid}/claim'
info: Microsoft.AspNetCore.Hosting.Diagnostics[2]
      Request finished HTTP/1.1 POST https://127.0.0.1:46097/api/v1/terminals/f743b63a-8cbf-4f32-a6c0-ccf0073fd620/table-management/reservations/9588a07e-b817-461c-b4c5-167e94e6199a/claim?terminalId=f743b63a-8cbf-4f32-a6c0-ccf0073fd620 - 403 - application/json;+charset=utf-8 10.8586ms
info: Microsoft.AspNetCore.Hosting.Diagnostics[1]
      Request starting HTTP/1.1 POST http://127.0.0.1:46097/api/v1/terminals/8bba0513-d4ea-46db-a7b0-7b3484aee61d/table-management/reservations/16793239-8f5a-4bf8-bebf-b9217c64b901/expire?terminalId=8bba0513-d4ea-46db-a7b0-7b3484aee61d - application/json;+charset=utf-8 2
info: Microsoft.AspNetCore.Routing.EndpointMiddleware[0]
      Executing endpoint 'HTTP: POST /api/v1/terminals/{terminalId:guid}/table-management/reservations/{reservationId:guid}/expire'
info: Microsoft.AspNetCore.Http.Result.JsonResult[1]
      Setting HTTP status code 403.
info: Microsoft.AspNetCore.Http.Result.JsonResult[3]
      Writing value of type 'TableManagementErrorEnvelope' as Json.
info: Microsoft.AspNetCore.Routing.EndpointMiddleware[1]
      Executed endpoint 'HTTP: POST /api/v1/terminals/{terminalId:guid}/table-management/reservations/{reservationId:guid}/expire'
info: Microsoft.AspNetCore.Hosting.Diagnostics[2]
      Request finished HTTP/1.1 POST https://127.0.0.1:46097/api/v1/terminals/8bba0513-d4ea-46db-a7b0-7b3484aee61d/table-management/reservations/16793239-8f5a-4bf8-bebf-b9217c64b901/expire?terminalId=8bba0513-d4ea-46db-a7b0-7b3484aee61d - 403 - application/json;+charset=utf-8 8.6183ms
info: Microsoft.AspNetCore.Hosting.Diagnostics[1]
      Request starting HTTP/1.1 POST http://127.0.0.1:46097/api/v1/terminals/db54a201-35f3-41d3-8ace-a66f15c98e1f/table-management/tables?terminalId=db54a201-35f3-41d3-8ace-a66f15c98e1f - application/json;+charset=utf-8 2
info: Microsoft.AspNetCore.Routing.EndpointMiddleware[0]
      Executing endpoint 'HTTP: POST /api/v1/terminals/{terminalId:guid}/table-management/tables'
info: Microsoft.AspNetCore.Http.Result.JsonResult[1]
      Setting HTTP status code 403.
info: Microsoft.AspNetCore.Http.Result.JsonResult[3]
      Writing value of type 'TableManagementErrorEnvelope' as Json.
info: Microsoft.AspNetCore.Routing.EndpointMiddleware[1]
      Executed endpoint 'HTTP: POST /api/v1/terminals/{terminalId:guid}/table-management/tables'
info: Microsoft.AspNetCore.Hosting.Diagnostics[2]
      Request finished HTTP/1.1 POST https://127.0.0.1:46097/api/v1/terminals/db54a201-35f3-41d3-8ace-a66f15c98e1f/table-management/tables?terminalId=db54a201-35f3-41d3-8ace-a66f15c98e1f - 403 - application/json;+charset=utf-8 9.6457ms
info: Microsoft.AspNetCore.Hosting.Diagnostics[1]
      Request starting HTTP/1.1 PUT http://127.0.0.1:46097/api/v1/terminals/06b4f27b-4089-4aae-ae2d-4a3dc04e96be/table-management/tables/bd045cef-8047-44ad-97cf-581765545628?terminalId=06b4f27b-4089-4aae-ae2d-4a3dc04e96be - application/json;+charset=utf-8 2
info: Microsoft.AspNetCore.Routing.EndpointMiddleware[0]
      Executing endpoint 'HTTP: PUT /api/v1/terminals/{terminalId:guid}/table-management/tables/{tableId:guid}'
info: Microsoft.AspNetCore.Http.Result.JsonResult[1]
      Setting HTTP status code 403.
info: Microsoft.AspNetCore.Http.Result.JsonResult[3]
      Writing value of type 'TableManagementErrorEnvelope' as Json.
info: Microsoft.AspNetCore.Routing.EndpointMiddleware[1]
      Executed endpoint 'HTTP: PUT /api/v1/terminals/{terminalId:guid}/table-management/tables/{tableId:guid}'
info: Microsoft.AspNetCore.Hosting.Diagnostics[2]
      Request finished HTTP/1.1 PUT https://127.0.0.1:46097/api/v1/terminals/06b4f27b-4089-4aae-ae2d-4a3dc04e96be/table-management/tables/bd045cef-8047-44ad-97cf-581765545628?terminalId=06b4f27b-4089-4aae-ae2d-4a3dc04e96be - 403 - application/json;+charset=utf-8 12.7413ms
info: Microsoft.AspNetCore.Hosting.Diagnostics[1]
      Request starting HTTP/1.1 POST http://127.0.0.1:46097/api/v1/terminals/b0beef5a-efa4-432b-b92c-1bcbb5c8b909/table-management/tables/07f10402-d09f-4704-855c-cc2230b10be0/status?terminalId=b0beef5a-efa4-432b-b92c-1bcbb5c8b909 - application/json;+charset=utf-8 2
info: Microsoft.AspNetCore.Routing.EndpointMiddleware[0]
      Executing endpoint 'HTTP: POST /api/v1/terminals/{terminalId:guid}/table-management/tables/{tableId:guid}/status'
info: Microsoft.AspNetCore.Http.Result.JsonResult[1]
      Setting HTTP status code 403.
info: Microsoft.AspNetCore.Http.Result.JsonResult[3]
      Writing value of type 'TableManagementErrorEnvelope' as Json.
info: Microsoft.AspNetCore.Routing.EndpointMiddleware[1]
      Executed endpoint 'HTTP: POST /api/v1/terminals/{terminalId:guid}/table-management/tables/{tableId:guid}/status'
info: Microsoft.AspNetCore.Hosting.Diagnostics[2]
      Request finished HTTP/1.1 POST https://127.0.0.1:46097/api/v1/terminals/b0beef5a-efa4-432b-b92c-1bcbb5c8b909/table-management/tables/07f10402-d09f-4704-855c-cc2230b10be0/status?terminalId=b0beef5a-efa4-432b-b92c-1bcbb5c8b909 - 403 - application/json;+charset=utf-8 20.5340ms
info: Microsoft.AspNetCore.Hosting.Diagnostics[1]
      Request starting HTTP/1.1 POST http://127.0.0.1:46097/api/v1/terminals/c114744f-4a4c-4e9a-a59b-e7ce524df6d4/table-management/transfers?terminalId=c114744f-4a4c-4e9a-a59b-e7ce524df6d4 - application/json;+charset=utf-8 2
info: Microsoft.AspNetCore.Routing.EndpointMiddleware[0]
      Executing endpoint 'HTTP: POST /api/v1/terminals/{terminalId:guid}/table-management/transfers'
info: Microsoft.AspNetCore.Http.Result.JsonResult[1]
      Setting HTTP status code 403.
info: Microsoft.AspNetCore.Http.Result.JsonResult[3]
      Writing value of type 'TableManagementErrorEnvelope' as Json.
info: Microsoft.AspNetCore.Routing.EndpointMiddleware[1]
      Executed endpoint 'HTTP: POST /api/v1/terminals/{terminalId:guid}/table-management/transfers'
info: Microsoft.AspNetCore.Hosting.Diagnostics[2]
      Request finished HTTP/1.1 POST https://127.0.0.1:46097/api/v1/terminals/c114744f-4a4c-4e9a-a59b-e7ce524df6d4/table-management/transfers?terminalId=c114744f-4a4c-4e9a-a59b-e7ce524df6d4 - 403 - application/json;+charset=utf-8 9.6248ms
info: Microsoft.AspNetCore.Hosting.Diagnostics[1]
      Request starting HTTP/1.1 POST http://127.0.0.1:46097/api/v1/terminals/91437222-fc6d-4bb9-9739-aeac5b8a0a79/table-management/zones?terminalId=91437222-fc6d-4bb9-9739-aeac5b8a0a79 - application/json;+charset=utf-8 2
info: Microsoft.AspNetCore.Routing.EndpointMiddleware[0]
      Executing endpoint 'HTTP: POST /api/v1/terminals/{terminalId:guid}/table-management/zones'
info: Microsoft.AspNetCore.Http.Result.JsonResult[1]
      Setting HTTP status code 403.
info: Microsoft.AspNetCore.Http.Result.JsonResult[3]
      Writing value of type 'TableManagementErrorEnvelope' as Json.
info: Microsoft.AspNetCore.Routing.EndpointMiddleware[1]
      Executed endpoint 'HTTP: POST /api/v1/terminals/{terminalId:guid}/table-management/zones'
info: Microsoft.AspNetCore.Hosting.Diagnostics[2]
      Request finished HTTP/1.1 POST https://127.0.0.1:46097/api/v1/terminals/91437222-fc6d-4bb9-9739-aeac5b8a0a79/table-management/zones?terminalId=91437222-fc6d-4bb9-9739-aeac5b8a0a79 - 403 - application/json;+charset=utf-8 8.0511ms
info: Microsoft.AspNetCore.Hosting.Diagnostics[1]
      Request starting HTTP/1.1 PUT http://127.0.0.1:46097/api/v1/terminals/41ba3c5c-6b6c-43f3-afac-adc0666f701d/table-management/zones/09c375a6-70d1-403a-bbbd-a75804d36f65?terminalId=41ba3c5c-6b6c-43f3-afac-adc0666f701d - application/json;+charset=utf-8 2
info: Microsoft.AspNetCore.Routing.EndpointMiddleware[0]
      Executing endpoint 'HTTP: PUT /api/v1/terminals/{terminalId:guid}/table-management/zones/{zoneId:guid}'
info: Microsoft.AspNetCore.Http.Result.JsonResult[1]
      Setting HTTP status code 403.
info: Microsoft.AspNetCore.Http.Result.JsonResult[3]
      Writing value of type 'TableManagementErrorEnvelope' as Json.
info: Microsoft.AspNetCore.Routing.EndpointMiddleware[1]
      Executed endpoint 'HTTP: PUT /api/v1/terminals/{terminalId:guid}/table-management/zones/{zoneId:guid}'
info: Microsoft.AspNetCore.Hosting.Diagnostics[2]
      Request finished HTTP/1.1 PUT https://127.0.0.1:46097/api/v1/terminals/41ba3c5c-6b6c-43f3-afac-adc0666f701d/table-management/zones/09c375a6-70d1-403a-bbbd-a75804d36f65?terminalId=41ba3c5c-6b6c-43f3-afac-adc0666f701d - 403 - application/json;+charset=utf-8 8.5290ms
info: Microsoft.AspNetCore.Hosting.Diagnostics[1]
      Request starting HTTP/1.1 DELETE http://127.0.0.1:46097/api/v1/terminals/79208db4-89ae-42e5-b4fd-a6d3a75d34a4/table-management/zones/33d138c7-3aac-45da-9f6a-c6b677318e83?terminalId=79208db4-89ae-42e5-b4fd-a6d3a75d34a4 - application/json;+charset=utf-8 2
info: Microsoft.AspNetCore.Routing.EndpointMiddleware[0]
      Executing endpoint 'HTTP: DELETE /api/v1/terminals/{terminalId:guid}/table-management/zones/{zoneId:guid}'
info: Microsoft.AspNetCore.Http.Result.JsonResult[1]
      Setting HTTP status code 403.
info: Microsoft.AspNetCore.Http.Result.JsonResult[3]
      Writing value of type 'TableManagementErrorEnvelope' as Json.
info: Microsoft.AspNetCore.Routing.EndpointMiddleware[1]
      Executed endpoint 'HTTP: DELETE /api/v1/terminals/{terminalId:guid}/table-management/zones/{zoneId:guid}'
info: Microsoft.AspNetCore.Hosting.Diagnostics[2]
      Request finished HTTP/1.1 DELETE https://127.0.0.1:46097/api/v1/terminals/79208db4-89ae-42e5-b4fd-a6d3a75d34a4/table-management/zones/33d138c7-3aac-45da-9f6a-c6b677318e83?terminalId=79208db4-89ae-42e5-b4fd-a6d3a75d34a4 - 403 - application/json;+charset=utf-8 8.6927ms
info: Microsoft.AspNetCore.Hosting.Diagnostics[1]
      Request starting HTTP/1.1 POST http://127.0.0.1:46097/api/v1/terminals/1731b217-78e1-405b-b2d1-03b38703328f/token-credential/?terminalId=1731b217-78e1-405b-b2d1-03b38703328f - application/json;+charset=utf-8 2
info: Microsoft.AspNetCore.Routing.EndpointMiddleware[0]
      Executing endpoint 'HTTP: POST /api/v1/terminals/{terminalId:guid}/token-credential/'
info: Microsoft.AspNetCore.Http.Result.JsonResult[1]
      Setting HTTP status code 403.
info: Microsoft.AspNetCore.Http.Result.JsonResult[3]
      Writing value of type '<>f__AnonymousType5`1' as Json.
info: Microsoft.AspNetCore.Routing.EndpointMiddleware[1]
      Executed endpoint 'HTTP: POST /api/v1/terminals/{terminalId:guid}/token-credential/'
info: Microsoft.AspNetCore.Hosting.Diagnostics[2]
      Request finished HTTP/1.1 POST https://127.0.0.1:46097/api/v1/terminals/1731b217-78e1-405b-b2d1-03b38703328f/token-credential/?terminalId=1731b217-78e1-405b-b2d1-03b38703328f - 403 - application/json;+charset=utf-8 13.2036ms
[xUnit.net 00:00:13.10]     ALKAROS.Audit.AuthorizationProbes.AuthorizationProbes.D2EveryMutationRouteRejectsPermissionlessSession [FAIL]
[xUnit.net 00:00:13.10]       Assert.Empty() Failure: Collection was not empty
[xUnit.net 00:00:13.10]       Collection: ["POST /api/v1/terminals/{terminalId:guid}/billing/b"···, "POST /api/v1/terminals/{terminalId:guid}/cash-sess"···, "POST /api/v1/terminals/{terminalId:guid}/cash-sess"···, "POST /api/v1/terminals/{terminalId:guid}/cash-sess"···, "POST /api/v1/terminals/{terminalId:guid}/cash-sess"···, ···]
[xUnit.net 00:00:13.10]       Stack Trace:
[xUnit.net 00:00:13.10]         /a399/evidence/V1-RMD-399/probes/AuthorizationProbes/AuthorizationProbes.cs(426,0): at ALKAROS.Audit.AuthorizationProbes.AuthorizationProbes.D2EveryMutationRouteRejectsPermissionlessSession()
[xUnit.net 00:00:13.10]         --- End of stack trace from previous location ---
[xUnit.net 00:00:13.10]       Output:
[xUnit.net 00:00:13.11]         D2	POST	/api/v1/auth/logout	204	session-only-by-design
[xUnit.net 00:00:13.11]         D2	POST	/api/v1/auth/pin	400	session-only-by-design
[xUnit.net 00:00:13.11]         D2	POST	/api/v1/auth/unlock	400	session-only-by-design
[xUnit.net 00:00:13.11]         D2	POST	/api/v1/management/authorization/behavioural-tightenings/{tighteningId:guid}/clear	403	must-need-permission
[xUnit.net 00:00:13.11]         D2	POST	/api/v1/management/authorization/delegations/{delegationId:guid}/revoke	403	must-need-permission
[xUnit.net 00:00:13.11]         D2	POST	/api/v1/management/authorization/grants/{grantId:guid}/approve	403	must-need-permission
[xUnit.net 00:00:13.11]         D2	POST	/api/v1/management/authorization/grants/{grantId:guid}/deny	403	must-need-permission
[xUnit.net 00:00:13.11]         D2	PUT	/api/v1/management/business-identity/logo	404	second-pass
[xUnit.net 00:00:13.11]         D2	DELETE	/api/v1/management/business-identity/logo	403	must-need-permission
[xUnit.net 00:00:13.11]         D2	POST	/api/v1/management/catalog/categories	403	must-need-permission
[xUnit.net 00:00:13.11]         D2	POST	/api/v1/management/catalog/modifier-groups	403	must-need-permission
[xUnit.net 00:00:13.11]         D2	POST	/api/v1/management/catalog/modifiers	403	must-need-permission
[xUnit.net 00:00:13.11]         D2	POST	/api/v1/management/catalog/prices	403	must-need-permission
[xUnit.net 00:00:13.11]         D2	POST	/api/v1/management/catalog/product-modifier-assignments	403	must-need-permission
[xUnit.net 00:00:13.11]         D2	POST	/api/v1/management/catalog/products	403	must-need-permission
[xUnit.net 00:00:13.11]         D2	POST	/api/v1/management/catalog/products/{productId:guid}/availability	403	must-need-permission
[xUnit.net 00:00:13.11]         D2	POST	/api/v1/management/catalog/products/{productId:guid}/prep-time	403	must-need-permission
[xUnit.net 00:00:13.11]         D2	POST	/api/v1/management/catalog/tax-profiles	403	must-need-permission
[xUnit.net 00:00:13.11]         D2	PUT	/api/v1/management/customer-display/screensaver	404	second-pass
[xUnit.net 00:00:13.11]         D2	DELETE	/api/v1/management/customer-display/screensaver	403	must-need-permission
[xUnit.net 00:00:13.11]         D2	POST	/api/v1/management/inventory/modifiers/{modifierId:guid}/stock-mappings	403	must-need-permission
[xUnit.net 00:00:13.11]         D2	DELETE	/api/v1/management/inventory/modifiers/{modifierId:guid}/stock-mappings/{stockItemId:guid}	403	must-need-permission
[xUnit.net 00:00:13.11]         D2	POST	/api/v1/management/inventory/products/{productId:guid}/stock-mappings	403	must-need-permission
[xUnit.net 00:00:13.11]         D2	DELETE	/api/v1/management/inventory/products/{productId:guid}/stock-mappings/{stockItemId:guid}	403	must-need-permission
[xUnit.net 00:00:13.11]         D2	POST	/api/v1/management/inventory/stock-items	403	must-need-permission
[xUnit.net 00:00:13.11]         D2	POST	/api/v1/management/inventory/stock-items/{stockItemId:guid}/physical-counts	403	must-need-permission
[xUnit.net 00:00:13.11]         D2	PUT	/api/v1/management/inventory/stock-items/{stockItemId:guid}/reorder-point	403	must-need-permission
[xUnit.net 00:00:13.11]         D2	POST	/api/v1/management/inventory/stock-items/{stockItemId:guid}/waste	403	must-need-permission
[xUnit.net 00:00:13.11]         D2	POST	/api/v1/management/inventory/stock-locations	403	must-need-permission
[xUnit.net 00:00:13.11]         D2	POST	/api/v1/management/menus-and-specials/daily-menus	403	must-need-permission
[xUnit.net 00:00:13.11]         D2	PUT	/api/v1/management/menus-and-specials/daily-menus/items/{dailyMenuItemId:guid}/planned-portions	403	must-need-permission
[xUnit.net 00:00:13.11]         D2	PUT	/api/v1/management/menus-and-specials/daily-menus/items/{dailyMenuItemId:guid}/price	403	must-need-permission
[xUnit.net 00:00:13.11]         D2	PUT	/api/v1/management/menus-and-specials/daily-menus/items/{dailyMenuItemId:guid}/status	403	must-need-permission
[xUnit.net 00:00:13.11]         D2	POST	/api/v1/management/menus-and-specials/daily-menus/{dailyMenuId:guid}/close	403	must-need-permission
[xUnit.net 00:00:13.11]         D2	POST	/api/v1/management/menus-and-specials/daily-menus/{dailyMenuId:guid}/items	403	must-need-permission
[xUnit.net 00:00:13.11]         D2	POST	/api/v1/management/menus-and-specials/daily-menus/{dailyMenuId:guid}/open	403	must-need-permission
[xUnit.net 00:00:13.11]         D2	POST	/api/v1/management/menus-and-specials/menus	403	must-need-permission
[xUnit.net 00:00:13.11]         D2	PUT	/api/v1/management/menus-and-specials/menus/{menuId:guid}	403	must-need-permission
[xUnit.net 00:00:13.11]         D2	POST	/api/v1/management/menus-and-specials/menus/{menuId:guid}/items	403	must-need-permission
[xUnit.net 00:00:13.11]         D2	POST	/api/v1/management/menus-and-specials/menus/{menuId:guid}/items/reorder	403	must-need-permission
[xUnit.net 00:00:13.11]         D2	PUT	/api/v1/management/menus-and-specials/menus/{menuId:guid}/items/{menuItemId:guid}	403	must-need-permission
[xUnit.net 00:00:13.11]         D2	POST	/api/v1/management/observability/alerts/raise	403	must-need-permission
[xUnit.net 00:00:13.11]         D2	POST	/api/v1/management/observability/alerts/{alertId:guid}/acknowledge	403	must-need-permission
[xUnit.net 00:00:13.11]         D2	POST	/api/v1/management/observability/alerts/{alertId:guid}/escalate	403	must-need-permission
[xUnit.net 00:00:13.11]         D2	POST	/api/v1/management/observability/alerts/{alertId:guid}/resolve	403	must-need-permission
[xUnit.net 00:00:13.11]         D2	POST	/api/v1/management/observability/alerts/{alertId:guid}/suppress	403	must-need-permission
[xUnit.net 00:00:13.11]         D2	POST	/api/v1/management/observability/health-checks	403	must-need-permission
[xUnit.net 00:00:13.11]         D2	POST	/api/v1/management/payments/reconciliation-scan	403	must-need-permission
[xUnit.net 00:00:13.11]         D2	POST	/api/v1/management/production/batches	403	must-need-permission
[xUnit.net 00:00:13.11]         D2	POST	/api/v1/management/production/batches/{batchId:guid}/cancel	403	must-need-permission
[xUnit.net 00:00:13.11]         D2	POST	/api/v1/management/production/batches/{batchId:guid}/complete	403	must-need-permission
[xUnit.net 00:00:13.11]         D2	PUT	/api/v1/management/production/batches/{batchId:guid}/recipe-version	403	must-need-permission
[xUnit.net 00:00:13.11]         D2	POST	/api/v1/management/production/batches/{batchId:guid}/start	403	must-need-permission
[xUnit.net 00:00:13.11]         D2	POST	/api/v1/management/purchasing/purchase-orders	403	must-need-permission
[xUnit.net 00:00:13.11]         D2	POST	/api/v1/management/purchasing/purchase-orders/{orderId:guid}/cancel	403	must-need-permission
[xUnit.net 00:00:13.11]         D2	POST	/api/v1/management/purchasing/purchase-orders/{orderId:guid}/receipts	403	must-need-permission
[xUnit.net 00:00:13.11]         D2	POST	/api/v1/management/purchasing/purchase-orders/{orderId:guid}/submit	403	must-need-permission
[xUnit.net 00:00:13.11]         D2	POST	/api/v1/management/purchasing/suppliers	403	must-need-permission
[xUnit.net 00:00:13.11]         D2	PUT	/api/v1/management/purchasing/suppliers/{supplierId:guid}	403	must-need-permission
[xUnit.net 00:00:13.11]         D2	POST	/api/v1/management/purchasing/suppliers/{supplierId:guid}/activate	403	must-need-permission
[xUnit.net 00:00:13.11]         D2	POST	/api/v1/management/purchasing/suppliers/{supplierId:guid}/deactivate	403	must-need-permission
[xUnit.net 00:00:13.11]         D2	POST	/api/v1/management/recipes/	403	must-need-permission
[xUnit.net 00:00:13.11]         D2	POST	/api/v1/management/recipes/products/{productId:guid}/mapping	403	must-need-permission
[xUnit.net 00:00:13.11]         D2	DELETE	/api/v1/management/recipes/products/{productId:guid}/mapping	403	must-need-permission
[xUnit.net 00:00:13.11]         D2	POST	/api/v1/management/recipes/unit-conversions	403	must-need-permission
[xUnit.net 00:00:13.11]         D2	POST	/api/v1/management/recipes/versions/{versionId:guid}/ingredients	403	must-need-permission
[xUnit.net 00:00:13.11]         D2	DELETE	/api/v1/management/recipes/versions/{versionId:guid}/ingredients/{ingredientItemId:guid}	403	must-need-permission
[xUnit.net 00:00:13.11]         D2	POST	/api/v1/management/recipes/versions/{versionId:guid}/lock	403	must-need-permission
[xUnit.net 00:00:13.11]         D2	POST	/api/v1/management/recipes/{recipeId:guid}/versions	403	must-need-permission
[xUnit.net 00:00:13.11]         D2	POST	/api/v1/management/recipes/{recipeId:guid}/versions/next	403	must-need-permission
[xUnit.net 00:00:13.11]         D2	POST	/api/v1/management/recipes/{recipeId:guid}/versions/{versionNumber:int}/activate	403	must-need-permission
[xUnit.net 00:00:13.11]         D2	POST	/api/v1/management/recipes/{recipeVersionId:guid}/cost-snapshots/	403	must-need-permission
[xUnit.net 00:00:13.11]         D2	POST	/api/v1/management/reconciliation/cases/	403	must-need-permission
[xUnit.net 00:00:13.11]         D2	POST	/api/v1/management/reconciliation/cases/{caseId:guid}/notes	403	must-need-permission
[xUnit.net 00:00:13.11]         D2	POST	/api/v1/management/reconciliation/cases/{caseId:guid}/transition	403	must-need-permission
[xUnit.net 00:00:13.11]         D2	POST	/api/v1/management/reconciliation/online-orders/cases/{caseId:guid}/resolve	403	must-need-permission
[xUnit.net 00:00:13.11]         D2	POST	/api/v1/management/reconciliation/online-orders/cases/{caseId:guid}/retry	403	must-need-permission
[xUnit.net 00:00:13.11]         D2	POST	/api/v1/management/reconciliation/online-orders/scan	403	must-need-permission
[xUnit.net 00:00:13.11]         D2	POST	/api/v1/management/reporting/business-day/open	403	must-need-permission
[xUnit.net 00:00:13.11]         D2	POST	/api/v1/management/reporting/business-day/{businessDate}/close	403	must-need-permission
[xUnit.net 00:00:13.11]         D2	POST	/api/v1/management/roles/permissions	400	second-pass
[xUnit.net 00:00:13.11]         D2	POST	/api/v1/management/roles/roles	400	second-pass
[xUnit.net 00:00:13.11]         D2	POST	/api/v1/management/roles/roles/{roleId:guid}/permissions	400	second-pass
info: Microsoft.AspNetCore.Hosting.Diagnostics[1]
      Request starting HTTP/1.1 POST http://127.0.0.1:46097/api/v1/auth/login - application/json;+charset=utf-8 116
info: Microsoft.AspNetCore.Routing.EndpointMiddleware[0]
      Executing endpoint 'HTTP: POST /api/v1/auth/login'
[xUnit.net 00:00:13.11]         D2	DELETE	/api/v1/management/roles/roles/{roleId:guid}/permissions/{permissionCode}	403	must-need-permission
[xUnit.net 00:00:13.11]         D2	POST	/api/v1/management/roles/roles/{roleId:guid}/users/{userId:guid}	403	must-need-permission
[xUnit.net 00:00:13.11]         D2	DELETE	/api/v1/management/roles/roles/{roleId:guid}/users/{userId:guid}	403	must-need-permission
[xUnit.net 00:00:13.11]         D2	POST	/api/v1/management/security/diagnostic-bundle	403	must-need-permission
[xUnit.net 00:00:13.11]         D2	POST	/api/v1/management/security/maintenance/jobs/{name}/run	403	must-need-permission
[xUnit.net 00:00:13.11]         D2	POST	/api/v1/management/security/orders/close-settled	403	must-need-permission
[xUnit.net 00:00:13.11]         D2	POST	/api/v1/management/security/outbox/dead-letters/{id:guid}/requeue	403	must-need-permission
[xUnit.net 00:00:13.11]         D2	POST	/api/v1/management/security/secrets/{name}/rotation/initialize	403	must-need-permission
[xUnit.net 00:00:13.11]         D2	POST	/api/v1/management/security/secrets/{name}/rotation/revoke	403	must-need-permission
[xUnit.net 00:00:13.11]         D2	POST	/api/v1/management/security/secrets/{name}/rotation/rollback	403	must-need-permission
[xUnit.net 00:00:13.11]         D2	POST	/api/v1/management/security/secrets/{name}/rotation/rotate	403	must-need-permission
[xUnit.net 00:00:13.11]         D2	POST	/api/v1/management/security/users/{userId:guid}/force-unlock	403	must-need-permission
[xUnit.net 00:00:13.11]         D2	POST	/api/v1/management/security/users/{userId:guid}/revoke-sessions	403	must-need-permission
[xUnit.net 00:00:13.11]         D2	PUT	/api/v1/management/settings/{key}	403	must-need-permission
[xUnit.net 00:00:13.11]         D2	DELETE	/api/v1/management/settings/{key}	403	must-need-permission
[xUnit.net 00:00:13.11]         D2	POST	/api/v1/management/users/	400	second-pass
[xUnit.net 00:00:13.11]         D2	POST	/api/v1/terminals/{terminalId:guid}/billing/bills/from-order/{orderId:guid}	403	must-need-permission
[xUnit.net 00:00:13.11]         D2	POST	/api/v1/terminals/{terminalId:guid}/billing/bills/{billId:guid}/discount	400	session-only-by-design
[xUnit.net 00:00:13.11]         D2	PUT	/api/v1/terminals/{terminalId:guid}/billing/bills/{billId:guid}/split-design/amounts	403	must-need-permission
[xUnit.net 00:00:13.11]         D2	POST	/api/v1/terminals/{terminalId:guid}/billing/bills/{billId:guid}/split-design/clear	403	must-need-permission
[xUnit.net 00:00:13.11]         D2	PUT	/api/v1/terminals/{terminalId:guid}/billing/bills/{billId:guid}/split-design/custom	403	must-need-permission
[xUnit.net 00:00:13.11]         D2	PUT	/api/v1/terminals/{terminalId:guid}/billing/bills/{billId:guid}/split-design/equal	403	must-need-permission
[xUnit.net 00:00:13.11]         D2	PUT	/api/v1/terminals/{terminalId:guid}/billing/bills/{billId:guid}/split-design/items	403	must-need-permission
[xUnit.net 00:00:13.11]         D2	POST	/api/v1/terminals/{terminalId:guid}/billing/bills/{billId:guid}/tenders/	400	must-need-permission
[xUnit.net 00:00:13.11]         D2	POST	/api/v1/terminals/{terminalId:guid}/billing/bills/{billId:guid}/tenders/confirmations/{confirmationId:guid}/approve	403	must-need-permission
[xUnit.net 00:00:13.11]         D2	POST	/api/v1/terminals/{terminalId:guid}/billing/bills/{billId:guid}/tenders/confirmations/{confirmationId:guid}/reject	403	must-need-permission
[xUnit.net 00:00:13.11]         D2	POST	/api/v1/terminals/{terminalId:guid}/billing/bills/{billId:guid}/tenders/unsettled/{paymentId:guid}/card-charged	403	must-need-permission
[xUnit.net 00:00:13.11]         D2	POST	/api/v1/terminals/{terminalId:guid}/billing/bills/{billId:guid}/tenders/unsettled/{paymentId:guid}/not-charged	403	must-need-permission
[xUnit.net 00:00:13.11]         D2	POST	/api/v1/terminals/{terminalId:guid}/billing/bills/{billId:guid}/tip	403	must-need-permission
[xUnit.net 00:00:13.11]         D2	POST	/api/v1/terminals/{terminalId:guid}/cash-sessions/	201	must-need-permission
[xUnit.net 00:00:13.11]         D2	POST	/api/v1/terminals/{terminalId:guid}/cash-sessions/{cashSessionId:guid}/cash-movements	400	must-need-permission
[xUnit.net 00:00:13.11]         D2	POST	/api/v1/terminals/{terminalId:guid}/cash-sessions/{cashSessionId:guid}/cash-tender	400	must-need-permission
[xUnit.net 00:00:13.11]         D2	POST	/api/v1/terminals/{terminalId:guid}/cash-sessions/{cashSessionId:guid}/close	404	must-need-permission
[xUnit.net 00:00:13.11]         D2	POST	/api/v1/terminals/{terminalId:guid}/cash-sessions/{cashSessionId:guid}/counts	404	must-need-permission
[xUnit.net 00:00:13.11]         D2	POST	/api/v1/terminals/{terminalId:guid}/cash-sessions/{cashSessionId:guid}/reconcile	404	must-need-permission
[xUnit.net 00:00:13.11]         D2	POST	/api/v1/terminals/{terminalId:guid}/cash-sessions/{cashSessionId:guid}/start-count	404	must-need-permission
[xUnit.net 00:00:13.11]         D2	POST	/api/v1/terminals/{terminalId:guid}/display-sessions/revoke	200	session-only-by-design
[xUnit.net 00:00:13.11]         D2	POST	/api/v1/terminals/{terminalId:guid}/help-requests/	400	session-only-by-design
[xUnit.net 00:00:13.11]         D2	POST	/api/v1/terminals/{terminalId:guid}/kitchen-operations/deliveries/{deliveryId:guid}/reprint-approval	403	must-need-permission
[xUnit.net 00:00:13.11]         D2	POST	/api/v1/terminals/{terminalId:guid}/kitchen-operations/deliveries/{deliveryId:guid}/reprint-rejection	403	must-need-permission
[xUnit.net 00:00:13.11]         D2	POST	/api/v1/terminals/{terminalId:guid}/kitchen-operations/operations/backups	403	must-need-permission
[xUnit.net 00:00:13.11]         D2	PUT	/api/v1/terminals/{terminalId:guid}/kitchen-operations/printers/{printerId:guid}	403	must-need-permission
[xUnit.net 00:00:13.11]         D2	POST	/api/v1/terminals/{terminalId:guid}/kitchen-operations/products/{productId:guid}/suspend	403	must-need-permission
[xUnit.net 00:00:13.11]         D2	POST	/api/v1/terminals/{terminalId:guid}/kitchen-operations/routes/{routeId:guid}	403	must-need-permission
[xUnit.net 00:00:13.11]         D2	PUT	/api/v1/terminals/{terminalId:guid}/kitchen-operations/routes/{routeId:guid}	403	must-need-permission
[xUnit.net 00:00:13.11]         D2	POST	/api/v1/terminals/{terminalId:guid}/kitchen-operations/tickets/{ticketId:guid}/items/{itemId:guid}/transition	403	must-need-permission
[xUnit.net 00:00:13.11]         D2	POST	/api/v1/terminals/{terminalId:guid}/kitchen-operations/tickets/{ticketId:guid}/items/{itemId:guid}/undo	403	must-need-permission
[xUnit.net 00:00:13.11]         D2	POST	/api/v1/terminals/{terminalId:guid}/kitchen-operations/tickets/{ticketId:guid}/transition	403	must-need-permission
[xUnit.net 00:00:13.11]         D2	POST	/api/v1/terminals/{terminalId:guid}/offline-reconciliation/	404	session-only-by-design
[xUnit.net 00:00:13.11]         D2	PUT	/api/v1/terminals/{terminalId:guid}/online-menu/{provider}/mappings/{productId:guid}	403	must-need-permission
[xUnit.net 00:00:13.11]         D2	DELETE	/api/v1/terminals/{terminalId:guid}/online-menu/{provider}/mappings/{productId:guid}	403	must-need-permission
[xUnit.net 00:00:13.11]         D2	POST	/api/v1/terminals/{terminalId:guid}/online-operations/orders/{orderId:guid}/cancel	403	must-need-permission
[xUnit.net 00:00:13.11]         D2	POST	/api/v1/terminals/{terminalId:guid}/online-operations/orders/{orderId:guid}/hand-over	403	must-need-permission
[xUnit.net 00:00:13.11]         D2	POST	/api/v1/terminals/{terminalId:guid}/online-ordering/catalog-publications/	403	must-need-permission
[xUnit.net 00:00:13.11]         D2	PUT	/api/v1/terminals/{terminalId:guid}/online-platform-credentials/{provider}	403	must-need-permission
[xUnit.net 00:00:13.11]         D2	POST	/api/v1/terminals/{terminalId:guid}/online-problems/{caseId:guid}/resolve	403	must-need-permission
[xUnit.net 00:00:13.11]         D2	POST	/api/v1/terminals/{terminalId:guid}/online-problems/{caseId:guid}/retry	403	must-need-permission
[xUnit.net 00:00:13.11]         D2	PUT	/api/v1/terminals/{terminalId:guid}/online-store-status/{provider}	403	must-need-permission
[xUnit.net 00:00:13.11]         D2	POST	/api/v1/terminals/{terminalId:guid}/orders	403	must-need-permission
[xUnit.net 00:00:13.11]         D2	POST	/api/v1/terminals/{terminalId:guid}/orders/handoff-note/pop	204	session-only-by-design
[xUnit.net 00:00:13.11]         D2	POST	/api/v1/terminals/{terminalId:guid}/orders/table	403	must-need-permission
[xUnit.net 00:00:13.11]         D2	POST	/api/v1/terminals/{terminalId:guid}/orders/table-draft	403	must-need-permission
[xUnit.net 00:00:13.11]         D2	POST	/api/v1/terminals/{terminalId:guid}/orders/transfer-server	403	must-need-permission
[xUnit.net 00:00:13.11]         D2	POST	/api/v1/terminals/{terminalId:guid}/orders/{orderId:guid}/accept	403	must-need-permission
[xUnit.net 00:00:13.11]         D2	POST	/api/v1/terminals/{terminalId:guid}/orders/{orderId:guid}/fire-course	403	must-need-permission
[xUnit.net 00:00:13.11]         D2	POST	/api/v1/terminals/{terminalId:guid}/orders/{orderId:guid}/items	403	must-need-permission
[xUnit.net 00:00:13.11]         D2	PATCH	/api/v1/terminals/{terminalId:guid}/orders/{orderId:guid}/items/{itemId:guid}	403	must-need-permission
[xUnit.net 00:00:13.11]         D2	DELETE	/api/v1/terminals/{terminalId:guid}/orders/{orderId:guid}/items/{itemId:guid}	400	second-pass
[xUnit.net 00:00:13.11]         D2	POST	/api/v1/terminals/{terminalId:guid}/orders/{orderId:guid}/items/{itemId:guid}/comp	400	session-only-by-design
[xUnit.net 00:00:13.11]         D2	POST	/api/v1/terminals/{terminalId:guid}/orders/{orderId:guid}/items/{itemId:guid}/void	403	must-need-permission
[xUnit.net 00:00:13.11]         D2	POST	/api/v1/terminals/{terminalId:guid}/orders/{orderId:guid}/items/{itemId:guid}/void-sent	400	session-only-by-design
[xUnit.net 00:00:13.11]         D2	POST	/api/v1/terminals/{terminalId:guid}/orders/{orderId:guid}/recall-from-cashier	403	must-need-permission
[xUnit.net 00:00:13.11]         D2	POST	/api/v1/terminals/{terminalId:guid}/orders/{orderId:guid}/reject	403	must-need-permission
[xUnit.net 00:00:13.11]         D2	POST	/api/v1/terminals/{terminalId:guid}/orders/{orderId:guid}/send-to-cashier	403	must-need-permission
[xUnit.net 00:00:13.11]         D2	POST	/api/v1/terminals/{terminalId:guid}/orders/{orderId:guid}/submit	403	must-need-permission
[xUnit.net 00:00:13.11]         D2	POST	/api/v1/terminals/{terminalId:guid}/orders/{orderId:guid}/submit-draft	403	must-need-permission
[xUnit.net 00:00:13.11]         D2	POST	/api/v1/terminals/{terminalId:guid}/pairings/approve	400	session-only-by-design
[xUnit.net 00:00:13.11]         D2	POST	/api/v1/terminals/{terminalId:guid}/push/subscriptions	400	session-only-by-design
[xUnit.net 00:00:13.11]         D2	DELETE	/api/v1/terminals/{terminalId:guid}/push/subscriptions	400	session-only-by-design
[xUnit.net 00:00:13.11]         D2	POST	/api/v1/terminals/{terminalId:guid}/qnb-credential/	403	must-need-permission
[xUnit.net 00:00:13.11]         D2	POST	/api/v1/terminals/{terminalId:guid}/qnb-credential/test-connection	403	must-need-permission
[xUnit.net 00:00:13.11]         D2	POST	/api/v1/terminals/{terminalId:guid}/relay-credential/	403	must-need-permission
[xUnit.net 00:00:13.11]         D2	POST	/api/v1/terminals/{terminalId:guid}/relay-credential/provision	403	must-need-permission
[xUnit.net 00:00:13.11]         D2	PUT	/api/v1/terminals/{terminalId:guid}/table-management/floor-plans/{zoneId:guid}	403	must-need-permission
[xUnit.net 00:00:13.11]         D2	POST	/api/v1/terminals/{terminalId:guid}/table-management/merges	403	must-need-permission
[xUnit.net 00:00:13.11]         D2	POST	/api/v1/terminals/{terminalId:guid}/table-management/merges/{mergeGroupId:guid}/unmerge	403	must-need-permission
[xUnit.net 00:00:13.11]         D2	POST	/api/v1/terminals/{terminalId:guid}/table-management/reservations	403	must-need-permission
[xUnit.net 00:00:13.11]         D2	POST	/api/v1/terminals/{terminalId:guid}/table-management/reservations/{reservationId:guid}/cancel	403	must-need-permission
[xUnit.net 00:00:13.11]         D2	POST	/api/v1/terminals/{terminalId:guid}/table-management/reservations/{reservationId:guid}/claim	403	must-need-permission
[xUnit.net 00:00:13.11]         D2	POST	/api/v1/terminals/{terminalId:guid}/table-management/reservations/{reservationId:guid}/expire	403	must-need-permission
[xUnit.net 00:00:13.11]         D2	POST	/api/v1/terminals/{terminalId:guid}/table-management/tables	403	must-need-permission
[xUnit.net 00:00:13.11]         D2	PUT	/api/v1/terminals/{terminalId:guid}/table-management/tables/{tableId:guid}	403	must-need-permission
[xUnit.net 00:00:13.11]         D2	POST	/api/v1/terminals/{terminalId:guid}/table-management/tables/{tableId:guid}/status	403	must-need-permission
[xUnit.net 00:00:13.11]         D2	POST	/api/v1/terminals/{terminalId:guid}/table-management/transfers	403	must-need-permission
[xUnit.net 00:00:13.11]         D2	POST	/api/v1/terminals/{terminalId:guid}/table-management/zones	403	must-need-permission
[xUnit.net 00:00:13.11]         D2	PUT	/api/v1/terminals/{terminalId:guid}/table-management/zones/{zoneId:guid}	403	must-need-permission
[xUnit.net 00:00:13.11]         D2	DELETE	/api/v1/terminals/{terminalId:guid}/table-management/zones/{zoneId:guid}	403	must-need-permission
[xUnit.net 00:00:13.11]         D2	POST	/api/v1/terminals/{terminalId:guid}/token-credential/	403	must-need-permission
[xUnit.net 00:00:13.11]         D2-PASSED-GUARD	POST /api/v1/terminals/{terminalId:guid}/billing/bills/{billId:guid}/tenders/ -> 400
[xUnit.net 00:00:13.11]         D2-PASSED-GUARD	POST /api/v1/terminals/{terminalId:guid}/cash-sessions/ -> 201
[xUnit.net 00:00:13.11]         D2-PASSED-GUARD	POST /api/v1/terminals/{terminalId:guid}/cash-sessions/{cashSessionId:guid}/cash-movements -> 400
[xUnit.net 00:00:13.11]         D2-PASSED-GUARD	POST /api/v1/terminals/{terminalId:guid}/cash-sessions/{cashSessionId:guid}/cash-tender -> 400
[xUnit.net 00:00:13.11]         D2-PASSED-GUARD	POST /api/v1/terminals/{terminalId:guid}/cash-sessions/{cashSessionId:guid}/close -> 404
[xUnit.net 00:00:13.11]         D2-PASSED-GUARD	POST /api/v1/terminals/{terminalId:guid}/cash-sessions/{cashSessionId:guid}/counts -> 404
[xUnit.net 00:00:13.11]         D2-PASSED-GUARD	POST /api/v1/terminals/{terminalId:guid}/cash-sessions/{cashSessionId:guid}/reconcile -> 404
[xUnit.net 00:00:13.11]         D2-PASSED-GUARD	POST /api/v1/terminals/{terminalId:guid}/cash-sessions/{cashSessionId:guid}/start-count -> 404
  Failed ALKAROS.Audit.AuthorizationProbes.AuthorizationProbes.D2EveryMutationRouteRejectsPermissionlessSession [3 s]
  Error Message:
   Assert.Empty() Failure: Collection was not empty
Collection: ["POST /api/v1/terminals/{terminalId:guid}/billing/b"···, "POST /api/v1/terminals/{terminalId:guid}/cash-sess"···, "POST /api/v1/terminals/{terminalId:guid}/cash-sess"···, "POST /api/v1/terminals/{terminalId:guid}/cash-sess"···, "POST /api/v1/terminals/{terminalId:guid}/cash-sess"···, ···]
  Stack Trace:
     at ALKAROS.Audit.AuthorizationProbes.AuthorizationProbes.D2EveryMutationRouteRejectsPermissionlessSession() in /a399/evidence/V1-RMD-399/probes/AuthorizationProbes/AuthorizationProbes.cs:line 426
--- End of stack trace from previous location ---
  Standard Output Messages:
 D2	POST	/api/v1/auth/logout	204	session-only-by-design
 D2	POST	/api/v1/auth/pin	400	session-only-by-design
 D2	POST	/api/v1/auth/unlock	400	session-only-by-design
 D2	POST	/api/v1/management/authorization/behavioural-tightenings/{tighteningId:guid}/clear	403	must-need-permission
 D2	POST	/api/v1/management/authorization/delegations/{delegationId:guid}/revoke	403	must-need-permission
 D2	POST	/api/v1/management/authorization/grants/{grantId:guid}/approve	403	must-need-permission
 D2	POST	/api/v1/management/authorization/grants/{grantId:guid}/deny	403	must-need-permission
 D2	PUT	/api/v1/management/business-identity/logo	404	second-pass
 D2	DELETE	/api/v1/management/business-identity/logo	403	must-need-permission
 D2	POST	/api/v1/management/catalog/categories	403	must-need-permission
 D2	POST	/api/v1/management/catalog/modifier-groups	403	must-need-permission
 D2	POST	/api/v1/management/catalog/modifiers	403	must-need-permission
 D2	POST	/api/v1/management/catalog/prices	403	must-need-permission
 D2	POST	/api/v1/management/catalog/product-modifier-assignments	403	must-need-permission
 D2	POST	/api/v1/management/catalog/products	403	must-need-permission
 D2	POST	/api/v1/management/catalog/products/{productId:guid}/availability	403	must-need-permission
 D2	POST	/api/v1/management/catalog/products/{productId:guid}/prep-time	403	must-need-permission
 D2	POST	/api/v1/management/catalog/tax-profiles	403	must-need-permission
 D2	PUT	/api/v1/management/customer-display/screensaver	404	second-pass
 D2	DELETE	/api/v1/management/customer-display/screensaver	403	must-need-permission
 D2	POST	/api/v1/management/inventory/modifiers/{modifierId:guid}/stock-mappings	403	must-need-permission
 D2	DELETE	/api/v1/management/inventory/modifiers/{modifierId:guid}/stock-mappings/{stockItemId:guid}	403	must-need-permission
 D2	POST	/api/v1/management/inventory/products/{productId:guid}/stock-mappings	403	must-need-permission
 D2	DELETE	/api/v1/management/inventory/products/{productId:guid}/stock-mappings/{stockItemId:guid}	403	must-need-permission
 D2	POST	/api/v1/management/inventory/stock-items	403	must-need-permission
 D2	POST	/api/v1/management/inventory/stock-items/{stockItemId:guid}/physical-counts	403	must-need-permission
 D2	PUT	/api/v1/management/inventory/stock-items/{stockItemId:guid}/reorder-point	403	must-need-permission
 D2	POST	/api/v1/management/inventory/stock-items/{stockItemId:guid}/waste	403	must-need-permission
 D2	POST	/api/v1/management/inventory/stock-locations	403	must-need-permission
 D2	POST	/api/v1/management/menus-and-specials/daily-menus	403	must-need-permission
 D2	PUT	/api/v1/management/menus-and-specials/daily-menus/items/{dailyMenuItemId:guid}/planned-portions	403	must-need-permission
 D2	PUT	/api/v1/management/menus-and-specials/daily-menus/items/{dailyMenuItemId:guid}/price	403	must-need-permission
 D2	PUT	/api/v1/management/menus-and-specials/daily-menus/items/{dailyMenuItemId:guid}/status	403	must-need-permission
 D2	POST	/api/v1/management/menus-and-specials/daily-menus/{dailyMenuId:guid}/close	403	must-need-permission
 D2	POST	/api/v1/management/menus-and-specials/daily-menus/{dailyMenuId:guid}/items	403	must-need-permission
 D2	POST	/api/v1/management/menus-and-specials/daily-menus/{dailyMenuId:guid}/open	403	must-need-permission
 D2	POST	/api/v1/management/menus-and-specials/menus	403	must-need-permission
 D2	PUT	/api/v1/management/menus-and-specials/menus/{menuId:guid}	403	must-need-permission
 D2	POST	/api/v1/management/menus-and-specials/menus/{menuId:guid}/items	403	must-need-permission
 D2	POST	/api/v1/management/menus-and-specials/menus/{menuId:guid}/items/reorder	403	must-need-permission
 D2	PUT	/api/v1/management/menus-and-specials/menus/{menuId:guid}/items/{menuItemId:guid}	403	must-need-permission
 D2	POST	/api/v1/management/observability/alerts/raise	403	must-need-permission
 D2	POST	/api/v1/management/observability/alerts/{alertId:guid}/acknowledge	403	must-need-permission
 D2	POST	/api/v1/management/observability/alerts/{alertId:guid}/escalate	403	must-need-permission
 D2	POST	/api/v1/management/observability/alerts/{alertId:guid}/resolve	403	must-need-permission
 D2	POST	/api/v1/management/observability/alerts/{alertId:guid}/suppress	403	must-need-permission
 D2	POST	/api/v1/management/observability/health-checks	403	must-need-permission
 D2	POST	/api/v1/management/payments/reconciliation-scan	403	must-need-permission
 D2	POST	/api/v1/management/production/batches	403	must-need-permission
 D2	POST	/api/v1/management/production/batches/{batchId:guid}/cancel	403	must-need-permission
 D2	POST	/api/v1/management/production/batches/{batchId:guid}/complete	403	must-need-permission
 D2	PUT	/api/v1/management/production/batches/{batchId:guid}/recipe-version	403	must-need-permission
 D2	POST	/api/v1/management/production/batches/{batchId:guid}/start	403	must-need-permission
 D2	POST	/api/v1/management/purchasing/purchase-orders	403	must-need-permission
 D2	POST	/api/v1/management/purchasing/purchase-orders/{orderId:guid}/cancel	403	must-need-permission
 D2	POST	/api/v1/management/purchasing/purchase-orders/{orderId:guid}/receipts	403	must-need-permission
 D2	POST	/api/v1/management/purchasing/purchase-orders/{orderId:guid}/submit	403	must-need-permission
 D2	POST	/api/v1/management/purchasing/suppliers	403	must-need-permission
 D2	PUT	/api/v1/management/purchasing/suppliers/{supplierId:guid}	403	must-need-permission
 D2	POST	/api/v1/management/purchasing/suppliers/{supplierId:guid}/activate	403	must-need-permission
 D2	POST	/api/v1/management/purchasing/suppliers/{supplierId:guid}/deactivate	403	must-need-permission
 D2	POST	/api/v1/management/recipes/	403	must-need-permission
 D2	POST	/api/v1/management/recipes/products/{productId:guid}/mapping	403	must-need-permission
 D2	DELETE	/api/v1/management/recipes/products/{productId:guid}/mapping	403	must-need-permission
 D2	POST	/api/v1/management/recipes/unit-conversions	403	must-need-permission
 D2	POST	/api/v1/management/recipes/versions/{versionId:guid}/ingredients	403	must-need-permission
 D2	DELETE	/api/v1/management/recipes/versions/{versionId:guid}/ingredients/{ingredientItemId:guid}	403	must-need-permission
 D2	POST	/api/v1/management/recipes/versions/{versionId:guid}/lock	403	must-need-permission
 D2	POST	/api/v1/management/recipes/{recipeId:guid}/versions	403	must-need-permission
 D2	POST	/api/v1/management/recipes/{recipeId:guid}/versions/next	403	must-need-permission
 D2	POST	/api/v1/management/recipes/{recipeId:guid}/versions/{versionNumber:int}/activate	403	must-need-permission
 D2	POST	/api/v1/management/recipes/{recipeVersionId:guid}/cost-snapshots/	403	must-need-permission
 D2	POST	/api/v1/management/reconciliation/cases/	403	must-need-permission
 D2	POST	/api/v1/management/reconciliation/cases/{caseId:guid}/notes	403	must-need-permission
 D2	POST	/api/v1/management/reconciliation/cases/{caseId:guid}/transition	403	must-need-permission
 D2	POST	/api/v1/management/reconciliation/online-orders/cases/{caseId:guid}/resolve	403	must-need-permission
 D2	POST	/api/v1/management/reconciliation/online-orders/cases/{caseId:guid}/retry	403	must-need-permission
 D2	POST	/api/v1/management/reconciliation/online-orders/scan	403	must-need-permission
 D2	POST	/api/v1/management/reporting/business-day/open	403	must-need-permission
 D2	POST	/api/v1/management/reporting/business-day/{businessDate}/close	403	must-need-permission
 D2	POST	/api/v1/management/roles/permissions	400	second-pass
 D2	POST	/api/v1/management/roles/roles	400	second-pass
 D2	POST	/api/v1/management/roles/roles/{roleId:guid}/permissions	400	second-pass
 D2	DELETE	/api/v1/management/roles/roles/{roleId:guid}/permissions/{permissionCode}	403	must-need-permission
 D2	POST	/api/v1/management/roles/roles/{roleId:guid}/users/{userId:guid}	403	must-need-permission
 D2	DELETE	/api/v1/management/roles/roles/{roleId:guid}/users/{userId:guid}	403	must-need-permission
 D2	POST	/api/v1/management/security/diagnostic-bundle	403	must-need-permission
 D2	POST	/api/v1/management/security/maintenance/jobs/{name}/run	403	must-need-permission
 D2	POST	/api/v1/management/security/orders/close-settled	403	must-need-permission
 D2	POST	/api/v1/management/security/outbox/dead-letters/{id:guid}/requeue	403	must-need-permission
 D2	POST	/api/v1/management/security/secrets/{name}/rotation/initialize	403	must-need-permission
 D2	POST	/api/v1/management/security/secrets/{name}/rotation/revoke	403	must-need-permission
 D2	POST	/api/v1/management/security/secrets/{name}/rotation/rollback	403	must-need-permission
 D2	POST	/api/v1/management/security/secrets/{name}/rotation/rotate	403	must-need-permission
 D2	POST	/api/v1/management/security/users/{userId:guid}/force-unlock	403	must-need-permission
 D2	POST	/api/v1/management/security/users/{userId:guid}/revoke-sessions	403	must-need-permission
 D2	PUT	/api/v1/management/settings/{key}	403	must-need-permission
 D2	DELETE	/api/v1/management/settings/{key}	403	must-need-permission
 D2	POST	/api/v1/management/users/	400	second-pass
 D2	POST	/api/v1/terminals/{terminalId:guid}/billing/bills/from-order/{orderId:guid}	403	must-need-permission
 D2	POST	/api/v1/terminals/{terminalId:guid}/billing/bills/{billId:guid}/discount	400	session-only-by-design
 D2	PUT	/api/v1/terminals/{terminalId:guid}/billing/bills/{billId:guid}/split-design/amounts	403	must-need-permission
 D2	POST	/api/v1/terminals/{terminalId:guid}/billing/bills/{billId:guid}/split-design/clear	403	must-need-permission
 D2	PUT	/api/v1/terminals/{terminalId:guid}/billing/bills/{billId:guid}/split-design/custom	403	must-need-permission
 D2	PUT	/api/v1/terminals/{terminalId:guid}/billing/bills/{billId:guid}/split-design/equal	403	must-need-permission
 D2	PUT	/api/v1/terminals/{terminalId:guid}/billing/bills/{billId:guid}/split-design/items	403	must-need-permission
 D2	POST	/api/v1/terminals/{terminalId:guid}/billing/bills/{billId:guid}/tenders/	400	must-need-permission
 D2	POST	/api/v1/terminals/{terminalId:guid}/billing/bills/{billId:guid}/tenders/confirmations/{confirmationId:guid}/approve	403	must-need-permission
 D2	POST	/api/v1/terminals/{terminalId:guid}/billing/bills/{billId:guid}/tenders/confirmations/{confirmationId:guid}/reject	403	must-need-permission
 D2	POST	/api/v1/terminals/{terminalId:guid}/billing/bills/{billId:guid}/tenders/unsettled/{paymentId:guid}/card-charged	403	must-need-permission
 D2	POST	/api/v1/terminals/{terminalId:guid}/billing/bills/{billId:guid}/tenders/unsettled/{paymentId:guid}/not-charged	403	must-need-permission
 D2	POST	/api/v1/terminals/{terminalId:guid}/billing/bills/{billId:guid}/tip	403	must-need-permission
 D2	POST	/api/v1/terminals/{terminalId:guid}/cash-sessions/	201	must-need-permission
 D2	POST	/api/v1/terminals/{terminalId:guid}/cash-sessions/{cashSessionId:guid}/cash-movements	400	must-need-permission
 D2	POST	/api/v1/terminals/{terminalId:guid}/cash-sessions/{cashSessionId:guid}/cash-tender	400	must-need-permission
 D2	POST	/api/v1/terminals/{terminalId:guid}/cash-sessions/{cashSessionId:guid}/close	404	must-need-permission
 D2	POST	/api/v1/terminals/{terminalId:guid}/cash-sessions/{cashSessionId:guid}/counts	404	must-need-permission
 D2	POST	/api/v1/terminals/{terminalId:guid}/cash-sessions/{cashSessionId:guid}/reconcile	404	must-need-permission
 D2	POST	/api/v1/terminals/{terminalId:guid}/cash-sessions/{cashSessionId:guid}/start-count	404	must-need-permission
 D2	POST	/api/v1/terminals/{terminalId:guid}/display-sessions/revoke	200	session-only-by-design
 D2	POST	/api/v1/terminals/{terminalId:guid}/help-requests/	400	session-only-by-design
 D2	POST	/api/v1/terminals/{terminalId:guid}/kitchen-operations/deliveries/{deliveryId:guid}/reprint-approval	403	must-need-permission
 D2	POST	/api/v1/terminals/{terminalId:guid}/kitchen-operations/deliveries/{deliveryId:guid}/reprint-rejection	403	must-need-permission
 D2	POST	/api/v1/terminals/{terminalId:guid}/kitchen-operations/operations/backups	403	must-need-permission
 D2	PUT	/api/v1/terminals/{terminalId:guid}/kitchen-operations/printers/{printerId:guid}	403	must-need-permission
 D2	POST	/api/v1/terminals/{terminalId:guid}/kitchen-operations/products/{productId:guid}/suspend	403	must-need-permission
 D2	POST	/api/v1/terminals/{terminalId:guid}/kitchen-operations/routes/{routeId:guid}	403	must-need-permission
 D2	PUT	/api/v1/terminals/{terminalId:guid}/kitchen-operations/routes/{routeId:guid}	403	must-need-permission
 D2	POST	/api/v1/terminals/{terminalId:guid}/kitchen-operations/tickets/{ticketId:guid}/items/{itemId:guid}/transition	403	must-need-permission
 D2	POST	/api/v1/terminals/{terminalId:guid}/kitchen-operations/tickets/{ticketId:guid}/items/{itemId:guid}/undo	403	must-need-permission
 D2	POST	/api/v1/terminals/{terminalId:guid}/kitchen-operations/tickets/{ticketId:guid}/transition	403	must-need-permission
 D2	POST	/api/v1/terminals/{terminalId:guid}/offline-reconciliation/	404	session-only-by-design
 D2	PUT	/api/v1/terminals/{terminalId:guid}/online-menu/{provider}/mappings/{productId:guid}	403	must-need-permission
 D2	DELETE	/api/v1/terminals/{terminalId:guid}/online-menu/{provider}/mappings/{productId:guid}	403	must-need-permission
 D2	POST	/api/v1/terminals/{terminalId:guid}/online-operations/orders/{orderId:guid}/cancel	403	must-need-permission
 D2	POST	/api/v1/terminals/{terminalId:guid}/online-operations/orders/{orderId:guid}/hand-over	403	must-need-permission
 D2	POST	/api/v1/terminals/{terminalId:guid}/online-ordering/catalog-publications/	403	must-need-permission
 D2	PUT	/api/v1/terminals/{terminalId:guid}/online-platform-credentials/{provider}	403	must-need-permission
 D2	POST	/api/v1/terminals/{terminalId:guid}/online-problems/{caseId:guid}/resolve	403	must-need-permission
 D2	POST	/api/v1/terminals/{terminalId:guid}/online-problems/{caseId:guid}/retry	403	must-need-permission
 D2	PUT	/api/v1/terminals/{terminalId:guid}/online-store-status/{provider}	403	must-need-permission
 D2	POST	/api/v1/terminals/{terminalId:guid}/orders	403	must-need-permission
 D2	POST	/api/v1/terminals/{terminalId:guid}/orders/handoff-note/pop	204	session-only-by-design
 D2	POST	/api/v1/terminals/{terminalId:guid}/orders/table	403	must-need-permission
 D2	POST	/api/v1/terminals/{terminalId:guid}/orders/table-draft	403	must-need-permission
 D2	POST	/api/v1/terminals/{terminalId:guid}/orders/transfer-server	403	must-need-permission
 D2	POST	/api/v1/terminals/{terminalId:guid}/orders/{orderId:guid}/accept	403	must-need-permission
 D2	POST	/api/v1/terminals/{terminalId:guid}/orders/{orderId:guid}/fire-course	403	must-need-permission
 D2	POST	/api/v1/terminals/{terminalId:guid}/orders/{orderId:guid}/items	403	must-need-permission
 D2	PATCH	/api/v1/terminals/{terminalId:guid}/orders/{orderId:guid}/items/{itemId:guid}	403	must-need-permission
 D2	DELETE	/api/v1/terminals/{terminalId:guid}/orders/{orderId:guid}/items/{itemId:guid}	400	second-pass
 D2	POST	/api/v1/terminals/{terminalId:guid}/orders/{orderId:guid}/items/{itemId:guid}/comp	400	session-only-by-design
 D2	POST	/api/v1/terminals/{terminalId:guid}/orders/{orderId:guid}/items/{itemId:guid}/void	403	must-need-permission
 D2	POST	/api/v1/terminals/{terminalId:guid}/orders/{orderId:guid}/items/{itemId:guid}/void-sent	400	session-only-by-design
 D2	POST	/api/v1/terminals/{terminalId:guid}/orders/{orderId:guid}/recall-from-cashier	403	must-need-permission
 D2	POST	/api/v1/terminals/{terminalId:guid}/orders/{orderId:guid}/reject	403	must-need-permission
 D2	POST	/api/v1/terminals/{terminalId:guid}/orders/{orderId:guid}/send-to-cashier	403	must-need-permission
 D2	POST	/api/v1/terminals/{terminalId:guid}/orders/{orderId:guid}/submit	403	must-need-permission
 D2	POST	/api/v1/terminals/{terminalId:guid}/orders/{orderId:guid}/submit-draft	403	must-need-permission
 D2	POST	/api/v1/terminals/{terminalId:guid}/pairings/approve	400	session-only-by-design
 D2	POST	/api/v1/terminals/{terminalId:guid}/push/subscriptions	400	session-only-by-design
 D2	DELETE	/api/v1/terminals/{terminalId:guid}/push/subscriptions	400	session-only-by-design
 D2	POST	/api/v1/terminals/{terminalId:guid}/qnb-credential/	403	must-need-permission
 D2	POST	/api/v1/terminals/{terminalId:guid}/qnb-credential/test-connection	403	must-need-permission
 D2	POST	/api/v1/terminals/{terminalId:guid}/relay-credential/	403	must-need-permission
 D2	POST	/api/v1/terminals/{terminalId:guid}/relay-credential/provision	403	must-need-permission
 D2	PUT	/api/v1/terminals/{terminalId:guid}/table-management/floor-plans/{zoneId:guid}	403	must-need-permission
 D2	POST	/api/v1/terminals/{terminalId:guid}/table-management/merges	403	must-need-permission
 D2	POST	/api/v1/terminals/{terminalId:guid}/table-management/merges/{mergeGroupId:guid}/unmerge	403	must-need-permission
 D2	POST	/api/v1/terminals/{terminalId:guid}/table-management/reservations	403	must-need-permission
 D2	POST	/api/v1/terminals/{terminalId:guid}/table-management/reservations/{reservationId:guid}/cancel	403	must-need-permission
 D2	POST	/api/v1/terminals/{terminalId:guid}/table-management/reservations/{reservationId:guid}/claim	403	must-need-permission
 D2	POST	/api/v1/terminals/{terminalId:guid}/table-management/reservations/{reservationId:guid}/expire	403	must-need-permission
 D2	POST	/api/v1/terminals/{terminalId:guid}/table-management/tables	403	must-need-permission
 D2	PUT	/api/v1/terminals/{terminalId:guid}/table-management/tables/{tableId:guid}	403	must-need-permission
 D2	POST	/api/v1/terminals/{terminalId:guid}/table-management/tables/{tableId:guid}/status	403	must-need-permission
 D2	POST	/api/v1/terminals/{terminalId:guid}/table-management/transfers	403	must-need-permission
 D2	POST	/api/v1/terminals/{terminalId:guid}/table-management/zones	403	must-need-permission
 D2	PUT	/api/v1/terminals/{terminalId:guid}/table-management/zones/{zoneId:guid}	403	must-need-permission
 D2	DELETE	/api/v1/terminals/{terminalId:guid}/table-management/zones/{zoneId:guid}	403	must-need-permission
 D2	POST	/api/v1/terminals/{terminalId:guid}/token-credential/	403	must-need-permission
 D2-PASSED-GUARD	POST /api/v1/terminals/{terminalId:guid}/billing/bills/{billId:guid}/tenders/ -> 400
 D2-PASSED-GUARD	POST /api/v1/terminals/{terminalId:guid}/cash-sessions/ -> 201
 D2-PASSED-GUARD	POST /api/v1/terminals/{terminalId:guid}/cash-sessions/{cashSessionId:guid}/cash-movements -> 400
 D2-PASSED-GUARD	POST /api/v1/terminals/{terminalId:guid}/cash-sessions/{cashSessionId:guid}/cash-tender -> 400
 D2-PASSED-GUARD	POST /api/v1/terminals/{terminalId:guid}/cash-sessions/{cashSessionId:guid}/close -> 404
 D2-PASSED-GUARD	POST /api/v1/terminals/{terminalId:guid}/cash-sessions/{cashSessionId:guid}/counts -> 404
 D2-PASSED-GUARD	POST /api/v1/terminals/{terminalId:guid}/cash-sessions/{cashSessionId:guid}/reconcile -> 404
 D2-PASSED-GUARD	POST /api/v1/terminals/{terminalId:guid}/cash-sessions/{cashSessionId:guid}/start-count -> 404


info: Microsoft.AspNetCore.Http.Result.OkObjectResult[1]
      Setting HTTP status code 200.
info: Microsoft.AspNetCore.Http.Result.OkObjectResult[3]
      Writing value of type '<>f__AnonymousType3`6' as Json.
info: Microsoft.AspNetCore.Routing.EndpointMiddleware[1]
      Executed endpoint 'HTTP: POST /api/v1/auth/login'
info: Microsoft.AspNetCore.Hosting.Diagnostics[2]
      Request finished HTTP/1.1 POST https://127.0.0.1:46097/api/v1/auth/login - 200 - application/json;+charset=utf-8 475.5329ms
info: Microsoft.AspNetCore.Hosting.Diagnostics[1]
      Request starting HTTP/1.1 POST http://127.0.0.1:46097/api/v1/terminals/4d755746-b96d-4a57-867a-b8fdc14d2833/offline-reconciliation - application/json;+charset=utf-8 493
info: Microsoft.AspNetCore.Routing.EndpointMiddleware[0]
      Executing endpoint 'HTTP: POST /api/v1/terminals/{terminalId:guid}/offline-reconciliation/'
info: Microsoft.AspNetCore.Http.Result.OkObjectResult[1]
      Setting HTTP status code 200.
info: Microsoft.AspNetCore.Http.Result.OkObjectResult[3]
      Writing value of type 'OfflineReconciliationResponseV1' as Json.
info: Microsoft.AspNetCore.Routing.EndpointMiddleware[1]
      Executed endpoint 'HTTP: POST /api/v1/terminals/{terminalId:guid}/offline-reconciliation/'
info: Microsoft.AspNetCore.Hosting.Diagnostics[2]
      Request finished HTTP/1.1 POST https://127.0.0.1:46097/api/v1/terminals/4d755746-b96d-4a57-867a-b8fdc14d2833/offline-reconciliation - 200 - application/json;+charset=utf-8 47.8634ms
[xUnit.net 00:00:13.67]     ALKAROS.Audit.AuthorizationProbes.AuthorizationProbes.C7OfflineReconciliationAppliesOwnCheck [FAIL]
[xUnit.net 00:00:13.67]       Assert.Equal() Failure: Strings differ
[xUnit.net 00:00:13.67]                  ↓ (pos 0)
[xUnit.net 00:00:13.67]       Expected: "Denied"
[xUnit.net 00:00:13.67]       Actual:   "Pending"
[xUnit.net 00:00:13.67]                  ↑ (pos 0)
[xUnit.net 00:00:13.67]       Stack Trace:
[xUnit.net 00:00:13.67]         /a399/evidence/V1-RMD-399/probes/AuthorizationProbes/AuthorizationProbes.cs(325,0): at ALKAROS.Audit.AuthorizationProbes.AuthorizationProbes.C7OfflineReconciliationAppliesOwnCheck()
[xUnit.net 00:00:13.67]         --- End of stack trace from previous location ---
[xUnit.net 00:00:13.67]       Output:
[xUnit.net 00:00:13.67]         offline comp on another waiter's check -> Pending
info: Microsoft.AspNetCore.Hosting.Diagnostics[1]
      Request starting HTTP/1.1 POST http://127.0.0.1:46097/api/v1/management/authorization/behavioural-tightenings/c1757ab0-78f6-470c-90a3-2d2b673f5d0d/clear - application/json;+charset=utf-8 2
info: Microsoft.AspNetCore.Routing.EndpointMiddleware[0]
      Executing endpoint 'HTTP: POST /api/v1/management/authorization/behavioural-tightenings/{tighteningId:guid}/clear'
info: Microsoft.AspNetCore.Http.Result.JsonResult[1]
      Setting HTTP status code 403.
info: Microsoft.AspNetCore.Http.Result.JsonResult[3]
      Writing value of type 'AuthorizationDecisionErrorEnvelopeV1' as Json.
info: Microsoft.AspNetCore.Routing.EndpointMiddleware[1]
      Executed endpoint 'HTTP: POST /api/v1/management/authorization/behavioural-tightenings/{tighteningId:guid}/clear'
info: Microsoft.AspNetCore.Hosting.Diagnostics[2]
      Request finished HTTP/1.1 POST https://127.0.0.1:46097/api/v1/management/authorization/behavioural-tightenings/c1757ab0-78f6-470c-90a3-2d2b673f5d0d/clear - 403 - application/json;+charset=utf-8 13.5049ms
info: Microsoft.AspNetCore.Hosting.Diagnostics[1]
      Request starting HTTP/1.1 POST http://127.0.0.1:46097/api/v1/auth/login - application/json;+charset=utf-8 116
info: Microsoft.AspNetCore.Routing.EndpointMiddleware[0]
      Executing endpoint 'HTTP: POST /api/v1/auth/login'
info: Microsoft.AspNetCore.Http.Result.OkObjectResult[1]
      Setting HTTP status code 200.
info: Microsoft.AspNetCore.Http.Result.OkObjectResult[3]
      Writing value of type '<>f__AnonymousType3`6' as Json.
info: Microsoft.AspNetCore.Routing.EndpointMiddleware[1]
      Executed endpoint 'HTTP: POST /api/v1/auth/login'
info: Microsoft.AspNetCore.Hosting.Diagnostics[2]
      Request finished HTTP/1.1 POST https://127.0.0.1:46097/api/v1/auth/login - 200 - application/json;+charset=utf-8 519.6803ms
info: Microsoft.AspNetCore.Hosting.Diagnostics[1]
      Request starting HTTP/1.1 POST http://127.0.0.1:46097/api/v1/terminals/36eb9e7b-a51e-42d9-920e-59a5d4249a62/cash-sessions - application/json;+charset=utf-8 22
info: Microsoft.AspNetCore.Routing.EndpointMiddleware[0]
      Executing endpoint 'HTTP: POST /api/v1/terminals/{terminalId:guid}/cash-sessions/'
info: Microsoft.AspNetCore.Http.Result.CreatedResult[1]
      Setting HTTP status code 201.
info: Microsoft.AspNetCore.Http.Result.CreatedResult[3]
      Writing value of type 'CashSessionSnapshot' as Json.
info: Microsoft.AspNetCore.Routing.EndpointMiddleware[1]
      Executed endpoint 'HTTP: POST /api/v1/terminals/{terminalId:guid}/cash-sessions/'
info: Microsoft.AspNetCore.Hosting.Diagnostics[2]
      Request finished HTTP/1.1 POST https://127.0.0.1:46097/api/v1/terminals/36eb9e7b-a51e-42d9-920e-59a5d4249a62/cash-sessions - 201 - application/json;+charset=utf-8 13.2450ms
[xUnit.net 00:00:14.24]     ALKAROS.Audit.AuthorizationProbes.AuthorizationProbes.D3RoleWithoutCashDrawerCannotOperateTheDrawer(roleCode: "kitchen-staff") [FAIL]
[xUnit.net 00:00:14.24]       Assert.Contains() Failure: Item not found in collection
[xUnit.net 00:00:14.24]       Collection: [Unauthorized, Forbidden]
[xUnit.net 00:00:14.24]       Not found:  Created
[xUnit.net 00:00:14.24]       Stack Trace:
[xUnit.net 00:00:14.24]         /a399/evidence/V1-RMD-399/probes/AuthorizationProbes/AuthorizationProbes.cs(442,0): at ALKAROS.Audit.AuthorizationProbes.AuthorizationProbes.D3RoleWithoutCashDrawerCannotOperateTheDrawer(String roleCode)
[xUnit.net 00:00:14.24]         --- End of stack trace from previous location ---
[xUnit.net 00:00:14.24]       Output:
[xUnit.net 00:00:14.24]         kitchen-staff opens a cash session: 201
info: Microsoft.AspNetCore.Hosting.Diagnostics[1]
      Request starting HTTP/1.1 POST http://127.0.0.1:46097/api/v1/auth/login - application/json;+charset=utf-8 116
info: Microsoft.AspNetCore.Routing.EndpointMiddleware[0]
      Executing endpoint 'HTTP: POST /api/v1/auth/login'
  Failed ALKAROS.Audit.AuthorizationProbes.AuthorizationProbes.C7OfflineReconciliationAppliesOwnCheck [561 ms]
  Error Message:
   Assert.Equal() Failure: Strings differ
           ↓ (pos 0)
Expected: "Denied"
Actual:   "Pending"
           ↑ (pos 0)
  Stack Trace:
     at ALKAROS.Audit.AuthorizationProbes.AuthorizationProbes.C7OfflineReconciliationAppliesOwnCheck() in /a399/evidence/V1-RMD-399/probes/AuthorizationProbes/AuthorizationProbes.cs:line 325
--- End of stack trace from previous location ---
  Standard Output Messages:
 offline comp on another waiter's check -> Pending


  Passed ALKAROS.Audit.AuthorizationProbes.AuthorizationProbes.C5UserCannotClearOwnTightening [27 ms]
  Failed ALKAROS.Audit.AuthorizationProbes.AuthorizationProbes.D3RoleWithoutCashDrawerCannotOperateTheDrawer(roleCode: "kitchen-staff") [546 ms]
  Error Message:
   Assert.Contains() Failure: Item not found in collection
Collection: [Unauthorized, Forbidden]
Not found:  Created
  Stack Trace:
     at ALKAROS.Audit.AuthorizationProbes.AuthorizationProbes.D3RoleWithoutCashDrawerCannotOperateTheDrawer(String roleCode) in /a399/evidence/V1-RMD-399/probes/AuthorizationProbes/AuthorizationProbes.cs:line 442
--- End of stack trace from previous location ---
  Standard Output Messages:
 kitchen-staff opens a cash session: 201


info: Microsoft.AspNetCore.Http.Result.OkObjectResult[1]
      Setting HTTP status code 200.
info: Microsoft.AspNetCore.Http.Result.OkObjectResult[3]
      Writing value of type '<>f__AnonymousType3`6' as Json.
info: Microsoft.AspNetCore.Routing.EndpointMiddleware[1]
      Executed endpoint 'HTTP: POST /api/v1/auth/login'
info: Microsoft.AspNetCore.Hosting.Diagnostics[2]
      Request finished HTTP/1.1 POST https://127.0.0.1:46097/api/v1/auth/login - 200 - application/json;+charset=utf-8 435.2939ms
info: Microsoft.AspNetCore.Hosting.Diagnostics[1]
      Request starting HTTP/1.1 POST http://127.0.0.1:46097/api/v1/terminals/10912a77-1333-4238-87d1-d7262f5d8a08/cash-sessions - application/json;+charset=utf-8 22
info: Microsoft.AspNetCore.Routing.EndpointMiddleware[0]
      Executing endpoint 'HTTP: POST /api/v1/terminals/{terminalId:guid}/cash-sessions/'
info: Microsoft.AspNetCore.Http.Result.CreatedResult[1]
      Setting HTTP status code 201.
info: Microsoft.AspNetCore.Http.Result.CreatedResult[3]
      Writing value of type 'CashSessionSnapshot' as Json.
info: Microsoft.AspNetCore.Routing.EndpointMiddleware[1]
      Executed endpoint 'HTTP: POST /api/v1/terminals/{terminalId:guid}/cash-sessions/'
info: Microsoft.AspNetCore.Hosting.Diagnostics[2]
      Request finished HTTP/1.1 POST https://127.0.0.1:46097/api/v1/terminals/10912a77-1333-4238-87d1-d7262f5d8a08/cash-sessions - 201 - application/json;+charset=utf-8 6.2562ms
[xUnit.net 00:00:14.69]     ALKAROS.Audit.AuthorizationProbes.AuthorizationProbes.D3RoleWithoutCashDrawerCannotOperateTheDrawer(roleCode: "waiter") [FAIL]
[xUnit.net 00:00:14.69]       Assert.Contains() Failure: Item not found in collection
[xUnit.net 00:00:14.69]       Collection: [Unauthorized, Forbidden]
[xUnit.net 00:00:14.69]       Not found:  Created
[xUnit.net 00:00:14.69]       Stack Trace:
[xUnit.net 00:00:14.69]         /a399/evidence/V1-RMD-399/probes/AuthorizationProbes/AuthorizationProbes.cs(442,0): at ALKAROS.Audit.AuthorizationProbes.AuthorizationProbes.D3RoleWithoutCashDrawerCannotOperateTheDrawer(String roleCode)
[xUnit.net 00:00:14.69]         --- End of stack trace from previous location ---
[xUnit.net 00:00:14.69]       Output:
[xUnit.net 00:00:14.69]         waiter opens a cash session: 201
info: Microsoft.AspNetCore.Hosting.Diagnostics[1]
      Request starting HTTP/1.1 PUT http://127.0.0.1:46097/api/v1/management/business-identity/logo - multipart/form-data;+boundary="cc298506-c96f-4072-9c1a-7385f1b98f6b" 210
info: Microsoft.AspNetCore.Routing.EndpointMiddleware[0]
      Executing endpoint 'HTTP: PUT /api/v1/management/business-identity/logo'
info: Microsoft.AspNetCore.Http.Result.JsonResult[1]
      Setting HTTP status code 401.
info: Microsoft.AspNetCore.Http.Result.JsonResult[3]
      Writing value of type 'SettingsApiErrorEnvelopeV1' as Json.
info: Microsoft.AspNetCore.Routing.EndpointMiddleware[1]
      Executed endpoint 'HTTP: PUT /api/v1/management/business-identity/logo'
info: Microsoft.AspNetCore.Hosting.Diagnostics[2]
      Request finished HTTP/1.1 PUT https://127.0.0.1:46097/api/v1/management/business-identity/logo - 401 - application/json;+charset=utf-8 11.4951ms
info: Microsoft.AspNetCore.Hosting.Diagnostics[1]
      Request starting HTTP/1.1 PUT http://127.0.0.1:46097/api/v1/management/customer-display/screensaver - multipart/form-data;+boundary="1b898203-3d29-4dfe-a259-bb417f3e2364" 210
info: Microsoft.AspNetCore.Routing.EndpointMiddleware[0]
      Executing endpoint 'HTTP: PUT /api/v1/management/customer-display/screensaver'
info: Microsoft.AspNetCore.Http.Result.JsonResult[1]
      Setting HTTP status code 401.
info: Microsoft.AspNetCore.Http.Result.JsonResult[3]
      Writing value of type 'CatalogApiErrorEnvelopeV1' as Json.
info: Microsoft.AspNetCore.Routing.EndpointMiddleware[1]
      Executed endpoint 'HTTP: PUT /api/v1/management/customer-display/screensaver'
info: Microsoft.AspNetCore.Hosting.Diagnostics[2]
      Request finished HTTP/1.1 PUT https://127.0.0.1:46097/api/v1/management/customer-display/screensaver - 401 - application/json;+charset=utf-8 1.3911ms
info: Microsoft.AspNetCore.Hosting.Diagnostics[1]
      Request starting HTTP/1.1 DELETE http://127.0.0.1:46097/api/v1/terminals/1e9f143d-7122-4c5a-9f7d-0b933ad51764/orders/5771a55f-2e74-4b67-9be5-81e9d5514412/items/f3e69447-db46-4cfe-a1de-0e166d1a92d4?expectedRevision=1 - - -
info: Microsoft.AspNetCore.Routing.EndpointMiddleware[0]
      Executing endpoint 'HTTP: DELETE /api/v1/terminals/{terminalId:guid}/orders/{orderId:guid}/items/{itemId:guid}'
info: Microsoft.AspNetCore.Routing.EndpointMiddleware[1]
      Executed endpoint 'HTTP: DELETE /api/v1/terminals/{terminalId:guid}/orders/{orderId:guid}/items/{itemId:guid}'
info: Microsoft.AspNetCore.Hosting.Diagnostics[2]
      Request finished HTTP/1.1 DELETE https://127.0.0.1:46097/api/v1/terminals/1e9f143d-7122-4c5a-9f7d-0b933ad51764/orders/5771a55f-2e74-4b67-9be5-81e9d5514412/items/f3e69447-db46-4cfe-a1de-0e166d1a92d4?expectedRevision=1 - 401 - application/json;+charset=utf-8 1.7146ms
info: Microsoft.AspNetCore.Hosting.Diagnostics[1]
      Request starting HTTP/1.1 DELETE http://127.0.0.1:46097/api/v1/terminals/1e9f143d-7122-4c5a-9f7d-0b933ad51764/push/subscriptions?endpoint=https%3A%2F%2Fpush.example%2Fx - - -
info: Microsoft.AspNetCore.Routing.EndpointMiddleware[0]
      Executing endpoint 'HTTP: DELETE /api/v1/terminals/{terminalId:guid}/push/subscriptions'
info: Microsoft.AspNetCore.Routing.EndpointMiddleware[1]
      Executed endpoint 'HTTP: DELETE /api/v1/terminals/{terminalId:guid}/push/subscriptions'
info: Microsoft.AspNetCore.Hosting.Diagnostics[2]
      Request finished HTTP/1.1 DELETE https://127.0.0.1:46097/api/v1/terminals/1e9f143d-7122-4c5a-9f7d-0b933ad51764/push/subscriptions?endpoint=https%3A%2F%2Fpush.example%2Fx - 401 - application/json;+charset=utf-8 1.4992ms
info: Microsoft.AspNetCore.Hosting.Diagnostics[1]
      Request starting HTTP/1.1 POST http://127.0.0.1:46097/api/v1/auth/login - application/json;+charset=utf-8 116
info: Microsoft.AspNetCore.Routing.EndpointMiddleware[0]
      Executing endpoint 'HTTP: POST /api/v1/auth/login'
info: Microsoft.AspNetCore.Http.Result.OkObjectResult[1]
      Setting HTTP status code 200.
info: Microsoft.AspNetCore.Http.Result.OkObjectResult[3]
      Writing value of type '<>f__AnonymousType3`6' as Json.
info: Microsoft.AspNetCore.Routing.EndpointMiddleware[1]
      Executed endpoint 'HTTP: POST /api/v1/auth/login'
info: Microsoft.AspNetCore.Hosting.Diagnostics[2]
      Request finished HTTP/1.1 POST https://127.0.0.1:46097/api/v1/auth/login - 200 - application/json;+charset=utf-8 485.6354ms
info: Microsoft.AspNetCore.Hosting.Diagnostics[1]
      Request starting HTTP/1.1 POST http://127.0.0.1:46097/api/v1/auth/login - application/json;+charset=utf-8 116
info: Microsoft.AspNetCore.Routing.EndpointMiddleware[0]
      Executing endpoint 'HTTP: POST /api/v1/auth/login'
info: Microsoft.AspNetCore.Http.Result.OkObjectResult[1]
      Setting HTTP status code 200.
info: Microsoft.AspNetCore.Http.Result.OkObjectResult[3]
      Writing value of type '<>f__AnonymousType3`6' as Json.
info: Microsoft.AspNetCore.Routing.EndpointMiddleware[1]
      Executed endpoint 'HTTP: POST /api/v1/auth/login'
info: Microsoft.AspNetCore.Hosting.Diagnostics[2]
      Request finished HTTP/1.1 POST https://127.0.0.1:46097/api/v1/auth/login - 200 - application/json;+charset=utf-8 467.8271ms
info: Microsoft.AspNetCore.Hosting.Diagnostics[1]
      Request starting HTTP/1.1 POST http://127.0.0.1:46097/api/v1/terminals/7d3b581d-1f8f-4238-a0b2-5e0c21f1d458/offline-reconciliation - application/json;+charset=utf-8 492
info: Microsoft.AspNetCore.Routing.EndpointMiddleware[0]
      Executing endpoint 'HTTP: POST /api/v1/terminals/{terminalId:guid}/offline-reconciliation/'
info: Microsoft.AspNetCore.Http.Result.JsonResult[1]
      Setting HTTP status code 403.
info: Microsoft.AspNetCore.Http.Result.JsonResult[3]
      Writing value of type 'OfflineReconciliationErrorV1' as Json.
info: Microsoft.AspNetCore.Routing.EndpointMiddleware[1]
      Executed endpoint 'HTTP: POST /api/v1/terminals/{terminalId:guid}/offline-reconciliation/'
info: Microsoft.AspNetCore.Hosting.Diagnostics[2]
      Request finished HTTP/1.1 POST https://127.0.0.1:46097/api/v1/terminals/7d3b581d-1f8f-4238-a0b2-5e0c21f1d458/offline-reconciliation - 403 - application/json;+charset=utf-8 5.8456ms
info: Microsoft.AspNetCore.Hosting.Diagnostics[1]
      Request starting HTTP/1.1 POST http://127.0.0.1:46097/api/v1/management/roles/permissions - application/json;+charset=utf-8 38
info: Microsoft.AspNetCore.Routing.EndpointMiddleware[0]
      Executing endpoint 'HTTP: POST /api/v1/management/roles/permissions'
info: Microsoft.AspNetCore.Http.Result.JsonResult[1]
      Setting HTTP status code 403.
info: Microsoft.AspNetCore.Http.Result.JsonResult[3]
      Writing value of type 'RoleManagementErrorEnvelopeV1' as Json.
info: Microsoft.AspNetCore.Routing.EndpointMiddleware[1]
      Executed endpoint 'HTTP: POST /api/v1/management/roles/permissions'
info: Microsoft.AspNetCore.Hosting.Diagnostics[2]
      Request finished HTTP/1.1 POST https://127.0.0.1:46097/api/v1/management/roles/permissions - 403 - application/json;+charset=utf-8 10.6534ms
info: Microsoft.AspNetCore.Hosting.Diagnostics[1]
      Request starting HTTP/1.1 POST http://127.0.0.1:46097/api/v1/management/roles/roles - application/json;+charset=utf-8 38
info: Microsoft.AspNetCore.Routing.EndpointMiddleware[0]
      Executing endpoint 'HTTP: POST /api/v1/management/roles/roles'
info: Microsoft.AspNetCore.Http.Result.JsonResult[1]
      Setting HTTP status code 403.
info: Microsoft.AspNetCore.Http.Result.JsonResult[3]
      Writing value of type 'RoleManagementErrorEnvelopeV1' as Json.
info: Microsoft.AspNetCore.Routing.EndpointMiddleware[1]
      Executed endpoint 'HTTP: POST /api/v1/management/roles/roles'
info: Microsoft.AspNetCore.Hosting.Diagnostics[2]
      Request finished HTTP/1.1 POST https://127.0.0.1:46097/api/v1/management/roles/roles - 403 - application/json;+charset=utf-8 11.1033ms
info: Microsoft.AspNetCore.Hosting.Diagnostics[1]
      Request starting HTTP/1.1 POST http://127.0.0.1:46097/api/v1/management/roles/roles/2b000000-0000-0000-0000-000000000003/permissions - application/json;+charset=utf-8 35
info: Microsoft.AspNetCore.Routing.EndpointMiddleware[0]
      Executing endpoint 'HTTP: POST /api/v1/management/roles/roles/{roleId:guid}/permissions'
info: Microsoft.AspNetCore.Http.Result.JsonResult[1]
      Setting HTTP status code 403.
info: Microsoft.AspNetCore.Http.Result.JsonResult[3]
      Writing value of type 'RoleManagementErrorEnvelopeV1' as Json.
info: Microsoft.AspNetCore.Routing.EndpointMiddleware[1]
      Executed endpoint 'HTTP: POST /api/v1/management/roles/roles/{roleId:guid}/permissions'
info: Microsoft.AspNetCore.Hosting.Diagnostics[2]
      Request finished HTTP/1.1 POST https://127.0.0.1:46097/api/v1/management/roles/roles/2b000000-0000-0000-0000-000000000003/permissions - 403 - application/json;+charset=utf-8 6.9443ms
info: Microsoft.AspNetCore.Hosting.Diagnostics[1]
      Request starting HTTP/1.1 POST http://127.0.0.1:46097/api/v1/management/roles/roles/2b000000-0000-0000-0000-000000000003/users/ae011b51-f65c-4f11-bd3c-7ed8d45c70f4 - application/json;+charset=utf-8 2
info: Microsoft.AspNetCore.Routing.EndpointMiddleware[0]
      Executing endpoint 'HTTP: POST /api/v1/management/roles/roles/{roleId:guid}/users/{userId:guid}'
info: Microsoft.AspNetCore.Http.Result.JsonResult[1]
      Setting HTTP status code 403.
info: Microsoft.AspNetCore.Http.Result.JsonResult[3]
      Writing value of type 'RoleManagementErrorEnvelopeV1' as Json.
info: Microsoft.AspNetCore.Routing.EndpointMiddleware[1]
      Executed endpoint 'HTTP: POST /api/v1/management/roles/roles/{roleId:guid}/users/{userId:guid}'
info: Microsoft.AspNetCore.Hosting.Diagnostics[2]
      Request finished HTTP/1.1 POST https://127.0.0.1:46097/api/v1/management/roles/roles/2b000000-0000-0000-0000-000000000003/users/ae011b51-f65c-4f11-bd3c-7ed8d45c70f4 - 403 - application/json;+charset=utf-8 4.7156ms
info: Microsoft.AspNetCore.Hosting.Diagnostics[1]
      Request starting HTTP/1.1 POST http://127.0.0.1:46097/api/v1/management/users - application/json;+charset=utf-8 79
info: Microsoft.AspNetCore.Routing.EndpointMiddleware[0]
      Executing endpoint 'HTTP: POST /api/v1/management/users/'
info: Microsoft.AspNetCore.Http.Result.JsonResult[1]
      Setting HTTP status code 403.
info: Microsoft.AspNetCore.Http.Result.JsonResult[3]
      Writing value of type 'RoleManagementErrorEnvelopeV1' as Json.
info: Microsoft.AspNetCore.Routing.EndpointMiddleware[1]
      Executed endpoint 'HTTP: POST /api/v1/management/users/'
info: Microsoft.AspNetCore.Hosting.Diagnostics[2]
      Request finished HTTP/1.1 POST https://127.0.0.1:46097/api/v1/management/users - 403 - application/json;+charset=utf-8 7.4203ms
info: Microsoft.AspNetCore.Hosting.Diagnostics[1]
      Request starting HTTP/1.1 DELETE http://127.0.0.1:46097/api/v1/terminals/0c71d667-9c86-462b-aa10-7ca7e01a9c8c/orders/79ff52cc-6ecb-4ab9-9a26-2be4618fa4ee/items/34fea2d8-130a-49c3-ba38-9fea60517b63?expectedRevision=1 - - -
info: Microsoft.AspNetCore.Routing.EndpointMiddleware[0]
      Executing endpoint 'HTTP: DELETE /api/v1/terminals/{terminalId:guid}/orders/{orderId:guid}/items/{itemId:guid}'
info: Microsoft.AspNetCore.Routing.EndpointMiddleware[1]
      Executed endpoint 'HTTP: DELETE /api/v1/terminals/{terminalId:guid}/orders/{orderId:guid}/items/{itemId:guid}'
info: Microsoft.AspNetCore.Hosting.Diagnostics[2]
      Request finished HTTP/1.1 DELETE https://127.0.0.1:46097/api/v1/terminals/0c71d667-9c86-462b-aa10-7ca7e01a9c8c/orders/79ff52cc-6ecb-4ab9-9a26-2be4618fa4ee/items/34fea2d8-130a-49c3-ba38-9fea60517b63?expectedRevision=1 - 403 - application/json;+charset=utf-8 5.5216ms
info: Microsoft.AspNetCore.Hosting.Diagnostics[1]
      Request starting HTTP/1.1 PUT http://127.0.0.1:46097/api/v1/management/business-identity/logo - multipart/form-data;+boundary="0b3fa7f5-f43b-45a4-ad91-71e58e7ba693" 210
info: Microsoft.AspNetCore.Routing.EndpointMiddleware[0]
      Executing endpoint 'HTTP: PUT /api/v1/management/business-identity/logo'
info: Microsoft.AspNetCore.Http.Result.JsonResult[1]
      Setting HTTP status code 403.
info: Microsoft.AspNetCore.Http.Result.JsonResult[3]
      Writing value of type 'SettingsApiErrorEnvelopeV1' as Json.
info: Microsoft.AspNetCore.Routing.EndpointMiddleware[1]
      Executed endpoint 'HTTP: PUT /api/v1/management/business-identity/logo'
info: Microsoft.AspNetCore.Hosting.Diagnostics[2]
      Request finished HTTP/1.1 PUT https://127.0.0.1:46097/api/v1/management/business-identity/logo - 403 - application/json;+charset=utf-8 10.1213ms
info: Microsoft.AspNetCore.Hosting.Diagnostics[1]
      Request starting HTTP/1.1 PUT http://127.0.0.1:46097/api/v1/management/customer-display/screensaver - multipart/form-data;+boundary="bc2a8287-06da-4e46-b2e6-3d1b0e3627a0" 210
info: Microsoft.AspNetCore.Routing.EndpointMiddleware[0]
      Executing endpoint 'HTTP: PUT /api/v1/management/customer-display/screensaver'
info: Microsoft.AspNetCore.Http.Result.JsonResult[1]
      Setting HTTP status code 403.
info: Microsoft.AspNetCore.Http.Result.JsonResult[3]
      Writing value of type 'CatalogApiErrorEnvelopeV1' as Json.
info: Microsoft.AspNetCore.Routing.EndpointMiddleware[1]
      Executed endpoint 'HTTP: PUT /api/v1/management/customer-display/screensaver'
info: Microsoft.AspNetCore.Hosting.Diagnostics[2]
      Request finished HTTP/1.1 PUT https://127.0.0.1:46097/api/v1/management/customer-display/screensaver - 403 - application/json;+charset=utf-8 5.6909ms
info: Microsoft.AspNetCore.Hosting.Diagnostics[1]
      Request starting HTTP/1.1 POST http://127.0.0.1:46097/api/v1/auth/login - application/json;+charset=utf-8 116
info: Microsoft.AspNetCore.Routing.EndpointMiddleware[0]
      Executing endpoint 'HTTP: POST /api/v1/auth/login'
  Failed ALKAROS.Audit.AuthorizationProbes.AuthorizationProbes.D3RoleWithoutCashDrawerCannotOperateTheDrawer(roleCode: "waiter") [447 ms]
  Error Message:
   Assert.Contains() Failure: Item not found in collection
Collection: [Unauthorized, Forbidden]
Not found:  Created
  Stack Trace:
     at ALKAROS.Audit.AuthorizationProbes.AuthorizationProbes.D3RoleWithoutCashDrawerCannotOperateTheDrawer(String roleCode) in /a399/evidence/V1-RMD-399/probes/AuthorizationProbes/AuthorizationProbes.cs:line 442
--- End of stack trace from previous location ---
  Standard Output Messages:
 waiter opens a cash session: 201


  Passed ALKAROS.Audit.AuthorizationProbes.AuthorizationProbes.D1SecondPassBindingArtifactsAreGuarded [27 ms]
  Standard Output Messages:
 PUT /api/v1/management/business-identity/logo -> 401
 PUT /api/v1/management/customer-display/screensaver -> 401
 DELETE item -> 401
 DELETE push -> 401


  Passed ALKAROS.Audit.AuthorizationProbes.AuthorizationProbes.C7OfflineBudgetOfAnotherUserIsRejected [971 ms]
  Passed ALKAROS.Audit.AuthorizationProbes.AuthorizationProbes.D2SecondPassPermissionlessSessionIsRefused [88 ms]
  Standard Output Messages:
 /api/v1/management/roles/permissions -> 403
 /api/v1/management/roles/roles -> 403
 /api/v1/management/roles/roles/2b000000-0000-0000-0000-000000000003/permissions -> 403
 /api/v1/management/roles/roles/2b000000-0000-0000-0000-000000000003/users/ae011b51-f65c-4f11-bd3c-7ed8d45c70f4 -> 403
 /api/v1/management/users -> 403
 DELETE item -> 403
 PUT /api/v1/management/business-identity/logo -> 403
 PUT /api/v1/management/customer-display/screensaver -> 403


info: Microsoft.AspNetCore.Http.Result.OkObjectResult[1]
      Setting HTTP status code 200.
info: Microsoft.AspNetCore.Http.Result.OkObjectResult[3]
      Writing value of type '<>f__AnonymousType3`6' as Json.
info: Microsoft.AspNetCore.Routing.EndpointMiddleware[1]
      Executed endpoint 'HTTP: POST /api/v1/auth/login'
info: Microsoft.AspNetCore.Hosting.Diagnostics[2]
      Request finished HTTP/1.1 POST https://127.0.0.1:46097/api/v1/auth/login - 200 - application/json;+charset=utf-8 463.2339ms
info: Microsoft.AspNetCore.Hosting.Diagnostics[1]
      Request starting HTTP/1.1 GET http://127.0.0.1:46097/api/v1/auth/session?terminalId=8fae09a5-c659-4e54-a34c-ab5d681921a5 - - -
info: Microsoft.AspNetCore.Routing.EndpointMiddleware[0]
      Executing endpoint 'HTTP: GET /api/v1/auth/session'
info: Microsoft.AspNetCore.Http.Result.OkObjectResult[1]
      Setting HTTP status code 200.
info: Microsoft.AspNetCore.Http.Result.OkObjectResult[3]
      Writing value of type '<>f__AnonymousType4`5' as Json.
info: Microsoft.AspNetCore.Routing.EndpointMiddleware[1]
      Executed endpoint 'HTTP: GET /api/v1/auth/session'
info: Microsoft.AspNetCore.Hosting.Diagnostics[2]
      Request finished HTTP/1.1 GET https://127.0.0.1:46097/api/v1/auth/session?terminalId=8fae09a5-c659-4e54-a34c-ab5d681921a5 - 200 - application/json;+charset=utf-8 5.9155ms
info: Microsoft.AspNetCore.Hosting.Diagnostics[1]
      Request starting HTTP/1.1 POST http://127.0.0.1:46097/api/v1/auth/logout?terminalId=8fae09a5-c659-4e54-a34c-ab5d681921a5 - application/json;+charset=utf-8 2
info: Microsoft.AspNetCore.Routing.EndpointMiddleware[0]
      Executing endpoint 'HTTP: POST /api/v1/auth/logout'
info: Microsoft.AspNetCore.Http.Result.NoContentResult[1]
      Setting HTTP status code 204.
info: Microsoft.AspNetCore.Routing.EndpointMiddleware[1]
      Executed endpoint 'HTTP: POST /api/v1/auth/logout'
info: Microsoft.AspNetCore.Hosting.Diagnostics[2]
      Request finished HTTP/1.1 POST https://127.0.0.1:46097/api/v1/auth/logout?terminalId=8fae09a5-c659-4e54-a34c-ab5d681921a5 - 204 - - 3.8481ms
info: Microsoft.AspNetCore.Hosting.Diagnostics[1]
      Request starting HTTP/1.1 GET http://127.0.0.1:46097/api/v1/auth/session?terminalId=8fae09a5-c659-4e54-a34c-ab5d681921a5 - - -
info: Microsoft.AspNetCore.Routing.EndpointMiddleware[0]
      Executing endpoint 'HTTP: GET /api/v1/auth/session'
info: Microsoft.AspNetCore.Routing.EndpointMiddleware[1]
      Executed endpoint 'HTTP: GET /api/v1/auth/session'
info: Microsoft.AspNetCore.Hosting.Diagnostics[2]
      Request finished HTTP/1.1 GET https://127.0.0.1:46097/api/v1/auth/session?terminalId=8fae09a5-c659-4e54-a34c-ab5d681921a5 - 401 - application/json;+charset=utf-8 2.0764ms
info: Microsoft.AspNetCore.Hosting.Diagnostics[1]
      Request starting HTTP/1.1 POST http://127.0.0.1:46097/api/v1/auth/login - application/json;+charset=utf-8 116
info: Microsoft.AspNetCore.Routing.EndpointMiddleware[0]
      Executing endpoint 'HTTP: POST /api/v1/auth/login'
info: Microsoft.AspNetCore.Http.Result.OkObjectResult[1]
      Setting HTTP status code 200.
info: Microsoft.AspNetCore.Http.Result.OkObjectResult[3]
      Writing value of type '<>f__AnonymousType3`6' as Json.
info: Microsoft.AspNetCore.Routing.EndpointMiddleware[1]
      Executed endpoint 'HTTP: POST /api/v1/auth/login'
info: Microsoft.AspNetCore.Hosting.Diagnostics[2]
      Request finished HTTP/1.1 POST https://127.0.0.1:46097/api/v1/auth/login - 200 - application/json;+charset=utf-8 434.3107ms
[xUnit.net 00:00:16.72]     ALKAROS.Audit.AuthorizationProbes.AuthorizationProbes.A3LoginSessionLivesAtMostEightHours [FAIL]
[xUnit.net 00:00:16.72]       Session issued by /api/v1/auth/login lives 12.00 h; V1-IAM-031 decided 8 h.
[xUnit.net 00:00:16.72]       Stack Trace:
[xUnit.net 00:00:16.72]         /a399/evidence/V1-RMD-399/probes/AuthorizationProbes/AuthorizationProbes.cs(78,0): at ALKAROS.Audit.AuthorizationProbes.AuthorizationProbes.A3LoginSessionLivesAtMostEightHours()
[xUnit.net 00:00:16.72]         --- End of stack trace from previous location ---
[xUnit.net 00:00:16.72]       Output:
[xUnit.net 00:00:16.72]         cashier-device session lifetime after real login: 12.00 h
info: Microsoft.AspNetCore.Hosting.Diagnostics[1]
      Request starting HTTP/1.1 POST http://127.0.0.1:46097/api/v1/auth/login - application/json;+charset=utf-8 116
info: Microsoft.AspNetCore.Routing.EndpointMiddleware[0]
      Executing endpoint 'HTTP: POST /api/v1/auth/login'
info: Microsoft.AspNetCore.Http.Result.OkObjectResult[1]
      Setting HTTP status code 200.
info: Microsoft.AspNetCore.Http.Result.OkObjectResult[3]
      Writing value of type '<>f__AnonymousType3`6' as Json.
info: Microsoft.AspNetCore.Routing.EndpointMiddleware[1]
      Executed endpoint 'HTTP: POST /api/v1/auth/login'
info: Microsoft.AspNetCore.Hosting.Diagnostics[2]
      Request finished HTTP/1.1 POST https://127.0.0.1:46097/api/v1/auth/login - 200 - application/json;+charset=utf-8 455.4380ms
info: Microsoft.AspNetCore.Hosting.Diagnostics[1]
      Request starting HTTP/1.1 POST http://127.0.0.1:46097/api/v1/terminals/eb2ededb-1f52-48e5-95d2-22e8e82f7f47/offline-reconciliation - application/json;+charset=utf-8 493
info: Microsoft.AspNetCore.Routing.EndpointMiddleware[0]
      Executing endpoint 'HTTP: POST /api/v1/terminals/{terminalId:guid}/offline-reconciliation/'
info: Microsoft.AspNetCore.Http.Result.OkObjectResult[1]
      Setting HTTP status code 200.
info: Microsoft.AspNetCore.Http.Result.OkObjectResult[3]
      Writing value of type 'OfflineReconciliationResponseV1' as Json.
info: Microsoft.AspNetCore.Routing.EndpointMiddleware[1]
      Executed endpoint 'HTTP: POST /api/v1/terminals/{terminalId:guid}/offline-reconciliation/'
info: Microsoft.AspNetCore.Hosting.Diagnostics[2]
      Request finished HTTP/1.1 POST https://127.0.0.1:46097/api/v1/terminals/eb2ededb-1f52-48e5-95d2-22e8e82f7f47/offline-reconciliation - 200 - application/json;+charset=utf-8 11.5608ms
info: Microsoft.AspNetCore.Hosting.Diagnostics[1]
      Request starting HTTP/1.1 POST http://127.0.0.1:46097/api/v1/terminals/eb2ededb-1f52-48e5-95d2-22e8e82f7f47/offline-reconciliation - application/json;+charset=utf-8 494
info: Microsoft.AspNetCore.Routing.EndpointMiddleware[0]
      Executing endpoint 'HTTP: POST /api/v1/terminals/{terminalId:guid}/offline-reconciliation/'
info: Microsoft.AspNetCore.Http.Result.OkObjectResult[1]
      Setting HTTP status code 200.
info: Microsoft.AspNetCore.Http.Result.OkObjectResult[3]
      Writing value of type 'OfflineReconciliationResponseV1' as Json.
info: Microsoft.AspNetCore.Routing.EndpointMiddleware[1]
      Executed endpoint 'HTTP: POST /api/v1/terminals/{terminalId:guid}/offline-reconciliation/'
info: Microsoft.AspNetCore.Hosting.Diagnostics[2]
      Request finished HTTP/1.1 POST https://127.0.0.1:46097/api/v1/terminals/eb2ededb-1f52-48e5-95d2-22e8e82f7f47/offline-reconciliation - 200 - application/json;+charset=utf-8 8.9094ms
[xUnit.net 00:00:17.22]     ALKAROS.Audit.AuthorizationProbes.AuthorizationProbes.C7OfflineReconciliationUsesTheCallersRealRole [FAIL]
[xUnit.net 00:00:17.22]       Assert.Equal() Failure: Strings differ
[xUnit.net 00:00:17.22]                  ↓ (pos 0)
[xUnit.net 00:00:17.22]       Expected: "Denied"
[xUnit.net 00:00:17.22]       Actual:   "Pending"
[xUnit.net 00:00:17.22]                  ↑ (pos 0)
[xUnit.net 00:00:17.22]       Stack Trace:
[xUnit.net 00:00:17.22]         /a399/evidence/V1-RMD-399/probes/AuthorizationProbes/AuthorizationProbes.cs(304,0): at ALKAROS.Audit.AuthorizationProbes.AuthorizationProbes.C7OfflineReconciliationUsesTheCallersRealRole()
[xUnit.net 00:00:17.22]         --- End of stack trace from previous location ---
[xUnit.net 00:00:17.22]       Output:
[xUnit.net 00:00:17.22]         honest role -> Denied; forged role 'manager' -> Pending
info: Microsoft.AspNetCore.Hosting.Diagnostics[1]
      Request starting HTTP/1.1 POST http://127.0.0.1:46097/api/v1/auth/login - application/json;+charset=utf-8 116
info: Microsoft.AspNetCore.Routing.EndpointMiddleware[0]
      Executing endpoint 'HTTP: POST /api/v1/auth/login'
  Passed ALKAROS.Audit.AuthorizationProbes.AuthorizationProbes.A2LogoutEndsSessionOnNextRequest [485 ms]
  Failed ALKAROS.Audit.AuthorizationProbes.AuthorizationProbes.A3LoginSessionLivesAtMostEightHours [447 ms]
  Error Message:
   Session issued by /api/v1/auth/login lives 12.00 h; V1-IAM-031 decided 8 h.
  Stack Trace:
     at ALKAROS.Audit.AuthorizationProbes.AuthorizationProbes.A3LoginSessionLivesAtMostEightHours() in /a399/evidence/V1-RMD-399/probes/AuthorizationProbes/AuthorizationProbes.cs:line 78
--- End of stack trace from previous location ---
  Standard Output Messages:
 cashier-device session lifetime after real login: 12.00 h


  Passed ALKAROS.Audit.AuthorizationProbes.AuthorizationProbes.B1SeededRoleMatrixMatchesDecisionRecord [14 ms]
  Failed ALKAROS.Audit.AuthorizationProbes.AuthorizationProbes.C7OfflineReconciliationUsesTheCallersRealRole [487 ms]
  Error Message:
   Assert.Equal() Failure: Strings differ
           ↓ (pos 0)
Expected: "Denied"
Actual:   "Pending"
           ↑ (pos 0)
  Stack Trace:
     at ALKAROS.Audit.AuthorizationProbes.AuthorizationProbes.C7OfflineReconciliationUsesTheCallersRealRole() in /a399/evidence/V1-RMD-399/probes/AuthorizationProbes/AuthorizationProbes.cs:line 304
--- End of stack trace from previous location ---
  Standard Output Messages:
 honest role -> Denied; forged role 'manager' -> Pending


info: Microsoft.AspNetCore.Http.Result.OkObjectResult[1]
      Setting HTTP status code 200.
info: Microsoft.AspNetCore.Http.Result.OkObjectResult[3]
      Writing value of type '<>f__AnonymousType3`6' as Json.
info: Microsoft.AspNetCore.Routing.EndpointMiddleware[1]
      Executed endpoint 'HTTP: POST /api/v1/auth/login'
info: Microsoft.AspNetCore.Hosting.Diagnostics[2]
      Request finished HTTP/1.1 POST https://127.0.0.1:46097/api/v1/auth/login - 200 - application/json;+charset=utf-8 488.9994ms
info: Microsoft.AspNetCore.Hosting.Diagnostics[1]
      Request starting HTTP/1.1 POST http://127.0.0.1:46097/api/v1/terminals/f1889d0b-47ed-4c85-bd81-db7737cef15e/table-management/reservations - application/json;+charset=utf-8 2
info: Microsoft.AspNetCore.Routing.EndpointMiddleware[0]
      Executing endpoint 'HTTP: POST /api/v1/terminals/{terminalId:guid}/table-management/reservations'
info: Microsoft.AspNetCore.Http.Result.JsonResult[1]
      Setting HTTP status code 403.
info: Microsoft.AspNetCore.Http.Result.JsonResult[3]
      Writing value of type 'TableManagementErrorEnvelope' as Json.
info: Microsoft.AspNetCore.Routing.EndpointMiddleware[1]
      Executed endpoint 'HTTP: POST /api/v1/terminals/{terminalId:guid}/table-management/reservations'
info: Microsoft.AspNetCore.Hosting.Diagnostics[2]
      Request finished HTTP/1.1 POST https://127.0.0.1:46097/api/v1/terminals/f1889d0b-47ed-4c85-bd81-db7737cef15e/table-management/reservations - 403 - application/json;+charset=utf-8 7.4040ms
info: Microsoft.AspNetCore.Hosting.Diagnostics[1]
      Request starting HTTP/1.1 PUT http://127.0.0.1:46097/api/v1/terminals/f1889d0b-47ed-4c85-bd81-db7737cef15e/billing/bills/623e8ff3-a16d-4c60-87b2-aab24db5f291/split-design/equal - application/json;+charset=utf-8 2
info: Microsoft.AspNetCore.Routing.EndpointMiddleware[0]
      Executing endpoint 'HTTP: PUT /api/v1/terminals/{terminalId:guid}/billing/bills/{billId:guid}/split-design/equal'
info: Microsoft.AspNetCore.Http.Result.JsonResult[1]
      Setting HTTP status code 403.
info: Microsoft.AspNetCore.Http.Result.JsonResult[3]
      Writing value of type 'BillingSplitErrorEnvelope' as Json.
info: Microsoft.AspNetCore.Routing.EndpointMiddleware[1]
      Executed endpoint 'HTTP: PUT /api/v1/terminals/{terminalId:guid}/billing/bills/{billId:guid}/split-design/equal'
info: Microsoft.AspNetCore.Hosting.Diagnostics[2]
      Request finished HTTP/1.1 PUT https://127.0.0.1:46097/api/v1/terminals/f1889d0b-47ed-4c85-bd81-db7737cef15e/billing/bills/623e8ff3-a16d-4c60-87b2-aab24db5f291/split-design/equal - 403 - application/json;+charset=utf-8 6.0901ms
info: Microsoft.AspNetCore.Hosting.Diagnostics[1]
      Request starting HTTP/1.1 POST http://127.0.0.1:46097/api/v1/auth/login - application/json;+charset=utf-8 116
info: Microsoft.AspNetCore.Routing.EndpointMiddleware[0]
      Executing endpoint 'HTTP: POST /api/v1/auth/login'
info: Microsoft.AspNetCore.Http.Result.OkObjectResult[1]
      Setting HTTP status code 200.
info: Microsoft.AspNetCore.Http.Result.OkObjectResult[3]
      Writing value of type '<>f__AnonymousType3`6' as Json.
info: Microsoft.AspNetCore.Routing.EndpointMiddleware[1]
      Executed endpoint 'HTTP: POST /api/v1/auth/login'
info: Microsoft.AspNetCore.Hosting.Diagnostics[2]
      Request finished HTTP/1.1 POST https://127.0.0.1:46097/api/v1/auth/login - 200 - application/json;+charset=utf-8 412.6921ms
info: Microsoft.AspNetCore.Hosting.Diagnostics[1]
      Request starting HTTP/1.1 POST http://127.0.0.1:46097/api/v1/terminals/f0b90421-b67e-461b-9d87-b8448e833768/orders/055fc7d1-52c5-4770-8cd6-da05d448c1a4/items/44a35945-69a4-485c-a664-4b1bfe692b9e/comp - application/json;+charset=utf-8 119
info: Microsoft.AspNetCore.Routing.EndpointMiddleware[0]
      Executing endpoint 'HTTP: POST /api/v1/terminals/{terminalId:guid}/orders/{orderId:guid}/items/{itemId:guid}/comp'
info: Microsoft.AspNetCore.Http.Result.JsonResult[1]
      Setting HTTP status code 403.
info: Microsoft.AspNetCore.Http.Result.JsonResult[3]
      Writing value of type '<>f__AnonymousType5`1' as Json.
info: Microsoft.AspNetCore.Routing.EndpointMiddleware[1]
      Executed endpoint 'HTTP: POST /api/v1/terminals/{terminalId:guid}/orders/{orderId:guid}/items/{itemId:guid}/comp'
info: Microsoft.AspNetCore.Hosting.Diagnostics[2]
      Request finished HTTP/1.1 POST https://127.0.0.1:46097/api/v1/terminals/f0b90421-b67e-461b-9d87-b8448e833768/orders/055fc7d1-52c5-4770-8cd6-da05d448c1a4/items/44a35945-69a4-485c-a664-4b1bfe692b9e/comp - 403 - application/json;+charset=utf-8 62.0184ms
  Passed ALKAROS.Audit.AuthorizationProbes.AuthorizationProbes.D3WaiterCannotReserveOrSplit [510 ms]
  Passed ALKAROS.Audit.AuthorizationProbes.AuthorizationProbes.C3WaiterCompOnAnotherWaitersCheckIsRefused [515 ms]
info: Microsoft.AspNetCore.Hosting.Diagnostics[1]
      Request starting HTTP/1.1 POST http://127.0.0.1:46097/api/v1/auth/login?terminalId=a27d3874-4c0f-4775-a831-6ecd63cb8bb9 - application/json;+charset=utf-8 2
info: Microsoft.AspNetCore.Routing.EndpointMiddleware[0]
      Executing endpoint 'HTTP: POST /api/v1/auth/login'
info: Microsoft.AspNetCore.Http.Result.JsonResult[1]
      Setting HTTP status code 400.
info: Microsoft.AspNetCore.Http.Result.JsonResult[3]
      Writing value of type 'ApiErrorEnvelope' as Json.
info: Microsoft.AspNetCore.Routing.EndpointMiddleware[1]
      Executed endpoint 'HTTP: POST /api/v1/auth/login'
info: Microsoft.AspNetCore.Hosting.Diagnostics[2]
      Request finished HTTP/1.1 POST https://127.0.0.1:46097/api/v1/auth/login?terminalId=a27d3874-4c0f-4775-a831-6ecd63cb8bb9 - 400 - application/json;+charset=utf-8 0.4930ms
info: Microsoft.AspNetCore.Hosting.Diagnostics[1]
      Request starting HTTP/1.1 POST http://127.0.0.1:46097/api/v1/auth/logout?terminalId=e0cc6e65-172a-48ed-8d06-e3b35618bc39 - application/json;+charset=utf-8 2
info: Microsoft.AspNetCore.Routing.EndpointMiddleware[0]
      Executing endpoint 'HTTP: POST /api/v1/auth/logout'
info: Microsoft.AspNetCore.Routing.EndpointMiddleware[1]
      Executed endpoint 'HTTP: POST /api/v1/auth/logout'
info: Microsoft.AspNetCore.Hosting.Diagnostics[2]
      Request finished HTTP/1.1 POST https://127.0.0.1:46097/api/v1/auth/logout?terminalId=e0cc6e65-172a-48ed-8d06-e3b35618bc39 - 401 - application/json;+charset=utf-8 0.7582ms
info: Microsoft.AspNetCore.Hosting.Diagnostics[1]
      Request starting HTTP/1.1 POST http://127.0.0.1:46097/api/v1/auth/pin?terminalId=57129e0b-9519-4c9a-83d4-f22a1723c22e - application/json;+charset=utf-8 2
info: Microsoft.AspNetCore.Routing.EndpointMiddleware[0]
      Executing endpoint 'HTTP: POST /api/v1/auth/pin'
info: Microsoft.AspNetCore.Routing.EndpointMiddleware[1]
      Executed endpoint 'HTTP: POST /api/v1/auth/pin'
info: Microsoft.AspNetCore.Hosting.Diagnostics[2]
      Request finished HTTP/1.1 POST https://127.0.0.1:46097/api/v1/auth/pin?terminalId=57129e0b-9519-4c9a-83d4-f22a1723c22e - 401 - application/json;+charset=utf-8 0.9986ms
info: Microsoft.AspNetCore.Hosting.Diagnostics[1]
      Request starting HTTP/1.1 GET http://127.0.0.1:46097/api/v1/auth/session?terminalId=bdc8b06b-0f7d-4dc1-b9f3-82e5b015103d - - -
info: Microsoft.AspNetCore.Routing.EndpointMiddleware[0]
      Executing endpoint 'HTTP: GET /api/v1/auth/session'
info: Microsoft.AspNetCore.Routing.EndpointMiddleware[1]
      Executed endpoint 'HTTP: GET /api/v1/auth/session'
info: Microsoft.AspNetCore.Hosting.Diagnostics[2]
      Request finished HTTP/1.1 GET https://127.0.0.1:46097/api/v1/auth/session?terminalId=bdc8b06b-0f7d-4dc1-b9f3-82e5b015103d - 401 - application/json;+charset=utf-8 0.6318ms
info: Microsoft.AspNetCore.Hosting.Diagnostics[1]
      Request starting HTTP/1.1 GET http://127.0.0.1:46097/api/v1/auth/session/current?terminalId=0937d97a-36b3-49b9-909b-77eaed8f1a1e - - -
info: Microsoft.AspNetCore.Routing.EndpointMiddleware[0]
      Executing endpoint 'HTTP: GET /api/v1/auth/session/current'
info: Microsoft.AspNetCore.Routing.EndpointMiddleware[1]
      Executed endpoint 'HTTP: GET /api/v1/auth/session/current'
info: Microsoft.AspNetCore.Hosting.Diagnostics[2]
      Request finished HTTP/1.1 GET https://127.0.0.1:46097/api/v1/auth/session/current?terminalId=0937d97a-36b3-49b9-909b-77eaed8f1a1e - 401 - application/json;+charset=utf-8 2.3394ms
info: Microsoft.AspNetCore.Hosting.Diagnostics[1]
      Request starting HTTP/1.1 POST http://127.0.0.1:46097/api/v1/auth/unlock?terminalId=e096814b-7a6e-4d8e-a5ab-d1e4cc8ac70d - application/json;+charset=utf-8 2
info: Microsoft.AspNetCore.Routing.EndpointMiddleware[0]
      Executing endpoint 'HTTP: POST /api/v1/auth/unlock'
info: Microsoft.AspNetCore.Routing.EndpointMiddleware[1]
      Executed endpoint 'HTTP: POST /api/v1/auth/unlock'
info: Microsoft.AspNetCore.Hosting.Diagnostics[2]
      Request finished HTTP/1.1 POST https://127.0.0.1:46097/api/v1/auth/unlock?terminalId=e096814b-7a6e-4d8e-a5ab-d1e4cc8ac70d - 401 - application/json;+charset=utf-8 0.8236ms
info: Microsoft.AspNetCore.Hosting.Diagnostics[1]
      Request starting HTTP/1.1 POST http://127.0.0.1:46097/api/v1/customer-displays/pairing-requests?terminalId=89c6c68f-c854-46e7-bba2-1a0f45a44102 - application/json;+charset=utf-8 2
info: Microsoft.AspNetCore.Routing.EndpointMiddleware[0]
      Executing endpoint 'HTTP: POST /api/v1/customer-displays/pairing-requests'
info: Microsoft.AspNetCore.Routing.EndpointMiddleware[1]
      Executed endpoint 'HTTP: POST /api/v1/customer-displays/pairing-requests'
info: Microsoft.AspNetCore.Hosting.Diagnostics[2]
      Request finished HTTP/1.1 POST https://127.0.0.1:46097/api/v1/customer-displays/pairing-requests?terminalId=89c6c68f-c854-46e7-bba2-1a0f45a44102 - 400 - application/json;+charset=utf-8 3.8454ms
info: Microsoft.AspNetCore.Hosting.Diagnostics[1]
      Request starting HTTP/1.1 POST http://127.0.0.1:46097/api/v1/customer-displays/pairing-requests/c79dfe4d-e9e0-4665-9d55-8ad6bbe761ce/complete?terminalId=7eee0d53-4793-4d25-9045-1284412d1924 - application/json;+charset=utf-8 2
info: Microsoft.AspNetCore.Routing.EndpointMiddleware[0]
      Executing endpoint 'HTTP: POST /api/v1/customer-displays/pairing-requests/{requestId:guid}/complete'
info: Microsoft.AspNetCore.Routing.EndpointMiddleware[1]
      Executed endpoint 'HTTP: POST /api/v1/customer-displays/pairing-requests/{requestId:guid}/complete'
info: Microsoft.AspNetCore.Hosting.Diagnostics[2]
      Request finished HTTP/1.1 POST https://127.0.0.1:46097/api/v1/customer-displays/pairing-requests/c79dfe4d-e9e0-4665-9d55-8ad6bbe761ce/complete?terminalId=7eee0d53-4793-4d25-9045-1284412d1924 - 404 - application/json;+charset=utf-8 10.2440ms
info: Microsoft.AspNetCore.Hosting.Diagnostics[1]
      Request starting HTTP/1.1 GET http://127.0.0.1:46097/api/v1/customer-displays/a537cba9-aee1-4a72-b13d-e082e882d43d/screensaver?terminalId=5ef4d9e8-ac9b-4b9f-8b58-d2320c55bd0e - - -
info: Microsoft.AspNetCore.Routing.EndpointMiddleware[0]
      Executing endpoint 'HTTP: GET /api/v1/customer-displays/{displayId:guid}/screensaver'
info: Microsoft.AspNetCore.Routing.EndpointMiddleware[1]
      Executed endpoint 'HTTP: GET /api/v1/customer-displays/{displayId:guid}/screensaver'
info: Microsoft.AspNetCore.Hosting.Diagnostics[2]
      Request finished HTTP/1.1 GET https://127.0.0.1:46097/api/v1/customer-displays/a537cba9-aee1-4a72-b13d-e082e882d43d/screensaver?terminalId=5ef4d9e8-ac9b-4b9f-8b58-d2320c55bd0e - 401 - application/json;+charset=utf-8 3.2537ms
info: Microsoft.AspNetCore.Hosting.Diagnostics[1]
      Request starting HTTP/1.1 GET http://127.0.0.1:46097/api/v1/customer-displays/c1d4986c-5fa6-4bf2-b358-b404847ed045/snapshot?terminalId=ae653f9a-159a-4860-ae0c-effcff0e0e59 - - -
info: Microsoft.AspNetCore.Routing.EndpointMiddleware[0]
      Executing endpoint 'HTTP: GET /api/v1/customer-displays/{displayId:guid}/snapshot'
info: Microsoft.AspNetCore.Routing.EndpointMiddleware[1]
      Executed endpoint 'HTTP: GET /api/v1/customer-displays/{displayId:guid}/snapshot'
info: Microsoft.AspNetCore.Hosting.Diagnostics[2]
      Request finished HTTP/1.1 GET https://127.0.0.1:46097/api/v1/customer-displays/c1d4986c-5fa6-4bf2-b358-b404847ed045/snapshot?terminalId=ae653f9a-159a-4860-ae0c-effcff0e0e59 - 401 - application/json;+charset=utf-8 1.9486ms
info: Microsoft.AspNetCore.Hosting.Diagnostics[1]
      Request starting HTTP/1.1 POST http://127.0.0.1:46097/api/v1/integrations/trendyol-go/orders/webhook/probe?terminalId=2b63015d-4883-43ba-b671-e9044304556f - application/json;+charset=utf-8 2
info: Microsoft.AspNetCore.Routing.EndpointMiddleware[0]
      Executing endpoint 'HTTP: POST /api/v1/integrations/trendyol-go/orders/webhook/{eventType}'
info: Microsoft.AspNetCore.Http.Result.JsonResult[1]
      Setting HTTP status code 503.
info: Microsoft.AspNetCore.Http.Result.JsonResult[3]
      Writing value of type '<>f__AnonymousType25`1' as Json.
info: Microsoft.AspNetCore.Routing.EndpointMiddleware[1]
      Executed endpoint 'HTTP: POST /api/v1/integrations/trendyol-go/orders/webhook/{eventType}'
info: Microsoft.AspNetCore.Hosting.Diagnostics[2]
      Request finished HTTP/1.1 POST https://127.0.0.1:46097/api/v1/integrations/trendyol-go/orders/webhook/probe?terminalId=2b63015d-4883-43ba-b671-e9044304556f - 503 - application/json;+charset=utf-8 5.5548ms
info: Microsoft.AspNetCore.Hosting.Diagnostics[1]
      Request starting HTTP/1.1 POST http://127.0.0.1:46097/api/v1/integrations/yemeksepeti/orders/webhook?terminalId=3e4ba0ae-5a95-473c-a366-bf3dfd010cf9 - application/json;+charset=utf-8 2
info: Microsoft.AspNetCore.Routing.EndpointMiddleware[0]
      Executing endpoint 'HTTP: POST /api/v1/integrations/yemeksepeti/orders/webhook'
info: Microsoft.AspNetCore.Http.Result.JsonResult[1]
      Setting HTTP status code 503.
info: Microsoft.AspNetCore.Http.Result.JsonResult[3]
      Writing value of type '<>f__AnonymousType25`1' as Json.
info: Microsoft.AspNetCore.Routing.EndpointMiddleware[1]
      Executed endpoint 'HTTP: POST /api/v1/integrations/yemeksepeti/orders/webhook'
info: Microsoft.AspNetCore.Hosting.Diagnostics[2]
      Request finished HTTP/1.1 POST https://127.0.0.1:46097/api/v1/integrations/yemeksepeti/orders/webhook?terminalId=3e4ba0ae-5a95-473c-a366-bf3dfd010cf9 - 503 - application/json;+charset=utf-8 4.4672ms
info: Microsoft.AspNetCore.Hosting.Diagnostics[1]
      Request starting HTTP/1.1 GET http://127.0.0.1:46097/api/v1/management/authorization/behavioural-tightenings?terminalId=d78bbb25-fb19-4f46-8bfe-29dda9d8d41d - - -
info: Microsoft.AspNetCore.Routing.EndpointMiddleware[0]
      Executing endpoint 'HTTP: GET /api/v1/management/authorization/behavioural-tightenings'
info: Microsoft.AspNetCore.Http.Result.JsonResult[1]
      Setting HTTP status code 401.
info: Microsoft.AspNetCore.Http.Result.JsonResult[3]
      Writing value of type 'AuthorizationDecisionErrorEnvelopeV1' as Json.
info: Microsoft.AspNetCore.Routing.EndpointMiddleware[1]
      Executed endpoint 'HTTP: GET /api/v1/management/authorization/behavioural-tightenings'
info: Microsoft.AspNetCore.Hosting.Diagnostics[2]
      Request finished HTTP/1.1 GET https://127.0.0.1:46097/api/v1/management/authorization/behavioural-tightenings?terminalId=d78bbb25-fb19-4f46-8bfe-29dda9d8d41d - 401 - application/json;+charset=utf-8 0.4499ms
info: Microsoft.AspNetCore.Hosting.Diagnostics[1]
      Request starting HTTP/1.1 POST http://127.0.0.1:46097/api/v1/management/authorization/behavioural-tightenings/39215746-acaa-4f84-a71a-3d01cf6eaff8/clear?terminalId=aa1d8ce6-ce79-43b6-aa92-c0855765873e - application/json;+charset=utf-8 2
info: Microsoft.AspNetCore.Routing.EndpointMiddleware[0]
      Executing endpoint 'HTTP: POST /api/v1/management/authorization/behavioural-tightenings/{tighteningId:guid}/clear'
info: Microsoft.AspNetCore.Http.Result.JsonResult[1]
      Setting HTTP status code 401.
info: Microsoft.AspNetCore.Http.Result.JsonResult[3]
      Writing value of type 'AuthorizationDecisionErrorEnvelopeV1' as Json.
info: Microsoft.AspNetCore.Routing.EndpointMiddleware[1]
      Executed endpoint 'HTTP: POST /api/v1/management/authorization/behavioural-tightenings/{tighteningId:guid}/clear'
info: Microsoft.AspNetCore.Hosting.Diagnostics[2]
      Request finished HTTP/1.1 POST https://127.0.0.1:46097/api/v1/management/authorization/behavioural-tightenings/39215746-acaa-4f84-a71a-3d01cf6eaff8/clear?terminalId=aa1d8ce6-ce79-43b6-aa92-c0855765873e - 401 - application/json;+charset=utf-8 0.2656ms
info: Microsoft.AspNetCore.Hosting.Diagnostics[1]
      Request starting HTTP/1.1 GET http://127.0.0.1:46097/api/v1/management/authorization/delegations?terminalId=706f3341-53af-41cf-9503-8ad60ca8ddcb - - -
info: Microsoft.AspNetCore.Routing.EndpointMiddleware[0]
      Executing endpoint 'HTTP: GET /api/v1/management/authorization/delegations'
info: Microsoft.AspNetCore.Http.Result.JsonResult[1]
      Setting HTTP status code 401.
info: Microsoft.AspNetCore.Http.Result.JsonResult[3]
      Writing value of type 'AuthorizationDecisionErrorEnvelopeV1' as Json.
info: Microsoft.AspNetCore.Routing.EndpointMiddleware[1]
      Executed endpoint 'HTTP: GET /api/v1/management/authorization/delegations'
info: Microsoft.AspNetCore.Hosting.Diagnostics[2]
      Request finished HTTP/1.1 GET https://127.0.0.1:46097/api/v1/management/authorization/delegations?terminalId=706f3341-53af-41cf-9503-8ad60ca8ddcb - 401 - application/json;+charset=utf-8 0.2976ms
info: Microsoft.AspNetCore.Hosting.Diagnostics[1]
      Request starting HTTP/1.1 POST http://127.0.0.1:46097/api/v1/management/authorization/delegations/4e8b3728-38e0-41ef-8c32-34624e139294/revoke?terminalId=63d5c883-6034-4a53-93e6-aad091237840 - application/json;+charset=utf-8 2
info: Microsoft.AspNetCore.Routing.EndpointMiddleware[0]
      Executing endpoint 'HTTP: POST /api/v1/management/authorization/delegations/{delegationId:guid}/revoke'
info: Microsoft.AspNetCore.Http.Result.JsonResult[1]
      Setting HTTP status code 401.
info: Microsoft.AspNetCore.Http.Result.JsonResult[3]
      Writing value of type 'AuthorizationDecisionErrorEnvelopeV1' as Json.
info: Microsoft.AspNetCore.Routing.EndpointMiddleware[1]
      Executed endpoint 'HTTP: POST /api/v1/management/authorization/delegations/{delegationId:guid}/revoke'
info: Microsoft.AspNetCore.Hosting.Diagnostics[2]
      Request finished HTTP/1.1 POST https://127.0.0.1:46097/api/v1/management/authorization/delegations/4e8b3728-38e0-41ef-8c32-34624e139294/revoke?terminalId=63d5c883-6034-4a53-93e6-aad091237840 - 401 - application/json;+charset=utf-8 0.1898ms
info: Microsoft.AspNetCore.Hosting.Diagnostics[1]
      Request starting HTTP/1.1 POST http://127.0.0.1:46097/api/v1/management/authorization/grants/351b41c1-eb24-4b63-933c-1824d7a81e8a/approve?terminalId=6ce09f74-a72b-403c-ac7c-3e2b8f77d112 - application/json;+charset=utf-8 2
info: Microsoft.AspNetCore.Routing.EndpointMiddleware[0]
      Executing endpoint 'HTTP: POST /api/v1/management/authorization/grants/{grantId:guid}/approve'
info: Microsoft.AspNetCore.Http.Result.JsonResult[1]
      Setting HTTP status code 401.
info: Microsoft.AspNetCore.Http.Result.JsonResult[3]
      Writing value of type 'AuthorizationDecisionErrorEnvelopeV1' as Json.
info: Microsoft.AspNetCore.Routing.EndpointMiddleware[1]
      Executed endpoint 'HTTP: POST /api/v1/management/authorization/grants/{grantId:guid}/approve'
info: Microsoft.AspNetCore.Hosting.Diagnostics[2]
      Request finished HTTP/1.1 POST https://127.0.0.1:46097/api/v1/management/authorization/grants/351b41c1-eb24-4b63-933c-1824d7a81e8a/approve?terminalId=6ce09f74-a72b-403c-ac7c-3e2b8f77d112 - 401 - application/json;+charset=utf-8 0.4298ms
info: Microsoft.AspNetCore.Hosting.Diagnostics[1]
      Request starting HTTP/1.1 POST http://127.0.0.1:46097/api/v1/management/authorization/grants/a9752771-2209-4580-97d6-ea2ca542796c/deny?terminalId=1e7bff93-d4c7-4c38-821a-fed7634f6b91 - application/json;+charset=utf-8 2
info: Microsoft.AspNetCore.Routing.EndpointMiddleware[0]
      Executing endpoint 'HTTP: POST /api/v1/management/authorization/grants/{grantId:guid}/deny'
info: Microsoft.AspNetCore.Http.Result.JsonResult[1]
      Setting HTTP status code 401.
info: Microsoft.AspNetCore.Http.Result.JsonResult[3]
      Writing value of type 'AuthorizationDecisionErrorEnvelopeV1' as Json.
info: Microsoft.AspNetCore.Routing.EndpointMiddleware[1]
      Executed endpoint 'HTTP: POST /api/v1/management/authorization/grants/{grantId:guid}/deny'
info: Microsoft.AspNetCore.Hosting.Diagnostics[2]
      Request finished HTTP/1.1 POST https://127.0.0.1:46097/api/v1/management/authorization/grants/a9752771-2209-4580-97d6-ea2ca542796c/deny?terminalId=1e7bff93-d4c7-4c38-821a-fed7634f6b91 - 401 - application/json;+charset=utf-8 0.3152ms
info: Microsoft.AspNetCore.Hosting.Diagnostics[1]
      Request starting HTTP/1.1 GET http://127.0.0.1:46097/api/v1/management/authorization/pending-grants?terminalId=85385445-0ab1-4a3a-9f6c-d963da34b4c8 - - -
info: Microsoft.AspNetCore.Routing.EndpointMiddleware[0]
      Executing endpoint 'HTTP: GET /api/v1/management/authorization/pending-grants'
info: Microsoft.AspNetCore.Http.Result.JsonResult[1]
      Setting HTTP status code 401.
info: Microsoft.AspNetCore.Http.Result.JsonResult[3]
      Writing value of type 'AuthorizationDecisionErrorEnvelopeV1' as Json.
info: Microsoft.AspNetCore.Routing.EndpointMiddleware[1]
      Executed endpoint 'HTTP: GET /api/v1/management/authorization/pending-grants'
info: Microsoft.AspNetCore.Hosting.Diagnostics[2]
      Request finished HTTP/1.1 GET https://127.0.0.1:46097/api/v1/management/authorization/pending-grants?terminalId=85385445-0ab1-4a3a-9f6c-d963da34b4c8 - 401 - application/json;+charset=utf-8 0.2320ms
info: Microsoft.AspNetCore.Hosting.Diagnostics[1]
      Request starting HTTP/1.1 GET http://127.0.0.1:46097/api/v1/management/business-identity/accent-palette?terminalId=b1ac57fa-225f-4867-a46c-95f7553ba4df - - -
info: Microsoft.AspNetCore.Routing.EndpointMiddleware[0]
      Executing endpoint 'HTTP: GET /api/v1/management/business-identity/accent-palette'
info: Microsoft.AspNetCore.Http.Result.JsonResult[1]
      Setting HTTP status code 401.
info: Microsoft.AspNetCore.Http.Result.JsonResult[3]
      Writing value of type 'SettingsApiErrorEnvelopeV1' as Json.
info: Microsoft.AspNetCore.Routing.EndpointMiddleware[1]
      Executed endpoint 'HTTP: GET /api/v1/management/business-identity/accent-palette'
info: Microsoft.AspNetCore.Hosting.Diagnostics[2]
      Request finished HTTP/1.1 GET https://127.0.0.1:46097/api/v1/management/business-identity/accent-palette?terminalId=b1ac57fa-225f-4867-a46c-95f7553ba4df - 401 - application/json;+charset=utf-8 0.2815ms
info: Microsoft.AspNetCore.Hosting.Diagnostics[1]
      Request starting HTTP/1.1 PUT http://127.0.0.1:46097/api/v1/management/business-identity/logo?terminalId=b29c692b-3d6c-45a6-a114-19fe14c33b18 - application/json;+charset=utf-8 2
info: Microsoft.AspNetCore.Routing.EndpointMiddleware[0]
      Executing endpoint 'HTTP: GET, POST, PUT, PATCH, DELETE, OPTIONS /api/{**path}'
info: Microsoft.AspNetCore.Http.Result.JsonResult[1]
      Setting HTTP status code 404.
info: Microsoft.AspNetCore.Http.Result.JsonResult[3]
      Writing value of type 'ApiErrorEnvelope' as Json.
info: Microsoft.AspNetCore.Routing.EndpointMiddleware[1]
      Executed endpoint 'HTTP: GET, POST, PUT, PATCH, DELETE, OPTIONS /api/{**path}'
info: Microsoft.AspNetCore.Hosting.Diagnostics[2]
      Request finished HTTP/1.1 PUT https://127.0.0.1:46097/api/v1/management/business-identity/logo?terminalId=b29c692b-3d6c-45a6-a114-19fe14c33b18 - 404 - application/json;+charset=utf-8 0.1690ms
info: Microsoft.AspNetCore.Hosting.Diagnostics[1]
      Request starting HTTP/1.1 DELETE http://127.0.0.1:46097/api/v1/management/business-identity/logo?terminalId=b1c0c749-060b-4b0a-8a87-1a64595bafe0 - application/json;+charset=utf-8 2
info: Microsoft.AspNetCore.Routing.EndpointMiddleware[0]
      Executing endpoint 'HTTP: DELETE /api/v1/management/business-identity/logo'
info: Microsoft.AspNetCore.Http.Result.JsonResult[1]
      Setting HTTP status code 401.
info: Microsoft.AspNetCore.Http.Result.JsonResult[3]
      Writing value of type 'SettingsApiErrorEnvelopeV1' as Json.
info: Microsoft.AspNetCore.Routing.EndpointMiddleware[1]
      Executed endpoint 'HTTP: DELETE /api/v1/management/business-identity/logo'
info: Microsoft.AspNetCore.Hosting.Diagnostics[2]
      Request finished HTTP/1.1 DELETE https://127.0.0.1:46097/api/v1/management/business-identity/logo?terminalId=b1c0c749-060b-4b0a-8a87-1a64595bafe0 - 401 - application/json;+charset=utf-8 0.2173ms
info: Microsoft.AspNetCore.Hosting.Diagnostics[1]
      Request starting HTTP/1.1 GET http://127.0.0.1:46097/api/v1/management/catalog/categories?terminalId=ddce8633-bb87-45ee-ae00-7f6270ecda3b - - -
info: Microsoft.AspNetCore.Routing.EndpointMiddleware[0]
      Executing endpoint 'HTTP: GET /api/v1/management/catalog/categories'
info: Microsoft.AspNetCore.Http.Result.JsonResult[1]
      Setting HTTP status code 401.
info: Microsoft.AspNetCore.Http.Result.JsonResult[3]
      Writing value of type 'CatalogApiErrorEnvelopeV1' as Json.
info: Microsoft.AspNetCore.Routing.EndpointMiddleware[1]
      Executed endpoint 'HTTP: GET /api/v1/management/catalog/categories'
info: Microsoft.AspNetCore.Hosting.Diagnostics[2]
      Request finished HTTP/1.1 GET https://127.0.0.1:46097/api/v1/management/catalog/categories?terminalId=ddce8633-bb87-45ee-ae00-7f6270ecda3b - 401 - application/json;+charset=utf-8 0.4014ms
info: Microsoft.AspNetCore.Hosting.Diagnostics[1]
      Request starting HTTP/1.1 POST http://127.0.0.1:46097/api/v1/management/catalog/categories?terminalId=d666bda3-6fb4-4163-b783-9d2d4d74168f - application/json;+charset=utf-8 2
info: Microsoft.AspNetCore.Routing.EndpointMiddleware[0]
      Executing endpoint 'HTTP: POST /api/v1/management/catalog/categories'
info: Microsoft.AspNetCore.Http.Result.JsonResult[1]
      Setting HTTP status code 401.
info: Microsoft.AspNetCore.Http.Result.JsonResult[3]
      Writing value of type 'CatalogApiErrorEnvelopeV1' as Json.
info: Microsoft.AspNetCore.Routing.EndpointMiddleware[1]
      Executed endpoint 'HTTP: POST /api/v1/management/catalog/categories'
info: Microsoft.AspNetCore.Hosting.Diagnostics[2]
      Request finished HTTP/1.1 POST https://127.0.0.1:46097/api/v1/management/catalog/categories?terminalId=d666bda3-6fb4-4163-b783-9d2d4d74168f - 401 - application/json;+charset=utf-8 0.4911ms
info: Microsoft.AspNetCore.Hosting.Diagnostics[1]
      Request starting HTTP/1.1 GET http://127.0.0.1:46097/api/v1/management/catalog/effective-price?terminalId=158d46b9-1e2d-4dae-aa8f-106c0fa6c94f - - -
info: Microsoft.AspNetCore.Routing.EndpointMiddleware[0]
      Executing endpoint 'HTTP: GET /api/v1/management/catalog/effective-price'
info: Microsoft.AspNetCore.Http.Result.JsonResult[1]
      Setting HTTP status code 401.
info: Microsoft.AspNetCore.Http.Result.JsonResult[3]
      Writing value of type 'CatalogApiErrorEnvelopeV1' as Json.
info: Microsoft.AspNetCore.Routing.EndpointMiddleware[1]
      Executed endpoint 'HTTP: GET /api/v1/management/catalog/effective-price'
info: Microsoft.AspNetCore.Hosting.Diagnostics[2]
      Request finished HTTP/1.1 GET https://127.0.0.1:46097/api/v1/management/catalog/effective-price?terminalId=158d46b9-1e2d-4dae-aa8f-106c0fa6c94f - 401 - application/json;+charset=utf-8 0.4842ms
info: Microsoft.AspNetCore.Hosting.Diagnostics[1]
      Request starting HTTP/1.1 GET http://127.0.0.1:46097/api/v1/management/catalog/modifier-groups?terminalId=2b8db3bd-3503-4867-bb4b-3e335a3ca658 - - -
info: Microsoft.AspNetCore.Routing.EndpointMiddleware[0]
      Executing endpoint 'HTTP: GET /api/v1/management/catalog/modifier-groups'
info: Microsoft.AspNetCore.Http.Result.JsonResult[1]
      Setting HTTP status code 401.
info: Microsoft.AspNetCore.Http.Result.JsonResult[3]
      Writing value of type 'CatalogApiErrorEnvelopeV1' as Json.
info: Microsoft.AspNetCore.Routing.EndpointMiddleware[1]
      Executed endpoint 'HTTP: GET /api/v1/management/catalog/modifier-groups'
info: Microsoft.AspNetCore.Hosting.Diagnostics[2]
      Request finished HTTP/1.1 GET https://127.0.0.1:46097/api/v1/management/catalog/modifier-groups?terminalId=2b8db3bd-3503-4867-bb4b-3e335a3ca658 - 401 - application/json;+charset=utf-8 0.3228ms
info: Microsoft.AspNetCore.Hosting.Diagnostics[1]
      Request starting HTTP/1.1 POST http://127.0.0.1:46097/api/v1/management/catalog/modifier-groups?terminalId=8a393308-2ba8-46b5-b75e-9b5ccea91c21 - application/json;+charset=utf-8 2
info: Microsoft.AspNetCore.Routing.EndpointMiddleware[0]
      Executing endpoint 'HTTP: POST /api/v1/management/catalog/modifier-groups'
info: Microsoft.AspNetCore.Http.Result.JsonResult[1]
      Setting HTTP status code 401.
info: Microsoft.AspNetCore.Http.Result.JsonResult[3]
      Writing value of type 'CatalogApiErrorEnvelopeV1' as Json.
info: Microsoft.AspNetCore.Routing.EndpointMiddleware[1]
      Executed endpoint 'HTTP: POST /api/v1/management/catalog/modifier-groups'
info: Microsoft.AspNetCore.Hosting.Diagnostics[2]
      Request finished HTTP/1.1 POST https://127.0.0.1:46097/api/v1/management/catalog/modifier-groups?terminalId=8a393308-2ba8-46b5-b75e-9b5ccea91c21 - 401 - application/json;+charset=utf-8 0.3562ms
info: Microsoft.AspNetCore.Hosting.Diagnostics[1]
      Request starting HTTP/1.1 GET http://127.0.0.1:46097/api/v1/management/catalog/modifiers?terminalId=c9fd664d-a1ae-4df8-9dc7-a9d7770e7693 - - -
info: Microsoft.AspNetCore.Routing.EndpointMiddleware[0]
      Executing endpoint 'HTTP: GET /api/v1/management/catalog/modifiers'
info: Microsoft.AspNetCore.Http.Result.JsonResult[1]
      Setting HTTP status code 401.
info: Microsoft.AspNetCore.Http.Result.JsonResult[3]
      Writing value of type 'CatalogApiErrorEnvelopeV1' as Json.
info: Microsoft.AspNetCore.Routing.EndpointMiddleware[1]
      Executed endpoint 'HTTP: GET /api/v1/management/catalog/modifiers'
info: Microsoft.AspNetCore.Hosting.Diagnostics[2]
      Request finished HTTP/1.1 GET https://127.0.0.1:46097/api/v1/management/catalog/modifiers?terminalId=c9fd664d-a1ae-4df8-9dc7-a9d7770e7693 - 401 - application/json;+charset=utf-8 0.2911ms
info: Microsoft.AspNetCore.Hosting.Diagnostics[1]
      Request starting HTTP/1.1 POST http://127.0.0.1:46097/api/v1/management/catalog/modifiers?terminalId=11bed115-ba5f-4565-999a-ac27924572c8 - application/json;+charset=utf-8 2
info: Microsoft.AspNetCore.Routing.EndpointMiddleware[0]
      Executing endpoint 'HTTP: POST /api/v1/management/catalog/modifiers'
info: Microsoft.AspNetCore.Http.Result.JsonResult[1]
      Setting HTTP status code 401.
info: Microsoft.AspNetCore.Http.Result.JsonResult[3]
      Writing value of type 'CatalogApiErrorEnvelopeV1' as Json.
info: Microsoft.AspNetCore.Routing.EndpointMiddleware[1]
      Executed endpoint 'HTTP: POST /api/v1/management/catalog/modifiers'
info: Microsoft.AspNetCore.Hosting.Diagnostics[2]
      Request finished HTTP/1.1 POST https://127.0.0.1:46097/api/v1/management/catalog/modifiers?terminalId=11bed115-ba5f-4565-999a-ac27924572c8 - 401 - application/json;+charset=utf-8 0.3472ms
info: Microsoft.AspNetCore.Hosting.Diagnostics[1]
      Request starting HTTP/1.1 GET http://127.0.0.1:46097/api/v1/management/catalog/prices?terminalId=a39ab259-2fa8-42b7-b67a-d5276d92e091 - - -
info: Microsoft.AspNetCore.Routing.EndpointMiddleware[0]
      Executing endpoint 'HTTP: GET /api/v1/management/catalog/prices'
info: Microsoft.AspNetCore.Http.Result.JsonResult[1]
      Setting HTTP status code 401.
info: Microsoft.AspNetCore.Http.Result.JsonResult[3]
      Writing value of type 'CatalogApiErrorEnvelopeV1' as Json.
info: Microsoft.AspNetCore.Routing.EndpointMiddleware[1]
      Executed endpoint 'HTTP: GET /api/v1/management/catalog/prices'
info: Microsoft.AspNetCore.Hosting.Diagnostics[2]
      Request finished HTTP/1.1 GET https://127.0.0.1:46097/api/v1/management/catalog/prices?terminalId=a39ab259-2fa8-42b7-b67a-d5276d92e091 - 401 - application/json;+charset=utf-8 0.2922ms
info: Microsoft.AspNetCore.Hosting.Diagnostics[1]
      Request starting HTTP/1.1 POST http://127.0.0.1:46097/api/v1/management/catalog/prices?terminalId=7a988ad2-7d3e-4377-be88-13501cfb4e1c - application/json;+charset=utf-8 2
info: Microsoft.AspNetCore.Routing.EndpointMiddleware[0]
      Executing endpoint 'HTTP: POST /api/v1/management/catalog/prices'
info: Microsoft.AspNetCore.Http.Result.JsonResult[1]
      Setting HTTP status code 401.
info: Microsoft.AspNetCore.Http.Result.JsonResult[3]
      Writing value of type 'CatalogApiErrorEnvelopeV1' as Json.
info: Microsoft.AspNetCore.Routing.EndpointMiddleware[1]
      Executed endpoint 'HTTP: POST /api/v1/management/catalog/prices'
info: Microsoft.AspNetCore.Hosting.Diagnostics[2]
      Request finished HTTP/1.1 POST https://127.0.0.1:46097/api/v1/management/catalog/prices?terminalId=7a988ad2-7d3e-4377-be88-13501cfb4e1c - 401 - application/json;+charset=utf-8 0.3390ms
info: Microsoft.AspNetCore.Hosting.Diagnostics[1]
      Request starting HTTP/1.1 GET http://127.0.0.1:46097/api/v1/management/catalog/product-modifier-assignments?terminalId=01687530-e79f-4482-b804-9f67d28a8c4d - - -
info: Microsoft.AspNetCore.Routing.EndpointMiddleware[0]
      Executing endpoint 'HTTP: GET /api/v1/management/catalog/product-modifier-assignments'
info: Microsoft.AspNetCore.Http.Result.JsonResult[1]
      Setting HTTP status code 401.
info: Microsoft.AspNetCore.Http.Result.JsonResult[3]
      Writing value of type 'CatalogApiErrorEnvelopeV1' as Json.
info: Microsoft.AspNetCore.Routing.EndpointMiddleware[1]
      Executed endpoint 'HTTP: GET /api/v1/management/catalog/product-modifier-assignments'
info: Microsoft.AspNetCore.Hosting.Diagnostics[2]
      Request finished HTTP/1.1 GET https://127.0.0.1:46097/api/v1/management/catalog/product-modifier-assignments?terminalId=01687530-e79f-4482-b804-9f67d28a8c4d - 401 - application/json;+charset=utf-8 0.3289ms
info: Microsoft.AspNetCore.Hosting.Diagnostics[1]
      Request starting HTTP/1.1 POST http://127.0.0.1:46097/api/v1/management/catalog/product-modifier-assignments?terminalId=c3af8280-67f0-404a-af4d-8c206ec4b26a - application/json;+charset=utf-8 2
info: Microsoft.AspNetCore.Routing.EndpointMiddleware[0]
      Executing endpoint 'HTTP: POST /api/v1/management/catalog/product-modifier-assignments'
info: Microsoft.AspNetCore.Http.Result.JsonResult[1]
      Setting HTTP status code 401.
info: Microsoft.AspNetCore.Http.Result.JsonResult[3]
      Writing value of type 'CatalogApiErrorEnvelopeV1' as Json.
info: Microsoft.AspNetCore.Routing.EndpointMiddleware[1]
      Executed endpoint 'HTTP: POST /api/v1/management/catalog/product-modifier-assignments'
info: Microsoft.AspNetCore.Hosting.Diagnostics[2]
      Request finished HTTP/1.1 POST https://127.0.0.1:46097/api/v1/management/catalog/product-modifier-assignments?terminalId=c3af8280-67f0-404a-af4d-8c206ec4b26a - 401 - application/json;+charset=utf-8 0.3285ms
info: Microsoft.AspNetCore.Hosting.Diagnostics[1]
      Request starting HTTP/1.1 GET http://127.0.0.1:46097/api/v1/management/catalog/products?terminalId=7e3eac32-5bc6-4acc-aef1-da9153b13f87 - - -
info: Microsoft.AspNetCore.Routing.EndpointMiddleware[0]
      Executing endpoint 'HTTP: GET /api/v1/management/catalog/products'
info: Microsoft.AspNetCore.Http.Result.JsonResult[1]
      Setting HTTP status code 401.
info: Microsoft.AspNetCore.Http.Result.JsonResult[3]
      Writing value of type 'CatalogApiErrorEnvelopeV1' as Json.
info: Microsoft.AspNetCore.Routing.EndpointMiddleware[1]
      Executed endpoint 'HTTP: GET /api/v1/management/catalog/products'
info: Microsoft.AspNetCore.Hosting.Diagnostics[2]
      Request finished HTTP/1.1 GET https://127.0.0.1:46097/api/v1/management/catalog/products?terminalId=7e3eac32-5bc6-4acc-aef1-da9153b13f87 - 401 - application/json;+charset=utf-8 0.2798ms
info: Microsoft.AspNetCore.Hosting.Diagnostics[1]
      Request starting HTTP/1.1 POST http://127.0.0.1:46097/api/v1/management/catalog/products?terminalId=123ba156-f538-4f05-b1df-93b5ee042545 - application/json;+charset=utf-8 2
info: Microsoft.AspNetCore.Routing.EndpointMiddleware[0]
      Executing endpoint 'HTTP: POST /api/v1/management/catalog/products'
info: Microsoft.AspNetCore.Http.Result.JsonResult[1]
      Setting HTTP status code 401.
info: Microsoft.AspNetCore.Http.Result.JsonResult[3]
      Writing value of type 'CatalogApiErrorEnvelopeV1' as Json.
info: Microsoft.AspNetCore.Routing.EndpointMiddleware[1]
      Executed endpoint 'HTTP: POST /api/v1/management/catalog/products'
info: Microsoft.AspNetCore.Hosting.Diagnostics[2]
      Request finished HTTP/1.1 POST https://127.0.0.1:46097/api/v1/management/catalog/products?terminalId=123ba156-f538-4f05-b1df-93b5ee042545 - 401 - application/json;+charset=utf-8 0.4143ms
info: Microsoft.AspNetCore.Hosting.Diagnostics[1]
      Request starting HTTP/1.1 POST http://127.0.0.1:46097/api/v1/management/catalog/products/a4ea0fd1-5116-48c3-9831-51cb5de11b4b/availability?terminalId=17a80295-3767-45c0-8d55-7c00e8518b37 - application/json;+charset=utf-8 2
info: Microsoft.AspNetCore.Routing.EndpointMiddleware[0]
      Executing endpoint 'HTTP: POST /api/v1/management/catalog/products/{productId:guid}/availability'
info: Microsoft.AspNetCore.Http.Result.JsonResult[1]
      Setting HTTP status code 401.
info: Microsoft.AspNetCore.Http.Result.JsonResult[3]
      Writing value of type 'CatalogApiErrorEnvelopeV1' as Json.
info: Microsoft.AspNetCore.Routing.EndpointMiddleware[1]
      Executed endpoint 'HTTP: POST /api/v1/management/catalog/products/{productId:guid}/availability'
info: Microsoft.AspNetCore.Hosting.Diagnostics[2]
      Request finished HTTP/1.1 POST https://127.0.0.1:46097/api/v1/management/catalog/products/a4ea0fd1-5116-48c3-9831-51cb5de11b4b/availability?terminalId=17a80295-3767-45c0-8d55-7c00e8518b37 - 401 - application/json;+charset=utf-8 0.3187ms
info: Microsoft.AspNetCore.Hosting.Diagnostics[1]
      Request starting HTTP/1.1 POST http://127.0.0.1:46097/api/v1/management/catalog/products/595ab8ca-497d-4c25-9222-38d3856889c0/prep-time?terminalId=43e0ccf3-6195-4828-b7f9-cd0cc7bb2592 - application/json;+charset=utf-8 2
info: Microsoft.AspNetCore.Routing.EndpointMiddleware[0]
      Executing endpoint 'HTTP: POST /api/v1/management/catalog/products/{productId:guid}/prep-time'
info: Microsoft.AspNetCore.Http.Result.JsonResult[1]
      Setting HTTP status code 401.
info: Microsoft.AspNetCore.Http.Result.JsonResult[3]
      Writing value of type 'CatalogApiErrorEnvelopeV1' as Json.
info: Microsoft.AspNetCore.Routing.EndpointMiddleware[1]
      Executed endpoint 'HTTP: POST /api/v1/management/catalog/products/{productId:guid}/prep-time'
info: Microsoft.AspNetCore.Hosting.Diagnostics[2]
      Request finished HTTP/1.1 POST https://127.0.0.1:46097/api/v1/management/catalog/products/595ab8ca-497d-4c25-9222-38d3856889c0/prep-time?terminalId=43e0ccf3-6195-4828-b7f9-cd0cc7bb2592 - 401 - application/json;+charset=utf-8 0.3241ms
info: Microsoft.AspNetCore.Hosting.Diagnostics[1]
      Request starting HTTP/1.1 GET http://127.0.0.1:46097/api/v1/management/catalog/tax-profiles?terminalId=4c7448e5-1461-4f60-8d35-ded27e2ddaa9 - - -
info: Microsoft.AspNetCore.Routing.EndpointMiddleware[0]
      Executing endpoint 'HTTP: GET /api/v1/management/catalog/tax-profiles'
info: Microsoft.AspNetCore.Http.Result.JsonResult[1]
      Setting HTTP status code 401.
info: Microsoft.AspNetCore.Http.Result.JsonResult[3]
      Writing value of type 'CatalogApiErrorEnvelopeV1' as Json.
info: Microsoft.AspNetCore.Routing.EndpointMiddleware[1]
      Executed endpoint 'HTTP: GET /api/v1/management/catalog/tax-profiles'
info: Microsoft.AspNetCore.Hosting.Diagnostics[2]
      Request finished HTTP/1.1 GET https://127.0.0.1:46097/api/v1/management/catalog/tax-profiles?terminalId=4c7448e5-1461-4f60-8d35-ded27e2ddaa9 - 401 - application/json;+charset=utf-8 0.3466ms
info: Microsoft.AspNetCore.Hosting.Diagnostics[1]
      Request starting HTTP/1.1 POST http://127.0.0.1:46097/api/v1/management/catalog/tax-profiles?terminalId=e80a5ed0-55b1-4a17-a1dd-4c0f46d3f2a7 - application/json;+charset=utf-8 2
info: Microsoft.AspNetCore.Routing.EndpointMiddleware[0]
      Executing endpoint 'HTTP: POST /api/v1/management/catalog/tax-profiles'
info: Microsoft.AspNetCore.Http.Result.JsonResult[1]
      Setting HTTP status code 401.
info: Microsoft.AspNetCore.Http.Result.JsonResult[3]
      Writing value of type 'CatalogApiErrorEnvelopeV1' as Json.
info: Microsoft.AspNetCore.Routing.EndpointMiddleware[1]
      Executed endpoint 'HTTP: POST /api/v1/management/catalog/tax-profiles'
info: Microsoft.AspNetCore.Hosting.Diagnostics[2]
      Request finished HTTP/1.1 POST https://127.0.0.1:46097/api/v1/management/catalog/tax-profiles?terminalId=e80a5ed0-55b1-4a17-a1dd-4c0f46d3f2a7 - 401 - application/json;+charset=utf-8 0.3312ms
info: Microsoft.AspNetCore.Hosting.Diagnostics[1]
      Request starting HTTP/1.1 PUT http://127.0.0.1:46097/api/v1/management/customer-display/screensaver?terminalId=5a9dc105-543e-498c-8155-ce37df66c024 - application/json;+charset=utf-8 2
info: Microsoft.AspNetCore.Routing.EndpointMiddleware[0]
      Executing endpoint 'HTTP: GET, POST, PUT, PATCH, DELETE, OPTIONS /api/{**path}'
info: Microsoft.AspNetCore.Http.Result.JsonResult[1]
      Setting HTTP status code 404.
info: Microsoft.AspNetCore.Http.Result.JsonResult[3]
      Writing value of type 'ApiErrorEnvelope' as Json.
info: Microsoft.AspNetCore.Routing.EndpointMiddleware[1]
      Executed endpoint 'HTTP: GET, POST, PUT, PATCH, DELETE, OPTIONS /api/{**path}'
info: Microsoft.AspNetCore.Hosting.Diagnostics[2]
      Request finished HTTP/1.1 PUT https://127.0.0.1:46097/api/v1/management/customer-display/screensaver?terminalId=5a9dc105-543e-498c-8155-ce37df66c024 - 404 - application/json;+charset=utf-8 0.2095ms
info: Microsoft.AspNetCore.Hosting.Diagnostics[1]
      Request starting HTTP/1.1 DELETE http://127.0.0.1:46097/api/v1/management/customer-display/screensaver?terminalId=7fdae490-72a6-458c-b36d-9697727c63cf - application/json;+charset=utf-8 2
info: Microsoft.AspNetCore.Routing.EndpointMiddleware[0]
      Executing endpoint 'HTTP: DELETE /api/v1/management/customer-display/screensaver'
info: Microsoft.AspNetCore.Http.Result.JsonResult[1]
      Setting HTTP status code 401.
info: Microsoft.AspNetCore.Http.Result.JsonResult[3]
      Writing value of type 'CatalogApiErrorEnvelopeV1' as Json.
info: Microsoft.AspNetCore.Routing.EndpointMiddleware[1]
      Executed endpoint 'HTTP: DELETE /api/v1/management/customer-display/screensaver'
info: Microsoft.AspNetCore.Hosting.Diagnostics[2]
      Request finished HTTP/1.1 DELETE https://127.0.0.1:46097/api/v1/management/customer-display/screensaver?terminalId=7fdae490-72a6-458c-b36d-9697727c63cf - 401 - application/json;+charset=utf-8 0.3190ms
info: Microsoft.AspNetCore.Hosting.Diagnostics[1]
      Request starting HTTP/1.1 POST http://127.0.0.1:46097/api/v1/management/inventory/modifiers/d67f91f6-73b9-4c31-8bd8-97982f59ac7e/stock-mappings?terminalId=33bf256f-1f7d-4a99-bb24-b859151e6cba - application/json;+charset=utf-8 2
info: Microsoft.AspNetCore.Routing.EndpointMiddleware[0]
      Executing endpoint 'HTTP: POST /api/v1/management/inventory/modifiers/{modifierId:guid}/stock-mappings'
info: Microsoft.AspNetCore.Http.Result.JsonResult[1]
      Setting HTTP status code 401.
info: Microsoft.AspNetCore.Http.Result.JsonResult[3]
      Writing value of type 'StockMasterApiErrorEnvelopeV1' as Json.
info: Microsoft.AspNetCore.Routing.EndpointMiddleware[1]
      Executed endpoint 'HTTP: POST /api/v1/management/inventory/modifiers/{modifierId:guid}/stock-mappings'
info: Microsoft.AspNetCore.Hosting.Diagnostics[2]
      Request finished HTTP/1.1 POST https://127.0.0.1:46097/api/v1/management/inventory/modifiers/d67f91f6-73b9-4c31-8bd8-97982f59ac7e/stock-mappings?terminalId=33bf256f-1f7d-4a99-bb24-b859151e6cba - 401 - application/json;+charset=utf-8 0.9638ms
info: Microsoft.AspNetCore.Hosting.Diagnostics[1]
      Request starting HTTP/1.1 GET http://127.0.0.1:46097/api/v1/management/inventory/modifiers/aeece872-701d-43dc-a17c-d6e8894ef291/stock-mappings?terminalId=90863dc9-2a37-4378-8980-93b1bb5bca26 - - -
info: Microsoft.AspNetCore.Routing.EndpointMiddleware[0]
      Executing endpoint 'HTTP: GET /api/v1/management/inventory/modifiers/{modifierId:guid}/stock-mappings'
info: Microsoft.AspNetCore.Http.Result.JsonResult[1]
      Setting HTTP status code 401.
info: Microsoft.AspNetCore.Http.Result.JsonResult[3]
      Writing value of type 'StockMasterApiErrorEnvelopeV1' as Json.
info: Microsoft.AspNetCore.Routing.EndpointMiddleware[1]
      Executed endpoint 'HTTP: GET /api/v1/management/inventory/modifiers/{modifierId:guid}/stock-mappings'
info: Microsoft.AspNetCore.Hosting.Diagnostics[2]
      Request finished HTTP/1.1 GET https://127.0.0.1:46097/api/v1/management/inventory/modifiers/aeece872-701d-43dc-a17c-d6e8894ef291/stock-mappings?terminalId=90863dc9-2a37-4378-8980-93b1bb5bca26 - 401 - application/json;+charset=utf-8 0.5554ms
info: Microsoft.AspNetCore.Hosting.Diagnostics[1]
      Request starting HTTP/1.1 DELETE http://127.0.0.1:46097/api/v1/management/inventory/modifiers/92f4aa5b-30af-4715-99a0-053aa1ce7e8a/stock-mappings/a905d09a-3367-4f8a-97ee-073e48fb5073?terminalId=125c4420-a0b4-429d-935c-ae360d55b4cf - application/json;+charset=utf-8 2
info: Microsoft.AspNetCore.Routing.EndpointMiddleware[0]
      Executing endpoint 'HTTP: DELETE /api/v1/management/inventory/modifiers/{modifierId:guid}/stock-mappings/{stockItemId:guid}'
info: Microsoft.AspNetCore.Http.Result.JsonResult[1]
      Setting HTTP status code 401.
info: Microsoft.AspNetCore.Http.Result.JsonResult[3]
      Writing value of type 'StockMasterApiErrorEnvelopeV1' as Json.
info: Microsoft.AspNetCore.Routing.EndpointMiddleware[1]
      Executed endpoint 'HTTP: DELETE /api/v1/management/inventory/modifiers/{modifierId:guid}/stock-mappings/{stockItemId:guid}'
info: Microsoft.AspNetCore.Hosting.Diagnostics[2]
      Request finished HTTP/1.1 DELETE https://127.0.0.1:46097/api/v1/management/inventory/modifiers/92f4aa5b-30af-4715-99a0-053aa1ce7e8a/stock-mappings/a905d09a-3367-4f8a-97ee-073e48fb5073?terminalId=125c4420-a0b4-429d-935c-ae360d55b4cf - 401 - application/json;+charset=utf-8 0.2773ms
info: Microsoft.AspNetCore.Hosting.Diagnostics[1]
      Request starting HTTP/1.1 POST http://127.0.0.1:46097/api/v1/management/inventory/products/b59e648c-4157-42ea-8165-a5b061ff5ad9/stock-mappings?terminalId=7b1e1fc0-917c-4298-9115-e8d0395e7920 - application/json;+charset=utf-8 2
info: Microsoft.AspNetCore.Routing.EndpointMiddleware[0]
      Executing endpoint 'HTTP: POST /api/v1/management/inventory/products/{productId:guid}/stock-mappings'
info: Microsoft.AspNetCore.Http.Result.JsonResult[1]
      Setting HTTP status code 401.
info: Microsoft.AspNetCore.Http.Result.JsonResult[3]
      Writing value of type 'StockMasterApiErrorEnvelopeV1' as Json.
info: Microsoft.AspNetCore.Routing.EndpointMiddleware[1]
      Executed endpoint 'HTTP: POST /api/v1/management/inventory/products/{productId:guid}/stock-mappings'
info: Microsoft.AspNetCore.Hosting.Diagnostics[2]
      Request finished HTTP/1.1 POST https://127.0.0.1:46097/api/v1/management/inventory/products/b59e648c-4157-42ea-8165-a5b061ff5ad9/stock-mappings?terminalId=7b1e1fc0-917c-4298-9115-e8d0395e7920 - 401 - application/json;+charset=utf-8 0.4646ms
info: Microsoft.AspNetCore.Hosting.Diagnostics[1]
      Request starting HTTP/1.1 GET http://127.0.0.1:46097/api/v1/management/inventory/products/db308340-ecd4-48ac-a29a-3bdf2afe4889/stock-mappings?terminalId=09dc9ec5-3acb-4cde-b82f-6e040fbc5534 - - -
info: Microsoft.AspNetCore.Routing.EndpointMiddleware[0]
      Executing endpoint 'HTTP: GET /api/v1/management/inventory/products/{productId:guid}/stock-mappings'
info: Microsoft.AspNetCore.Http.Result.JsonResult[1]
      Setting HTTP status code 401.
info: Microsoft.AspNetCore.Http.Result.JsonResult[3]
      Writing value of type 'StockMasterApiErrorEnvelopeV1' as Json.
info: Microsoft.AspNetCore.Routing.EndpointMiddleware[1]
      Executed endpoint 'HTTP: GET /api/v1/management/inventory/products/{productId:guid}/stock-mappings'
info: Microsoft.AspNetCore.Hosting.Diagnostics[2]
      Request finished HTTP/1.1 GET https://127.0.0.1:46097/api/v1/management/inventory/products/db308340-ecd4-48ac-a29a-3bdf2afe4889/stock-mappings?terminalId=09dc9ec5-3acb-4cde-b82f-6e040fbc5534 - 401 - application/json;+charset=utf-8 0.3381ms
info: Microsoft.AspNetCore.Hosting.Diagnostics[1]
      Request starting HTTP/1.1 DELETE http://127.0.0.1:46097/api/v1/management/inventory/products/1c1dc246-a95a-4459-a9e4-475086695262/stock-mappings/cd711507-45d0-48d0-adee-5880cb4ec740?terminalId=3ea6b886-c86c-43e6-abc1-8ef43d3edaae - application/json;+charset=utf-8 2
info: Microsoft.AspNetCore.Routing.EndpointMiddleware[0]
      Executing endpoint 'HTTP: DELETE /api/v1/management/inventory/products/{productId:guid}/stock-mappings/{stockItemId:guid}'
info: Microsoft.AspNetCore.Http.Result.JsonResult[1]
      Setting HTTP status code 401.
info: Microsoft.AspNetCore.Http.Result.JsonResult[3]
      Writing value of type 'StockMasterApiErrorEnvelopeV1' as Json.
info: Microsoft.AspNetCore.Routing.EndpointMiddleware[1]
      Executed endpoint 'HTTP: DELETE /api/v1/management/inventory/products/{productId:guid}/stock-mappings/{stockItemId:guid}'
info: Microsoft.AspNetCore.Hosting.Diagnostics[2]
      Request finished HTTP/1.1 DELETE https://127.0.0.1:46097/api/v1/management/inventory/products/1c1dc246-a95a-4459-a9e4-475086695262/stock-mappings/cd711507-45d0-48d0-adee-5880cb4ec740?terminalId=3ea6b886-c86c-43e6-abc1-8ef43d3edaae - 401 - application/json;+charset=utf-8 0.6073ms
info: Microsoft.AspNetCore.Hosting.Diagnostics[1]
      Request starting HTTP/1.1 GET http://127.0.0.1:46097/api/v1/management/inventory/reports/actual-vs-theoretical?terminalId=d397aedc-698c-467e-8fc6-2c508f5f0094 - - -
info: Microsoft.AspNetCore.Routing.EndpointMiddleware[0]
      Executing endpoint 'HTTP: GET /api/v1/management/inventory/reports/actual-vs-theoretical'
info: Microsoft.AspNetCore.Http.Result.JsonResult[1]
      Setting HTTP status code 401.
info: Microsoft.AspNetCore.Http.Result.JsonResult[3]
      Writing value of type '<>f__AnonymousType5`1' as Json.
info: Microsoft.AspNetCore.Routing.EndpointMiddleware[1]
      Executed endpoint 'HTTP: GET /api/v1/management/inventory/reports/actual-vs-theoretical'
info: Microsoft.AspNetCore.Hosting.Diagnostics[2]
      Request finished HTTP/1.1 GET https://127.0.0.1:46097/api/v1/management/inventory/reports/actual-vs-theoretical?terminalId=d397aedc-698c-467e-8fc6-2c508f5f0094 - 401 - application/json;+charset=utf-8 3.5011ms
info: Microsoft.AspNetCore.Hosting.Diagnostics[1]
      Request starting HTTP/1.1 GET http://127.0.0.1:46097/api/v1/management/inventory/reports/critical-stock?terminalId=cb0b96f4-0d6d-4f25-9c31-17ff2502afd0 - - -
info: Microsoft.AspNetCore.Routing.EndpointMiddleware[0]
      Executing endpoint 'HTTP: GET /api/v1/management/inventory/reports/critical-stock'
info: Microsoft.AspNetCore.Http.Result.JsonResult[1]
      Setting HTTP status code 401.
info: Microsoft.AspNetCore.Http.Result.JsonResult[3]
      Writing value of type '<>f__AnonymousType5`1' as Json.
info: Microsoft.AspNetCore.Routing.EndpointMiddleware[1]
      Executed endpoint 'HTTP: GET /api/v1/management/inventory/reports/critical-stock'
info: Microsoft.AspNetCore.Hosting.Diagnostics[2]
      Request finished HTTP/1.1 GET https://127.0.0.1:46097/api/v1/management/inventory/reports/critical-stock?terminalId=cb0b96f4-0d6d-4f25-9c31-17ff2502afd0 - 401 - application/json;+charset=utf-8 1.8782ms
info: Microsoft.AspNetCore.Hosting.Diagnostics[1]
      Request starting HTTP/1.1 GET http://127.0.0.1:46097/api/v1/management/inventory/stock-items?terminalId=e42af3b4-300b-45d1-b880-2b748cf226ec - - -
info: Microsoft.AspNetCore.Routing.EndpointMiddleware[0]
      Executing endpoint 'HTTP: GET /api/v1/management/inventory/stock-items'
info: Microsoft.AspNetCore.Http.Result.JsonResult[1]
      Setting HTTP status code 401.
info: Microsoft.AspNetCore.Http.Result.JsonResult[3]
      Writing value of type 'StockMasterApiErrorEnvelopeV1' as Json.
info: Microsoft.AspNetCore.Routing.EndpointMiddleware[1]
      Executed endpoint 'HTTP: GET /api/v1/management/inventory/stock-items'
info: Microsoft.AspNetCore.Hosting.Diagnostics[2]
      Request finished HTTP/1.1 GET https://127.0.0.1:46097/api/v1/management/inventory/stock-items?terminalId=e42af3b4-300b-45d1-b880-2b748cf226ec - 401 - application/json;+charset=utf-8 0.5283ms
info: Microsoft.AspNetCore.Hosting.Diagnostics[1]
      Request starting HTTP/1.1 POST http://127.0.0.1:46097/api/v1/management/inventory/stock-items?terminalId=5ac5a129-761b-4a86-a887-e74ea1386bbd - application/json;+charset=utf-8 2
info: Microsoft.AspNetCore.Routing.EndpointMiddleware[0]
      Executing endpoint 'HTTP: POST /api/v1/management/inventory/stock-items'
info: Microsoft.AspNetCore.Http.Result.JsonResult[1]
      Setting HTTP status code 401.
info: Microsoft.AspNetCore.Http.Result.JsonResult[3]
      Writing value of type 'StockMasterApiErrorEnvelopeV1' as Json.
info: Microsoft.AspNetCore.Routing.EndpointMiddleware[1]
      Executed endpoint 'HTTP: POST /api/v1/management/inventory/stock-items'
info: Microsoft.AspNetCore.Hosting.Diagnostics[2]
      Request finished HTTP/1.1 POST https://127.0.0.1:46097/api/v1/management/inventory/stock-items?terminalId=5ac5a129-761b-4a86-a887-e74ea1386bbd - 401 - application/json;+charset=utf-8 0.4498ms
info: Microsoft.AspNetCore.Hosting.Diagnostics[1]
      Request starting HTTP/1.1 POST http://127.0.0.1:46097/api/v1/management/inventory/stock-items/2ede2404-783f-41cd-9757-6c9489da0f66/physical-counts?terminalId=a85ad3db-09d2-45ff-82e8-0e7ddd943d30 - application/json;+charset=utf-8 2
info: Microsoft.AspNetCore.Routing.EndpointMiddleware[0]
      Executing endpoint 'HTTP: POST /api/v1/management/inventory/stock-items/{stockItemId:guid}/physical-counts'
info: Microsoft.AspNetCore.Http.Result.JsonResult[1]
      Setting HTTP status code 401.
info: Microsoft.AspNetCore.Http.Result.JsonResult[3]
      Writing value of type 'StockMasterApiErrorEnvelopeV1' as Json.
info: Microsoft.AspNetCore.Routing.EndpointMiddleware[1]
      Executed endpoint 'HTTP: POST /api/v1/management/inventory/stock-items/{stockItemId:guid}/physical-counts'
info: Microsoft.AspNetCore.Hosting.Diagnostics[2]
      Request finished HTTP/1.1 POST https://127.0.0.1:46097/api/v1/management/inventory/stock-items/2ede2404-783f-41cd-9757-6c9489da0f66/physical-counts?terminalId=a85ad3db-09d2-45ff-82e8-0e7ddd943d30 - 401 - application/json;+charset=utf-8 1.0099ms
info: Microsoft.AspNetCore.Hosting.Diagnostics[1]
      Request starting HTTP/1.1 PUT http://127.0.0.1:46097/api/v1/management/inventory/stock-items/67797899-a98d-4d50-8665-1168f39f8111/reorder-point?terminalId=69e6def4-c911-45ce-a1aa-86757bc7194b - application/json;+charset=utf-8 2
info: Microsoft.AspNetCore.Routing.EndpointMiddleware[0]
      Executing endpoint 'HTTP: PUT /api/v1/management/inventory/stock-items/{stockItemId:guid}/reorder-point'
info: Microsoft.AspNetCore.Http.Result.JsonResult[1]
      Setting HTTP status code 401.
info: Microsoft.AspNetCore.Http.Result.JsonResult[3]
      Writing value of type 'StockMasterApiErrorEnvelopeV1' as Json.
info: Microsoft.AspNetCore.Routing.EndpointMiddleware[1]
      Executed endpoint 'HTTP: PUT /api/v1/management/inventory/stock-items/{stockItemId:guid}/reorder-point'
info: Microsoft.AspNetCore.Hosting.Diagnostics[2]
      Request finished HTTP/1.1 PUT https://127.0.0.1:46097/api/v1/management/inventory/stock-items/67797899-a98d-4d50-8665-1168f39f8111/reorder-point?terminalId=69e6def4-c911-45ce-a1aa-86757bc7194b - 401 - application/json;+charset=utf-8 0.4876ms
info: Microsoft.AspNetCore.Hosting.Diagnostics[1]
      Request starting HTTP/1.1 POST http://127.0.0.1:46097/api/v1/management/inventory/stock-items/4d5ace1d-1ade-4ff1-892d-c6c8db99383d/waste?terminalId=bcebfd4e-722f-4118-a4b1-feb14ce91018 - application/json;+charset=utf-8 2
info: Microsoft.AspNetCore.Routing.EndpointMiddleware[0]
      Executing endpoint 'HTTP: POST /api/v1/management/inventory/stock-items/{stockItemId:guid}/waste'
info: Microsoft.AspNetCore.Http.Result.JsonResult[1]
      Setting HTTP status code 401.
info: Microsoft.AspNetCore.Http.Result.JsonResult[3]
      Writing value of type 'StockMasterApiErrorEnvelopeV1' as Json.
info: Microsoft.AspNetCore.Routing.EndpointMiddleware[1]
      Executed endpoint 'HTTP: POST /api/v1/management/inventory/stock-items/{stockItemId:guid}/waste'
info: Microsoft.AspNetCore.Hosting.Diagnostics[2]
      Request finished HTTP/1.1 POST https://127.0.0.1:46097/api/v1/management/inventory/stock-items/4d5ace1d-1ade-4ff1-892d-c6c8db99383d/waste?terminalId=bcebfd4e-722f-4118-a4b1-feb14ce91018 - 401 - application/json;+charset=utf-8 0.4124ms
info: Microsoft.AspNetCore.Hosting.Diagnostics[1]
      Request starting HTTP/1.1 GET http://127.0.0.1:46097/api/v1/management/inventory/stock-locations?terminalId=1f94ae01-2ab6-495c-8849-c0db7a34cef7 - - -
info: Microsoft.AspNetCore.Routing.EndpointMiddleware[0]
      Executing endpoint 'HTTP: GET /api/v1/management/inventory/stock-locations'
info: Microsoft.AspNetCore.Http.Result.JsonResult[1]
      Setting HTTP status code 401.
info: Microsoft.AspNetCore.Http.Result.JsonResult[3]
      Writing value of type 'StockMasterApiErrorEnvelopeV1' as Json.
info: Microsoft.AspNetCore.Routing.EndpointMiddleware[1]
      Executed endpoint 'HTTP: GET /api/v1/management/inventory/stock-locations'
info: Microsoft.AspNetCore.Hosting.Diagnostics[2]
      Request finished HTTP/1.1 GET https://127.0.0.1:46097/api/v1/management/inventory/stock-locations?terminalId=1f94ae01-2ab6-495c-8849-c0db7a34cef7 - 401 - application/json;+charset=utf-8 0.3331ms
info: Microsoft.AspNetCore.Hosting.Diagnostics[1]
      Request starting HTTP/1.1 POST http://127.0.0.1:46097/api/v1/management/inventory/stock-locations?terminalId=46e1cc64-3d5a-4b46-8785-ccc72b27e2f4 - application/json;+charset=utf-8 2
info: Microsoft.AspNetCore.Routing.EndpointMiddleware[0]
      Executing endpoint 'HTTP: POST /api/v1/management/inventory/stock-locations'
info: Microsoft.AspNetCore.Http.Result.JsonResult[1]
      Setting HTTP status code 401.
info: Microsoft.AspNetCore.Http.Result.JsonResult[3]
      Writing value of type 'StockMasterApiErrorEnvelopeV1' as Json.
info: Microsoft.AspNetCore.Routing.EndpointMiddleware[1]
      Executed endpoint 'HTTP: POST /api/v1/management/inventory/stock-locations'
info: Microsoft.AspNetCore.Hosting.Diagnostics[2]
      Request finished HTTP/1.1 POST https://127.0.0.1:46097/api/v1/management/inventory/stock-locations?terminalId=46e1cc64-3d5a-4b46-8785-ccc72b27e2f4 - 401 - application/json;+charset=utf-8 0.4285ms
info: Microsoft.AspNetCore.Hosting.Diagnostics[1]
      Request starting HTTP/1.1 GET http://127.0.0.1:46097/api/v1/management/inventory/waste?terminalId=3b0f54c4-2b0c-4621-85f3-d7bede8a1d65 - - -
info: Microsoft.AspNetCore.Routing.EndpointMiddleware[0]
      Executing endpoint 'HTTP: GET /api/v1/management/inventory/waste'
info: Microsoft.AspNetCore.Http.Result.JsonResult[1]
      Setting HTTP status code 401.
info: Microsoft.AspNetCore.Http.Result.JsonResult[3]
      Writing value of type 'StockMasterApiErrorEnvelopeV1' as Json.
info: Microsoft.AspNetCore.Routing.EndpointMiddleware[1]
      Executed endpoint 'HTTP: GET /api/v1/management/inventory/waste'
info: Microsoft.AspNetCore.Hosting.Diagnostics[2]
      Request finished HTTP/1.1 GET https://127.0.0.1:46097/api/v1/management/inventory/waste?terminalId=3b0f54c4-2b0c-4621-85f3-d7bede8a1d65 - 401 - application/json;+charset=utf-8 1.0448ms
info: Microsoft.AspNetCore.Hosting.Diagnostics[1]
      Request starting HTTP/1.1 POST http://127.0.0.1:46097/api/v1/management/menus-and-specials/daily-menus?terminalId=0160aea9-e490-4a94-9f5d-39727725edab - application/json;+charset=utf-8 2
info: Microsoft.AspNetCore.Routing.EndpointMiddleware[0]
      Executing endpoint 'HTTP: POST /api/v1/management/menus-and-specials/daily-menus'
info: Microsoft.AspNetCore.Http.Result.JsonResult[1]
      Setting HTTP status code 401.
info: Microsoft.AspNetCore.Http.Result.JsonResult[3]
      Writing value of type 'MenuApiErrorEnvelopeV1' as Json.
info: Microsoft.AspNetCore.Routing.EndpointMiddleware[1]
      Executed endpoint 'HTTP: POST /api/v1/management/menus-and-specials/daily-menus'
info: Microsoft.AspNetCore.Hosting.Diagnostics[2]
      Request finished HTTP/1.1 POST https://127.0.0.1:46097/api/v1/management/menus-and-specials/daily-menus?terminalId=0160aea9-e490-4a94-9f5d-39727725edab - 401 - application/json;+charset=utf-8 0.4765ms
info: Microsoft.AspNetCore.Hosting.Diagnostics[1]
      Request starting HTTP/1.1 GET http://127.0.0.1:46097/api/v1/management/menus-and-specials/daily-menus/by-date/2026-09-28?terminalId=abd27554-cd85-46f5-abd4-f8f36e8b3f39 - - -
info: Microsoft.AspNetCore.Routing.EndpointMiddleware[0]
      Executing endpoint 'HTTP: GET /api/v1/management/menus-and-specials/daily-menus/by-date/{businessDate}'
info: Microsoft.AspNetCore.Http.Result.JsonResult[1]
      Setting HTTP status code 401.
info: Microsoft.AspNetCore.Http.Result.JsonResult[3]
      Writing value of type 'MenuApiErrorEnvelopeV1' as Json.
info: Microsoft.AspNetCore.Routing.EndpointMiddleware[1]
      Executed endpoint 'HTTP: GET /api/v1/management/menus-and-specials/daily-menus/by-date/{businessDate}'
info: Microsoft.AspNetCore.Hosting.Diagnostics[2]
      Request finished HTTP/1.1 GET https://127.0.0.1:46097/api/v1/management/menus-and-specials/daily-menus/by-date/2026-09-28?terminalId=abd27554-cd85-46f5-abd4-f8f36e8b3f39 - 401 - application/json;+charset=utf-8 0.6259ms
info: Microsoft.AspNetCore.Hosting.Diagnostics[1]
      Request starting HTTP/1.1 PUT http://127.0.0.1:46097/api/v1/management/menus-and-specials/daily-menus/items/811e48ff-567d-4813-9f93-7f87261ca53b/planned-portions?terminalId=c49ea204-e760-4bba-9b37-7f58281f8666 - application/json;+charset=utf-8 2
info: Microsoft.AspNetCore.Routing.EndpointMiddleware[0]
      Executing endpoint 'HTTP: PUT /api/v1/management/menus-and-specials/daily-menus/items/{dailyMenuItemId:guid}/planned-portions'
info: Microsoft.AspNetCore.Http.Result.JsonResult[1]
      Setting HTTP status code 401.
info: Microsoft.AspNetCore.Http.Result.JsonResult[3]
      Writing value of type 'MenuApiErrorEnvelopeV1' as Json.
info: Microsoft.AspNetCore.Routing.EndpointMiddleware[1]
      Executed endpoint 'HTTP: PUT /api/v1/management/menus-and-specials/daily-menus/items/{dailyMenuItemId:guid}/planned-portions'
info: Microsoft.AspNetCore.Hosting.Diagnostics[2]
      Request finished HTTP/1.1 PUT https://127.0.0.1:46097/api/v1/management/menus-and-specials/daily-menus/items/811e48ff-567d-4813-9f93-7f87261ca53b/planned-portions?terminalId=c49ea204-e760-4bba-9b37-7f58281f8666 - 401 - application/json;+charset=utf-8 0.3793ms
info: Microsoft.AspNetCore.Hosting.Diagnostics[1]
      Request starting HTTP/1.1 PUT http://127.0.0.1:46097/api/v1/management/menus-and-specials/daily-menus/items/0a97cc2d-60a8-41d8-aefd-e9ea4b21e2a4/price?terminalId=f75e4a1b-87a0-40c8-99ec-a92f3d7ad387 - application/json;+charset=utf-8 2
info: Microsoft.AspNetCore.Routing.EndpointMiddleware[0]
      Executing endpoint 'HTTP: PUT /api/v1/management/menus-and-specials/daily-menus/items/{dailyMenuItemId:guid}/price'
info: Microsoft.AspNetCore.Http.Result.JsonResult[1]
      Setting HTTP status code 401.
info: Microsoft.AspNetCore.Http.Result.JsonResult[3]
      Writing value of type 'MenuApiErrorEnvelopeV1' as Json.
info: Microsoft.AspNetCore.Routing.EndpointMiddleware[1]
      Executed endpoint 'HTTP: PUT /api/v1/management/menus-and-specials/daily-menus/items/{dailyMenuItemId:guid}/price'
info: Microsoft.AspNetCore.Hosting.Diagnostics[2]
      Request finished HTTP/1.1 PUT https://127.0.0.1:46097/api/v1/management/menus-and-specials/daily-menus/items/0a97cc2d-60a8-41d8-aefd-e9ea4b21e2a4/price?terminalId=f75e4a1b-87a0-40c8-99ec-a92f3d7ad387 - 401 - application/json;+charset=utf-8 0.3332ms
info: Microsoft.AspNetCore.Hosting.Diagnostics[1]
      Request starting HTTP/1.1 PUT http://127.0.0.1:46097/api/v1/management/menus-and-specials/daily-menus/items/8174a2c2-44e8-4280-92fe-094c75acbda5/status?terminalId=a762bc94-6e4c-4623-8814-10f3d4440ed2 - application/json;+charset=utf-8 2
info: Microsoft.AspNetCore.Routing.EndpointMiddleware[0]
      Executing endpoint 'HTTP: PUT /api/v1/management/menus-and-specials/daily-menus/items/{dailyMenuItemId:guid}/status'
info: Microsoft.AspNetCore.Http.Result.JsonResult[1]
      Setting HTTP status code 401.
info: Microsoft.AspNetCore.Http.Result.JsonResult[3]
      Writing value of type 'MenuApiErrorEnvelopeV1' as Json.
info: Microsoft.AspNetCore.Routing.EndpointMiddleware[1]
      Executed endpoint 'HTTP: PUT /api/v1/management/menus-and-specials/daily-menus/items/{dailyMenuItemId:guid}/status'
info: Microsoft.AspNetCore.Hosting.Diagnostics[2]
      Request finished HTTP/1.1 PUT https://127.0.0.1:46097/api/v1/management/menus-and-specials/daily-menus/items/8174a2c2-44e8-4280-92fe-094c75acbda5/status?terminalId=a762bc94-6e4c-4623-8814-10f3d4440ed2 - 401 - application/json;+charset=utf-8 0.2952ms
info: Microsoft.AspNetCore.Hosting.Diagnostics[1]
      Request starting HTTP/1.1 GET http://127.0.0.1:46097/api/v1/management/menus-and-specials/daily-menus/ba7d7c80-1150-4e79-bc3e-2b97dd7a3c82?terminalId=b713d713-bae8-4dca-a344-dd020056be5d - - -
info: Microsoft.AspNetCore.Routing.EndpointMiddleware[0]
      Executing endpoint 'HTTP: GET /api/v1/management/menus-and-specials/daily-menus/{dailyMenuId:guid}'
info: Microsoft.AspNetCore.Http.Result.JsonResult[1]
      Setting HTTP status code 401.
info: Microsoft.AspNetCore.Http.Result.JsonResult[3]
      Writing value of type 'MenuApiErrorEnvelopeV1' as Json.
info: Microsoft.AspNetCore.Routing.EndpointMiddleware[1]
      Executed endpoint 'HTTP: GET /api/v1/management/menus-and-specials/daily-menus/{dailyMenuId:guid}'
info: Microsoft.AspNetCore.Hosting.Diagnostics[2]
      Request finished HTTP/1.1 GET https://127.0.0.1:46097/api/v1/management/menus-and-specials/daily-menus/ba7d7c80-1150-4e79-bc3e-2b97dd7a3c82?terminalId=b713d713-bae8-4dca-a344-dd020056be5d - 401 - application/json;+charset=utf-8 0.4396ms
info: Microsoft.AspNetCore.Hosting.Diagnostics[1]
      Request starting HTTP/1.1 POST http://127.0.0.1:46097/api/v1/management/menus-and-specials/daily-menus/6af89e9e-69c6-40d4-b3e5-5f03264647c9/close?terminalId=186049ee-c581-4c1c-847a-10cec3d26b79 - application/json;+charset=utf-8 2
info: Microsoft.AspNetCore.Routing.EndpointMiddleware[0]
      Executing endpoint 'HTTP: POST /api/v1/management/menus-and-specials/daily-menus/{dailyMenuId:guid}/close'
info: Microsoft.AspNetCore.Http.Result.JsonResult[1]
      Setting HTTP status code 401.
info: Microsoft.AspNetCore.Http.Result.JsonResult[3]
      Writing value of type 'MenuApiErrorEnvelopeV1' as Json.
info: Microsoft.AspNetCore.Routing.EndpointMiddleware[1]
      Executed endpoint 'HTTP: POST /api/v1/management/menus-and-specials/daily-menus/{dailyMenuId:guid}/close'
info: Microsoft.AspNetCore.Hosting.Diagnostics[2]
      Request finished HTTP/1.1 POST https://127.0.0.1:46097/api/v1/management/menus-and-specials/daily-menus/6af89e9e-69c6-40d4-b3e5-5f03264647c9/close?terminalId=186049ee-c581-4c1c-847a-10cec3d26b79 - 401 - application/json;+charset=utf-8 0.4393ms
info: Microsoft.AspNetCore.Hosting.Diagnostics[1]
      Request starting HTTP/1.1 POST http://127.0.0.1:46097/api/v1/management/menus-and-specials/daily-menus/3a252756-bec5-454b-8c02-26ad556909dd/items?terminalId=0d717463-11a8-4121-a33a-59420fd95fde - application/json;+charset=utf-8 2
info: Microsoft.AspNetCore.Routing.EndpointMiddleware[0]
      Executing endpoint 'HTTP: POST /api/v1/management/menus-and-specials/daily-menus/{dailyMenuId:guid}/items'
info: Microsoft.AspNetCore.Http.Result.JsonResult[1]
      Setting HTTP status code 401.
info: Microsoft.AspNetCore.Http.Result.JsonResult[3]
      Writing value of type 'MenuApiErrorEnvelopeV1' as Json.
info: Microsoft.AspNetCore.Routing.EndpointMiddleware[1]
      Executed endpoint 'HTTP: POST /api/v1/management/menus-and-specials/daily-menus/{dailyMenuId:guid}/items'
info: Microsoft.AspNetCore.Hosting.Diagnostics[2]
      Request finished HTTP/1.1 POST https://127.0.0.1:46097/api/v1/management/menus-and-specials/daily-menus/3a252756-bec5-454b-8c02-26ad556909dd/items?terminalId=0d717463-11a8-4121-a33a-59420fd95fde - 401 - application/json;+charset=utf-8 0.3524ms
info: Microsoft.AspNetCore.Hosting.Diagnostics[1]
      Request starting HTTP/1.1 POST http://127.0.0.1:46097/api/v1/management/menus-and-specials/daily-menus/f7db8ad6-3f17-463d-bdb5-d11599e9bc2b/open?terminalId=da157b19-9e15-4dba-ac02-6bd53c5183d5 - application/json;+charset=utf-8 2
info: Microsoft.AspNetCore.Routing.EndpointMiddleware[0]
      Executing endpoint 'HTTP: POST /api/v1/management/menus-and-specials/daily-menus/{dailyMenuId:guid}/open'
info: Microsoft.AspNetCore.Http.Result.JsonResult[1]
      Setting HTTP status code 401.
info: Microsoft.AspNetCore.Http.Result.JsonResult[3]
      Writing value of type 'MenuApiErrorEnvelopeV1' as Json.
info: Microsoft.AspNetCore.Routing.EndpointMiddleware[1]
      Executed endpoint 'HTTP: POST /api/v1/management/menus-and-specials/daily-menus/{dailyMenuId:guid}/open'
info: Microsoft.AspNetCore.Hosting.Diagnostics[2]
      Request finished HTTP/1.1 POST https://127.0.0.1:46097/api/v1/management/menus-and-specials/daily-menus/f7db8ad6-3f17-463d-bdb5-d11599e9bc2b/open?terminalId=da157b19-9e15-4dba-ac02-6bd53c5183d5 - 401 - application/json;+charset=utf-8 0.4371ms
info: Microsoft.AspNetCore.Hosting.Diagnostics[1]
      Request starting HTTP/1.1 GET http://127.0.0.1:46097/api/v1/management/menus-and-specials/menus?terminalId=2d721626-df65-49a3-9a1b-02c22f07d2cb - - -
info: Microsoft.AspNetCore.Routing.EndpointMiddleware[0]
      Executing endpoint 'HTTP: GET /api/v1/management/menus-and-specials/menus'
info: Microsoft.AspNetCore.Http.Result.JsonResult[1]
      Setting HTTP status code 401.
info: Microsoft.AspNetCore.Http.Result.JsonResult[3]
      Writing value of type 'MenuApiErrorEnvelopeV1' as Json.
info: Microsoft.AspNetCore.Routing.EndpointMiddleware[1]
      Executed endpoint 'HTTP: GET /api/v1/management/menus-and-specials/menus'
info: Microsoft.AspNetCore.Hosting.Diagnostics[2]
      Request finished HTTP/1.1 GET https://127.0.0.1:46097/api/v1/management/menus-and-specials/menus?terminalId=2d721626-df65-49a3-9a1b-02c22f07d2cb - 401 - application/json;+charset=utf-8 0.3355ms
info: Microsoft.AspNetCore.Hosting.Diagnostics[1]
      Request starting HTTP/1.1 POST http://127.0.0.1:46097/api/v1/management/menus-and-specials/menus?terminalId=fa6d0714-8a52-4e15-884a-0293b1206c94 - application/json;+charset=utf-8 2
info: Microsoft.AspNetCore.Routing.EndpointMiddleware[0]
      Executing endpoint 'HTTP: POST /api/v1/management/menus-and-specials/menus'
info: Microsoft.AspNetCore.Http.Result.JsonResult[1]
      Setting HTTP status code 401.
info: Microsoft.AspNetCore.Http.Result.JsonResult[3]
      Writing value of type 'MenuApiErrorEnvelopeV1' as Json.
info: Microsoft.AspNetCore.Routing.EndpointMiddleware[1]
      Executed endpoint 'HTTP: POST /api/v1/management/menus-and-specials/menus'
info: Microsoft.AspNetCore.Hosting.Diagnostics[2]
      Request finished HTTP/1.1 POST https://127.0.0.1:46097/api/v1/management/menus-and-specials/menus?terminalId=fa6d0714-8a52-4e15-884a-0293b1206c94 - 401 - application/json;+charset=utf-8 0.3278ms
info: Microsoft.AspNetCore.Hosting.Diagnostics[1]
      Request starting HTTP/1.1 GET http://127.0.0.1:46097/api/v1/management/menus-and-specials/menus/66e74c13-e40e-468f-b5f9-ac4d9f9531dc?terminalId=2840eef6-f074-415c-b112-ebc413661234 - - -
info: Microsoft.AspNetCore.Routing.EndpointMiddleware[0]
      Executing endpoint 'HTTP: GET /api/v1/management/menus-and-specials/menus/{menuId:guid}'
info: Microsoft.AspNetCore.Http.Result.JsonResult[1]
      Setting HTTP status code 401.
info: Microsoft.AspNetCore.Http.Result.JsonResult[3]
      Writing value of type 'MenuApiErrorEnvelopeV1' as Json.
info: Microsoft.AspNetCore.Routing.EndpointMiddleware[1]
      Executed endpoint 'HTTP: GET /api/v1/management/menus-and-specials/menus/{menuId:guid}'
info: Microsoft.AspNetCore.Hosting.Diagnostics[2]
      Request finished HTTP/1.1 GET https://127.0.0.1:46097/api/v1/management/menus-and-specials/menus/66e74c13-e40e-468f-b5f9-ac4d9f9531dc?terminalId=2840eef6-f074-415c-b112-ebc413661234 - 401 - application/json;+charset=utf-8 0.2760ms
info: Microsoft.AspNetCore.Hosting.Diagnostics[1]
      Request starting HTTP/1.1 PUT http://127.0.0.1:46097/api/v1/management/menus-and-specials/menus/3b000496-21d4-43d9-a8a5-fb2e267d5201?terminalId=0e2b9785-edbd-4a76-a13a-74269d9d702d - application/json;+charset=utf-8 2
info: Microsoft.AspNetCore.Routing.EndpointMiddleware[0]
      Executing endpoint 'HTTP: PUT /api/v1/management/menus-and-specials/menus/{menuId:guid}'
info: Microsoft.AspNetCore.Http.Result.JsonResult[1]
      Setting HTTP status code 401.
info: Microsoft.AspNetCore.Http.Result.JsonResult[3]
      Writing value of type 'MenuApiErrorEnvelopeV1' as Json.
info: Microsoft.AspNetCore.Routing.EndpointMiddleware[1]
      Executed endpoint 'HTTP: PUT /api/v1/management/menus-and-specials/menus/{menuId:guid}'
info: Microsoft.AspNetCore.Hosting.Diagnostics[2]
      Request finished HTTP/1.1 PUT https://127.0.0.1:46097/api/v1/management/menus-and-specials/menus/3b000496-21d4-43d9-a8a5-fb2e267d5201?terminalId=0e2b9785-edbd-4a76-a13a-74269d9d702d - 401 - application/json;+charset=utf-8 0.2946ms
info: Microsoft.AspNetCore.Hosting.Diagnostics[1]
      Request starting HTTP/1.1 POST http://127.0.0.1:46097/api/v1/management/menus-and-specials/menus/25c5b8df-ccc7-4102-b765-de76fd20ad8e/items?terminalId=e68e4684-3b34-4853-b515-d29498bdb71f - application/json;+charset=utf-8 2
info: Microsoft.AspNetCore.Routing.EndpointMiddleware[0]
      Executing endpoint 'HTTP: POST /api/v1/management/menus-and-specials/menus/{menuId:guid}/items'
info: Microsoft.AspNetCore.Http.Result.JsonResult[1]
      Setting HTTP status code 401.
info: Microsoft.AspNetCore.Http.Result.JsonResult[3]
      Writing value of type 'MenuApiErrorEnvelopeV1' as Json.
info: Microsoft.AspNetCore.Routing.EndpointMiddleware[1]
      Executed endpoint 'HTTP: POST /api/v1/management/menus-and-specials/menus/{menuId:guid}/items'
info: Microsoft.AspNetCore.Hosting.Diagnostics[2]
      Request finished HTTP/1.1 POST https://127.0.0.1:46097/api/v1/management/menus-and-specials/menus/25c5b8df-ccc7-4102-b765-de76fd20ad8e/items?terminalId=e68e4684-3b34-4853-b515-d29498bdb71f - 401 - application/json;+charset=utf-8 0.3512ms
info: Microsoft.AspNetCore.Hosting.Diagnostics[1]
      Request starting HTTP/1.1 POST http://127.0.0.1:46097/api/v1/management/menus-and-specials/menus/dfc757d7-6541-4e35-945d-eb152c125f15/items/reorder?terminalId=711acd8c-cf95-44b9-b291-a56756b739a1 - application/json;+charset=utf-8 2
info: Microsoft.AspNetCore.Routing.EndpointMiddleware[0]
      Executing endpoint 'HTTP: POST /api/v1/management/menus-and-specials/menus/{menuId:guid}/items/reorder'
info: Microsoft.AspNetCore.Http.Result.JsonResult[1]
      Setting HTTP status code 401.
info: Microsoft.AspNetCore.Http.Result.JsonResult[3]
      Writing value of type 'MenuApiErrorEnvelopeV1' as Json.
info: Microsoft.AspNetCore.Routing.EndpointMiddleware[1]
      Executed endpoint 'HTTP: POST /api/v1/management/menus-and-specials/menus/{menuId:guid}/items/reorder'
info: Microsoft.AspNetCore.Hosting.Diagnostics[2]
      Request finished HTTP/1.1 POST https://127.0.0.1:46097/api/v1/management/menus-and-specials/menus/dfc757d7-6541-4e35-945d-eb152c125f15/items/reorder?terminalId=711acd8c-cf95-44b9-b291-a56756b739a1 - 401 - application/json;+charset=utf-8 0.3074ms
info: Microsoft.AspNetCore.Hosting.Diagnostics[1]
      Request starting HTTP/1.1 PUT http://127.0.0.1:46097/api/v1/management/menus-and-specials/menus/585cde00-75df-4c03-a1b0-09b46dbfa4eb/items/d3199b04-3921-4b6c-9702-e0f479185976?terminalId=a05193d9-4015-4f69-a519-1c873f3e26fa - application/json;+charset=utf-8 2
info: Microsoft.AspNetCore.Routing.EndpointMiddleware[0]
      Executing endpoint 'HTTP: PUT /api/v1/management/menus-and-specials/menus/{menuId:guid}/items/{menuItemId:guid}'
info: Microsoft.AspNetCore.Http.Result.JsonResult[1]
      Setting HTTP status code 401.
info: Microsoft.AspNetCore.Http.Result.JsonResult[3]
      Writing value of type 'MenuApiErrorEnvelopeV1' as Json.
info: Microsoft.AspNetCore.Routing.EndpointMiddleware[1]
      Executed endpoint 'HTTP: PUT /api/v1/management/menus-and-specials/menus/{menuId:guid}/items/{menuItemId:guid}'
info: Microsoft.AspNetCore.Hosting.Diagnostics[2]
      Request finished HTTP/1.1 PUT https://127.0.0.1:46097/api/v1/management/menus-and-specials/menus/585cde00-75df-4c03-a1b0-09b46dbfa4eb/items/d3199b04-3921-4b6c-9702-e0f479185976?terminalId=a05193d9-4015-4f69-a519-1c873f3e26fa - 401 - application/json;+charset=utf-8 0.3238ms
info: Microsoft.AspNetCore.Hosting.Diagnostics[1]
      Request starting HTTP/1.1 GET http://127.0.0.1:46097/api/v1/management/observability/alerts/active?terminalId=2f34783e-5430-4684-ab90-ee67330d8709 - - -
info: Microsoft.AspNetCore.Routing.EndpointMiddleware[0]
      Executing endpoint 'HTTP: GET /api/v1/management/observability/alerts/active'
info: Microsoft.AspNetCore.Http.Result.JsonResult[1]
      Setting HTTP status code 401.
info: Microsoft.AspNetCore.Http.Result.JsonResult[3]
      Writing value of type 'ObservabilityApiErrorEnvelopeV1' as Json.
info: Microsoft.AspNetCore.Routing.EndpointMiddleware[1]
      Executed endpoint 'HTTP: GET /api/v1/management/observability/alerts/active'
info: Microsoft.AspNetCore.Hosting.Diagnostics[2]
      Request finished HTTP/1.1 GET https://127.0.0.1:46097/api/v1/management/observability/alerts/active?terminalId=2f34783e-5430-4684-ab90-ee67330d8709 - 401 - application/json;+charset=utf-8 0.5355ms
info: Microsoft.AspNetCore.Hosting.Diagnostics[1]
      Request starting HTTP/1.1 GET http://127.0.0.1:46097/api/v1/management/observability/alerts/by-source?terminalId=99c16684-565b-4687-8f67-4dd8b764a468 - - -
info: Microsoft.AspNetCore.Routing.EndpointMiddleware[0]
      Executing endpoint 'HTTP: GET /api/v1/management/observability/alerts/by-source'
info: Microsoft.AspNetCore.Http.Result.JsonResult[1]
      Setting HTTP status code 401.
info: Microsoft.AspNetCore.Http.Result.JsonResult[3]
      Writing value of type 'ObservabilityApiErrorEnvelopeV1' as Json.
info: Microsoft.AspNetCore.Routing.EndpointMiddleware[1]
      Executed endpoint 'HTTP: GET /api/v1/management/observability/alerts/by-source'
info: Microsoft.AspNetCore.Hosting.Diagnostics[2]
      Request finished HTTP/1.1 GET https://127.0.0.1:46097/api/v1/management/observability/alerts/by-source?terminalId=99c16684-565b-4687-8f67-4dd8b764a468 - 401 - application/json;+charset=utf-8 0.2970ms
info: Microsoft.AspNetCore.Hosting.Diagnostics[1]
      Request starting HTTP/1.1 POST http://127.0.0.1:46097/api/v1/management/observability/alerts/raise?terminalId=50f8aa0e-32ec-460a-9f7c-aa7646d264c7 - application/json;+charset=utf-8 2
info: Microsoft.AspNetCore.Routing.EndpointMiddleware[0]
      Executing endpoint 'HTTP: POST /api/v1/management/observability/alerts/raise'
info: Microsoft.AspNetCore.Http.Result.JsonResult[1]
      Setting HTTP status code 401.
info: Microsoft.AspNetCore.Http.Result.JsonResult[3]
      Writing value of type 'ObservabilityApiErrorEnvelopeV1' as Json.
info: Microsoft.AspNetCore.Routing.EndpointMiddleware[1]
      Executed endpoint 'HTTP: POST /api/v1/management/observability/alerts/raise'
info: Microsoft.AspNetCore.Hosting.Diagnostics[2]
      Request finished HTTP/1.1 POST https://127.0.0.1:46097/api/v1/management/observability/alerts/raise?terminalId=50f8aa0e-32ec-460a-9f7c-aa7646d264c7 - 401 - application/json;+charset=utf-8 0.4052ms
info: Microsoft.AspNetCore.Hosting.Diagnostics[1]
      Request starting HTTP/1.1 GET http://127.0.0.1:46097/api/v1/management/observability/alerts/f1e2b6b7-4c90-479d-be93-2cc4f8dfab3e?terminalId=cbdfc77c-a315-462c-897e-331cdc853df1 - - -
info: Microsoft.AspNetCore.Routing.EndpointMiddleware[0]
      Executing endpoint 'HTTP: GET /api/v1/management/observability/alerts/{alertId:guid}'
info: Microsoft.AspNetCore.Http.Result.JsonResult[1]
      Setting HTTP status code 401.
info: Microsoft.AspNetCore.Http.Result.JsonResult[3]
      Writing value of type 'ObservabilityApiErrorEnvelopeV1' as Json.
info: Microsoft.AspNetCore.Routing.EndpointMiddleware[1]
      Executed endpoint 'HTTP: GET /api/v1/management/observability/alerts/{alertId:guid}'
info: Microsoft.AspNetCore.Hosting.Diagnostics[2]
      Request finished HTTP/1.1 GET https://127.0.0.1:46097/api/v1/management/observability/alerts/f1e2b6b7-4c90-479d-be93-2cc4f8dfab3e?terminalId=cbdfc77c-a315-462c-897e-331cdc853df1 - 401 - application/json;+charset=utf-8 0.3278ms
info: Microsoft.AspNetCore.Hosting.Diagnostics[1]
      Request starting HTTP/1.1 POST http://127.0.0.1:46097/api/v1/management/observability/alerts/217c7552-766b-4b9f-8714-877d1f8d0e11/acknowledge?terminalId=c7cce833-9f2c-4acd-a2fb-450fa74239da - application/json;+charset=utf-8 2
info: Microsoft.AspNetCore.Routing.EndpointMiddleware[0]
      Executing endpoint 'HTTP: POST /api/v1/management/observability/alerts/{alertId:guid}/acknowledge'
info: Microsoft.AspNetCore.Http.Result.JsonResult[1]
      Setting HTTP status code 401.
info: Microsoft.AspNetCore.Http.Result.JsonResult[3]
      Writing value of type 'ObservabilityApiErrorEnvelopeV1' as Json.
info: Microsoft.AspNetCore.Routing.EndpointMiddleware[1]
      Executed endpoint 'HTTP: POST /api/v1/management/observability/alerts/{alertId:guid}/acknowledge'
info: Microsoft.AspNetCore.Hosting.Diagnostics[2]
      Request finished HTTP/1.1 POST https://127.0.0.1:46097/api/v1/management/observability/alerts/217c7552-766b-4b9f-8714-877d1f8d0e11/acknowledge?terminalId=c7cce833-9f2c-4acd-a2fb-450fa74239da - 401 - application/json;+charset=utf-8 0.2875ms
info: Microsoft.AspNetCore.Hosting.Diagnostics[1]
      Request starting HTTP/1.1 POST http://127.0.0.1:46097/api/v1/management/observability/alerts/e5f38de6-d9ee-4f94-94b9-0e4e6ae88d90/escalate?terminalId=00d48dd3-f903-45d8-aab0-f51123361958 - application/json;+charset=utf-8 2
info: Microsoft.AspNetCore.Routing.EndpointMiddleware[0]
      Executing endpoint 'HTTP: POST /api/v1/management/observability/alerts/{alertId:guid}/escalate'
info: Microsoft.AspNetCore.Http.Result.JsonResult[1]
      Setting HTTP status code 401.
info: Microsoft.AspNetCore.Http.Result.JsonResult[3]
      Writing value of type 'ObservabilityApiErrorEnvelopeV1' as Json.
info: Microsoft.AspNetCore.Routing.EndpointMiddleware[1]
      Executed endpoint 'HTTP: POST /api/v1/management/observability/alerts/{alertId:guid}/escalate'
info: Microsoft.AspNetCore.Hosting.Diagnostics[2]
      Request finished HTTP/1.1 POST https://127.0.0.1:46097/api/v1/management/observability/alerts/e5f38de6-d9ee-4f94-94b9-0e4e6ae88d90/escalate?terminalId=00d48dd3-f903-45d8-aab0-f51123361958 - 401 - application/json;+charset=utf-8 0.3007ms
info: Microsoft.AspNetCore.Hosting.Diagnostics[1]
      Request starting HTTP/1.1 GET http://127.0.0.1:46097/api/v1/management/observability/alerts/c6bc8e55-6c73-4cbb-9c35-b491bcbdb31f/events?terminalId=1eb8b9a7-58d2-480a-9612-dfbd01c659d3 - - -
info: Microsoft.AspNetCore.Routing.EndpointMiddleware[0]
      Executing endpoint 'HTTP: GET /api/v1/management/observability/alerts/{alertId:guid}/events'
info: Microsoft.AspNetCore.Http.Result.JsonResult[1]
      Setting HTTP status code 401.
info: Microsoft.AspNetCore.Http.Result.JsonResult[3]
      Writing value of type 'ObservabilityApiErrorEnvelopeV1' as Json.
info: Microsoft.AspNetCore.Routing.EndpointMiddleware[1]
      Executed endpoint 'HTTP: GET /api/v1/management/observability/alerts/{alertId:guid}/events'
info: Microsoft.AspNetCore.Hosting.Diagnostics[2]
      Request finished HTTP/1.1 GET https://127.0.0.1:46097/api/v1/management/observability/alerts/c6bc8e55-6c73-4cbb-9c35-b491bcbdb31f/events?terminalId=1eb8b9a7-58d2-480a-9612-dfbd01c659d3 - 401 - application/json;+charset=utf-8 0.2282ms
info: Microsoft.AspNetCore.Hosting.Diagnostics[1]
      Request starting HTTP/1.1 POST http://127.0.0.1:46097/api/v1/management/observability/alerts/3ff8fb02-23df-4ff5-a76d-9648e051090d/resolve?terminalId=dcfc6fc1-9488-4fee-9d11-e322c85566ec - application/json;+charset=utf-8 2
info: Microsoft.AspNetCore.Routing.EndpointMiddleware[0]
      Executing endpoint 'HTTP: POST /api/v1/management/observability/alerts/{alertId:guid}/resolve'
info: Microsoft.AspNetCore.Http.Result.JsonResult[1]
      Setting HTTP status code 401.
info: Microsoft.AspNetCore.Http.Result.JsonResult[3]
      Writing value of type 'ObservabilityApiErrorEnvelopeV1' as Json.
info: Microsoft.AspNetCore.Routing.EndpointMiddleware[1]
      Executed endpoint 'HTTP: POST /api/v1/management/observability/alerts/{alertId:guid}/resolve'
info: Microsoft.AspNetCore.Hosting.Diagnostics[2]
      Request finished HTTP/1.1 POST https://127.0.0.1:46097/api/v1/management/observability/alerts/3ff8fb02-23df-4ff5-a76d-9648e051090d/resolve?terminalId=dcfc6fc1-9488-4fee-9d11-e322c85566ec - 401 - application/json;+charset=utf-8 0.2802ms
info: Microsoft.AspNetCore.Hosting.Diagnostics[1]
      Request starting HTTP/1.1 POST http://127.0.0.1:46097/api/v1/management/observability/alerts/66bfa67e-d749-4c2c-94a6-816711b5b30a/suppress?terminalId=506281f9-c981-423b-bbc8-f058d766e113 - application/json;+charset=utf-8 2
info: Microsoft.AspNetCore.Routing.EndpointMiddleware[0]
      Executing endpoint 'HTTP: POST /api/v1/management/observability/alerts/{alertId:guid}/suppress'
info: Microsoft.AspNetCore.Http.Result.JsonResult[1]
      Setting HTTP status code 401.
info: Microsoft.AspNetCore.Http.Result.JsonResult[3]
      Writing value of type 'ObservabilityApiErrorEnvelopeV1' as Json.
info: Microsoft.AspNetCore.Routing.EndpointMiddleware[1]
      Executed endpoint 'HTTP: POST /api/v1/management/observability/alerts/{alertId:guid}/suppress'
info: Microsoft.AspNetCore.Hosting.Diagnostics[2]
      Request finished HTTP/1.1 POST https://127.0.0.1:46097/api/v1/management/observability/alerts/66bfa67e-d749-4c2c-94a6-816711b5b30a/suppress?terminalId=506281f9-c981-423b-bbc8-f058d766e113 - 401 - application/json;+charset=utf-8 0.3342ms
info: Microsoft.AspNetCore.Hosting.Diagnostics[1]
      Request starting HTTP/1.1 POST http://127.0.0.1:46097/api/v1/management/observability/health-checks?terminalId=a79c4f91-131e-461f-801a-ce458a6e82d6 - application/json;+charset=utf-8 2
info: Microsoft.AspNetCore.Routing.EndpointMiddleware[0]
      Executing endpoint 'HTTP: POST /api/v1/management/observability/health-checks'
info: Microsoft.AspNetCore.Http.Result.JsonResult[1]
      Setting HTTP status code 401.
info: Microsoft.AspNetCore.Http.Result.JsonResult[3]
      Writing value of type 'ObservabilityApiErrorEnvelopeV1' as Json.
info: Microsoft.AspNetCore.Routing.EndpointMiddleware[1]
      Executed endpoint 'HTTP: POST /api/v1/management/observability/health-checks'
info: Microsoft.AspNetCore.Hosting.Diagnostics[2]
      Request finished HTTP/1.1 POST https://127.0.0.1:46097/api/v1/management/observability/health-checks?terminalId=a79c4f91-131e-461f-801a-ce458a6e82d6 - 401 - application/json;+charset=utf-8 1.3982ms
info: Microsoft.AspNetCore.Hosting.Diagnostics[1]
      Request starting HTTP/1.1 GET http://127.0.0.1:46097/api/v1/management/observability/health-checks/by-target?terminalId=7d5cc540-ef10-4029-97f1-b23978392621 - - -
info: Microsoft.AspNetCore.Routing.EndpointMiddleware[0]
      Executing endpoint 'HTTP: GET /api/v1/management/observability/health-checks/by-target'
info: Microsoft.AspNetCore.Http.Result.JsonResult[1]
      Setting HTTP status code 401.
info: Microsoft.AspNetCore.Http.Result.JsonResult[3]
      Writing value of type 'ObservabilityApiErrorEnvelopeV1' as Json.
info: Microsoft.AspNetCore.Routing.EndpointMiddleware[1]
      Executed endpoint 'HTTP: GET /api/v1/management/observability/health-checks/by-target'
info: Microsoft.AspNetCore.Hosting.Diagnostics[2]
      Request finished HTTP/1.1 GET https://127.0.0.1:46097/api/v1/management/observability/health-checks/by-target?terminalId=7d5cc540-ef10-4029-97f1-b23978392621 - 401 - application/json;+charset=utf-8 0.4519ms
info: Microsoft.AspNetCore.Hosting.Diagnostics[1]
      Request starting HTTP/1.1 GET http://127.0.0.1:46097/api/v1/management/observability/health-checks/unhealthy?terminalId=3fb461de-850e-4b86-be6c-320f2627a544 - - -
info: Microsoft.AspNetCore.Routing.EndpointMiddleware[0]
      Executing endpoint 'HTTP: GET /api/v1/management/observability/health-checks/unhealthy'
info: Microsoft.AspNetCore.Http.Result.JsonResult[1]
      Setting HTTP status code 401.
info: Microsoft.AspNetCore.Http.Result.JsonResult[3]
      Writing value of type 'ObservabilityApiErrorEnvelopeV1' as Json.
info: Microsoft.AspNetCore.Routing.EndpointMiddleware[1]
      Executed endpoint 'HTTP: GET /api/v1/management/observability/health-checks/unhealthy'
info: Microsoft.AspNetCore.Hosting.Diagnostics[2]
      Request finished HTTP/1.1 GET https://127.0.0.1:46097/api/v1/management/observability/health-checks/unhealthy?terminalId=3fb461de-850e-4b86-be6c-320f2627a544 - 401 - application/json;+charset=utf-8 0.9821ms
info: Microsoft.AspNetCore.Hosting.Diagnostics[1]
      Request starting HTTP/1.1 GET http://127.0.0.1:46097/api/v1/management/observability/health-checks/1574002a-8659-48d0-bbe9-10cd1a6f0615?terminalId=a0064fb0-5b6b-4121-927b-d7e412b0220a - - -
info: Microsoft.AspNetCore.Routing.EndpointMiddleware[0]
      Executing endpoint 'HTTP: GET /api/v1/management/observability/health-checks/{healthCheckId:guid}'
info: Microsoft.AspNetCore.Http.Result.JsonResult[1]
      Setting HTTP status code 401.
info: Microsoft.AspNetCore.Http.Result.JsonResult[3]
      Writing value of type 'ObservabilityApiErrorEnvelopeV1' as Json.
info: Microsoft.AspNetCore.Routing.EndpointMiddleware[1]
      Executed endpoint 'HTTP: GET /api/v1/management/observability/health-checks/{healthCheckId:guid}'
info: Microsoft.AspNetCore.Hosting.Diagnostics[2]
      Request finished HTTP/1.1 GET https://127.0.0.1:46097/api/v1/management/observability/health-checks/1574002a-8659-48d0-bbe9-10cd1a6f0615?terminalId=a0064fb0-5b6b-4121-927b-d7e412b0220a - 401 - application/json;+charset=utf-8 0.5635ms
info: Microsoft.AspNetCore.Hosting.Diagnostics[1]
      Request starting HTTP/1.1 GET http://127.0.0.1:46097/api/v1/management/payments/manual-confirmations?terminalId=74344868-8f68-4fac-b018-baf1294b5bc8 - - -
info: Microsoft.AspNetCore.Routing.EndpointMiddleware[0]
      Executing endpoint 'HTTP: GET /api/v1/management/payments/manual-confirmations'
info: Microsoft.AspNetCore.Http.Result.JsonResult[1]
      Setting HTTP status code 401.
info: Microsoft.AspNetCore.Http.Result.JsonResult[3]
      Writing value of type 'ReconciliationCaseApiErrorEnvelopeV1' as Json.
info: Microsoft.AspNetCore.Routing.EndpointMiddleware[1]
      Executed endpoint 'HTTP: GET /api/v1/management/payments/manual-confirmations'
info: Microsoft.AspNetCore.Hosting.Diagnostics[2]
      Request finished HTTP/1.1 GET https://127.0.0.1:46097/api/v1/management/payments/manual-confirmations?terminalId=74344868-8f68-4fac-b018-baf1294b5bc8 - 401 - application/json;+charset=utf-8 1.6112ms
info: Microsoft.AspNetCore.Hosting.Diagnostics[1]
      Request starting HTTP/1.1 POST http://127.0.0.1:46097/api/v1/management/payments/reconciliation-scan?terminalId=e948825f-e228-4389-a3e2-5c321a50f317 - application/json;+charset=utf-8 2
info: Microsoft.AspNetCore.Routing.EndpointMiddleware[0]
      Executing endpoint 'HTTP: POST /api/v1/management/payments/reconciliation-scan'
info: Microsoft.AspNetCore.Http.Result.JsonResult[1]
      Setting HTTP status code 401.
info: Microsoft.AspNetCore.Http.Result.JsonResult[3]
      Writing value of type 'ReconciliationCaseApiErrorEnvelopeV1' as Json.
info: Microsoft.AspNetCore.Routing.EndpointMiddleware[1]
      Executed endpoint 'HTTP: POST /api/v1/management/payments/reconciliation-scan'
info: Microsoft.AspNetCore.Hosting.Diagnostics[2]
      Request finished HTTP/1.1 POST https://127.0.0.1:46097/api/v1/management/payments/reconciliation-scan?terminalId=e948825f-e228-4389-a3e2-5c321a50f317 - 401 - application/json;+charset=utf-8 0.5058ms
info: Microsoft.AspNetCore.Hosting.Diagnostics[1]
      Request starting HTTP/1.1 GET http://127.0.0.1:46097/api/v1/management/payments/settlement-report?terminalId=e9262a3b-d0d9-46a5-94d0-80c10c76a37b - - -
info: Microsoft.AspNetCore.Routing.EndpointMiddleware[0]
      Executing endpoint 'HTTP: GET /api/v1/management/payments/settlement-report'
info: Microsoft.AspNetCore.Http.Result.JsonResult[1]
      Setting HTTP status code 401.
info: Microsoft.AspNetCore.Http.Result.JsonResult[3]
      Writing value of type 'ReconciliationCaseApiErrorEnvelopeV1' as Json.
info: Microsoft.AspNetCore.Routing.EndpointMiddleware[1]
      Executed endpoint 'HTTP: GET /api/v1/management/payments/settlement-report'
info: Microsoft.AspNetCore.Hosting.Diagnostics[2]
      Request finished HTTP/1.1 GET https://127.0.0.1:46097/api/v1/management/payments/settlement-report?terminalId=e9262a3b-d0d9-46a5-94d0-80c10c76a37b - 401 - application/json;+charset=utf-8 0.7330ms
info: Microsoft.AspNetCore.Hosting.Diagnostics[1]
      Request starting HTTP/1.1 GET http://127.0.0.1:46097/api/v1/management/production/batches?terminalId=666cd14f-3091-4b34-a961-db7969eadb18 - - -
info: Microsoft.AspNetCore.Routing.EndpointMiddleware[0]
      Executing endpoint 'HTTP: GET /api/v1/management/production/batches'
info: Microsoft.AspNetCore.Http.Result.JsonResult[1]
      Setting HTTP status code 401.
info: Microsoft.AspNetCore.Http.Result.JsonResult[3]
      Writing value of type 'ProductionApiErrorEnvelopeV1' as Json.
info: Microsoft.AspNetCore.Routing.EndpointMiddleware[1]
      Executed endpoint 'HTTP: GET /api/v1/management/production/batches'
info: Microsoft.AspNetCore.Hosting.Diagnostics[2]
      Request finished HTTP/1.1 GET https://127.0.0.1:46097/api/v1/management/production/batches?terminalId=666cd14f-3091-4b34-a961-db7969eadb18 - 401 - application/json;+charset=utf-8 0.5549ms
info: Microsoft.AspNetCore.Hosting.Diagnostics[1]
      Request starting HTTP/1.1 POST http://127.0.0.1:46097/api/v1/management/production/batches?terminalId=d2126460-4505-4041-acc4-eda27f35c5b5 - application/json;+charset=utf-8 2
info: Microsoft.AspNetCore.Routing.EndpointMiddleware[0]
      Executing endpoint 'HTTP: POST /api/v1/management/production/batches'
info: Microsoft.AspNetCore.Http.Result.JsonResult[1]
      Setting HTTP status code 401.
info: Microsoft.AspNetCore.Http.Result.JsonResult[3]
      Writing value of type 'ProductionApiErrorEnvelopeV1' as Json.
info: Microsoft.AspNetCore.Routing.EndpointMiddleware[1]
      Executed endpoint 'HTTP: POST /api/v1/management/production/batches'
info: Microsoft.AspNetCore.Hosting.Diagnostics[2]
      Request finished HTTP/1.1 POST https://127.0.0.1:46097/api/v1/management/production/batches?terminalId=d2126460-4505-4041-acc4-eda27f35c5b5 - 401 - application/json;+charset=utf-8 0.3442ms
info: Microsoft.AspNetCore.Hosting.Diagnostics[1]
      Request starting HTTP/1.1 GET http://127.0.0.1:46097/api/v1/management/production/batches/by-number/probe?terminalId=5d59001b-5d1a-4261-a84a-f7668a925d80 - - -
info: Microsoft.AspNetCore.Routing.EndpointMiddleware[0]
      Executing endpoint 'HTTP: GET /api/v1/management/production/batches/by-number/{batchNumber}'
info: Microsoft.AspNetCore.Http.Result.JsonResult[1]
      Setting HTTP status code 401.
info: Microsoft.AspNetCore.Http.Result.JsonResult[3]
      Writing value of type 'ProductionApiErrorEnvelopeV1' as Json.
info: Microsoft.AspNetCore.Routing.EndpointMiddleware[1]
      Executed endpoint 'HTTP: GET /api/v1/management/production/batches/by-number/{batchNumber}'
info: Microsoft.AspNetCore.Hosting.Diagnostics[2]
      Request finished HTTP/1.1 GET https://127.0.0.1:46097/api/v1/management/production/batches/by-number/probe?terminalId=5d59001b-5d1a-4261-a84a-f7668a925d80 - 401 - application/json;+charset=utf-8 0.2838ms
info: Microsoft.AspNetCore.Hosting.Diagnostics[1]
      Request starting HTTP/1.1 GET http://127.0.0.1:46097/api/v1/management/production/batches/47890a22-2dce-41f8-84b7-f237f6534147?terminalId=6793d564-4e18-4cdc-8de4-8497544d4cb8 - - -
info: Microsoft.AspNetCore.Routing.EndpointMiddleware[0]
      Executing endpoint 'HTTP: GET /api/v1/management/production/batches/{batchId:guid}'
info: Microsoft.AspNetCore.Http.Result.JsonResult[1]
      Setting HTTP status code 401.
info: Microsoft.AspNetCore.Http.Result.JsonResult[3]
      Writing value of type 'ProductionApiErrorEnvelopeV1' as Json.
info: Microsoft.AspNetCore.Routing.EndpointMiddleware[1]
      Executed endpoint 'HTTP: GET /api/v1/management/production/batches/{batchId:guid}'
info: Microsoft.AspNetCore.Hosting.Diagnostics[2]
      Request finished HTTP/1.1 GET https://127.0.0.1:46097/api/v1/management/production/batches/47890a22-2dce-41f8-84b7-f237f6534147?terminalId=6793d564-4e18-4cdc-8de4-8497544d4cb8 - 401 - application/json;+charset=utf-8 0.3181ms
info: Microsoft.AspNetCore.Hosting.Diagnostics[1]
      Request starting HTTP/1.1 POST http://127.0.0.1:46097/api/v1/management/production/batches/bc0948a6-67e1-43ee-a74d-43e525588698/cancel?terminalId=a07961f6-260c-49fe-8744-816d2a2d6f01 - application/json;+charset=utf-8 2
info: Microsoft.AspNetCore.Routing.EndpointMiddleware[0]
      Executing endpoint 'HTTP: POST /api/v1/management/production/batches/{batchId:guid}/cancel'
info: Microsoft.AspNetCore.Http.Result.JsonResult[1]
      Setting HTTP status code 401.
info: Microsoft.AspNetCore.Http.Result.JsonResult[3]
      Writing value of type 'ProductionApiErrorEnvelopeV1' as Json.
info: Microsoft.AspNetCore.Routing.EndpointMiddleware[1]
      Executed endpoint 'HTTP: POST /api/v1/management/production/batches/{batchId:guid}/cancel'
info: Microsoft.AspNetCore.Hosting.Diagnostics[2]
      Request finished HTTP/1.1 POST https://127.0.0.1:46097/api/v1/management/production/batches/bc0948a6-67e1-43ee-a74d-43e525588698/cancel?terminalId=a07961f6-260c-49fe-8744-816d2a2d6f01 - 401 - application/json;+charset=utf-8 0.3776ms
info: Microsoft.AspNetCore.Hosting.Diagnostics[1]
      Request starting HTTP/1.1 POST http://127.0.0.1:46097/api/v1/management/production/batches/4074caee-9b93-4018-b49f-5cb0f8418554/complete?terminalId=69849d45-d876-4284-8a5d-7ab8a49703ec - application/json;+charset=utf-8 2
info: Microsoft.AspNetCore.Routing.EndpointMiddleware[0]
      Executing endpoint 'HTTP: POST /api/v1/management/production/batches/{batchId:guid}/complete'
info: Microsoft.AspNetCore.Http.Result.JsonResult[1]
      Setting HTTP status code 401.
info: Microsoft.AspNetCore.Http.Result.JsonResult[3]
      Writing value of type 'ProductionApiErrorEnvelopeV1' as Json.
info: Microsoft.AspNetCore.Routing.EndpointMiddleware[1]
      Executed endpoint 'HTTP: POST /api/v1/management/production/batches/{batchId:guid}/complete'
info: Microsoft.AspNetCore.Hosting.Diagnostics[2]
      Request finished HTTP/1.1 POST https://127.0.0.1:46097/api/v1/management/production/batches/4074caee-9b93-4018-b49f-5cb0f8418554/complete?terminalId=69849d45-d876-4284-8a5d-7ab8a49703ec - 401 - application/json;+charset=utf-8 0.8386ms
info: Microsoft.AspNetCore.Hosting.Diagnostics[1]
      Request starting HTTP/1.1 GET http://127.0.0.1:46097/api/v1/management/production/batches/abda8021-9cb1-48c1-b67d-c7e889ade372/consumptions?terminalId=8a1e20c1-70c5-4758-ab17-eafae9ceecf6 - - -
info: Microsoft.AspNetCore.Routing.EndpointMiddleware[0]
      Executing endpoint 'HTTP: GET /api/v1/management/production/batches/{batchId:guid}/consumptions'
info: Microsoft.AspNetCore.Http.Result.JsonResult[1]
      Setting HTTP status code 401.
info: Microsoft.AspNetCore.Http.Result.JsonResult[3]
      Writing value of type 'ProductionApiErrorEnvelopeV1' as Json.
info: Microsoft.AspNetCore.Routing.EndpointMiddleware[1]
      Executed endpoint 'HTTP: GET /api/v1/management/production/batches/{batchId:guid}/consumptions'
info: Microsoft.AspNetCore.Hosting.Diagnostics[2]
      Request finished HTTP/1.1 GET https://127.0.0.1:46097/api/v1/management/production/batches/abda8021-9cb1-48c1-b67d-c7e889ade372/consumptions?terminalId=8a1e20c1-70c5-4758-ab17-eafae9ceecf6 - 401 - application/json;+charset=utf-8 0.7196ms
info: Microsoft.AspNetCore.Hosting.Diagnostics[1]
      Request starting HTTP/1.1 GET http://127.0.0.1:46097/api/v1/management/production/batches/40fe86b9-c44a-4036-9355-32d091721158/outputs?terminalId=38e82ebd-dcba-4ddc-ae13-724a46bd78b3 - - -
info: Microsoft.AspNetCore.Routing.EndpointMiddleware[0]
      Executing endpoint 'HTTP: GET /api/v1/management/production/batches/{batchId:guid}/outputs'
info: Microsoft.AspNetCore.Http.Result.JsonResult[1]
      Setting HTTP status code 401.
info: Microsoft.AspNetCore.Http.Result.JsonResult[3]
      Writing value of type 'ProductionApiErrorEnvelopeV1' as Json.
info: Microsoft.AspNetCore.Routing.EndpointMiddleware[1]
      Executed endpoint 'HTTP: GET /api/v1/management/production/batches/{batchId:guid}/outputs'
info: Microsoft.AspNetCore.Hosting.Diagnostics[2]
      Request finished HTTP/1.1 GET https://127.0.0.1:46097/api/v1/management/production/batches/40fe86b9-c44a-4036-9355-32d091721158/outputs?terminalId=38e82ebd-dcba-4ddc-ae13-724a46bd78b3 - 401 - application/json;+charset=utf-8 0.3172ms
info: Microsoft.AspNetCore.Hosting.Diagnostics[1]
      Request starting HTTP/1.1 PUT http://127.0.0.1:46097/api/v1/management/production/batches/f4bbf1a4-293f-49fd-bfde-73135ecd9ade/recipe-version?terminalId=5bbe4ec4-cae9-4432-8afd-040848cb00a1 - application/json;+charset=utf-8 2
info: Microsoft.AspNetCore.Routing.EndpointMiddleware[0]
      Executing endpoint 'HTTP: PUT /api/v1/management/production/batches/{batchId:guid}/recipe-version'
info: Microsoft.AspNetCore.Http.Result.JsonResult[1]
      Setting HTTP status code 401.
info: Microsoft.AspNetCore.Http.Result.JsonResult[3]
      Writing value of type 'ProductionApiErrorEnvelopeV1' as Json.
info: Microsoft.AspNetCore.Routing.EndpointMiddleware[1]
      Executed endpoint 'HTTP: PUT /api/v1/management/production/batches/{batchId:guid}/recipe-version'
info: Microsoft.AspNetCore.Hosting.Diagnostics[2]
      Request finished HTTP/1.1 PUT https://127.0.0.1:46097/api/v1/management/production/batches/f4bbf1a4-293f-49fd-bfde-73135ecd9ade/recipe-version?terminalId=5bbe4ec4-cae9-4432-8afd-040848cb00a1 - 401 - application/json;+charset=utf-8 0.3296ms
info: Microsoft.AspNetCore.Hosting.Diagnostics[1]
      Request starting HTTP/1.1 POST http://127.0.0.1:46097/api/v1/management/production/batches/d77bc484-7c63-4681-9eeb-b612bd66c12d/start?terminalId=d0c64702-5fc7-42e9-8fa3-733964292a4d - application/json;+charset=utf-8 2
info: Microsoft.AspNetCore.Routing.EndpointMiddleware[0]
      Executing endpoint 'HTTP: POST /api/v1/management/production/batches/{batchId:guid}/start'
info: Microsoft.AspNetCore.Http.Result.JsonResult[1]
      Setting HTTP status code 401.
info: Microsoft.AspNetCore.Http.Result.JsonResult[3]
      Writing value of type 'ProductionApiErrorEnvelopeV1' as Json.
info: Microsoft.AspNetCore.Routing.EndpointMiddleware[1]
      Executed endpoint 'HTTP: POST /api/v1/management/production/batches/{batchId:guid}/start'
info: Microsoft.AspNetCore.Hosting.Diagnostics[2]
      Request finished HTTP/1.1 POST https://127.0.0.1:46097/api/v1/management/production/batches/d77bc484-7c63-4681-9eeb-b612bd66c12d/start?terminalId=d0c64702-5fc7-42e9-8fa3-733964292a4d - 401 - application/json;+charset=utf-8 0.3087ms
info: Microsoft.AspNetCore.Hosting.Diagnostics[1]
      Request starting HTTP/1.1 GET http://127.0.0.1:46097/api/v1/management/purchasing/purchase-orders?terminalId=f933ca1f-e70a-48d4-8c43-ebf36e41aebd - - -
info: Microsoft.AspNetCore.Routing.EndpointMiddleware[0]
      Executing endpoint 'HTTP: GET /api/v1/management/purchasing/purchase-orders'
info: Microsoft.AspNetCore.Http.Result.JsonResult[1]
      Setting HTTP status code 401.
info: Microsoft.AspNetCore.Http.Result.JsonResult[3]
      Writing value of type 'PurchasingApiErrorEnvelopeV1' as Json.
info: Microsoft.AspNetCore.Routing.EndpointMiddleware[1]
      Executed endpoint 'HTTP: GET /api/v1/management/purchasing/purchase-orders'
info: Microsoft.AspNetCore.Hosting.Diagnostics[2]
      Request finished HTTP/1.1 GET https://127.0.0.1:46097/api/v1/management/purchasing/purchase-orders?terminalId=f933ca1f-e70a-48d4-8c43-ebf36e41aebd - 401 - application/json;+charset=utf-8 1.4189ms
info: Microsoft.AspNetCore.Hosting.Diagnostics[1]
      Request starting HTTP/1.1 POST http://127.0.0.1:46097/api/v1/management/purchasing/purchase-orders?terminalId=5a208915-83f5-4005-8247-e60d65e2daf3 - application/json;+charset=utf-8 2
info: Microsoft.AspNetCore.Routing.EndpointMiddleware[0]
      Executing endpoint 'HTTP: POST /api/v1/management/purchasing/purchase-orders'
info: Microsoft.AspNetCore.Http.Result.JsonResult[1]
      Setting HTTP status code 401.
info: Microsoft.AspNetCore.Http.Result.JsonResult[3]
      Writing value of type 'PurchasingApiErrorEnvelopeV1' as Json.
info: Microsoft.AspNetCore.Routing.EndpointMiddleware[1]
      Executed endpoint 'HTTP: POST /api/v1/management/purchasing/purchase-orders'
info: Microsoft.AspNetCore.Hosting.Diagnostics[2]
      Request finished HTTP/1.1 POST https://127.0.0.1:46097/api/v1/management/purchasing/purchase-orders?terminalId=5a208915-83f5-4005-8247-e60d65e2daf3 - 401 - application/json;+charset=utf-8 0.3285ms
info: Microsoft.AspNetCore.Hosting.Diagnostics[1]
      Request starting HTTP/1.1 GET http://127.0.0.1:46097/api/v1/management/purchasing/purchase-orders/a606b8e0-5219-4133-90fa-baa0158244b5?terminalId=d863ce30-47ee-4924-9da1-06719898f698 - - -
info: Microsoft.AspNetCore.Routing.EndpointMiddleware[0]
      Executing endpoint 'HTTP: GET /api/v1/management/purchasing/purchase-orders/{orderId:guid}'
info: Microsoft.AspNetCore.Http.Result.JsonResult[1]
      Setting HTTP status code 401.
info: Microsoft.AspNetCore.Http.Result.JsonResult[3]
      Writing value of type 'PurchasingApiErrorEnvelopeV1' as Json.
info: Microsoft.AspNetCore.Routing.EndpointMiddleware[1]
      Executed endpoint 'HTTP: GET /api/v1/management/purchasing/purchase-orders/{orderId:guid}'
info: Microsoft.AspNetCore.Hosting.Diagnostics[2]
      Request finished HTTP/1.1 GET https://127.0.0.1:46097/api/v1/management/purchasing/purchase-orders/a606b8e0-5219-4133-90fa-baa0158244b5?terminalId=d863ce30-47ee-4924-9da1-06719898f698 - 401 - application/json;+charset=utf-8 0.3041ms
info: Microsoft.AspNetCore.Hosting.Diagnostics[1]
      Request starting HTTP/1.1 POST http://127.0.0.1:46097/api/v1/management/purchasing/purchase-orders/544c2558-2894-4e33-90da-b87a9931029c/cancel?terminalId=2d7b8793-6c4d-47a0-8c53-9a5ace0d6860 - application/json;+charset=utf-8 2
info: Microsoft.AspNetCore.Routing.EndpointMiddleware[0]
      Executing endpoint 'HTTP: POST /api/v1/management/purchasing/purchase-orders/{orderId:guid}/cancel'
info: Microsoft.AspNetCore.Http.Result.JsonResult[1]
      Setting HTTP status code 401.
info: Microsoft.AspNetCore.Http.Result.JsonResult[3]
      Writing value of type 'PurchasingApiErrorEnvelopeV1' as Json.
info: Microsoft.AspNetCore.Routing.EndpointMiddleware[1]
      Executed endpoint 'HTTP: POST /api/v1/management/purchasing/purchase-orders/{orderId:guid}/cancel'
info: Microsoft.AspNetCore.Hosting.Diagnostics[2]
      Request finished HTTP/1.1 POST https://127.0.0.1:46097/api/v1/management/purchasing/purchase-orders/544c2558-2894-4e33-90da-b87a9931029c/cancel?terminalId=2d7b8793-6c4d-47a0-8c53-9a5ace0d6860 - 401 - application/json;+charset=utf-8 0.2489ms
info: Microsoft.AspNetCore.Hosting.Diagnostics[1]
      Request starting HTTP/1.1 POST http://127.0.0.1:46097/api/v1/management/purchasing/purchase-orders/0774b348-1c3c-4ff9-af5d-ac80f25bbaed/receipts?terminalId=6b6ddc0f-1db5-410a-a795-dc86e279c4ee - application/json;+charset=utf-8 2
info: Microsoft.AspNetCore.Routing.EndpointMiddleware[0]
      Executing endpoint 'HTTP: POST /api/v1/management/purchasing/purchase-orders/{orderId:guid}/receipts'
info: Microsoft.AspNetCore.Http.Result.JsonResult[1]
      Setting HTTP status code 401.
info: Microsoft.AspNetCore.Http.Result.JsonResult[3]
      Writing value of type 'PurchasingApiErrorEnvelopeV1' as Json.
info: Microsoft.AspNetCore.Routing.EndpointMiddleware[1]
      Executed endpoint 'HTTP: POST /api/v1/management/purchasing/purchase-orders/{orderId:guid}/receipts'
info: Microsoft.AspNetCore.Hosting.Diagnostics[2]
      Request finished HTTP/1.1 POST https://127.0.0.1:46097/api/v1/management/purchasing/purchase-orders/0774b348-1c3c-4ff9-af5d-ac80f25bbaed/receipts?terminalId=6b6ddc0f-1db5-410a-a795-dc86e279c4ee - 401 - application/json;+charset=utf-8 0.3011ms
info: Microsoft.AspNetCore.Hosting.Diagnostics[1]
      Request starting HTTP/1.1 GET http://127.0.0.1:46097/api/v1/management/purchasing/purchase-orders/13921f83-5f1f-4c78-a067-0ebbc93debad/receipts?terminalId=ec2ee519-0a76-4716-bfef-a734274ad115 - - -
info: Microsoft.AspNetCore.Routing.EndpointMiddleware[0]
      Executing endpoint 'HTTP: GET /api/v1/management/purchasing/purchase-orders/{orderId:guid}/receipts'
info: Microsoft.AspNetCore.Http.Result.JsonResult[1]
      Setting HTTP status code 401.
info: Microsoft.AspNetCore.Http.Result.JsonResult[3]
      Writing value of type 'PurchasingApiErrorEnvelopeV1' as Json.
info: Microsoft.AspNetCore.Routing.EndpointMiddleware[1]
      Executed endpoint 'HTTP: GET /api/v1/management/purchasing/purchase-orders/{orderId:guid}/receipts'
info: Microsoft.AspNetCore.Hosting.Diagnostics[2]
      Request finished HTTP/1.1 GET https://127.0.0.1:46097/api/v1/management/purchasing/purchase-orders/13921f83-5f1f-4c78-a067-0ebbc93debad/receipts?terminalId=ec2ee519-0a76-4716-bfef-a734274ad115 - 401 - application/json;+charset=utf-8 0.2666ms
info: Microsoft.AspNetCore.Hosting.Diagnostics[1]
      Request starting HTTP/1.1 POST http://127.0.0.1:46097/api/v1/management/purchasing/purchase-orders/71c77a0a-1ddd-4f2c-89bf-aa82f88ea794/submit?terminalId=8b9e3e23-8323-47a1-a81a-b7bd73cf21eb - application/json;+charset=utf-8 2
info: Microsoft.AspNetCore.Routing.EndpointMiddleware[0]
      Executing endpoint 'HTTP: POST /api/v1/management/purchasing/purchase-orders/{orderId:guid}/submit'
info: Microsoft.AspNetCore.Http.Result.JsonResult[1]
      Setting HTTP status code 401.
info: Microsoft.AspNetCore.Http.Result.JsonResult[3]
      Writing value of type 'PurchasingApiErrorEnvelopeV1' as Json.
info: Microsoft.AspNetCore.Routing.EndpointMiddleware[1]
      Executed endpoint 'HTTP: POST /api/v1/management/purchasing/purchase-orders/{orderId:guid}/submit'
info: Microsoft.AspNetCore.Hosting.Diagnostics[2]
      Request finished HTTP/1.1 POST https://127.0.0.1:46097/api/v1/management/purchasing/purchase-orders/71c77a0a-1ddd-4f2c-89bf-aa82f88ea794/submit?terminalId=8b9e3e23-8323-47a1-a81a-b7bd73cf21eb - 401 - application/json;+charset=utf-8 0.3597ms
info: Microsoft.AspNetCore.Hosting.Diagnostics[1]
      Request starting HTTP/1.1 GET http://127.0.0.1:46097/api/v1/management/purchasing/receipts/e2b93fca-fe86-4fa1-886d-4d8ec69480d5?terminalId=d8591ce4-0f5a-4fd0-89b1-6692e182a817 - - -
info: Microsoft.AspNetCore.Routing.EndpointMiddleware[0]
      Executing endpoint 'HTTP: GET /api/v1/management/purchasing/receipts/{receiptId:guid}'
info: Microsoft.AspNetCore.Http.Result.JsonResult[1]
      Setting HTTP status code 401.
info: Microsoft.AspNetCore.Http.Result.JsonResult[3]
      Writing value of type 'PurchasingApiErrorEnvelopeV1' as Json.
info: Microsoft.AspNetCore.Routing.EndpointMiddleware[1]
      Executed endpoint 'HTTP: GET /api/v1/management/purchasing/receipts/{receiptId:guid}'
info: Microsoft.AspNetCore.Hosting.Diagnostics[2]
      Request finished HTTP/1.1 GET https://127.0.0.1:46097/api/v1/management/purchasing/receipts/e2b93fca-fe86-4fa1-886d-4d8ec69480d5?terminalId=d8591ce4-0f5a-4fd0-89b1-6692e182a817 - 401 - application/json;+charset=utf-8 0.2445ms
info: Microsoft.AspNetCore.Hosting.Diagnostics[1]
      Request starting HTTP/1.1 GET http://127.0.0.1:46097/api/v1/management/purchasing/suppliers?terminalId=d01290e3-be2d-4962-98a8-6b810dd28942 - - -
info: Microsoft.AspNetCore.Routing.EndpointMiddleware[0]
      Executing endpoint 'HTTP: GET /api/v1/management/purchasing/suppliers'
info: Microsoft.AspNetCore.Http.Result.JsonResult[1]
      Setting HTTP status code 401.
info: Microsoft.AspNetCore.Http.Result.JsonResult[3]
      Writing value of type 'PurchasingApiErrorEnvelopeV1' as Json.
info: Microsoft.AspNetCore.Routing.EndpointMiddleware[1]
      Executed endpoint 'HTTP: GET /api/v1/management/purchasing/suppliers'
info: Microsoft.AspNetCore.Hosting.Diagnostics[2]
      Request finished HTTP/1.1 GET https://127.0.0.1:46097/api/v1/management/purchasing/suppliers?terminalId=d01290e3-be2d-4962-98a8-6b810dd28942 - 401 - application/json;+charset=utf-8 0.4073ms
info: Microsoft.AspNetCore.Hosting.Diagnostics[1]
      Request starting HTTP/1.1 POST http://127.0.0.1:46097/api/v1/management/purchasing/suppliers?terminalId=b3cec681-87dd-43be-8c46-c114123973ac - application/json;+charset=utf-8 2
info: Microsoft.AspNetCore.Routing.EndpointMiddleware[0]
      Executing endpoint 'HTTP: POST /api/v1/management/purchasing/suppliers'
info: Microsoft.AspNetCore.Http.Result.JsonResult[1]
      Setting HTTP status code 401.
info: Microsoft.AspNetCore.Http.Result.JsonResult[3]
      Writing value of type 'PurchasingApiErrorEnvelopeV1' as Json.
info: Microsoft.AspNetCore.Routing.EndpointMiddleware[1]
      Executed endpoint 'HTTP: POST /api/v1/management/purchasing/suppliers'
info: Microsoft.AspNetCore.Hosting.Diagnostics[2]
      Request finished HTTP/1.1 POST https://127.0.0.1:46097/api/v1/management/purchasing/suppliers?terminalId=b3cec681-87dd-43be-8c46-c114123973ac - 401 - application/json;+charset=utf-8 0.3175ms
info: Microsoft.AspNetCore.Hosting.Diagnostics[1]
      Request starting HTTP/1.1 GET http://127.0.0.1:46097/api/v1/management/purchasing/suppliers/889bfac7-d0ca-4c85-99d3-f78631f32d4d?terminalId=9bf2827f-ffb9-4f42-bb28-8bbaffcc4817 - - -
info: Microsoft.AspNetCore.Routing.EndpointMiddleware[0]
      Executing endpoint 'HTTP: GET /api/v1/management/purchasing/suppliers/{supplierId:guid}'
info: Microsoft.AspNetCore.Http.Result.JsonResult[1]
      Setting HTTP status code 401.
info: Microsoft.AspNetCore.Http.Result.JsonResult[3]
      Writing value of type 'PurchasingApiErrorEnvelopeV1' as Json.
info: Microsoft.AspNetCore.Routing.EndpointMiddleware[1]
      Executed endpoint 'HTTP: GET /api/v1/management/purchasing/suppliers/{supplierId:guid}'
info: Microsoft.AspNetCore.Hosting.Diagnostics[2]
      Request finished HTTP/1.1 GET https://127.0.0.1:46097/api/v1/management/purchasing/suppliers/889bfac7-d0ca-4c85-99d3-f78631f32d4d?terminalId=9bf2827f-ffb9-4f42-bb28-8bbaffcc4817 - 401 - application/json;+charset=utf-8 0.3078ms
info: Microsoft.AspNetCore.Hosting.Diagnostics[1]
      Request starting HTTP/1.1 PUT http://127.0.0.1:46097/api/v1/management/purchasing/suppliers/804606c9-0838-454f-8554-eb2b37fafb36?terminalId=314af17b-5990-42d5-a211-9343828dfa80 - application/json;+charset=utf-8 2
info: Microsoft.AspNetCore.Routing.EndpointMiddleware[0]
      Executing endpoint 'HTTP: PUT /api/v1/management/purchasing/suppliers/{supplierId:guid}'
info: Microsoft.AspNetCore.Http.Result.JsonResult[1]
      Setting HTTP status code 401.
info: Microsoft.AspNetCore.Http.Result.JsonResult[3]
      Writing value of type 'PurchasingApiErrorEnvelopeV1' as Json.
info: Microsoft.AspNetCore.Routing.EndpointMiddleware[1]
      Executed endpoint 'HTTP: PUT /api/v1/management/purchasing/suppliers/{supplierId:guid}'
info: Microsoft.AspNetCore.Hosting.Diagnostics[2]
      Request finished HTTP/1.1 PUT https://127.0.0.1:46097/api/v1/management/purchasing/suppliers/804606c9-0838-454f-8554-eb2b37fafb36?terminalId=314af17b-5990-42d5-a211-9343828dfa80 - 401 - application/json;+charset=utf-8 0.4639ms
info: Microsoft.AspNetCore.Hosting.Diagnostics[1]
      Request starting HTTP/1.1 POST http://127.0.0.1:46097/api/v1/management/purchasing/suppliers/cc4cf1e2-2a19-4d8b-a797-e51da0c740f2/activate?terminalId=7c5f916c-e2a7-48f3-a789-8d289491efac - application/json;+charset=utf-8 2
info: Microsoft.AspNetCore.Routing.EndpointMiddleware[0]
      Executing endpoint 'HTTP: POST /api/v1/management/purchasing/suppliers/{supplierId:guid}/activate'
info: Microsoft.AspNetCore.Http.Result.JsonResult[1]
      Setting HTTP status code 401.
info: Microsoft.AspNetCore.Http.Result.JsonResult[3]
      Writing value of type 'PurchasingApiErrorEnvelopeV1' as Json.
info: Microsoft.AspNetCore.Routing.EndpointMiddleware[1]
      Executed endpoint 'HTTP: POST /api/v1/management/purchasing/suppliers/{supplierId:guid}/activate'
info: Microsoft.AspNetCore.Hosting.Diagnostics[2]
      Request finished HTTP/1.1 POST https://127.0.0.1:46097/api/v1/management/purchasing/suppliers/cc4cf1e2-2a19-4d8b-a797-e51da0c740f2/activate?terminalId=7c5f916c-e2a7-48f3-a789-8d289491efac - 401 - application/json;+charset=utf-8 0.3051ms
info: Microsoft.AspNetCore.Hosting.Diagnostics[1]
      Request starting HTTP/1.1 POST http://127.0.0.1:46097/api/v1/management/purchasing/suppliers/3b081ef4-26ea-40db-9bb3-a17f7d7de10e/deactivate?terminalId=6ddb7dbe-9597-478c-933a-2f65f877e4d0 - application/json;+charset=utf-8 2
info: Microsoft.AspNetCore.Routing.EndpointMiddleware[0]
      Executing endpoint 'HTTP: POST /api/v1/management/purchasing/suppliers/{supplierId:guid}/deactivate'
info: Microsoft.AspNetCore.Http.Result.JsonResult[1]
      Setting HTTP status code 401.
info: Microsoft.AspNetCore.Http.Result.JsonResult[3]
      Writing value of type 'PurchasingApiErrorEnvelopeV1' as Json.
info: Microsoft.AspNetCore.Routing.EndpointMiddleware[1]
      Executed endpoint 'HTTP: POST /api/v1/management/purchasing/suppliers/{supplierId:guid}/deactivate'
info: Microsoft.AspNetCore.Hosting.Diagnostics[2]
      Request finished HTTP/1.1 POST https://127.0.0.1:46097/api/v1/management/purchasing/suppliers/3b081ef4-26ea-40db-9bb3-a17f7d7de10e/deactivate?terminalId=6ddb7dbe-9597-478c-933a-2f65f877e4d0 - 401 - application/json;+charset=utf-8 0.3123ms
info: Microsoft.AspNetCore.Hosting.Diagnostics[1]
      Request starting HTTP/1.1 GET http://127.0.0.1:46097/api/v1/management/recipes/?terminalId=8f50e41b-4998-4b65-9aee-1a8c768b9d71 - - -
info: Microsoft.AspNetCore.Routing.EndpointMiddleware[0]
      Executing endpoint 'HTTP: GET /api/v1/management/recipes/'
info: Microsoft.AspNetCore.Http.Result.JsonResult[1]
      Setting HTTP status code 401.
info: Microsoft.AspNetCore.Http.Result.JsonResult[3]
      Writing value of type '<>f__AnonymousType5`1' as Json.
info: Microsoft.AspNetCore.Routing.EndpointMiddleware[1]
      Executed endpoint 'HTTP: GET /api/v1/management/recipes/'
info: Microsoft.AspNetCore.Hosting.Diagnostics[2]
      Request finished HTTP/1.1 GET https://127.0.0.1:46097/api/v1/management/recipes/?terminalId=8f50e41b-4998-4b65-9aee-1a8c768b9d71 - 401 - application/json;+charset=utf-8 0.3984ms
info: Microsoft.AspNetCore.Hosting.Diagnostics[1]
      Request starting HTTP/1.1 POST http://127.0.0.1:46097/api/v1/management/recipes/?terminalId=987213ca-bd4c-4b8c-83f6-dcd59af4f0f1 - application/json;+charset=utf-8 2
info: Microsoft.AspNetCore.Routing.EndpointMiddleware[0]
      Executing endpoint 'HTTP: POST /api/v1/management/recipes/'
info: Microsoft.AspNetCore.Http.Result.JsonResult[1]
      Setting HTTP status code 401.
info: Microsoft.AspNetCore.Http.Result.JsonResult[3]
      Writing value of type '<>f__AnonymousType5`1' as Json.
info: Microsoft.AspNetCore.Routing.EndpointMiddleware[1]
      Executed endpoint 'HTTP: POST /api/v1/management/recipes/'
info: Microsoft.AspNetCore.Hosting.Diagnostics[2]
      Request finished HTTP/1.1 POST https://127.0.0.1:46097/api/v1/management/recipes/?terminalId=987213ca-bd4c-4b8c-83f6-dcd59af4f0f1 - 401 - application/json;+charset=utf-8 0.3457ms
info: Microsoft.AspNetCore.Hosting.Diagnostics[1]
      Request starting HTTP/1.1 POST http://127.0.0.1:46097/api/v1/management/recipes/products/602def6e-7016-47a2-8b02-e7e1e6df7929/mapping?terminalId=f1eb174e-56f5-4109-b289-6b7705bb94fa - application/json;+charset=utf-8 2
info: Microsoft.AspNetCore.Routing.EndpointMiddleware[0]
      Executing endpoint 'HTTP: POST /api/v1/management/recipes/products/{productId:guid}/mapping'
info: Microsoft.AspNetCore.Http.Result.JsonResult[1]
      Setting HTTP status code 401.
info: Microsoft.AspNetCore.Http.Result.JsonResult[3]
      Writing value of type '<>f__AnonymousType5`1' as Json.
info: Microsoft.AspNetCore.Routing.EndpointMiddleware[1]
      Executed endpoint 'HTTP: POST /api/v1/management/recipes/products/{productId:guid}/mapping'
info: Microsoft.AspNetCore.Hosting.Diagnostics[2]
      Request finished HTTP/1.1 POST https://127.0.0.1:46097/api/v1/management/recipes/products/602def6e-7016-47a2-8b02-e7e1e6df7929/mapping?terminalId=f1eb174e-56f5-4109-b289-6b7705bb94fa - 401 - application/json;+charset=utf-8 0.6921ms
info: Microsoft.AspNetCore.Hosting.Diagnostics[1]
      Request starting HTTP/1.1 GET http://127.0.0.1:46097/api/v1/management/recipes/products/1bd8e9e4-a995-4264-a946-cf9a34ace7fe/mapping?terminalId=d1166453-dce1-4645-9330-fcf55862c3bc - - -
info: Microsoft.AspNetCore.Routing.EndpointMiddleware[0]
      Executing endpoint 'HTTP: GET /api/v1/management/recipes/products/{productId:guid}/mapping'
info: Microsoft.AspNetCore.Http.Result.JsonResult[1]
      Setting HTTP status code 401.
info: Microsoft.AspNetCore.Http.Result.JsonResult[3]
      Writing value of type '<>f__AnonymousType5`1' as Json.
info: Microsoft.AspNetCore.Routing.EndpointMiddleware[1]
      Executed endpoint 'HTTP: GET /api/v1/management/recipes/products/{productId:guid}/mapping'
info: Microsoft.AspNetCore.Hosting.Diagnostics[2]
      Request finished HTTP/1.1 GET https://127.0.0.1:46097/api/v1/management/recipes/products/1bd8e9e4-a995-4264-a946-cf9a34ace7fe/mapping?terminalId=d1166453-dce1-4645-9330-fcf55862c3bc - 401 - application/json;+charset=utf-8 0.2581ms
info: Microsoft.AspNetCore.Hosting.Diagnostics[1]
      Request starting HTTP/1.1 DELETE http://127.0.0.1:46097/api/v1/management/recipes/products/f3974ab8-9644-45fe-8d09-03f94f0b3ced/mapping?terminalId=db9621f6-d391-4e04-b188-d8761da8e3c5 - application/json;+charset=utf-8 2
info: Microsoft.AspNetCore.Routing.EndpointMiddleware[0]
      Executing endpoint 'HTTP: DELETE /api/v1/management/recipes/products/{productId:guid}/mapping'
info: Microsoft.AspNetCore.Http.Result.JsonResult[1]
      Setting HTTP status code 401.
info: Microsoft.AspNetCore.Http.Result.JsonResult[3]
      Writing value of type '<>f__AnonymousType5`1' as Json.
info: Microsoft.AspNetCore.Routing.EndpointMiddleware[1]
      Executed endpoint 'HTTP: DELETE /api/v1/management/recipes/products/{productId:guid}/mapping'
info: Microsoft.AspNetCore.Hosting.Diagnostics[2]
      Request finished HTTP/1.1 DELETE https://127.0.0.1:46097/api/v1/management/recipes/products/f3974ab8-9644-45fe-8d09-03f94f0b3ced/mapping?terminalId=db9621f6-d391-4e04-b188-d8761da8e3c5 - 401 - application/json;+charset=utf-8 0.2576ms
info: Microsoft.AspNetCore.Hosting.Diagnostics[1]
      Request starting HTTP/1.1 GET http://127.0.0.1:46097/api/v1/management/recipes/unit-conversions?terminalId=245530a2-7ece-4a8b-b0c8-288e95e95ee6 - - -
info: Microsoft.AspNetCore.Routing.EndpointMiddleware[0]
      Executing endpoint 'HTTP: GET /api/v1/management/recipes/unit-conversions'
info: Microsoft.AspNetCore.Http.Result.JsonResult[1]
      Setting HTTP status code 401.
info: Microsoft.AspNetCore.Http.Result.JsonResult[3]
      Writing value of type '<>f__AnonymousType5`1' as Json.
info: Microsoft.AspNetCore.Routing.EndpointMiddleware[1]
      Executed endpoint 'HTTP: GET /api/v1/management/recipes/unit-conversions'
info: Microsoft.AspNetCore.Hosting.Diagnostics[2]
      Request finished HTTP/1.1 GET https://127.0.0.1:46097/api/v1/management/recipes/unit-conversions?terminalId=245530a2-7ece-4a8b-b0c8-288e95e95ee6 - 401 - application/json;+charset=utf-8 0.2199ms
info: Microsoft.AspNetCore.Hosting.Diagnostics[1]
      Request starting HTTP/1.1 POST http://127.0.0.1:46097/api/v1/management/recipes/unit-conversions?terminalId=95093cc5-ddda-48f5-95d0-51a63064bb0a - application/json;+charset=utf-8 2
info: Microsoft.AspNetCore.Routing.EndpointMiddleware[0]
      Executing endpoint 'HTTP: POST /api/v1/management/recipes/unit-conversions'
info: Microsoft.AspNetCore.Http.Result.JsonResult[1]
      Setting HTTP status code 401.
info: Microsoft.AspNetCore.Http.Result.JsonResult[3]
      Writing value of type '<>f__AnonymousType5`1' as Json.
info: Microsoft.AspNetCore.Routing.EndpointMiddleware[1]
      Executed endpoint 'HTTP: POST /api/v1/management/recipes/unit-conversions'
info: Microsoft.AspNetCore.Hosting.Diagnostics[2]
      Request finished HTTP/1.1 POST https://127.0.0.1:46097/api/v1/management/recipes/unit-conversions?terminalId=95093cc5-ddda-48f5-95d0-51a63064bb0a - 401 - application/json;+charset=utf-8 0.5479ms
info: Microsoft.AspNetCore.Hosting.Diagnostics[1]
      Request starting HTTP/1.1 POST http://127.0.0.1:46097/api/v1/management/recipes/versions/39134ff1-9fac-477b-b266-76ec8b4f1655/ingredients?terminalId=f4303457-976e-496b-972c-7957efc0b43b - application/json;+charset=utf-8 2
info: Microsoft.AspNetCore.Routing.EndpointMiddleware[0]
      Executing endpoint 'HTTP: POST /api/v1/management/recipes/versions/{versionId:guid}/ingredients'
info: Microsoft.AspNetCore.Http.Result.JsonResult[1]
      Setting HTTP status code 401.
info: Microsoft.AspNetCore.Http.Result.JsonResult[3]
      Writing value of type '<>f__AnonymousType5`1' as Json.
info: Microsoft.AspNetCore.Routing.EndpointMiddleware[1]
      Executed endpoint 'HTTP: POST /api/v1/management/recipes/versions/{versionId:guid}/ingredients'
info: Microsoft.AspNetCore.Hosting.Diagnostics[2]
      Request finished HTTP/1.1 POST https://127.0.0.1:46097/api/v1/management/recipes/versions/39134ff1-9fac-477b-b266-76ec8b4f1655/ingredients?terminalId=f4303457-976e-496b-972c-7957efc0b43b - 401 - application/json;+charset=utf-8 0.2634ms
info: Microsoft.AspNetCore.Hosting.Diagnostics[1]
      Request starting HTTP/1.1 DELETE http://127.0.0.1:46097/api/v1/management/recipes/versions/92a43a82-f48e-4473-8764-1bd2150f13de/ingredients/f73aea00-dbc5-420f-80f1-50c9ec024819?terminalId=48cebdb1-70f3-4bb2-a11a-6f227f2ea825 - application/json;+charset=utf-8 2
info: Microsoft.AspNetCore.Routing.EndpointMiddleware[0]
      Executing endpoint 'HTTP: DELETE /api/v1/management/recipes/versions/{versionId:guid}/ingredients/{ingredientItemId:guid}'
info: Microsoft.AspNetCore.Http.Result.JsonResult[1]
      Setting HTTP status code 401.
info: Microsoft.AspNetCore.Http.Result.JsonResult[3]
      Writing value of type '<>f__AnonymousType5`1' as Json.
info: Microsoft.AspNetCore.Routing.EndpointMiddleware[1]
      Executed endpoint 'HTTP: DELETE /api/v1/management/recipes/versions/{versionId:guid}/ingredients/{ingredientItemId:guid}'
info: Microsoft.AspNetCore.Hosting.Diagnostics[2]
      Request finished HTTP/1.1 DELETE https://127.0.0.1:46097/api/v1/management/recipes/versions/92a43a82-f48e-4473-8764-1bd2150f13de/ingredients/f73aea00-dbc5-420f-80f1-50c9ec024819?terminalId=48cebdb1-70f3-4bb2-a11a-6f227f2ea825 - 401 - application/json;+charset=utf-8 0.3904ms
info: Microsoft.AspNetCore.Hosting.Diagnostics[1]
      Request starting HTTP/1.1 POST http://127.0.0.1:46097/api/v1/management/recipes/versions/f1747241-c115-4a16-8bd7-e54313338655/lock?terminalId=c4435b40-e687-48eb-93cd-2cd126b684cb - application/json;+charset=utf-8 2
info: Microsoft.AspNetCore.Routing.EndpointMiddleware[0]
      Executing endpoint 'HTTP: POST /api/v1/management/recipes/versions/{versionId:guid}/lock'
info: Microsoft.AspNetCore.Http.Result.JsonResult[1]
      Setting HTTP status code 401.
info: Microsoft.AspNetCore.Http.Result.JsonResult[3]
      Writing value of type '<>f__AnonymousType5`1' as Json.
info: Microsoft.AspNetCore.Routing.EndpointMiddleware[1]
      Executed endpoint 'HTTP: POST /api/v1/management/recipes/versions/{versionId:guid}/lock'
info: Microsoft.AspNetCore.Hosting.Diagnostics[2]
      Request finished HTTP/1.1 POST https://127.0.0.1:46097/api/v1/management/recipes/versions/f1747241-c115-4a16-8bd7-e54313338655/lock?terminalId=c4435b40-e687-48eb-93cd-2cd126b684cb - 401 - application/json;+charset=utf-8 0.2017ms
info: Microsoft.AspNetCore.Hosting.Diagnostics[1]
      Request starting HTTP/1.1 GET http://127.0.0.1:46097/api/v1/management/recipes/aa0ee345-cf22-49b8-b77c-dd277f5db11e/versions?terminalId=3ea9ea72-933c-41e5-9ab9-75e2cde6b655 - - -
info: Microsoft.AspNetCore.Routing.EndpointMiddleware[0]
      Executing endpoint 'HTTP: GET /api/v1/management/recipes/{recipeId:guid}/versions'
info: Microsoft.AspNetCore.Http.Result.JsonResult[1]
      Setting HTTP status code 401.
info: Microsoft.AspNetCore.Http.Result.JsonResult[3]
      Writing value of type '<>f__AnonymousType5`1' as Json.
info: Microsoft.AspNetCore.Routing.EndpointMiddleware[1]
      Executed endpoint 'HTTP: GET /api/v1/management/recipes/{recipeId:guid}/versions'
info: Microsoft.AspNetCore.Hosting.Diagnostics[2]
      Request finished HTTP/1.1 GET https://127.0.0.1:46097/api/v1/management/recipes/aa0ee345-cf22-49b8-b77c-dd277f5db11e/versions?terminalId=3ea9ea72-933c-41e5-9ab9-75e2cde6b655 - 401 - application/json;+charset=utf-8 0.2784ms
info: Microsoft.AspNetCore.Hosting.Diagnostics[1]
      Request starting HTTP/1.1 POST http://127.0.0.1:46097/api/v1/management/recipes/89d46388-4787-4680-9af5-248d276b9f4c/versions?terminalId=79ce5e79-a29d-4d96-b024-447a6798fb19 - application/json;+charset=utf-8 2
info: Microsoft.AspNetCore.Routing.EndpointMiddleware[0]
      Executing endpoint 'HTTP: POST /api/v1/management/recipes/{recipeId:guid}/versions'
info: Microsoft.AspNetCore.Http.Result.JsonResult[1]
      Setting HTTP status code 401.
info: Microsoft.AspNetCore.Http.Result.JsonResult[3]
      Writing value of type '<>f__AnonymousType5`1' as Json.
info: Microsoft.AspNetCore.Routing.EndpointMiddleware[1]
      Executed endpoint 'HTTP: POST /api/v1/management/recipes/{recipeId:guid}/versions'
info: Microsoft.AspNetCore.Hosting.Diagnostics[2]
      Request finished HTTP/1.1 POST https://127.0.0.1:46097/api/v1/management/recipes/89d46388-4787-4680-9af5-248d276b9f4c/versions?terminalId=79ce5e79-a29d-4d96-b024-447a6798fb19 - 401 - application/json;+charset=utf-8 0.2778ms
info: Microsoft.AspNetCore.Hosting.Diagnostics[1]
      Request starting HTTP/1.1 POST http://127.0.0.1:46097/api/v1/management/recipes/e23a9615-5f2b-41c2-9a1f-1bea07994e13/versions/next?terminalId=9a6f4887-05a3-4fdf-8049-c89276158a46 - application/json;+charset=utf-8 2
info: Microsoft.AspNetCore.Routing.EndpointMiddleware[0]
      Executing endpoint 'HTTP: POST /api/v1/management/recipes/{recipeId:guid}/versions/next'
info: Microsoft.AspNetCore.Http.Result.JsonResult[1]
      Setting HTTP status code 401.
info: Microsoft.AspNetCore.Http.Result.JsonResult[3]
      Writing value of type '<>f__AnonymousType5`1' as Json.
info: Microsoft.AspNetCore.Routing.EndpointMiddleware[1]
      Executed endpoint 'HTTP: POST /api/v1/management/recipes/{recipeId:guid}/versions/next'
info: Microsoft.AspNetCore.Hosting.Diagnostics[2]
      Request finished HTTP/1.1 POST https://127.0.0.1:46097/api/v1/management/recipes/e23a9615-5f2b-41c2-9a1f-1bea07994e13/versions/next?terminalId=9a6f4887-05a3-4fdf-8049-c89276158a46 - 401 - application/json;+charset=utf-8 0.3756ms
info: Microsoft.AspNetCore.Hosting.Diagnostics[1]
      Request starting HTTP/1.1 POST http://127.0.0.1:46097/api/v1/management/recipes/3410332d-2a8f-4902-928b-cbe3af346e2c/versions/1/activate?terminalId=ff1427f4-6c8b-4f6e-8c50-fca91f64caa0 - application/json;+charset=utf-8 2
info: Microsoft.AspNetCore.Routing.EndpointMiddleware[0]
      Executing endpoint 'HTTP: POST /api/v1/management/recipes/{recipeId:guid}/versions/{versionNumber:int}/activate'
info: Microsoft.AspNetCore.Http.Result.JsonResult[1]
      Setting HTTP status code 401.
info: Microsoft.AspNetCore.Http.Result.JsonResult[3]
      Writing value of type '<>f__AnonymousType5`1' as Json.
info: Microsoft.AspNetCore.Routing.EndpointMiddleware[1]
      Executed endpoint 'HTTP: POST /api/v1/management/recipes/{recipeId:guid}/versions/{versionNumber:int}/activate'
info: Microsoft.AspNetCore.Hosting.Diagnostics[2]
      Request finished HTTP/1.1 POST https://127.0.0.1:46097/api/v1/management/recipes/3410332d-2a8f-4902-928b-cbe3af346e2c/versions/1/activate?terminalId=ff1427f4-6c8b-4f6e-8c50-fca91f64caa0 - 401 - application/json;+charset=utf-8 0.2788ms
info: Microsoft.AspNetCore.Hosting.Diagnostics[1]
      Request starting HTTP/1.1 POST http://127.0.0.1:46097/api/v1/management/recipes/6dbfdfc7-fb1f-48ba-a852-dd1a1a7997d5/cost-snapshots/?terminalId=3c10177e-1ab7-4623-ac49-bb4730120128 - application/json;+charset=utf-8 2
info: Microsoft.AspNetCore.Routing.EndpointMiddleware[0]
      Executing endpoint 'HTTP: POST /api/v1/management/recipes/{recipeVersionId:guid}/cost-snapshots/'
info: Microsoft.AspNetCore.Http.Result.JsonResult[1]
      Setting HTTP status code 401.
info: Microsoft.AspNetCore.Http.Result.JsonResult[3]
      Writing value of type 'RecipeCostSnapshotApiErrorEnvelopeV1' as Json.
info: Microsoft.AspNetCore.Routing.EndpointMiddleware[1]
      Executed endpoint 'HTTP: POST /api/v1/management/recipes/{recipeVersionId:guid}/cost-snapshots/'
info: Microsoft.AspNetCore.Hosting.Diagnostics[2]
      Request finished HTTP/1.1 POST https://127.0.0.1:46097/api/v1/management/recipes/6dbfdfc7-fb1f-48ba-a852-dd1a1a7997d5/cost-snapshots/?terminalId=3c10177e-1ab7-4623-ac49-bb4730120128 - 401 - application/json;+charset=utf-8 1.8515ms
info: Microsoft.AspNetCore.Hosting.Diagnostics[1]
      Request starting HTTP/1.1 GET http://127.0.0.1:46097/api/v1/management/recipes/be65dbe3-f921-4ee1-b2fb-3d2f9f1d2d12/cost-snapshots/effective?terminalId=5a871345-306e-4c2e-9985-506e6174c66d - - -
info: Microsoft.AspNetCore.Routing.EndpointMiddleware[0]
      Executing endpoint 'HTTP: GET /api/v1/management/recipes/{recipeVersionId:guid}/cost-snapshots/effective'
info: Microsoft.AspNetCore.Http.Result.JsonResult[1]
      Setting HTTP status code 401.
info: Microsoft.AspNetCore.Http.Result.JsonResult[3]
      Writing value of type 'RecipeCostSnapshotApiErrorEnvelopeV1' as Json.
info: Microsoft.AspNetCore.Routing.EndpointMiddleware[1]
      Executed endpoint 'HTTP: GET /api/v1/management/recipes/{recipeVersionId:guid}/cost-snapshots/effective'
info: Microsoft.AspNetCore.Hosting.Diagnostics[2]
      Request finished HTTP/1.1 GET https://127.0.0.1:46097/api/v1/management/recipes/be65dbe3-f921-4ee1-b2fb-3d2f9f1d2d12/cost-snapshots/effective?terminalId=5a871345-306e-4c2e-9985-506e6174c66d - 401 - application/json;+charset=utf-8 2.0619ms
info: Microsoft.AspNetCore.Hosting.Diagnostics[1]
      Request starting HTTP/1.1 POST http://127.0.0.1:46097/api/v1/management/reconciliation/cases/?terminalId=f1a7aa72-37b4-4702-aae9-26bedae41ead - application/json;+charset=utf-8 2
info: Microsoft.AspNetCore.Routing.EndpointMiddleware[0]
      Executing endpoint 'HTTP: POST /api/v1/management/reconciliation/cases/'
info: Microsoft.AspNetCore.Http.Result.JsonResult[1]
      Setting HTTP status code 401.
info: Microsoft.AspNetCore.Http.Result.JsonResult[3]
      Writing value of type 'ReconciliationCaseApiErrorEnvelopeV1' as Json.
info: Microsoft.AspNetCore.Routing.EndpointMiddleware[1]
      Executed endpoint 'HTTP: POST /api/v1/management/reconciliation/cases/'
info: Microsoft.AspNetCore.Hosting.Diagnostics[2]
      Request finished HTTP/1.1 POST https://127.0.0.1:46097/api/v1/management/reconciliation/cases/?terminalId=f1a7aa72-37b4-4702-aae9-26bedae41ead - 401 - application/json;+charset=utf-8 0.3773ms
info: Microsoft.AspNetCore.Hosting.Diagnostics[1]
      Request starting HTTP/1.1 GET http://127.0.0.1:46097/api/v1/management/reconciliation/cases/?terminalId=56aff716-3d66-4bbe-a686-f525f9416767 - - -
info: Microsoft.AspNetCore.Routing.EndpointMiddleware[0]
      Executing endpoint 'HTTP: GET /api/v1/management/reconciliation/cases/'
info: Microsoft.AspNetCore.Http.Result.JsonResult[1]
      Setting HTTP status code 401.
info: Microsoft.AspNetCore.Http.Result.JsonResult[3]
      Writing value of type 'ReconciliationCaseApiErrorEnvelopeV1' as Json.
info: Microsoft.AspNetCore.Routing.EndpointMiddleware[1]
      Executed endpoint 'HTTP: GET /api/v1/management/reconciliation/cases/'
info: Microsoft.AspNetCore.Hosting.Diagnostics[2]
      Request finished HTTP/1.1 GET https://127.0.0.1:46097/api/v1/management/reconciliation/cases/?terminalId=56aff716-3d66-4bbe-a686-f525f9416767 - 401 - application/json;+charset=utf-8 0.4505ms
info: Microsoft.AspNetCore.Hosting.Diagnostics[1]
      Request starting HTTP/1.1 GET http://127.0.0.1:46097/api/v1/management/reconciliation/cases/5e468c62-aa0f-4381-ab37-a8565d885973?terminalId=3725c65c-eab0-43df-8ae1-4766f5a5f9ae - - -
info: Microsoft.AspNetCore.Routing.EndpointMiddleware[0]
      Executing endpoint 'HTTP: GET /api/v1/management/reconciliation/cases/{caseId:guid}'
info: Microsoft.AspNetCore.Http.Result.JsonResult[1]
      Setting HTTP status code 401.
info: Microsoft.AspNetCore.Http.Result.JsonResult[3]
      Writing value of type 'ReconciliationCaseApiErrorEnvelopeV1' as Json.
info: Microsoft.AspNetCore.Routing.EndpointMiddleware[1]
      Executed endpoint 'HTTP: GET /api/v1/management/reconciliation/cases/{caseId:guid}'
info: Microsoft.AspNetCore.Hosting.Diagnostics[2]
      Request finished HTTP/1.1 GET https://127.0.0.1:46097/api/v1/management/reconciliation/cases/5e468c62-aa0f-4381-ab37-a8565d885973?terminalId=3725c65c-eab0-43df-8ae1-4766f5a5f9ae - 401 - application/json;+charset=utf-8 0.4683ms
info: Microsoft.AspNetCore.Hosting.Diagnostics[1]
      Request starting HTTP/1.1 GET http://127.0.0.1:46097/api/v1/management/reconciliation/cases/65c112d2-6ac7-4b02-b482-00c07fce5adf/actions?terminalId=149025ae-31a5-4b34-8f60-8ac7921eb224 - - -
info: Microsoft.AspNetCore.Routing.EndpointMiddleware[0]
      Executing endpoint 'HTTP: GET /api/v1/management/reconciliation/cases/{caseId:guid}/actions'
info: Microsoft.AspNetCore.Http.Result.JsonResult[1]
      Setting HTTP status code 401.
info: Microsoft.AspNetCore.Http.Result.JsonResult[3]
      Writing value of type 'ReconciliationCaseApiErrorEnvelopeV1' as Json.
info: Microsoft.AspNetCore.Routing.EndpointMiddleware[1]
      Executed endpoint 'HTTP: GET /api/v1/management/reconciliation/cases/{caseId:guid}/actions'
info: Microsoft.AspNetCore.Hosting.Diagnostics[2]
      Request finished HTTP/1.1 GET https://127.0.0.1:46097/api/v1/management/reconciliation/cases/65c112d2-6ac7-4b02-b482-00c07fce5adf/actions?terminalId=149025ae-31a5-4b34-8f60-8ac7921eb224 - 401 - application/json;+charset=utf-8 0.3406ms
info: Microsoft.AspNetCore.Hosting.Diagnostics[1]
      Request starting HTTP/1.1 POST http://127.0.0.1:46097/api/v1/management/reconciliation/cases/e846dd56-99fc-45b8-b151-12adc4965372/notes?terminalId=3a9be79a-5e7f-4def-ad82-82f7fdd117ba - application/json;+charset=utf-8 2
info: Microsoft.AspNetCore.Routing.EndpointMiddleware[0]
      Executing endpoint 'HTTP: POST /api/v1/management/reconciliation/cases/{caseId:guid}/notes'
info: Microsoft.AspNetCore.Http.Result.JsonResult[1]
      Setting HTTP status code 401.
info: Microsoft.AspNetCore.Http.Result.JsonResult[3]
      Writing value of type 'ReconciliationCaseApiErrorEnvelopeV1' as Json.
info: Microsoft.AspNetCore.Routing.EndpointMiddleware[1]
      Executed endpoint 'HTTP: POST /api/v1/management/reconciliation/cases/{caseId:guid}/notes'
info: Microsoft.AspNetCore.Hosting.Diagnostics[2]
      Request finished HTTP/1.1 POST https://127.0.0.1:46097/api/v1/management/reconciliation/cases/e846dd56-99fc-45b8-b151-12adc4965372/notes?terminalId=3a9be79a-5e7f-4def-ad82-82f7fdd117ba - 401 - application/json;+charset=utf-8 0.2497ms
info: Microsoft.AspNetCore.Hosting.Diagnostics[1]
      Request starting HTTP/1.1 POST http://127.0.0.1:46097/api/v1/management/reconciliation/cases/8c819b4f-1b41-493d-8a95-054b40893a7a/transition?terminalId=63745411-f357-440a-b461-b38af4f2f679 - application/json;+charset=utf-8 2
info: Microsoft.AspNetCore.Routing.EndpointMiddleware[0]
      Executing endpoint 'HTTP: POST /api/v1/management/reconciliation/cases/{caseId:guid}/transition'
info: Microsoft.AspNetCore.Http.Result.JsonResult[1]
      Setting HTTP status code 401.
info: Microsoft.AspNetCore.Http.Result.JsonResult[3]
      Writing value of type 'ReconciliationCaseApiErrorEnvelopeV1' as Json.
info: Microsoft.AspNetCore.Routing.EndpointMiddleware[1]
      Executed endpoint 'HTTP: POST /api/v1/management/reconciliation/cases/{caseId:guid}/transition'
info: Microsoft.AspNetCore.Hosting.Diagnostics[2]
      Request finished HTTP/1.1 POST https://127.0.0.1:46097/api/v1/management/reconciliation/cases/8c819b4f-1b41-493d-8a95-054b40893a7a/transition?terminalId=63745411-f357-440a-b461-b38af4f2f679 - 401 - application/json;+charset=utf-8 0.2992ms
info: Microsoft.AspNetCore.Hosting.Diagnostics[1]
      Request starting HTTP/1.1 POST http://127.0.0.1:46097/api/v1/management/reconciliation/online-orders/cases/56492f6b-c25d-4759-9d7b-3129492c0436/resolve?terminalId=bbb74dd9-c4ba-4257-ab40-e923fe7a89ca - application/json;+charset=utf-8 2
info: Microsoft.AspNetCore.Routing.EndpointMiddleware[0]
      Executing endpoint 'HTTP: POST /api/v1/management/reconciliation/online-orders/cases/{caseId:guid}/resolve'
info: Microsoft.AspNetCore.Http.Result.JsonResult[1]
      Setting HTTP status code 401.
info: Microsoft.AspNetCore.Http.Result.JsonResult[3]
      Writing value of type 'ReconciliationCaseApiErrorEnvelopeV1' as Json.
info: Microsoft.AspNetCore.Routing.EndpointMiddleware[1]
      Executed endpoint 'HTTP: POST /api/v1/management/reconciliation/online-orders/cases/{caseId:guid}/resolve'
info: Microsoft.AspNetCore.Hosting.Diagnostics[2]
      Request finished HTTP/1.1 POST https://127.0.0.1:46097/api/v1/management/reconciliation/online-orders/cases/56492f6b-c25d-4759-9d7b-3129492c0436/resolve?terminalId=bbb74dd9-c4ba-4257-ab40-e923fe7a89ca - 401 - application/json;+charset=utf-8 0.3536ms
info: Microsoft.AspNetCore.Hosting.Diagnostics[1]
      Request starting HTTP/1.1 POST http://127.0.0.1:46097/api/v1/management/reconciliation/online-orders/cases/bc1fb35b-37bf-4a20-bbae-802380e85c31/retry?terminalId=0ab3ad2b-c990-4853-8cd2-223525ed685c - application/json;+charset=utf-8 2
info: Microsoft.AspNetCore.Routing.EndpointMiddleware[0]
      Executing endpoint 'HTTP: POST /api/v1/management/reconciliation/online-orders/cases/{caseId:guid}/retry'
info: Microsoft.AspNetCore.Http.Result.JsonResult[1]
      Setting HTTP status code 401.
info: Microsoft.AspNetCore.Http.Result.JsonResult[3]
      Writing value of type 'ReconciliationCaseApiErrorEnvelopeV1' as Json.
info: Microsoft.AspNetCore.Routing.EndpointMiddleware[1]
      Executed endpoint 'HTTP: POST /api/v1/management/reconciliation/online-orders/cases/{caseId:guid}/retry'
info: Microsoft.AspNetCore.Hosting.Diagnostics[2]
      Request finished HTTP/1.1 POST https://127.0.0.1:46097/api/v1/management/reconciliation/online-orders/cases/bc1fb35b-37bf-4a20-bbae-802380e85c31/retry?terminalId=0ab3ad2b-c990-4853-8cd2-223525ed685c - 401 - application/json;+charset=utf-8 0.3785ms
info: Microsoft.AspNetCore.Hosting.Diagnostics[1]
      Request starting HTTP/1.1 POST http://127.0.0.1:46097/api/v1/management/reconciliation/online-orders/scan?terminalId=a59a9fdb-6186-434c-b113-93db50cd35bf - application/json;+charset=utf-8 2
info: Microsoft.AspNetCore.Routing.EndpointMiddleware[0]
      Executing endpoint 'HTTP: POST /api/v1/management/reconciliation/online-orders/scan'
info: Microsoft.AspNetCore.Http.Result.JsonResult[1]
      Setting HTTP status code 401.
info: Microsoft.AspNetCore.Http.Result.JsonResult[3]
      Writing value of type 'ReconciliationCaseApiErrorEnvelopeV1' as Json.
info: Microsoft.AspNetCore.Routing.EndpointMiddleware[1]
      Executed endpoint 'HTTP: POST /api/v1/management/reconciliation/online-orders/scan'
info: Microsoft.AspNetCore.Hosting.Diagnostics[2]
      Request finished HTTP/1.1 POST https://127.0.0.1:46097/api/v1/management/reconciliation/online-orders/scan?terminalId=a59a9fdb-6186-434c-b113-93db50cd35bf - 401 - application/json;+charset=utf-8 0.4545ms
info: Microsoft.AspNetCore.Hosting.Diagnostics[1]
      Request starting HTTP/1.1 POST http://127.0.0.1:46097/api/v1/management/reporting/business-day/open?terminalId=589d5dc4-6ca4-4f1b-a8be-4e15f139b2e6 - application/json;+charset=utf-8 2
info: Microsoft.AspNetCore.Routing.EndpointMiddleware[0]
      Executing endpoint 'HTTP: POST /api/v1/management/reporting/business-day/open'
info: Microsoft.AspNetCore.Http.Result.JsonResult[1]
      Setting HTTP status code 401.
info: Microsoft.AspNetCore.Http.Result.JsonResult[3]
      Writing value of type 'EndOfDayApiErrorEnvelopeV1' as Json.
info: Microsoft.AspNetCore.Routing.EndpointMiddleware[1]
      Executed endpoint 'HTTP: POST /api/v1/management/reporting/business-day/open'
info: Microsoft.AspNetCore.Hosting.Diagnostics[2]
      Request finished HTTP/1.1 POST https://127.0.0.1:46097/api/v1/management/reporting/business-day/open?terminalId=589d5dc4-6ca4-4f1b-a8be-4e15f139b2e6 - 401 - application/json;+charset=utf-8 2.0765ms
info: Microsoft.AspNetCore.Hosting.Diagnostics[1]
      Request starting HTTP/1.1 GET http://127.0.0.1:46097/api/v1/management/reporting/business-day/2026-09-28?terminalId=52aff97c-e043-4eca-80c1-fc9e74577225 - - -
info: Microsoft.AspNetCore.Routing.EndpointMiddleware[0]
      Executing endpoint 'HTTP: GET /api/v1/management/reporting/business-day/{businessDate}'
info: Microsoft.AspNetCore.Http.Result.JsonResult[1]
      Setting HTTP status code 401.
info: Microsoft.AspNetCore.Http.Result.JsonResult[3]
      Writing value of type 'EndOfDayApiErrorEnvelopeV1' as Json.
info: Microsoft.AspNetCore.Routing.EndpointMiddleware[1]
      Executed endpoint 'HTTP: GET /api/v1/management/reporting/business-day/{businessDate}'
info: Microsoft.AspNetCore.Hosting.Diagnostics[2]
      Request finished HTTP/1.1 GET https://127.0.0.1:46097/api/v1/management/reporting/business-day/2026-09-28?terminalId=52aff97c-e043-4eca-80c1-fc9e74577225 - 401 - application/json;+charset=utf-8 0.5275ms
info: Microsoft.AspNetCore.Hosting.Diagnostics[1]
      Request starting HTTP/1.1 POST http://127.0.0.1:46097/api/v1/management/reporting/business-day/2026-09-28/close?terminalId=b0e332e9-71c2-4fd9-a4dc-c34ce7a22e17 - application/json;+charset=utf-8 2
info: Microsoft.AspNetCore.Routing.EndpointMiddleware[0]
      Executing endpoint 'HTTP: POST /api/v1/management/reporting/business-day/{businessDate}/close'
info: Microsoft.AspNetCore.Http.Result.JsonResult[1]
      Setting HTTP status code 401.
info: Microsoft.AspNetCore.Http.Result.JsonResult[3]
      Writing value of type 'EndOfDayApiErrorEnvelopeV1' as Json.
info: Microsoft.AspNetCore.Routing.EndpointMiddleware[1]
      Executed endpoint 'HTTP: POST /api/v1/management/reporting/business-day/{businessDate}/close'
info: Microsoft.AspNetCore.Hosting.Diagnostics[2]
      Request finished HTTP/1.1 POST https://127.0.0.1:46097/api/v1/management/reporting/business-day/2026-09-28/close?terminalId=b0e332e9-71c2-4fd9-a4dc-c34ce7a22e17 - 401 - application/json;+charset=utf-8 1.2605ms
info: Microsoft.AspNetCore.Hosting.Diagnostics[1]
      Request starting HTTP/1.1 GET http://127.0.0.1:46097/api/v1/management/reporting/business-day/2026-09-28/full-report?terminalId=b753f530-2a4e-47d5-9778-007fa60c437e - - -
info: Microsoft.AspNetCore.Routing.EndpointMiddleware[0]
      Executing endpoint 'HTTP: GET /api/v1/management/reporting/business-day/{businessDate}/full-report'
info: Microsoft.AspNetCore.Http.Result.JsonResult[1]
      Setting HTTP status code 401.
info: Microsoft.AspNetCore.Http.Result.JsonResult[3]
      Writing value of type 'EndOfDayApiErrorEnvelopeV1' as Json.
info: Microsoft.AspNetCore.Routing.EndpointMiddleware[1]
      Executed endpoint 'HTTP: GET /api/v1/management/reporting/business-day/{businessDate}/full-report'
info: Microsoft.AspNetCore.Hosting.Diagnostics[2]
      Request finished HTTP/1.1 GET https://127.0.0.1:46097/api/v1/management/reporting/business-day/2026-09-28/full-report?terminalId=b753f530-2a4e-47d5-9778-007fa60c437e - 401 - application/json;+charset=utf-8 0.6713ms
info: Microsoft.AspNetCore.Hosting.Diagnostics[1]
      Request starting HTTP/1.1 GET http://127.0.0.1:46097/api/v1/management/reports/channels/?terminalId=f09877a7-e24f-4262-a0fb-fdf1be8d3be2 - - -
info: Microsoft.AspNetCore.Routing.EndpointMiddleware[0]
      Executing endpoint 'HTTP: GET /api/v1/management/reports/channels/'
info: Microsoft.AspNetCore.Http.Result.JsonResult[1]
      Setting HTTP status code 401.
info: Microsoft.AspNetCore.Http.Result.JsonResult[3]
      Writing value of type 'ReconciliationCaseApiErrorEnvelopeV1' as Json.
info: Microsoft.AspNetCore.Routing.EndpointMiddleware[1]
      Executed endpoint 'HTTP: GET /api/v1/management/reports/channels/'
info: Microsoft.AspNetCore.Hosting.Diagnostics[2]
      Request finished HTTP/1.1 GET https://127.0.0.1:46097/api/v1/management/reports/channels/?terminalId=f09877a7-e24f-4262-a0fb-fdf1be8d3be2 - 401 - application/json;+charset=utf-8 0.8079ms
info: Microsoft.AspNetCore.Hosting.Diagnostics[1]
      Request starting HTTP/1.1 POST http://127.0.0.1:46097/api/v1/management/roles/permissions?terminalId=26d31d55-bfdf-47be-bf7e-f448bc1959f3 - application/json;+charset=utf-8 2
info: Microsoft.AspNetCore.Routing.EndpointMiddleware[0]
      Executing endpoint 'HTTP: POST /api/v1/management/roles/permissions'
info: Microsoft.AspNetCore.Http.Result.JsonResult[1]
      Setting HTTP status code 401.
info: Microsoft.AspNetCore.Http.Result.JsonResult[3]
      Writing value of type 'RoleManagementErrorEnvelopeV1' as Json.
info: Microsoft.AspNetCore.Routing.EndpointMiddleware[1]
      Executed endpoint 'HTTP: POST /api/v1/management/roles/permissions'
info: Microsoft.AspNetCore.Hosting.Diagnostics[2]
      Request finished HTTP/1.1 POST https://127.0.0.1:46097/api/v1/management/roles/permissions?terminalId=26d31d55-bfdf-47be-bf7e-f448bc1959f3 - 401 - application/json;+charset=utf-8 0.4249ms
info: Microsoft.AspNetCore.Hosting.Diagnostics[1]
      Request starting HTTP/1.1 POST http://127.0.0.1:46097/api/v1/management/roles/roles?terminalId=6da217e2-11da-42a2-9ef5-067dbe85d5cd - application/json;+charset=utf-8 2
info: Microsoft.AspNetCore.Routing.EndpointMiddleware[0]
      Executing endpoint 'HTTP: POST /api/v1/management/roles/roles'
info: Microsoft.AspNetCore.Http.Result.JsonResult[1]
      Setting HTTP status code 401.
info: Microsoft.AspNetCore.Http.Result.JsonResult[3]
      Writing value of type 'RoleManagementErrorEnvelopeV1' as Json.
info: Microsoft.AspNetCore.Routing.EndpointMiddleware[1]
      Executed endpoint 'HTTP: POST /api/v1/management/roles/roles'
info: Microsoft.AspNetCore.Hosting.Diagnostics[2]
      Request finished HTTP/1.1 POST https://127.0.0.1:46097/api/v1/management/roles/roles?terminalId=6da217e2-11da-42a2-9ef5-067dbe85d5cd - 401 - application/json;+charset=utf-8 1.0359ms
info: Microsoft.AspNetCore.Hosting.Diagnostics[1]
      Request starting HTTP/1.1 POST http://127.0.0.1:46097/api/v1/management/roles/roles/ed284269-3db9-4ac0-88c6-81caf358757a/permissions?terminalId=1646e833-14a8-4b5d-b12d-4aa1e0d70fa1 - application/json;+charset=utf-8 2
info: Microsoft.AspNetCore.Routing.EndpointMiddleware[0]
      Executing endpoint 'HTTP: POST /api/v1/management/roles/roles/{roleId:guid}/permissions'
info: Microsoft.AspNetCore.Http.Result.JsonResult[1]
      Setting HTTP status code 401.
info: Microsoft.AspNetCore.Http.Result.JsonResult[3]
      Writing value of type 'RoleManagementErrorEnvelopeV1' as Json.
info: Microsoft.AspNetCore.Routing.EndpointMiddleware[1]
      Executed endpoint 'HTTP: POST /api/v1/management/roles/roles/{roleId:guid}/permissions'
info: Microsoft.AspNetCore.Hosting.Diagnostics[2]
      Request finished HTTP/1.1 POST https://127.0.0.1:46097/api/v1/management/roles/roles/ed284269-3db9-4ac0-88c6-81caf358757a/permissions?terminalId=1646e833-14a8-4b5d-b12d-4aa1e0d70fa1 - 401 - application/json;+charset=utf-8 0.6765ms
info: Microsoft.AspNetCore.Hosting.Diagnostics[1]
      Request starting HTTP/1.1 DELETE http://127.0.0.1:46097/api/v1/management/roles/roles/40d8986c-ae73-4fa2-a591-6261aaf35b05/permissions/probe?terminalId=d2a0fd38-537c-4baa-bb96-156779bf5c52 - application/json;+charset=utf-8 2
info: Microsoft.AspNetCore.Routing.EndpointMiddleware[0]
      Executing endpoint 'HTTP: DELETE /api/v1/management/roles/roles/{roleId:guid}/permissions/{permissionCode}'
info: Microsoft.AspNetCore.Http.Result.JsonResult[1]
      Setting HTTP status code 401.
info: Microsoft.AspNetCore.Http.Result.JsonResult[3]
      Writing value of type 'RoleManagementErrorEnvelopeV1' as Json.
info: Microsoft.AspNetCore.Routing.EndpointMiddleware[1]
      Executed endpoint 'HTTP: DELETE /api/v1/management/roles/roles/{roleId:guid}/permissions/{permissionCode}'
info: Microsoft.AspNetCore.Hosting.Diagnostics[2]
      Request finished HTTP/1.1 DELETE https://127.0.0.1:46097/api/v1/management/roles/roles/40d8986c-ae73-4fa2-a591-6261aaf35b05/permissions/probe?terminalId=d2a0fd38-537c-4baa-bb96-156779bf5c52 - 401 - application/json;+charset=utf-8 0.6101ms
info: Microsoft.AspNetCore.Hosting.Diagnostics[1]
      Request starting HTTP/1.1 POST http://127.0.0.1:46097/api/v1/management/roles/roles/902f361b-cf19-4cac-9efc-ab9391984505/users/eff5eaaa-f4f6-4664-b84e-a8408b3aeb45?terminalId=17b5ac55-fc68-46c4-957a-b95b5adb8925 - application/json;+charset=utf-8 2
info: Microsoft.AspNetCore.Routing.EndpointMiddleware[0]
      Executing endpoint 'HTTP: POST /api/v1/management/roles/roles/{roleId:guid}/users/{userId:guid}'
info: Microsoft.AspNetCore.Http.Result.JsonResult[1]
      Setting HTTP status code 401.
info: Microsoft.AspNetCore.Http.Result.JsonResult[3]
      Writing value of type 'RoleManagementErrorEnvelopeV1' as Json.
info: Microsoft.AspNetCore.Routing.EndpointMiddleware[1]
      Executed endpoint 'HTTP: POST /api/v1/management/roles/roles/{roleId:guid}/users/{userId:guid}'
info: Microsoft.AspNetCore.Hosting.Diagnostics[2]
      Request finished HTTP/1.1 POST https://127.0.0.1:46097/api/v1/management/roles/roles/902f361b-cf19-4cac-9efc-ab9391984505/users/eff5eaaa-f4f6-4664-b84e-a8408b3aeb45?terminalId=17b5ac55-fc68-46c4-957a-b95b5adb8925 - 401 - application/json;+charset=utf-8 0.3900ms
info: Microsoft.AspNetCore.Hosting.Diagnostics[1]
      Request starting HTTP/1.1 DELETE http://127.0.0.1:46097/api/v1/management/roles/roles/34b0a078-4864-4f3b-a6f0-202c03e981c4/users/c025e1f4-c099-442b-8513-20faccaf88ba?terminalId=9fefe0a7-386a-4fa2-87c5-af01a1e39306 - application/json;+charset=utf-8 2
info: Microsoft.AspNetCore.Routing.EndpointMiddleware[0]
      Executing endpoint 'HTTP: DELETE /api/v1/management/roles/roles/{roleId:guid}/users/{userId:guid}'
info: Microsoft.AspNetCore.Http.Result.JsonResult[1]
      Setting HTTP status code 401.
info: Microsoft.AspNetCore.Http.Result.JsonResult[3]
      Writing value of type 'RoleManagementErrorEnvelopeV1' as Json.
info: Microsoft.AspNetCore.Routing.EndpointMiddleware[1]
      Executed endpoint 'HTTP: DELETE /api/v1/management/roles/roles/{roleId:guid}/users/{userId:guid}'
info: Microsoft.AspNetCore.Hosting.Diagnostics[2]
      Request finished HTTP/1.1 DELETE https://127.0.0.1:46097/api/v1/management/roles/roles/34b0a078-4864-4f3b-a6f0-202c03e981c4/users/c025e1f4-c099-442b-8513-20faccaf88ba?terminalId=9fefe0a7-386a-4fa2-87c5-af01a1e39306 - 401 - application/json;+charset=utf-8 0.2528ms
info: Microsoft.AspNetCore.Hosting.Diagnostics[1]
      Request starting HTTP/1.1 GET http://127.0.0.1:46097/api/v1/management/security/backup/restore-attempts?terminalId=ecd5502f-e188-4a6d-b44a-420b1302d6a7 - - -
info: Microsoft.AspNetCore.Routing.EndpointMiddleware[0]
      Executing endpoint 'HTTP: GET /api/v1/management/security/backup/restore-attempts'
info: Microsoft.AspNetCore.Http.Result.JsonResult[1]
      Setting HTTP status code 401.
info: Microsoft.AspNetCore.Http.Result.JsonResult[3]
      Writing value of type 'SecurityAdministrationApiErrorEnvelopeV1' as Json.
info: Microsoft.AspNetCore.Routing.EndpointMiddleware[1]
      Executed endpoint 'HTTP: GET /api/v1/management/security/backup/restore-attempts'
info: Microsoft.AspNetCore.Hosting.Diagnostics[2]
      Request finished HTTP/1.1 GET https://127.0.0.1:46097/api/v1/management/security/backup/restore-attempts?terminalId=ecd5502f-e188-4a6d-b44a-420b1302d6a7 - 401 - application/json;+charset=utf-8 0.5794ms
info: Microsoft.AspNetCore.Hosting.Diagnostics[1]
      Request starting HTTP/1.1 GET http://127.0.0.1:46097/api/v1/management/security/backup/rpo?terminalId=ed3dfdc4-9db2-429e-be26-ed85bbfac359 - - -
info: Microsoft.AspNetCore.Routing.EndpointMiddleware[0]
      Executing endpoint 'HTTP: GET /api/v1/management/security/backup/rpo'
info: Microsoft.AspNetCore.Http.Result.JsonResult[1]
      Setting HTTP status code 401.
info: Microsoft.AspNetCore.Http.Result.JsonResult[3]
      Writing value of type 'SecurityAdministrationApiErrorEnvelopeV1' as Json.
info: Microsoft.AspNetCore.Routing.EndpointMiddleware[1]
      Executed endpoint 'HTTP: GET /api/v1/management/security/backup/rpo'
info: Microsoft.AspNetCore.Hosting.Diagnostics[2]
      Request finished HTTP/1.1 GET https://127.0.0.1:46097/api/v1/management/security/backup/rpo?terminalId=ed3dfdc4-9db2-429e-be26-ed85bbfac359 - 401 - application/json;+charset=utf-8 1.0601ms
info: Microsoft.AspNetCore.Hosting.Diagnostics[1]
      Request starting HTTP/1.1 POST http://127.0.0.1:46097/api/v1/management/security/diagnostic-bundle?terminalId=fa30c5e9-4e4a-4edf-a8ba-fb550c9154cd - application/json;+charset=utf-8 2
info: Microsoft.AspNetCore.Routing.EndpointMiddleware[0]
      Executing endpoint 'HTTP: POST /api/v1/management/security/diagnostic-bundle'
info: Microsoft.AspNetCore.Http.Result.JsonResult[1]
      Setting HTTP status code 401.
info: Microsoft.AspNetCore.Http.Result.JsonResult[3]
      Writing value of type 'SecurityAdministrationApiErrorEnvelopeV1' as Json.
info: Microsoft.AspNetCore.Routing.EndpointMiddleware[1]
      Executed endpoint 'HTTP: POST /api/v1/management/security/diagnostic-bundle'
info: Microsoft.AspNetCore.Hosting.Diagnostics[2]
      Request finished HTTP/1.1 POST https://127.0.0.1:46097/api/v1/management/security/diagnostic-bundle?terminalId=fa30c5e9-4e4a-4edf-a8ba-fb550c9154cd - 401 - application/json;+charset=utf-8 0.9622ms
info: Microsoft.AspNetCore.Hosting.Diagnostics[1]
      Request starting HTTP/1.1 GET http://127.0.0.1:46097/api/v1/management/security/maintenance/jobs?terminalId=52e0e393-900b-4e55-9a2a-14a1f72578db - - -
info: Microsoft.AspNetCore.Routing.EndpointMiddleware[0]
      Executing endpoint 'HTTP: GET /api/v1/management/security/maintenance/jobs'
info: Microsoft.AspNetCore.Http.Result.JsonResult[1]
      Setting HTTP status code 401.
info: Microsoft.AspNetCore.Http.Result.JsonResult[3]
      Writing value of type 'SecurityAdministrationApiErrorEnvelopeV1' as Json.
info: Microsoft.AspNetCore.Routing.EndpointMiddleware[1]
      Executed endpoint 'HTTP: GET /api/v1/management/security/maintenance/jobs'
info: Microsoft.AspNetCore.Hosting.Diagnostics[2]
      Request finished HTTP/1.1 GET https://127.0.0.1:46097/api/v1/management/security/maintenance/jobs?terminalId=52e0e393-900b-4e55-9a2a-14a1f72578db - 401 - application/json;+charset=utf-8 0.2008ms
info: Microsoft.AspNetCore.Hosting.Diagnostics[1]
      Request starting HTTP/1.1 POST http://127.0.0.1:46097/api/v1/management/security/maintenance/jobs/probe/run?terminalId=cacfc178-d54d-46aa-8306-218d47979bf7 - application/json;+charset=utf-8 2
info: Microsoft.AspNetCore.Routing.EndpointMiddleware[0]
      Executing endpoint 'HTTP: POST /api/v1/management/security/maintenance/jobs/{name}/run'
info: Microsoft.AspNetCore.Http.Result.JsonResult[1]
      Setting HTTP status code 401.
info: Microsoft.AspNetCore.Http.Result.JsonResult[3]
      Writing value of type 'SecurityAdministrationApiErrorEnvelopeV1' as Json.
info: Microsoft.AspNetCore.Routing.EndpointMiddleware[1]
      Executed endpoint 'HTTP: POST /api/v1/management/security/maintenance/jobs/{name}/run'
info: Microsoft.AspNetCore.Hosting.Diagnostics[2]
      Request finished HTTP/1.1 POST https://127.0.0.1:46097/api/v1/management/security/maintenance/jobs/probe/run?terminalId=cacfc178-d54d-46aa-8306-218d47979bf7 - 401 - application/json;+charset=utf-8 0.1832ms
info: Microsoft.AspNetCore.Hosting.Diagnostics[1]
      Request starting HTTP/1.1 GET http://127.0.0.1:46097/api/v1/management/security/orders/backlog?terminalId=336f9c67-0e8a-4380-95fc-0e122d811529 - - -
info: Microsoft.AspNetCore.Routing.EndpointMiddleware[0]
      Executing endpoint 'HTTP: GET /api/v1/management/security/orders/backlog'
info: Microsoft.AspNetCore.Http.Result.JsonResult[1]
      Setting HTTP status code 401.
info: Microsoft.AspNetCore.Http.Result.JsonResult[3]
      Writing value of type 'SecurityAdministrationApiErrorEnvelopeV1' as Json.
info: Microsoft.AspNetCore.Routing.EndpointMiddleware[1]
      Executed endpoint 'HTTP: GET /api/v1/management/security/orders/backlog'
info: Microsoft.AspNetCore.Hosting.Diagnostics[2]
      Request finished HTTP/1.1 GET https://127.0.0.1:46097/api/v1/management/security/orders/backlog?terminalId=336f9c67-0e8a-4380-95fc-0e122d811529 - 401 - application/json;+charset=utf-8 1.0687ms
info: Microsoft.AspNetCore.Hosting.Diagnostics[1]
      Request starting HTTP/1.1 POST http://127.0.0.1:46097/api/v1/management/security/orders/close-settled?terminalId=8a81f9ca-8893-4a31-bb3c-ad58ad961a8f - application/json;+charset=utf-8 2
info: Microsoft.AspNetCore.Routing.EndpointMiddleware[0]
      Executing endpoint 'HTTP: POST /api/v1/management/security/orders/close-settled'
info: Microsoft.AspNetCore.Http.Result.JsonResult[1]
      Setting HTTP status code 401.
info: Microsoft.AspNetCore.Http.Result.JsonResult[3]
      Writing value of type 'SecurityAdministrationApiErrorEnvelopeV1' as Json.
info: Microsoft.AspNetCore.Routing.EndpointMiddleware[1]
      Executed endpoint 'HTTP: POST /api/v1/management/security/orders/close-settled'
info: Microsoft.AspNetCore.Hosting.Diagnostics[2]
      Request finished HTTP/1.1 POST https://127.0.0.1:46097/api/v1/management/security/orders/close-settled?terminalId=8a81f9ca-8893-4a31-bb3c-ad58ad961a8f - 401 - application/json;+charset=utf-8 0.4308ms
info: Microsoft.AspNetCore.Hosting.Diagnostics[1]
      Request starting HTTP/1.1 GET http://127.0.0.1:46097/api/v1/management/security/outbox/dead-letters?terminalId=efa888b3-b4d4-4c3e-a2a5-b6e710d09a0a - - -
info: Microsoft.AspNetCore.Routing.EndpointMiddleware[0]
      Executing endpoint 'HTTP: GET /api/v1/management/security/outbox/dead-letters'
info: Microsoft.AspNetCore.Http.Result.JsonResult[1]
      Setting HTTP status code 401.
info: Microsoft.AspNetCore.Http.Result.JsonResult[3]
      Writing value of type 'SecurityAdministrationApiErrorEnvelopeV1' as Json.
info: Microsoft.AspNetCore.Routing.EndpointMiddleware[1]
      Executed endpoint 'HTTP: GET /api/v1/management/security/outbox/dead-letters'
info: Microsoft.AspNetCore.Hosting.Diagnostics[2]
      Request finished HTTP/1.1 GET https://127.0.0.1:46097/api/v1/management/security/outbox/dead-letters?terminalId=efa888b3-b4d4-4c3e-a2a5-b6e710d09a0a - 401 - application/json;+charset=utf-8 0.4288ms
info: Microsoft.AspNetCore.Hosting.Diagnostics[1]
      Request starting HTTP/1.1 POST http://127.0.0.1:46097/api/v1/management/security/outbox/dead-letters/20729e45-aafe-433a-ad88-c5e20d887afc/requeue?terminalId=46bf404c-b4ca-41a0-9585-064f50c13724 - application/json;+charset=utf-8 2
info: Microsoft.AspNetCore.Routing.EndpointMiddleware[0]
      Executing endpoint 'HTTP: POST /api/v1/management/security/outbox/dead-letters/{id:guid}/requeue'
info: Microsoft.AspNetCore.Http.Result.JsonResult[1]
      Setting HTTP status code 401.
info: Microsoft.AspNetCore.Http.Result.JsonResult[3]
      Writing value of type 'SecurityAdministrationApiErrorEnvelopeV1' as Json.
info: Microsoft.AspNetCore.Routing.EndpointMiddleware[1]
      Executed endpoint 'HTTP: POST /api/v1/management/security/outbox/dead-letters/{id:guid}/requeue'
info: Microsoft.AspNetCore.Hosting.Diagnostics[2]
      Request finished HTTP/1.1 POST https://127.0.0.1:46097/api/v1/management/security/outbox/dead-letters/20729e45-aafe-433a-ad88-c5e20d887afc/requeue?terminalId=46bf404c-b4ca-41a0-9585-064f50c13724 - 401 - application/json;+charset=utf-8 0.1769ms
info: Microsoft.AspNetCore.Hosting.Diagnostics[1]
      Request starting HTTP/1.1 GET http://127.0.0.1:46097/api/v1/management/security/secrets?terminalId=dd9c0035-01e5-42bb-9eb9-4684303a4b6a - - -
info: Microsoft.AspNetCore.Routing.EndpointMiddleware[0]
      Executing endpoint 'HTTP: GET /api/v1/management/security/secrets'
info: Microsoft.AspNetCore.Http.Result.JsonResult[1]
      Setting HTTP status code 401.
info: Microsoft.AspNetCore.Http.Result.JsonResult[3]
      Writing value of type 'SecurityAdministrationApiErrorEnvelopeV1' as Json.
info: Microsoft.AspNetCore.Routing.EndpointMiddleware[1]
      Executed endpoint 'HTTP: GET /api/v1/management/security/secrets'
info: Microsoft.AspNetCore.Hosting.Diagnostics[2]
      Request finished HTTP/1.1 GET https://127.0.0.1:46097/api/v1/management/security/secrets?terminalId=dd9c0035-01e5-42bb-9eb9-4684303a4b6a - 401 - application/json;+charset=utf-8 0.1501ms
info: Microsoft.AspNetCore.Hosting.Diagnostics[1]
      Request starting HTTP/1.1 GET http://127.0.0.1:46097/api/v1/management/security/secrets/probe/rotation?terminalId=f7a336f0-6232-417e-a3d9-2acd5b45cd89 - - -
info: Microsoft.AspNetCore.Routing.EndpointMiddleware[0]
      Executing endpoint 'HTTP: GET /api/v1/management/security/secrets/{name}/rotation'
info: Microsoft.AspNetCore.Http.Result.JsonResult[1]
      Setting HTTP status code 401.
info: Microsoft.AspNetCore.Http.Result.JsonResult[3]
      Writing value of type 'SecurityAdministrationApiErrorEnvelopeV1' as Json.
info: Microsoft.AspNetCore.Routing.EndpointMiddleware[1]
      Executed endpoint 'HTTP: GET /api/v1/management/security/secrets/{name}/rotation'
info: Microsoft.AspNetCore.Hosting.Diagnostics[2]
      Request finished HTTP/1.1 GET https://127.0.0.1:46097/api/v1/management/security/secrets/probe/rotation?terminalId=f7a336f0-6232-417e-a3d9-2acd5b45cd89 - 401 - application/json;+charset=utf-8 0.2098ms
info: Microsoft.AspNetCore.Hosting.Diagnostics[1]
      Request starting HTTP/1.1 POST http://127.0.0.1:46097/api/v1/management/security/secrets/probe/rotation/initialize?terminalId=3397ecc7-50e4-42cb-9613-ca4ba6606b65 - application/json;+charset=utf-8 2
info: Microsoft.AspNetCore.Routing.EndpointMiddleware[0]
      Executing endpoint 'HTTP: POST /api/v1/management/security/secrets/{name}/rotation/initialize'
info: Microsoft.AspNetCore.Http.Result.JsonResult[1]
      Setting HTTP status code 401.
info: Microsoft.AspNetCore.Http.Result.JsonResult[3]
      Writing value of type 'SecurityAdministrationApiErrorEnvelopeV1' as Json.
info: Microsoft.AspNetCore.Routing.EndpointMiddleware[1]
      Executed endpoint 'HTTP: POST /api/v1/management/security/secrets/{name}/rotation/initialize'
info: Microsoft.AspNetCore.Hosting.Diagnostics[2]
      Request finished HTTP/1.1 POST https://127.0.0.1:46097/api/v1/management/security/secrets/probe/rotation/initialize?terminalId=3397ecc7-50e4-42cb-9613-ca4ba6606b65 - 401 - application/json;+charset=utf-8 0.2969ms
info: Microsoft.AspNetCore.Hosting.Diagnostics[1]
      Request starting HTTP/1.1 POST http://127.0.0.1:46097/api/v1/management/security/secrets/probe/rotation/revoke?terminalId=b72278f4-59f5-40b4-af2f-7b8ed3d39220 - application/json;+charset=utf-8 2
info: Microsoft.AspNetCore.Routing.EndpointMiddleware[0]
      Executing endpoint 'HTTP: POST /api/v1/management/security/secrets/{name}/rotation/revoke'
info: Microsoft.AspNetCore.Http.Result.JsonResult[1]
      Setting HTTP status code 401.
info: Microsoft.AspNetCore.Http.Result.JsonResult[3]
      Writing value of type 'SecurityAdministrationApiErrorEnvelopeV1' as Json.
info: Microsoft.AspNetCore.Routing.EndpointMiddleware[1]
      Executed endpoint 'HTTP: POST /api/v1/management/security/secrets/{name}/rotation/revoke'
info: Microsoft.AspNetCore.Hosting.Diagnostics[2]
      Request finished HTTP/1.1 POST https://127.0.0.1:46097/api/v1/management/security/secrets/probe/rotation/revoke?terminalId=b72278f4-59f5-40b4-af2f-7b8ed3d39220 - 401 - application/json;+charset=utf-8 0.3196ms
info: Microsoft.AspNetCore.Hosting.Diagnostics[1]
      Request starting HTTP/1.1 POST http://127.0.0.1:46097/api/v1/management/security/secrets/probe/rotation/rollback?terminalId=4a13e421-75cb-4e78-b728-f20bd9cc95ac - application/json;+charset=utf-8 2
info: Microsoft.AspNetCore.Routing.EndpointMiddleware[0]
      Executing endpoint 'HTTP: POST /api/v1/management/security/secrets/{name}/rotation/rollback'
info: Microsoft.AspNetCore.Http.Result.JsonResult[1]
      Setting HTTP status code 401.
info: Microsoft.AspNetCore.Http.Result.JsonResult[3]
      Writing value of type 'SecurityAdministrationApiErrorEnvelopeV1' as Json.
info: Microsoft.AspNetCore.Routing.EndpointMiddleware[1]
      Executed endpoint 'HTTP: POST /api/v1/management/security/secrets/{name}/rotation/rollback'
info: Microsoft.AspNetCore.Hosting.Diagnostics[2]
      Request finished HTTP/1.1 POST https://127.0.0.1:46097/api/v1/management/security/secrets/probe/rotation/rollback?terminalId=4a13e421-75cb-4e78-b728-f20bd9cc95ac - 401 - application/json;+charset=utf-8 0.2297ms
info: Microsoft.AspNetCore.Hosting.Diagnostics[1]
      Request starting HTTP/1.1 POST http://127.0.0.1:46097/api/v1/management/security/secrets/probe/rotation/rotate?terminalId=74475158-742b-4714-8431-b60ad034dbb9 - application/json;+charset=utf-8 2
info: Microsoft.AspNetCore.Routing.EndpointMiddleware[0]
      Executing endpoint 'HTTP: POST /api/v1/management/security/secrets/{name}/rotation/rotate'
info: Microsoft.AspNetCore.Http.Result.JsonResult[1]
      Setting HTTP status code 401.
info: Microsoft.AspNetCore.Http.Result.JsonResult[3]
      Writing value of type 'SecurityAdministrationApiErrorEnvelopeV1' as Json.
info: Microsoft.AspNetCore.Routing.EndpointMiddleware[1]
      Executed endpoint 'HTTP: POST /api/v1/management/security/secrets/{name}/rotation/rotate'
info: Microsoft.AspNetCore.Hosting.Diagnostics[2]
      Request finished HTTP/1.1 POST https://127.0.0.1:46097/api/v1/management/security/secrets/probe/rotation/rotate?terminalId=74475158-742b-4714-8431-b60ad034dbb9 - 401 - application/json;+charset=utf-8 0.2462ms
info: Microsoft.AspNetCore.Hosting.Diagnostics[1]
      Request starting HTTP/1.1 GET http://127.0.0.1:46097/api/v1/management/security/users/lookup?terminalId=cb8b47c4-371c-4fac-b03c-60a8ed7254b3 - - -
info: Microsoft.AspNetCore.Routing.EndpointMiddleware[0]
      Executing endpoint 'HTTP: GET /api/v1/management/security/users/lookup'
info: Microsoft.AspNetCore.Http.Result.JsonResult[1]
      Setting HTTP status code 401.
info: Microsoft.AspNetCore.Http.Result.JsonResult[3]
      Writing value of type 'SecurityAdministrationApiErrorEnvelopeV1' as Json.
info: Microsoft.AspNetCore.Routing.EndpointMiddleware[1]
      Executed endpoint 'HTTP: GET /api/v1/management/security/users/lookup'
info: Microsoft.AspNetCore.Hosting.Diagnostics[2]
      Request finished HTTP/1.1 GET https://127.0.0.1:46097/api/v1/management/security/users/lookup?terminalId=cb8b47c4-371c-4fac-b03c-60a8ed7254b3 - 401 - application/json;+charset=utf-8 0.4697ms
info: Microsoft.AspNetCore.Hosting.Diagnostics[1]
      Request starting HTTP/1.1 POST http://127.0.0.1:46097/api/v1/management/security/users/0b08d4af-e04e-43e4-bdd8-a4f4e42a5f73/force-unlock?terminalId=6d60ea69-e121-47e0-b15f-ef208846ba08 - application/json;+charset=utf-8 2
info: Microsoft.AspNetCore.Routing.EndpointMiddleware[0]
      Executing endpoint 'HTTP: POST /api/v1/management/security/users/{userId:guid}/force-unlock'
info: Microsoft.AspNetCore.Http.Result.JsonResult[1]
      Setting HTTP status code 401.
info: Microsoft.AspNetCore.Http.Result.JsonResult[3]
      Writing value of type 'SecurityAdministrationApiErrorEnvelopeV1' as Json.
info: Microsoft.AspNetCore.Routing.EndpointMiddleware[1]
      Executed endpoint 'HTTP: POST /api/v1/management/security/users/{userId:guid}/force-unlock'
info: Microsoft.AspNetCore.Hosting.Diagnostics[2]
      Request finished HTTP/1.1 POST https://127.0.0.1:46097/api/v1/management/security/users/0b08d4af-e04e-43e4-bdd8-a4f4e42a5f73/force-unlock?terminalId=6d60ea69-e121-47e0-b15f-ef208846ba08 - 401 - application/json;+charset=utf-8 0.6344ms
info: Microsoft.AspNetCore.Hosting.Diagnostics[1]
      Request starting HTTP/1.1 POST http://127.0.0.1:46097/api/v1/management/security/users/59539c6b-fe86-4af5-9796-5e3a0f34c02f/revoke-sessions?terminalId=79554a77-2be7-4161-97f3-e1e2a8ba1991 - application/json;+charset=utf-8 2
info: Microsoft.AspNetCore.Routing.EndpointMiddleware[0]
      Executing endpoint 'HTTP: POST /api/v1/management/security/users/{userId:guid}/revoke-sessions'
info: Microsoft.AspNetCore.Http.Result.JsonResult[1]
      Setting HTTP status code 401.
info: Microsoft.AspNetCore.Http.Result.JsonResult[3]
      Writing value of type 'SecurityAdministrationApiErrorEnvelopeV1' as Json.
info: Microsoft.AspNetCore.Routing.EndpointMiddleware[1]
      Executed endpoint 'HTTP: POST /api/v1/management/security/users/{userId:guid}/revoke-sessions'
info: Microsoft.AspNetCore.Hosting.Diagnostics[2]
      Request finished HTTP/1.1 POST https://127.0.0.1:46097/api/v1/management/security/users/59539c6b-fe86-4af5-9796-5e3a0f34c02f/revoke-sessions?terminalId=79554a77-2be7-4161-97f3-e1e2a8ba1991 - 401 - application/json;+charset=utf-8 0.4142ms
info: Microsoft.AspNetCore.Hosting.Diagnostics[1]
      Request starting HTTP/1.1 GET http://127.0.0.1:46097/api/v1/management/settings/?terminalId=04d5066a-6e15-4be9-8cb1-9910f5e51a8a - - -
info: Microsoft.AspNetCore.Routing.EndpointMiddleware[0]
      Executing endpoint 'HTTP: GET /api/v1/management/settings/'
info: Microsoft.AspNetCore.Http.Result.JsonResult[1]
      Setting HTTP status code 401.
info: Microsoft.AspNetCore.Http.Result.JsonResult[3]
      Writing value of type 'SettingsApiErrorEnvelopeV1' as Json.
info: Microsoft.AspNetCore.Routing.EndpointMiddleware[1]
      Executed endpoint 'HTTP: GET /api/v1/management/settings/'
info: Microsoft.AspNetCore.Hosting.Diagnostics[2]
      Request finished HTTP/1.1 GET https://127.0.0.1:46097/api/v1/management/settings/?terminalId=04d5066a-6e15-4be9-8cb1-9910f5e51a8a - 401 - application/json;+charset=utf-8 0.8713ms
info: Microsoft.AspNetCore.Hosting.Diagnostics[1]
      Request starting HTTP/1.1 GET http://127.0.0.1:46097/api/v1/management/settings/probe?terminalId=20438663-b7fd-43d9-8e13-d0a1c55b9cc5 - - -
info: Microsoft.AspNetCore.Routing.EndpointMiddleware[0]
      Executing endpoint 'HTTP: GET /api/v1/management/settings/{key}'
info: Microsoft.AspNetCore.Http.Result.JsonResult[1]
      Setting HTTP status code 401.
info: Microsoft.AspNetCore.Http.Result.JsonResult[3]
      Writing value of type 'SettingsApiErrorEnvelopeV1' as Json.
info: Microsoft.AspNetCore.Routing.EndpointMiddleware[1]
      Executed endpoint 'HTTP: GET /api/v1/management/settings/{key}'
info: Microsoft.AspNetCore.Hosting.Diagnostics[2]
      Request finished HTTP/1.1 GET https://127.0.0.1:46097/api/v1/management/settings/probe?terminalId=20438663-b7fd-43d9-8e13-d0a1c55b9cc5 - 401 - application/json;+charset=utf-8 0.3798ms
info: Microsoft.AspNetCore.Hosting.Diagnostics[1]
      Request starting HTTP/1.1 PUT http://127.0.0.1:46097/api/v1/management/settings/probe?terminalId=2d1995cc-dbc9-4af3-98e1-e4f1cac291c3 - application/json;+charset=utf-8 2
info: Microsoft.AspNetCore.Routing.EndpointMiddleware[0]
      Executing endpoint 'HTTP: PUT /api/v1/management/settings/{key}'
info: Microsoft.AspNetCore.Http.Result.JsonResult[1]
      Setting HTTP status code 401.
info: Microsoft.AspNetCore.Http.Result.JsonResult[3]
      Writing value of type 'SettingsApiErrorEnvelopeV1' as Json.
info: Microsoft.AspNetCore.Routing.EndpointMiddleware[1]
      Executed endpoint 'HTTP: PUT /api/v1/management/settings/{key}'
info: Microsoft.AspNetCore.Hosting.Diagnostics[2]
      Request finished HTTP/1.1 PUT https://127.0.0.1:46097/api/v1/management/settings/probe?terminalId=2d1995cc-dbc9-4af3-98e1-e4f1cac291c3 - 401 - application/json;+charset=utf-8 0.3587ms
info: Microsoft.AspNetCore.Hosting.Diagnostics[1]
      Request starting HTTP/1.1 DELETE http://127.0.0.1:46097/api/v1/management/settings/probe?terminalId=e55ae2a6-ec8c-406e-af2b-68cae5e25916 - application/json;+charset=utf-8 2
info: Microsoft.AspNetCore.Routing.EndpointMiddleware[0]
      Executing endpoint 'HTTP: DELETE /api/v1/management/settings/{key}'
info: Microsoft.AspNetCore.Http.Result.JsonResult[1]
      Setting HTTP status code 401.
info: Microsoft.AspNetCore.Http.Result.JsonResult[3]
      Writing value of type 'SettingsApiErrorEnvelopeV1' as Json.
info: Microsoft.AspNetCore.Routing.EndpointMiddleware[1]
      Executed endpoint 'HTTP: DELETE /api/v1/management/settings/{key}'
info: Microsoft.AspNetCore.Hosting.Diagnostics[2]
      Request finished HTTP/1.1 DELETE https://127.0.0.1:46097/api/v1/management/settings/probe?terminalId=e55ae2a6-ec8c-406e-af2b-68cae5e25916 - 401 - application/json;+charset=utf-8 0.2939ms
info: Microsoft.AspNetCore.Hosting.Diagnostics[1]
      Request starting HTTP/1.1 GET http://127.0.0.1:46097/api/v1/management/settings/probe/history?terminalId=e493480b-2eac-43ab-8769-86829f862397 - - -
info: Microsoft.AspNetCore.Routing.EndpointMiddleware[0]
      Executing endpoint 'HTTP: GET /api/v1/management/settings/{key}/history'
info: Microsoft.AspNetCore.Http.Result.JsonResult[1]
      Setting HTTP status code 401.
info: Microsoft.AspNetCore.Http.Result.JsonResult[3]
      Writing value of type 'SettingsApiErrorEnvelopeV1' as Json.
info: Microsoft.AspNetCore.Routing.EndpointMiddleware[1]
      Executed endpoint 'HTTP: GET /api/v1/management/settings/{key}/history'
info: Microsoft.AspNetCore.Hosting.Diagnostics[2]
      Request finished HTTP/1.1 GET https://127.0.0.1:46097/api/v1/management/settings/probe/history?terminalId=e493480b-2eac-43ab-8769-86829f862397 - 401 - application/json;+charset=utf-8 0.2241ms
info: Microsoft.AspNetCore.Hosting.Diagnostics[1]
      Request starting HTTP/1.1 POST http://127.0.0.1:46097/api/v1/management/users/?terminalId=63eb373e-d0a9-49a3-b2f9-ec606054262e - application/json;+charset=utf-8 2
info: Microsoft.AspNetCore.Routing.EndpointMiddleware[0]
      Executing endpoint 'HTTP: POST /api/v1/management/users/'
info: Microsoft.AspNetCore.Http.Result.JsonResult[1]
      Setting HTTP status code 401.
info: Microsoft.AspNetCore.Http.Result.JsonResult[3]
      Writing value of type 'RoleManagementErrorEnvelopeV1' as Json.
info: Microsoft.AspNetCore.Routing.EndpointMiddleware[1]
      Executed endpoint 'HTTP: POST /api/v1/management/users/'
info: Microsoft.AspNetCore.Hosting.Diagnostics[2]
      Request finished HTTP/1.1 POST https://127.0.0.1:46097/api/v1/management/users/?terminalId=63eb373e-d0a9-49a3-b2f9-ec606054262e - 401 - application/json;+charset=utf-8 0.3757ms
info: Microsoft.AspNetCore.Hosting.Diagnostics[1]
      Request starting HTTP/1.1 GET http://127.0.0.1:46097/api/v1/nfc/tables/a56b11a4-399e-44af-8992-ac2af6f86da1/catalog?terminalId=034486f3-a9c7-4f29-ad30-1b3b9e00dad4 - - -
info: Microsoft.AspNetCore.Routing.EndpointMiddleware[0]
      Executing endpoint 'HTTP: GET /api/v1/nfc/tables/{tableId:guid}/catalog'
info: Microsoft.AspNetCore.Http.Result.OkObjectResult[1]
      Setting HTTP status code 200.
info: Microsoft.AspNetCore.Http.Result.OkObjectResult[3]
      Writing value of type 'CatalogProductDto[]' as Json.
info: Microsoft.AspNetCore.Routing.EndpointMiddleware[1]
      Executed endpoint 'HTTP: GET /api/v1/nfc/tables/{tableId:guid}/catalog'
info: Microsoft.AspNetCore.Hosting.Diagnostics[2]
      Request finished HTTP/1.1 GET https://127.0.0.1:46097/api/v1/nfc/tables/a56b11a4-399e-44af-8992-ac2af6f86da1/catalog?terminalId=034486f3-a9c7-4f29-ad30-1b3b9e00dad4 - 200 - application/json;+charset=utf-8 38.3010ms
info: Microsoft.AspNetCore.Hosting.Diagnostics[1]
      Request starting HTTP/1.1 POST http://127.0.0.1:46097/api/v1/nfc/tables/00c6b81d-4fe8-4623-a722-39528074c739/orders?terminalId=39eb83bc-28b0-4407-9154-e4cca9bdced7 - application/json;+charset=utf-8 2
info: Microsoft.AspNetCore.Routing.EndpointMiddleware[0]
      Executing endpoint 'HTTP: POST /api/v1/nfc/tables/{tableId:guid}/orders'
info: Microsoft.AspNetCore.Http.Result.BadRequestObjectResult[1]
      Setting HTTP status code 400.
info: Microsoft.AspNetCore.Http.Result.BadRequestObjectResult[3]
      Writing value of type '<>f__AnonymousType5`1' as Json.
info: Microsoft.AspNetCore.Routing.EndpointMiddleware[1]
      Executed endpoint 'HTTP: POST /api/v1/nfc/tables/{tableId:guid}/orders'
info: Microsoft.AspNetCore.Hosting.Diagnostics[2]
      Request finished HTTP/1.1 POST https://127.0.0.1:46097/api/v1/nfc/tables/00c6b81d-4fe8-4623-a722-39528074c739/orders?terminalId=39eb83bc-28b0-4407-9154-e4cca9bdced7 - 400 - application/json;+charset=utf-8 3.1971ms
info: Microsoft.AspNetCore.Hosting.Diagnostics[1]
      Request starting HTTP/1.1 GET http://127.0.0.1:46097/api/v1/qr/bill?terminalId=24ce713c-71cd-481f-8c14-10029e5cc9d3 - - -
info: Microsoft.AspNetCore.Routing.EndpointMiddleware[0]
      Executing endpoint 'HTTP: GET /api/v1/qr/bill'
info: Microsoft.AspNetCore.Http.Result.JsonResult[1]
      Setting HTTP status code 401.
info: Microsoft.AspNetCore.Http.Result.JsonResult[3]
      Writing value of type '<>f__AnonymousType5`1' as Json.
info: Microsoft.AspNetCore.Routing.EndpointMiddleware[1]
      Executed endpoint 'HTTP: GET /api/v1/qr/bill'
info: Microsoft.AspNetCore.Hosting.Diagnostics[2]
      Request finished HTTP/1.1 GET https://127.0.0.1:46097/api/v1/qr/bill?terminalId=24ce713c-71cd-481f-8c14-10029e5cc9d3 - 401 - application/json;+charset=utf-8 7.0426ms
info: Microsoft.AspNetCore.Hosting.Diagnostics[1]
      Request starting HTTP/1.1 GET http://127.0.0.1:46097/api/v1/qr/branding?terminalId=cee4e333-816b-45c8-9aae-92418d673867 - - -
info: Microsoft.AspNetCore.Routing.EndpointMiddleware[0]
      Executing endpoint 'HTTP: GET /api/v1/qr/branding'
info: Microsoft.AspNetCore.Http.Result.OkObjectResult[1]
      Setting HTTP status code 200.
info: Microsoft.AspNetCore.Http.Result.OkObjectResult[3]
      Writing value of type 'QrBrandingResponse' as Json.
info: Microsoft.AspNetCore.Routing.EndpointMiddleware[1]
      Executed endpoint 'HTTP: GET /api/v1/qr/branding'
info: Microsoft.AspNetCore.Hosting.Diagnostics[2]
      Request finished HTTP/1.1 GET https://127.0.0.1:46097/api/v1/qr/branding?terminalId=cee4e333-816b-45c8-9aae-92418d673867 - 200 - application/json;+charset=utf-8 24.8394ms
info: Microsoft.AspNetCore.Hosting.Diagnostics[1]
      Request starting HTTP/1.1 GET http://127.0.0.1:46097/api/v1/qr/logo?terminalId=795e43de-a8e7-4e7c-bee3-1b3f7c6173ce - - -
info: Microsoft.AspNetCore.Routing.EndpointMiddleware[0]
      Executing endpoint 'HTTP: GET /api/v1/qr/logo'
info: Microsoft.AspNetCore.Http.Result.JsonResult[1]
      Setting HTTP status code 404.
info: Microsoft.AspNetCore.Http.Result.JsonResult[3]
      Writing value of type '<>f__AnonymousType5`1' as Json.
info: Microsoft.AspNetCore.Routing.EndpointMiddleware[1]
      Executed endpoint 'HTTP: GET /api/v1/qr/logo'
info: Microsoft.AspNetCore.Hosting.Diagnostics[2]
      Request finished HTTP/1.1 GET https://127.0.0.1:46097/api/v1/qr/logo?terminalId=795e43de-a8e7-4e7c-bee3-1b3f7c6173ce - 404 - application/json;+charset=utf-8 4.2975ms
info: Microsoft.AspNetCore.Hosting.Diagnostics[1]
      Request starting HTTP/1.1 GET http://127.0.0.1:46097/api/v1/qr/menu?terminalId=99a433e8-0216-4e2c-985f-bf74d641f5ef - - -
info: Microsoft.AspNetCore.Routing.EndpointMiddleware[0]
      Executing endpoint 'HTTP: GET /api/v1/qr/menu'
info: Microsoft.AspNetCore.Http.Result.JsonResult[1]
      Setting HTTP status code 401.
info: Microsoft.AspNetCore.Http.Result.JsonResult[3]
      Writing value of type '<>f__AnonymousType5`1' as Json.
info: Microsoft.AspNetCore.Routing.EndpointMiddleware[1]
      Executed endpoint 'HTTP: GET /api/v1/qr/menu'
info: Microsoft.AspNetCore.Hosting.Diagnostics[2]
      Request finished HTTP/1.1 GET https://127.0.0.1:46097/api/v1/qr/menu?terminalId=99a433e8-0216-4e2c-985f-bf74d641f5ef - 401 - application/json;+charset=utf-8 4.2876ms
info: Microsoft.AspNetCore.Hosting.Diagnostics[1]
      Request starting HTTP/1.1 POST http://127.0.0.1:46097/api/v1/qr/orders?terminalId=9b3122e6-30a5-457b-93aa-75e6f8db1a28 - application/json;+charset=utf-8 2
info: Microsoft.AspNetCore.Routing.EndpointMiddleware[0]
      Executing endpoint 'HTTP: POST /api/v1/qr/orders'
info: Microsoft.AspNetCore.Http.Result.BadRequestObjectResult[1]
      Setting HTTP status code 400.
info: Microsoft.AspNetCore.Http.Result.BadRequestObjectResult[3]
      Writing value of type '<>f__AnonymousType5`1' as Json.
info: Microsoft.AspNetCore.Routing.EndpointMiddleware[1]
      Executed endpoint 'HTTP: POST /api/v1/qr/orders'
info: Microsoft.AspNetCore.Hosting.Diagnostics[2]
      Request finished HTTP/1.1 POST https://127.0.0.1:46097/api/v1/qr/orders?terminalId=9b3122e6-30a5-457b-93aa-75e6f8db1a28 - 400 - application/json;+charset=utf-8 2.3169ms
info: Microsoft.AspNetCore.Hosting.Diagnostics[1]
      Request starting HTTP/1.1 GET http://127.0.0.1:46097/api/v1/qr/orders/a73a0e49-0572-4047-80ed-67c59bdbbe31?terminalId=28dcd9ff-3b86-463e-8230-572366fec9f4 - - -
info: Microsoft.AspNetCore.Routing.EndpointMiddleware[0]
      Executing endpoint 'HTTP: GET /api/v1/qr/orders/{submissionId:guid}'
info: Microsoft.AspNetCore.Http.Result.JsonResult[1]
      Setting HTTP status code 401.
info: Microsoft.AspNetCore.Http.Result.JsonResult[3]
      Writing value of type '<>f__AnonymousType5`1' as Json.
info: Microsoft.AspNetCore.Routing.EndpointMiddleware[1]
      Executed endpoint 'HTTP: GET /api/v1/qr/orders/{submissionId:guid}'
info: Microsoft.AspNetCore.Hosting.Diagnostics[2]
      Request finished HTTP/1.1 GET https://127.0.0.1:46097/api/v1/qr/orders/a73a0e49-0572-4047-80ed-67c59bdbbe31?terminalId=28dcd9ff-3b86-463e-8230-572366fec9f4 - 401 - application/json;+charset=utf-8 3.0751ms
info: Microsoft.AspNetCore.Hosting.Diagnostics[1]
      Request starting HTTP/1.1 POST http://127.0.0.1:46097/api/v1/qr/sessions?terminalId=c0278370-8180-4aa6-bc0a-2d4cbd3a9c6b - application/json;+charset=utf-8 2
info: Microsoft.AspNetCore.Routing.EndpointMiddleware[0]
      Executing endpoint 'HTTP: POST /api/v1/qr/sessions'
info: Microsoft.AspNetCore.Http.Result.BadRequestObjectResult[1]
      Setting HTTP status code 400.
info: Microsoft.AspNetCore.Http.Result.BadRequestObjectResult[3]
      Writing value of type '<>f__AnonymousType5`1' as Json.
info: Microsoft.AspNetCore.Routing.EndpointMiddleware[1]
      Executed endpoint 'HTTP: POST /api/v1/qr/sessions'
info: Microsoft.AspNetCore.Hosting.Diagnostics[2]
      Request finished HTTP/1.1 POST https://127.0.0.1:46097/api/v1/qr/sessions?terminalId=c0278370-8180-4aa6-bc0a-2d4cbd3a9c6b - 400 - application/json;+charset=utf-8 3.4352ms
info: Microsoft.AspNetCore.Hosting.Diagnostics[1]
      Request starting HTTP/1.1 POST http://127.0.0.1:46097/api/v1/terminals/2b39d3fe-514e-444c-9b17-c4a92bafb04e/billing/bills/from-order/c4a4e8ae-2989-4c32-a6f2-be74309a4aa1?terminalId=2b39d3fe-514e-444c-9b17-c4a92bafb04e - application/json;+charset=utf-8 2
info: Microsoft.AspNetCore.Routing.EndpointMiddleware[0]
      Executing endpoint 'HTTP: POST /api/v1/terminals/{terminalId:guid}/billing/bills/from-order/{orderId:guid}'
info: Microsoft.AspNetCore.Http.Result.JsonResult[1]
      Setting HTTP status code 401.
info: Microsoft.AspNetCore.Http.Result.JsonResult[3]
      Writing value of type 'BillingSplitErrorEnvelope' as Json.
info: Microsoft.AspNetCore.Routing.EndpointMiddleware[1]
      Executed endpoint 'HTTP: POST /api/v1/terminals/{terminalId:guid}/billing/bills/from-order/{orderId:guid}'
info: Microsoft.AspNetCore.Hosting.Diagnostics[2]
      Request finished HTTP/1.1 POST https://127.0.0.1:46097/api/v1/terminals/2b39d3fe-514e-444c-9b17-c4a92bafb04e/billing/bills/from-order/c4a4e8ae-2989-4c32-a6f2-be74309a4aa1?terminalId=2b39d3fe-514e-444c-9b17-c4a92bafb04e - 401 - application/json;+charset=utf-8 0.8870ms
info: Microsoft.AspNetCore.Hosting.Diagnostics[1]
      Request starting HTTP/1.1 GET http://127.0.0.1:46097/api/v1/terminals/431a3d22-2576-43c8-adb0-f50823983c0a/billing/bills/10740efd-2704-4cdb-8dbc-c747340a8a5e/adjustments?terminalId=431a3d22-2576-43c8-adb0-f50823983c0a - - -
info: Microsoft.AspNetCore.Routing.EndpointMiddleware[0]
      Executing endpoint 'HTTP: GET /api/v1/terminals/{terminalId:guid}/billing/bills/{billId:guid}/adjustments'
info: Microsoft.AspNetCore.Http.Result.JsonResult[1]
      Setting HTTP status code 401.
info: Microsoft.AspNetCore.Http.Result.JsonResult[3]
      Writing value of type 'BillingSplitErrorEnvelope' as Json.
info: Microsoft.AspNetCore.Routing.EndpointMiddleware[1]
      Executed endpoint 'HTTP: GET /api/v1/terminals/{terminalId:guid}/billing/bills/{billId:guid}/adjustments'
info: Microsoft.AspNetCore.Hosting.Diagnostics[2]
      Request finished HTTP/1.1 GET https://127.0.0.1:46097/api/v1/terminals/431a3d22-2576-43c8-adb0-f50823983c0a/billing/bills/10740efd-2704-4cdb-8dbc-c747340a8a5e/adjustments?terminalId=431a3d22-2576-43c8-adb0-f50823983c0a - 401 - application/json;+charset=utf-8 1.6781ms
info: Microsoft.AspNetCore.Hosting.Diagnostics[1]
      Request starting HTTP/1.1 POST http://127.0.0.1:46097/api/v1/terminals/689d7086-e821-489f-8243-890fc2948877/billing/bills/e80bcf8e-e2b2-479e-915f-1f8ebea7b5f1/discount?terminalId=689d7086-e821-489f-8243-890fc2948877 - application/json;+charset=utf-8 2
info: Microsoft.AspNetCore.Routing.EndpointMiddleware[0]
      Executing endpoint 'HTTP: POST /api/v1/terminals/{terminalId:guid}/billing/bills/{billId:guid}/discount'
info: Microsoft.AspNetCore.Http.Result.JsonResult[1]
      Setting HTTP status code 401.
info: Microsoft.AspNetCore.Http.Result.JsonResult[3]
      Writing value of type 'BillingSplitErrorEnvelope' as Json.
info: Microsoft.AspNetCore.Routing.EndpointMiddleware[1]
      Executed endpoint 'HTTP: POST /api/v1/terminals/{terminalId:guid}/billing/bills/{billId:guid}/discount'
info: Microsoft.AspNetCore.Hosting.Diagnostics[2]
      Request finished HTTP/1.1 POST https://127.0.0.1:46097/api/v1/terminals/689d7086-e821-489f-8243-890fc2948877/billing/bills/e80bcf8e-e2b2-479e-915f-1f8ebea7b5f1/discount?terminalId=689d7086-e821-489f-8243-890fc2948877 - 401 - application/json;+charset=utf-8 0.4164ms
info: Microsoft.AspNetCore.Hosting.Diagnostics[1]
      Request starting HTTP/1.1 GET http://127.0.0.1:46097/api/v1/terminals/9075a4b8-f699-4c5d-bf29-5191428635b2/billing/bills/8712620f-4497-4551-9257-3d562eed3817/split-design/?terminalId=9075a4b8-f699-4c5d-bf29-5191428635b2 - - -
info: Microsoft.AspNetCore.Routing.EndpointMiddleware[0]
      Executing endpoint 'HTTP: GET /api/v1/terminals/{terminalId:guid}/billing/bills/{billId:guid}/split-design/'
info: Microsoft.AspNetCore.Http.Result.JsonResult[1]
      Setting HTTP status code 401.
info: Microsoft.AspNetCore.Http.Result.JsonResult[3]
      Writing value of type 'BillingSplitErrorEnvelope' as Json.
info: Microsoft.AspNetCore.Routing.EndpointMiddleware[1]
      Executed endpoint 'HTTP: GET /api/v1/terminals/{terminalId:guid}/billing/bills/{billId:guid}/split-design/'
info: Microsoft.AspNetCore.Hosting.Diagnostics[2]
      Request finished HTTP/1.1 GET https://127.0.0.1:46097/api/v1/terminals/9075a4b8-f699-4c5d-bf29-5191428635b2/billing/bills/8712620f-4497-4551-9257-3d562eed3817/split-design/?terminalId=9075a4b8-f699-4c5d-bf29-5191428635b2 - 401 - application/json;+charset=utf-8 1.0900ms
info: Microsoft.AspNetCore.Hosting.Diagnostics[1]
      Request starting HTTP/1.1 PUT http://127.0.0.1:46097/api/v1/terminals/e630212f-e9cb-44f2-a3ad-a15db9ae96a6/billing/bills/f9090bda-c748-4dd3-ba22-44ff8760ecc0/split-design/amounts?terminalId=e630212f-e9cb-44f2-a3ad-a15db9ae96a6 - application/json;+charset=utf-8 2
info: Microsoft.AspNetCore.Routing.EndpointMiddleware[0]
      Executing endpoint 'HTTP: PUT /api/v1/terminals/{terminalId:guid}/billing/bills/{billId:guid}/split-design/amounts'
info: Microsoft.AspNetCore.Http.Result.JsonResult[1]
      Setting HTTP status code 401.
info: Microsoft.AspNetCore.Http.Result.JsonResult[3]
      Writing value of type 'BillingSplitErrorEnvelope' as Json.
info: Microsoft.AspNetCore.Routing.EndpointMiddleware[1]
      Executed endpoint 'HTTP: PUT /api/v1/terminals/{terminalId:guid}/billing/bills/{billId:guid}/split-design/amounts'
info: Microsoft.AspNetCore.Hosting.Diagnostics[2]
      Request finished HTTP/1.1 PUT https://127.0.0.1:46097/api/v1/terminals/e630212f-e9cb-44f2-a3ad-a15db9ae96a6/billing/bills/f9090bda-c748-4dd3-ba22-44ff8760ecc0/split-design/amounts?terminalId=e630212f-e9cb-44f2-a3ad-a15db9ae96a6 - 401 - application/json;+charset=utf-8 0.3721ms
info: Microsoft.AspNetCore.Hosting.Diagnostics[1]
      Request starting HTTP/1.1 POST http://127.0.0.1:46097/api/v1/terminals/a839bdea-8c00-4605-9120-3b4b242e1f4c/billing/bills/86bf94e6-7577-4c7f-b3f0-200abe5b2e78/split-design/clear?terminalId=a839bdea-8c00-4605-9120-3b4b242e1f4c - application/json;+charset=utf-8 2
info: Microsoft.AspNetCore.Routing.EndpointMiddleware[0]
      Executing endpoint 'HTTP: POST /api/v1/terminals/{terminalId:guid}/billing/bills/{billId:guid}/split-design/clear'
info: Microsoft.AspNetCore.Http.Result.JsonResult[1]
      Setting HTTP status code 401.
info: Microsoft.AspNetCore.Http.Result.JsonResult[3]
      Writing value of type 'BillingSplitErrorEnvelope' as Json.
info: Microsoft.AspNetCore.Routing.EndpointMiddleware[1]
      Executed endpoint 'HTTP: POST /api/v1/terminals/{terminalId:guid}/billing/bills/{billId:guid}/split-design/clear'
info: Microsoft.AspNetCore.Hosting.Diagnostics[2]
      Request finished HTTP/1.1 POST https://127.0.0.1:46097/api/v1/terminals/a839bdea-8c00-4605-9120-3b4b242e1f4c/billing/bills/86bf94e6-7577-4c7f-b3f0-200abe5b2e78/split-design/clear?terminalId=a839bdea-8c00-4605-9120-3b4b242e1f4c - 401 - application/json;+charset=utf-8 0.2978ms
info: Microsoft.AspNetCore.Hosting.Diagnostics[1]
      Request starting HTTP/1.1 PUT http://127.0.0.1:46097/api/v1/terminals/a27d00dd-3c82-4bfb-8ea9-c59d11fbd167/billing/bills/f62b4261-89be-44ba-a80e-a7bc21357b4d/split-design/custom?terminalId=a27d00dd-3c82-4bfb-8ea9-c59d11fbd167 - application/json;+charset=utf-8 2
info: Microsoft.AspNetCore.Routing.EndpointMiddleware[0]
      Executing endpoint 'HTTP: PUT /api/v1/terminals/{terminalId:guid}/billing/bills/{billId:guid}/split-design/custom'
info: Microsoft.AspNetCore.Http.Result.JsonResult[1]
      Setting HTTP status code 401.
info: Microsoft.AspNetCore.Http.Result.JsonResult[3]
      Writing value of type 'BillingSplitErrorEnvelope' as Json.
info: Microsoft.AspNetCore.Routing.EndpointMiddleware[1]
      Executed endpoint 'HTTP: PUT /api/v1/terminals/{terminalId:guid}/billing/bills/{billId:guid}/split-design/custom'
info: Microsoft.AspNetCore.Hosting.Diagnostics[2]
      Request finished HTTP/1.1 PUT https://127.0.0.1:46097/api/v1/terminals/a27d00dd-3c82-4bfb-8ea9-c59d11fbd167/billing/bills/f62b4261-89be-44ba-a80e-a7bc21357b4d/split-design/custom?terminalId=a27d00dd-3c82-4bfb-8ea9-c59d11fbd167 - 401 - application/json;+charset=utf-8 0.2713ms
info: Microsoft.AspNetCore.Hosting.Diagnostics[1]
      Request starting HTTP/1.1 PUT http://127.0.0.1:46097/api/v1/terminals/d59619cb-e419-4d59-9e87-e54a5711130f/billing/bills/92af149b-caa9-4d36-89de-5dcd6fdbaa3e/split-design/equal?terminalId=d59619cb-e419-4d59-9e87-e54a5711130f - application/json;+charset=utf-8 2
info: Microsoft.AspNetCore.Routing.EndpointMiddleware[0]
      Executing endpoint 'HTTP: PUT /api/v1/terminals/{terminalId:guid}/billing/bills/{billId:guid}/split-design/equal'
info: Microsoft.AspNetCore.Http.Result.JsonResult[1]
      Setting HTTP status code 401.
info: Microsoft.AspNetCore.Http.Result.JsonResult[3]
      Writing value of type 'BillingSplitErrorEnvelope' as Json.
info: Microsoft.AspNetCore.Routing.EndpointMiddleware[1]
      Executed endpoint 'HTTP: PUT /api/v1/terminals/{terminalId:guid}/billing/bills/{billId:guid}/split-design/equal'
info: Microsoft.AspNetCore.Hosting.Diagnostics[2]
      Request finished HTTP/1.1 PUT https://127.0.0.1:46097/api/v1/terminals/d59619cb-e419-4d59-9e87-e54a5711130f/billing/bills/92af149b-caa9-4d36-89de-5dcd6fdbaa3e/split-design/equal?terminalId=d59619cb-e419-4d59-9e87-e54a5711130f - 401 - application/json;+charset=utf-8 0.6003ms
info: Microsoft.AspNetCore.Hosting.Diagnostics[1]
      Request starting HTTP/1.1 PUT http://127.0.0.1:46097/api/v1/terminals/ef198332-31a6-441f-bf11-9697c62b79e7/billing/bills/c538d79a-bdcc-458b-b119-0867b1499c31/split-design/items?terminalId=ef198332-31a6-441f-bf11-9697c62b79e7 - application/json;+charset=utf-8 2
info: Microsoft.AspNetCore.Routing.EndpointMiddleware[0]
      Executing endpoint 'HTTP: PUT /api/v1/terminals/{terminalId:guid}/billing/bills/{billId:guid}/split-design/items'
info: Microsoft.AspNetCore.Http.Result.JsonResult[1]
      Setting HTTP status code 401.
info: Microsoft.AspNetCore.Http.Result.JsonResult[3]
      Writing value of type 'BillingSplitErrorEnvelope' as Json.
info: Microsoft.AspNetCore.Routing.EndpointMiddleware[1]
      Executed endpoint 'HTTP: PUT /api/v1/terminals/{terminalId:guid}/billing/bills/{billId:guid}/split-design/items'
info: Microsoft.AspNetCore.Hosting.Diagnostics[2]
      Request finished HTTP/1.1 PUT https://127.0.0.1:46097/api/v1/terminals/ef198332-31a6-441f-bf11-9697c62b79e7/billing/bills/c538d79a-bdcc-458b-b119-0867b1499c31/split-design/items?terminalId=ef198332-31a6-441f-bf11-9697c62b79e7 - 401 - application/json;+charset=utf-8 0.3201ms
info: Microsoft.AspNetCore.Hosting.Diagnostics[1]
      Request starting HTTP/1.1 GET http://127.0.0.1:46097/api/v1/terminals/896da28b-f84f-40f2-bd0e-da52416fb7d0/billing/bills/eccb24fe-c48a-45ed-9abf-e0c0218f5979/split-design/owners?terminalId=896da28b-f84f-40f2-bd0e-da52416fb7d0 - - -
info: Microsoft.AspNetCore.Routing.EndpointMiddleware[0]
      Executing endpoint 'HTTP: GET /api/v1/terminals/{terminalId:guid}/billing/bills/{billId:guid}/split-design/owners'
info: Microsoft.AspNetCore.Http.Result.JsonResult[1]
      Setting HTTP status code 401.
info: Microsoft.AspNetCore.Http.Result.JsonResult[3]
      Writing value of type 'BillingSplitErrorEnvelope' as Json.
info: Microsoft.AspNetCore.Routing.EndpointMiddleware[1]
      Executed endpoint 'HTTP: GET /api/v1/terminals/{terminalId:guid}/billing/bills/{billId:guid}/split-design/owners'
info: Microsoft.AspNetCore.Hosting.Diagnostics[2]
      Request finished HTTP/1.1 GET https://127.0.0.1:46097/api/v1/terminals/896da28b-f84f-40f2-bd0e-da52416fb7d0/billing/bills/eccb24fe-c48a-45ed-9abf-e0c0218f5979/split-design/owners?terminalId=896da28b-f84f-40f2-bd0e-da52416fb7d0 - 401 - application/json;+charset=utf-8 1.5155ms
info: Microsoft.AspNetCore.Hosting.Diagnostics[1]
      Request starting HTTP/1.1 GET http://127.0.0.1:46097/api/v1/terminals/19eb5a60-764d-46d0-ba29-0d5ee5c5edb7/billing/bills/df5bad4a-2e6c-4d1e-86e4-c4fe2d6ad55e/tenders/?terminalId=19eb5a60-764d-46d0-ba29-0d5ee5c5edb7 - - -
info: Microsoft.AspNetCore.Routing.EndpointMiddleware[0]
      Executing endpoint 'HTTP: GET /api/v1/terminals/{terminalId:guid}/billing/bills/{billId:guid}/tenders/'
info: Microsoft.AspNetCore.Routing.EndpointMiddleware[1]
      Executed endpoint 'HTTP: GET /api/v1/terminals/{terminalId:guid}/billing/bills/{billId:guid}/tenders/'
info: Microsoft.AspNetCore.Hosting.Diagnostics[2]
      Request finished HTTP/1.1 GET https://127.0.0.1:46097/api/v1/terminals/19eb5a60-764d-46d0-ba29-0d5ee5c5edb7/billing/bills/df5bad4a-2e6c-4d1e-86e4-c4fe2d6ad55e/tenders/?terminalId=19eb5a60-764d-46d0-ba29-0d5ee5c5edb7 - 401 - application/json;+charset=utf-8 7.3559ms
info: Microsoft.AspNetCore.Hosting.Diagnostics[1]
      Request starting HTTP/1.1 POST http://127.0.0.1:46097/api/v1/terminals/d6275047-9adc-4517-be81-58f89d41fcc0/billing/bills/f0cb8b81-1193-4fcd-9146-d6aa9ba5405f/tenders/?terminalId=d6275047-9adc-4517-be81-58f89d41fcc0 - application/json;+charset=utf-8 2
info: Microsoft.AspNetCore.Routing.EndpointMiddleware[0]
      Executing endpoint 'HTTP: POST /api/v1/terminals/{terminalId:guid}/billing/bills/{billId:guid}/tenders/'
info: Microsoft.AspNetCore.Routing.EndpointMiddleware[1]
      Executed endpoint 'HTTP: POST /api/v1/terminals/{terminalId:guid}/billing/bills/{billId:guid}/tenders/'
info: Microsoft.AspNetCore.Hosting.Diagnostics[2]
      Request finished HTTP/1.1 POST https://127.0.0.1:46097/api/v1/terminals/d6275047-9adc-4517-be81-58f89d41fcc0/billing/bills/f0cb8b81-1193-4fcd-9146-d6aa9ba5405f/tenders/?terminalId=d6275047-9adc-4517-be81-58f89d41fcc0 - 401 - application/json;+charset=utf-8 2.0374ms
info: Microsoft.AspNetCore.Hosting.Diagnostics[1]
      Request starting HTTP/1.1 POST http://127.0.0.1:46097/api/v1/terminals/63fd5d45-75e0-4b03-89e7-012dced8549a/billing/bills/47de8fbf-bfed-4c2b-9d3d-04f0481b447b/tenders/confirmations/de6b0a7b-a24b-4c02-ac24-08cc39236f06/approve?terminalId=63fd5d45-75e0-4b03-89e7-012dced8549a - application/json;+charset=utf-8 2
info: Microsoft.AspNetCore.Routing.EndpointMiddleware[0]
      Executing endpoint 'HTTP: POST /api/v1/terminals/{terminalId:guid}/billing/bills/{billId:guid}/tenders/confirmations/{confirmationId:guid}/approve'
info: Microsoft.AspNetCore.Routing.EndpointMiddleware[1]
      Executed endpoint 'HTTP: POST /api/v1/terminals/{terminalId:guid}/billing/bills/{billId:guid}/tenders/confirmations/{confirmationId:guid}/approve'
info: Microsoft.AspNetCore.Hosting.Diagnostics[2]
      Request finished HTTP/1.1 POST https://127.0.0.1:46097/api/v1/terminals/63fd5d45-75e0-4b03-89e7-012dced8549a/billing/bills/47de8fbf-bfed-4c2b-9d3d-04f0481b447b/tenders/confirmations/de6b0a7b-a24b-4c02-ac24-08cc39236f06/approve?terminalId=63fd5d45-75e0-4b03-89e7-012dced8549a - 401 - application/json;+charset=utf-8 0.5633ms
info: Microsoft.AspNetCore.Hosting.Diagnostics[1]
      Request starting HTTP/1.1 POST http://127.0.0.1:46097/api/v1/terminals/2ddb0ef5-fede-4497-85a0-bdc73c668527/billing/bills/779eff0e-c0b9-4493-a1d2-9f4f0735aa79/tenders/confirmations/de2184e7-0505-4e7f-9232-d92fea3d7dd4/reject?terminalId=2ddb0ef5-fede-4497-85a0-bdc73c668527 - application/json;+charset=utf-8 2
info: Microsoft.AspNetCore.Routing.EndpointMiddleware[0]
      Executing endpoint 'HTTP: POST /api/v1/terminals/{terminalId:guid}/billing/bills/{billId:guid}/tenders/confirmations/{confirmationId:guid}/reject'
info: Microsoft.AspNetCore.Routing.EndpointMiddleware[1]
      Executed endpoint 'HTTP: POST /api/v1/terminals/{terminalId:guid}/billing/bills/{billId:guid}/tenders/confirmations/{confirmationId:guid}/reject'
info: Microsoft.AspNetCore.Hosting.Diagnostics[2]
      Request finished HTTP/1.1 POST https://127.0.0.1:46097/api/v1/terminals/2ddb0ef5-fede-4497-85a0-bdc73c668527/billing/bills/779eff0e-c0b9-4493-a1d2-9f4f0735aa79/tenders/confirmations/de2184e7-0505-4e7f-9232-d92fea3d7dd4/reject?terminalId=2ddb0ef5-fede-4497-85a0-bdc73c668527 - 401 - application/json;+charset=utf-8 0.4027ms
info: Microsoft.AspNetCore.Hosting.Diagnostics[1]
      Request starting HTTP/1.1 POST http://127.0.0.1:46097/api/v1/terminals/6cb474e6-3d13-4070-a1f1-0b3b3161d542/billing/bills/316efa95-0708-4527-8783-1df0ea7ae937/tenders/unsettled/8f1ca503-3f0f-4f18-ab9c-42399e85057a/card-charged?terminalId=6cb474e6-3d13-4070-a1f1-0b3b3161d542 - application/json;+charset=utf-8 2
info: Microsoft.AspNetCore.Routing.EndpointMiddleware[0]
      Executing endpoint 'HTTP: POST /api/v1/terminals/{terminalId:guid}/billing/bills/{billId:guid}/tenders/unsettled/{paymentId:guid}/card-charged'
info: Microsoft.AspNetCore.Routing.EndpointMiddleware[1]
      Executed endpoint 'HTTP: POST /api/v1/terminals/{terminalId:guid}/billing/bills/{billId:guid}/tenders/unsettled/{paymentId:guid}/card-charged'
info: Microsoft.AspNetCore.Hosting.Diagnostics[2]
      Request finished HTTP/1.1 POST https://127.0.0.1:46097/api/v1/terminals/6cb474e6-3d13-4070-a1f1-0b3b3161d542/billing/bills/316efa95-0708-4527-8783-1df0ea7ae937/tenders/unsettled/8f1ca503-3f0f-4f18-ab9c-42399e85057a/card-charged?terminalId=6cb474e6-3d13-4070-a1f1-0b3b3161d542 - 401 - application/json;+charset=utf-8 0.4424ms
info: Microsoft.AspNetCore.Hosting.Diagnostics[1]
      Request starting HTTP/1.1 POST http://127.0.0.1:46097/api/v1/terminals/a997f7f3-431f-47cf-99f6-c922615e530d/billing/bills/937fef95-c717-4bbd-b13f-65ed19b3c364/tenders/unsettled/254ce565-593c-434a-8894-8887be5154ad/not-charged?terminalId=a997f7f3-431f-47cf-99f6-c922615e530d - application/json;+charset=utf-8 2
info: Microsoft.AspNetCore.Routing.EndpointMiddleware[0]
      Executing endpoint 'HTTP: POST /api/v1/terminals/{terminalId:guid}/billing/bills/{billId:guid}/tenders/unsettled/{paymentId:guid}/not-charged'
info: Microsoft.AspNetCore.Routing.EndpointMiddleware[1]
      Executed endpoint 'HTTP: POST /api/v1/terminals/{terminalId:guid}/billing/bills/{billId:guid}/tenders/unsettled/{paymentId:guid}/not-charged'
info: Microsoft.AspNetCore.Hosting.Diagnostics[2]
      Request finished HTTP/1.1 POST https://127.0.0.1:46097/api/v1/terminals/a997f7f3-431f-47cf-99f6-c922615e530d/billing/bills/937fef95-c717-4bbd-b13f-65ed19b3c364/tenders/unsettled/254ce565-593c-434a-8894-8887be5154ad/not-charged?terminalId=a997f7f3-431f-47cf-99f6-c922615e530d - 401 - application/json;+charset=utf-8 0.7414ms
info: Microsoft.AspNetCore.Hosting.Diagnostics[1]
      Request starting HTTP/1.1 POST http://127.0.0.1:46097/api/v1/terminals/aa30cf5e-dd54-4c20-9213-5db05eb7774f/billing/bills/7c12dffa-0649-42e7-a4de-0a8106bb7128/tip?terminalId=aa30cf5e-dd54-4c20-9213-5db05eb7774f - application/json;+charset=utf-8 2
info: Microsoft.AspNetCore.Routing.EndpointMiddleware[0]
      Executing endpoint 'HTTP: POST /api/v1/terminals/{terminalId:guid}/billing/bills/{billId:guid}/tip'
info: Microsoft.AspNetCore.Http.Result.JsonResult[1]
      Setting HTTP status code 401.
info: Microsoft.AspNetCore.Http.Result.JsonResult[3]
      Writing value of type 'BillingSplitErrorEnvelope' as Json.
info: Microsoft.AspNetCore.Routing.EndpointMiddleware[1]
      Executed endpoint 'HTTP: POST /api/v1/terminals/{terminalId:guid}/billing/bills/{billId:guid}/tip'
info: Microsoft.AspNetCore.Hosting.Diagnostics[2]
      Request finished HTTP/1.1 POST https://127.0.0.1:46097/api/v1/terminals/aa30cf5e-dd54-4c20-9213-5db05eb7774f/billing/bills/7c12dffa-0649-42e7-a4de-0a8106bb7128/tip?terminalId=aa30cf5e-dd54-4c20-9213-5db05eb7774f - 401 - application/json;+charset=utf-8 0.3992ms
info: Microsoft.AspNetCore.Hosting.Diagnostics[1]
      Request starting HTTP/1.1 POST http://127.0.0.1:46097/api/v1/terminals/5778dd86-26f8-4ed2-900f-27fc51d03b47/cash-sessions/?terminalId=5778dd86-26f8-4ed2-900f-27fc51d03b47 - application/json;+charset=utf-8 2
info: Microsoft.AspNetCore.Routing.EndpointMiddleware[0]
      Executing endpoint 'HTTP: POST /api/v1/terminals/{terminalId:guid}/cash-sessions/'
info: Microsoft.AspNetCore.Routing.EndpointMiddleware[1]
      Executed endpoint 'HTTP: POST /api/v1/terminals/{terminalId:guid}/cash-sessions/'
info: Microsoft.AspNetCore.Hosting.Diagnostics[2]
      Request finished HTTP/1.1 POST https://127.0.0.1:46097/api/v1/terminals/5778dd86-26f8-4ed2-900f-27fc51d03b47/cash-sessions/?terminalId=5778dd86-26f8-4ed2-900f-27fc51d03b47 - 401 - application/json;+charset=utf-8 0.3643ms
info: Microsoft.AspNetCore.Hosting.Diagnostics[1]
      Request starting HTTP/1.1 GET http://127.0.0.1:46097/api/v1/terminals/56421fbe-388b-4e7c-9c6b-0ea1f06a4977/cash-sessions/active?terminalId=56421fbe-388b-4e7c-9c6b-0ea1f06a4977 - - -
info: Microsoft.AspNetCore.Routing.EndpointMiddleware[0]
      Executing endpoint 'HTTP: GET /api/v1/terminals/{terminalId:guid}/cash-sessions/active'
info: Microsoft.AspNetCore.Routing.EndpointMiddleware[1]
      Executed endpoint 'HTTP: GET /api/v1/terminals/{terminalId:guid}/cash-sessions/active'
info: Microsoft.AspNetCore.Hosting.Diagnostics[2]
      Request finished HTTP/1.1 GET https://127.0.0.1:46097/api/v1/terminals/56421fbe-388b-4e7c-9c6b-0ea1f06a4977/cash-sessions/active?terminalId=56421fbe-388b-4e7c-9c6b-0ea1f06a4977 - 401 - application/json;+charset=utf-8 1.9980ms
info: Microsoft.AspNetCore.Hosting.Diagnostics[1]
      Request starting HTTP/1.1 GET http://127.0.0.1:46097/api/v1/terminals/dd23330a-f4bf-499e-8f5e-4ea3edec9dc3/cash-sessions/suggested-opening-balance?terminalId=dd23330a-f4bf-499e-8f5e-4ea3edec9dc3 - - -
info: Microsoft.AspNetCore.Routing.EndpointMiddleware[0]
      Executing endpoint 'HTTP: GET /api/v1/terminals/{terminalId:guid}/cash-sessions/suggested-opening-balance'
info: Microsoft.AspNetCore.Routing.EndpointMiddleware[1]
      Executed endpoint 'HTTP: GET /api/v1/terminals/{terminalId:guid}/cash-sessions/suggested-opening-balance'
info: Microsoft.AspNetCore.Hosting.Diagnostics[2]
      Request finished HTTP/1.1 GET https://127.0.0.1:46097/api/v1/terminals/dd23330a-f4bf-499e-8f5e-4ea3edec9dc3/cash-sessions/suggested-opening-balance?terminalId=dd23330a-f4bf-499e-8f5e-4ea3edec9dc3 - 401 - application/json;+charset=utf-8 1.5682ms
info: Microsoft.AspNetCore.Hosting.Diagnostics[1]
      Request starting HTTP/1.1 POST http://127.0.0.1:46097/api/v1/terminals/d4135279-95a8-4f32-804b-caefbb5a6f9b/cash-sessions/d75be4eb-9b5b-4998-8782-b3b4bc287f9d/cash-movements?terminalId=d4135279-95a8-4f32-804b-caefbb5a6f9b - application/json;+charset=utf-8 2
info: Microsoft.AspNetCore.Routing.EndpointMiddleware[0]
      Executing endpoint 'HTTP: POST /api/v1/terminals/{terminalId:guid}/cash-sessions/{cashSessionId:guid}/cash-movements'
info: Microsoft.AspNetCore.Routing.EndpointMiddleware[1]
      Executed endpoint 'HTTP: POST /api/v1/terminals/{terminalId:guid}/cash-sessions/{cashSessionId:guid}/cash-movements'
info: Microsoft.AspNetCore.Hosting.Diagnostics[2]
      Request finished HTTP/1.1 POST https://127.0.0.1:46097/api/v1/terminals/d4135279-95a8-4f32-804b-caefbb5a6f9b/cash-sessions/d75be4eb-9b5b-4998-8782-b3b4bc287f9d/cash-movements?terminalId=d4135279-95a8-4f32-804b-caefbb5a6f9b - 401 - application/json;+charset=utf-8 0.7935ms
info: Microsoft.AspNetCore.Hosting.Diagnostics[1]
      Request starting HTTP/1.1 POST http://127.0.0.1:46097/api/v1/terminals/42eedede-1846-4ae7-b35f-3fcad8a15919/cash-sessions/d8d9783f-83de-49a5-88cf-d9daa7e62e55/cash-tender?terminalId=42eedede-1846-4ae7-b35f-3fcad8a15919 - application/json;+charset=utf-8 2
info: Microsoft.AspNetCore.Routing.EndpointMiddleware[0]
      Executing endpoint 'HTTP: POST /api/v1/terminals/{terminalId:guid}/cash-sessions/{cashSessionId:guid}/cash-tender'
info: Microsoft.AspNetCore.Routing.EndpointMiddleware[1]
      Executed endpoint 'HTTP: POST /api/v1/terminals/{terminalId:guid}/cash-sessions/{cashSessionId:guid}/cash-tender'
info: Microsoft.AspNetCore.Hosting.Diagnostics[2]
      Request finished HTTP/1.1 POST https://127.0.0.1:46097/api/v1/terminals/42eedede-1846-4ae7-b35f-3fcad8a15919/cash-sessions/d8d9783f-83de-49a5-88cf-d9daa7e62e55/cash-tender?terminalId=42eedede-1846-4ae7-b35f-3fcad8a15919 - 401 - application/json;+charset=utf-8 0.9667ms
info: Microsoft.AspNetCore.Hosting.Diagnostics[1]
      Request starting HTTP/1.1 POST http://127.0.0.1:46097/api/v1/terminals/ad464bff-9ff6-456f-bfe2-d9480e7ef9d3/cash-sessions/bb0f2d92-77d9-456f-8c6d-e87b2d763b92/close?terminalId=ad464bff-9ff6-456f-bfe2-d9480e7ef9d3 - application/json;+charset=utf-8 2
info: Microsoft.AspNetCore.Routing.EndpointMiddleware[0]
      Executing endpoint 'HTTP: POST /api/v1/terminals/{terminalId:guid}/cash-sessions/{cashSessionId:guid}/close'
info: Microsoft.AspNetCore.Routing.EndpointMiddleware[1]
      Executed endpoint 'HTTP: POST /api/v1/terminals/{terminalId:guid}/cash-sessions/{cashSessionId:guid}/close'
info: Microsoft.AspNetCore.Hosting.Diagnostics[2]
      Request finished HTTP/1.1 POST https://127.0.0.1:46097/api/v1/terminals/ad464bff-9ff6-456f-bfe2-d9480e7ef9d3/cash-sessions/bb0f2d92-77d9-456f-8c6d-e87b2d763b92/close?terminalId=ad464bff-9ff6-456f-bfe2-d9480e7ef9d3 - 401 - application/json;+charset=utf-8 0.3371ms
info: Microsoft.AspNetCore.Hosting.Diagnostics[1]
      Request starting HTTP/1.1 POST http://127.0.0.1:46097/api/v1/terminals/b657765f-6747-47eb-9a20-d3af2c9ab15d/cash-sessions/45299dec-aefd-4bdf-b444-5c0b4cb48794/counts?terminalId=b657765f-6747-47eb-9a20-d3af2c9ab15d - application/json;+charset=utf-8 2
info: Microsoft.AspNetCore.Routing.EndpointMiddleware[0]
      Executing endpoint 'HTTP: POST /api/v1/terminals/{terminalId:guid}/cash-sessions/{cashSessionId:guid}/counts'
info: Microsoft.AspNetCore.Routing.EndpointMiddleware[1]
      Executed endpoint 'HTTP: POST /api/v1/terminals/{terminalId:guid}/cash-sessions/{cashSessionId:guid}/counts'
info: Microsoft.AspNetCore.Hosting.Diagnostics[2]
      Request finished HTTP/1.1 POST https://127.0.0.1:46097/api/v1/terminals/b657765f-6747-47eb-9a20-d3af2c9ab15d/cash-sessions/45299dec-aefd-4bdf-b444-5c0b4cb48794/counts?terminalId=b657765f-6747-47eb-9a20-d3af2c9ab15d - 401 - application/json;+charset=utf-8 0.3259ms
info: Microsoft.AspNetCore.Hosting.Diagnostics[1]
      Request starting HTTP/1.1 GET http://127.0.0.1:46097/api/v1/terminals/f99a2393-e9a7-4ac7-8e4e-cd254e1b2c26/cash-sessions/c001b446-6969-4905-b829-165f3c9fd986/expected-cash?terminalId=f99a2393-e9a7-4ac7-8e4e-cd254e1b2c26 - - -
info: Microsoft.AspNetCore.Routing.EndpointMiddleware[0]
      Executing endpoint 'HTTP: GET /api/v1/terminals/{terminalId:guid}/cash-sessions/{cashSessionId:guid}/expected-cash'
info: Microsoft.AspNetCore.Routing.EndpointMiddleware[1]
      Executed endpoint 'HTTP: GET /api/v1/terminals/{terminalId:guid}/cash-sessions/{cashSessionId:guid}/expected-cash'
info: Microsoft.AspNetCore.Hosting.Diagnostics[2]
      Request finished HTTP/1.1 GET https://127.0.0.1:46097/api/v1/terminals/f99a2393-e9a7-4ac7-8e4e-cd254e1b2c26/cash-sessions/c001b446-6969-4905-b829-165f3c9fd986/expected-cash?terminalId=f99a2393-e9a7-4ac7-8e4e-cd254e1b2c26 - 401 - application/json;+charset=utf-8 1.2035ms
info: Microsoft.AspNetCore.Hosting.Diagnostics[1]
      Request starting HTTP/1.1 POST http://127.0.0.1:46097/api/v1/terminals/9743f2a3-ee97-4e1f-8fe2-bed7b0440c4a/cash-sessions/5cdba095-3546-4534-8ed3-ffe0d651f52b/reconcile?terminalId=9743f2a3-ee97-4e1f-8fe2-bed7b0440c4a - application/json;+charset=utf-8 2
info: Microsoft.AspNetCore.Routing.EndpointMiddleware[0]
      Executing endpoint 'HTTP: POST /api/v1/terminals/{terminalId:guid}/cash-sessions/{cashSessionId:guid}/reconcile'
info: Microsoft.AspNetCore.Routing.EndpointMiddleware[1]
      Executed endpoint 'HTTP: POST /api/v1/terminals/{terminalId:guid}/cash-sessions/{cashSessionId:guid}/reconcile'
info: Microsoft.AspNetCore.Hosting.Diagnostics[2]
      Request finished HTTP/1.1 POST https://127.0.0.1:46097/api/v1/terminals/9743f2a3-ee97-4e1f-8fe2-bed7b0440c4a/cash-sessions/5cdba095-3546-4534-8ed3-ffe0d651f52b/reconcile?terminalId=9743f2a3-ee97-4e1f-8fe2-bed7b0440c4a - 401 - application/json;+charset=utf-8 0.4330ms
info: Microsoft.AspNetCore.Hosting.Diagnostics[1]
      Request starting HTTP/1.1 POST http://127.0.0.1:46097/api/v1/terminals/22de7c76-fe62-4231-b81b-f98b0b9c097e/cash-sessions/d1e3fb31-a585-49be-a18a-ec9dbd1b0dd9/start-count?terminalId=22de7c76-fe62-4231-b81b-f98b0b9c097e - application/json;+charset=utf-8 2
info: Microsoft.AspNetCore.Routing.EndpointMiddleware[0]
      Executing endpoint 'HTTP: POST /api/v1/terminals/{terminalId:guid}/cash-sessions/{cashSessionId:guid}/start-count'
info: Microsoft.AspNetCore.Routing.EndpointMiddleware[1]
      Executed endpoint 'HTTP: POST /api/v1/terminals/{terminalId:guid}/cash-sessions/{cashSessionId:guid}/start-count'
info: Microsoft.AspNetCore.Hosting.Diagnostics[2]
      Request finished HTTP/1.1 POST https://127.0.0.1:46097/api/v1/terminals/22de7c76-fe62-4231-b81b-f98b0b9c097e/cash-sessions/d1e3fb31-a585-49be-a18a-ec9dbd1b0dd9/start-count?terminalId=22de7c76-fe62-4231-b81b-f98b0b9c097e - 401 - application/json;+charset=utf-8 0.2668ms
info: Microsoft.AspNetCore.Hosting.Diagnostics[1]
      Request starting HTTP/1.1 GET http://127.0.0.1:46097/api/v1/terminals/b0f0e5ae-436c-4ff3-8666-389b4fb9ef4e/catalog?terminalId=b0f0e5ae-436c-4ff3-8666-389b4fb9ef4e - - -
info: Microsoft.AspNetCore.Routing.EndpointMiddleware[0]
      Executing endpoint 'HTTP: GET /api/v1/terminals/{terminalId:guid}/catalog'
info: Microsoft.AspNetCore.Routing.EndpointMiddleware[1]
      Executed endpoint 'HTTP: GET /api/v1/terminals/{terminalId:guid}/catalog'
info: Microsoft.AspNetCore.Hosting.Diagnostics[2]
      Request finished HTTP/1.1 GET https://127.0.0.1:46097/api/v1/terminals/b0f0e5ae-436c-4ff3-8666-389b4fb9ef4e/catalog?terminalId=b0f0e5ae-436c-4ff3-8666-389b4fb9ef4e - 401 - application/json;+charset=utf-8 1.2640ms
info: Microsoft.AspNetCore.Hosting.Diagnostics[1]
      Request starting HTTP/1.1 POST http://127.0.0.1:46097/api/v1/terminals/6906f633-b274-4660-b11d-fa8dc9b874b9/display-sessions/revoke?terminalId=6906f633-b274-4660-b11d-fa8dc9b874b9 - application/json;+charset=utf-8 2
info: Microsoft.AspNetCore.Routing.EndpointMiddleware[0]
      Executing endpoint 'HTTP: POST /api/v1/terminals/{terminalId:guid}/display-sessions/revoke'
info: Microsoft.AspNetCore.Routing.EndpointMiddleware[1]
      Executed endpoint 'HTTP: POST /api/v1/terminals/{terminalId:guid}/display-sessions/revoke'
info: Microsoft.AspNetCore.Hosting.Diagnostics[2]
      Request finished HTTP/1.1 POST https://127.0.0.1:46097/api/v1/terminals/6906f633-b274-4660-b11d-fa8dc9b874b9/display-sessions/revoke?terminalId=6906f633-b274-4660-b11d-fa8dc9b874b9 - 401 - application/json;+charset=utf-8 0.2788ms
info: Microsoft.AspNetCore.Hosting.Diagnostics[1]
      Request starting HTTP/1.1 POST http://127.0.0.1:46097/api/v1/terminals/ac2552b5-87da-4404-be52-a07a55564f3a/help-requests/?terminalId=ac2552b5-87da-4404-be52-a07a55564f3a - application/json;+charset=utf-8 2
info: Microsoft.AspNetCore.Routing.EndpointMiddleware[0]
      Executing endpoint 'HTTP: POST /api/v1/terminals/{terminalId:guid}/help-requests/'
info: Microsoft.AspNetCore.Http.Result.JsonResult[1]
      Setting HTTP status code 401.
info: Microsoft.AspNetCore.Http.Result.JsonResult[3]
      Writing value of type '<>f__AnonymousType5`1' as Json.
info: Microsoft.AspNetCore.Routing.EndpointMiddleware[1]
      Executed endpoint 'HTTP: POST /api/v1/terminals/{terminalId:guid}/help-requests/'
info: Microsoft.AspNetCore.Hosting.Diagnostics[2]
      Request finished HTTP/1.1 POST https://127.0.0.1:46097/api/v1/terminals/ac2552b5-87da-4404-be52-a07a55564f3a/help-requests/?terminalId=ac2552b5-87da-4404-be52-a07a55564f3a - 401 - application/json;+charset=utf-8 0.2535ms
info: Microsoft.AspNetCore.Hosting.Diagnostics[1]
      Request starting HTTP/1.1 GET http://127.0.0.1:46097/api/v1/terminals/58d46dfe-3538-479a-9deb-416ac7fcc6e9/kitchen-operations/audit/aggregate/probe/28a19b34-f6de-401e-849d-60fa16a021c8?terminalId=58d46dfe-3538-479a-9deb-416ac7fcc6e9 - - -
info: Microsoft.AspNetCore.Routing.EndpointMiddleware[0]
      Executing endpoint 'HTTP: GET /api/v1/terminals/{terminalId:guid}/kitchen-operations/audit/aggregate/{aggregateType}/{aggregateId:guid}'
info: Microsoft.AspNetCore.Http.Result.JsonResult[1]
      Setting HTTP status code 401.
info: Microsoft.AspNetCore.Http.Result.JsonResult[3]
      Writing value of type 'KitchenOperationsErrorEnvelopeV1' as Json.
info: Microsoft.AspNetCore.Routing.EndpointMiddleware[1]
      Executed endpoint 'HTTP: GET /api/v1/terminals/{terminalId:guid}/kitchen-operations/audit/aggregate/{aggregateType}/{aggregateId:guid}'
info: Microsoft.AspNetCore.Hosting.Diagnostics[2]
      Request finished HTTP/1.1 GET https://127.0.0.1:46097/api/v1/terminals/58d46dfe-3538-479a-9deb-416ac7fcc6e9/kitchen-operations/audit/aggregate/probe/28a19b34-f6de-401e-849d-60fa16a021c8?terminalId=58d46dfe-3538-479a-9deb-416ac7fcc6e9 - 401 - application/json;+charset=utf-8 2.6573ms
info: Microsoft.AspNetCore.Hosting.Diagnostics[1]
      Request starting HTTP/1.1 GET http://127.0.0.1:46097/api/v1/terminals/d18087d1-27bd-4e84-99b7-8a7b26753925/kitchen-operations/audit/correlation/probe?terminalId=d18087d1-27bd-4e84-99b7-8a7b26753925 - - -
info: Microsoft.AspNetCore.Routing.EndpointMiddleware[0]
      Executing endpoint 'HTTP: GET /api/v1/terminals/{terminalId:guid}/kitchen-operations/audit/correlation/{correlationId}'
info: Microsoft.AspNetCore.Http.Result.JsonResult[1]
      Setting HTTP status code 401.
info: Microsoft.AspNetCore.Http.Result.JsonResult[3]
      Writing value of type 'KitchenOperationsErrorEnvelopeV1' as Json.
info: Microsoft.AspNetCore.Routing.EndpointMiddleware[1]
      Executed endpoint 'HTTP: GET /api/v1/terminals/{terminalId:guid}/kitchen-operations/audit/correlation/{correlationId}'
info: Microsoft.AspNetCore.Hosting.Diagnostics[2]
      Request finished HTTP/1.1 GET https://127.0.0.1:46097/api/v1/terminals/d18087d1-27bd-4e84-99b7-8a7b26753925/kitchen-operations/audit/correlation/probe?terminalId=d18087d1-27bd-4e84-99b7-8a7b26753925 - 401 - application/json;+charset=utf-8 1.9869ms
info: Microsoft.AspNetCore.Hosting.Diagnostics[1]
      Request starting HTTP/1.1 GET http://127.0.0.1:46097/api/v1/terminals/a4b426ed-14cf-48ca-bcd5-3327d953b810/kitchen-operations/categories?terminalId=a4b426ed-14cf-48ca-bcd5-3327d953b810 - - -
info: Microsoft.AspNetCore.Routing.EndpointMiddleware[0]
      Executing endpoint 'HTTP: GET /api/v1/terminals/{terminalId:guid}/kitchen-operations/categories'
info: Microsoft.AspNetCore.Http.Result.JsonResult[1]
      Setting HTTP status code 401.
info: Microsoft.AspNetCore.Http.Result.JsonResult[3]
      Writing value of type 'KitchenOperationsErrorEnvelopeV1' as Json.
info: Microsoft.AspNetCore.Routing.EndpointMiddleware[1]
      Executed endpoint 'HTTP: GET /api/v1/terminals/{terminalId:guid}/kitchen-operations/categories'
info: Microsoft.AspNetCore.Hosting.Diagnostics[2]
      Request finished HTTP/1.1 GET https://127.0.0.1:46097/api/v1/terminals/a4b426ed-14cf-48ca-bcd5-3327d953b810/kitchen-operations/categories?terminalId=a4b426ed-14cf-48ca-bcd5-3327d953b810 - 401 - application/json;+charset=utf-8 1.2924ms
info: Microsoft.AspNetCore.Hosting.Diagnostics[1]
      Request starting HTTP/1.1 GET http://127.0.0.1:46097/api/v1/terminals/7f434a16-67d9-489b-9419-9062f7d11c5b/kitchen-operations/deliveries/unknown?terminalId=7f434a16-67d9-489b-9419-9062f7d11c5b - - -
info: Microsoft.AspNetCore.Routing.EndpointMiddleware[0]
      Executing endpoint 'HTTP: GET /api/v1/terminals/{terminalId:guid}/kitchen-operations/deliveries/unknown'
info: Microsoft.AspNetCore.Http.Result.JsonResult[1]
      Setting HTTP status code 401.
info: Microsoft.AspNetCore.Http.Result.JsonResult[3]
      Writing value of type 'KitchenOperationsErrorEnvelopeV1' as Json.
info: Microsoft.AspNetCore.Routing.EndpointMiddleware[1]
      Executed endpoint 'HTTP: GET /api/v1/terminals/{terminalId:guid}/kitchen-operations/deliveries/unknown'
info: Microsoft.AspNetCore.Hosting.Diagnostics[2]
      Request finished HTTP/1.1 GET https://127.0.0.1:46097/api/v1/terminals/7f434a16-67d9-489b-9419-9062f7d11c5b/kitchen-operations/deliveries/unknown?terminalId=7f434a16-67d9-489b-9419-9062f7d11c5b - 401 - application/json;+charset=utf-8 1.0848ms
info: Microsoft.AspNetCore.Hosting.Diagnostics[1]
      Request starting HTTP/1.1 GET http://127.0.0.1:46097/api/v1/terminals/69ab3f64-5567-4b20-b9e2-015bdbfc2fbf/kitchen-operations/deliveries/37f34455-bbf5-449f-8ea3-139bad95642e?terminalId=69ab3f64-5567-4b20-b9e2-015bdbfc2fbf - - -
info: Microsoft.AspNetCore.Routing.EndpointMiddleware[0]
      Executing endpoint 'HTTP: GET /api/v1/terminals/{terminalId:guid}/kitchen-operations/deliveries/{deliveryId:guid}'
info: Microsoft.AspNetCore.Http.Result.JsonResult[1]
      Setting HTTP status code 401.
info: Microsoft.AspNetCore.Http.Result.JsonResult[3]
      Writing value of type 'KitchenOperationsErrorEnvelopeV1' as Json.
info: Microsoft.AspNetCore.Routing.EndpointMiddleware[1]
      Executed endpoint 'HTTP: GET /api/v1/terminals/{terminalId:guid}/kitchen-operations/deliveries/{deliveryId:guid}'
info: Microsoft.AspNetCore.Hosting.Diagnostics[2]
      Request finished HTTP/1.1 GET https://127.0.0.1:46097/api/v1/terminals/69ab3f64-5567-4b20-b9e2-015bdbfc2fbf/kitchen-operations/deliveries/37f34455-bbf5-449f-8ea3-139bad95642e?terminalId=69ab3f64-5567-4b20-b9e2-015bdbfc2fbf - 401 - application/json;+charset=utf-8 1.0593ms
info: Microsoft.AspNetCore.Hosting.Diagnostics[1]
      Request starting HTTP/1.1 POST http://127.0.0.1:46097/api/v1/terminals/77dfccd6-fc80-4fbf-985e-2cd21955dc95/kitchen-operations/deliveries/09572b5f-ef0c-4c57-bfb6-96b6684ceced/reprint-approval?terminalId=77dfccd6-fc80-4fbf-985e-2cd21955dc95 - application/json;+charset=utf-8 2
info: Microsoft.AspNetCore.Routing.EndpointMiddleware[0]
      Executing endpoint 'HTTP: POST /api/v1/terminals/{terminalId:guid}/kitchen-operations/deliveries/{deliveryId:guid}/reprint-approval'
info: Microsoft.AspNetCore.Http.Result.JsonResult[1]
      Setting HTTP status code 401.
info: Microsoft.AspNetCore.Http.Result.JsonResult[3]
      Writing value of type 'KitchenOperationsErrorEnvelopeV1' as Json.
info: Microsoft.AspNetCore.Routing.EndpointMiddleware[1]
      Executed endpoint 'HTTP: POST /api/v1/terminals/{terminalId:guid}/kitchen-operations/deliveries/{deliveryId:guid}/reprint-approval'
info: Microsoft.AspNetCore.Hosting.Diagnostics[2]
      Request finished HTTP/1.1 POST https://127.0.0.1:46097/api/v1/terminals/77dfccd6-fc80-4fbf-985e-2cd21955dc95/kitchen-operations/deliveries/09572b5f-ef0c-4c57-bfb6-96b6684ceced/reprint-approval?terminalId=77dfccd6-fc80-4fbf-985e-2cd21955dc95 - 401 - application/json;+charset=utf-8 0.4546ms
info: Microsoft.AspNetCore.Hosting.Diagnostics[1]
      Request starting HTTP/1.1 POST http://127.0.0.1:46097/api/v1/terminals/82a3e49f-d1e5-47df-bac5-45a4a332b65b/kitchen-operations/deliveries/7fdf4f7a-e56b-4228-bc70-467e98ef81f2/reprint-rejection?terminalId=82a3e49f-d1e5-47df-bac5-45a4a332b65b - application/json;+charset=utf-8 2
info: Microsoft.AspNetCore.Routing.EndpointMiddleware[0]
      Executing endpoint 'HTTP: POST /api/v1/terminals/{terminalId:guid}/kitchen-operations/deliveries/{deliveryId:guid}/reprint-rejection'
info: Microsoft.AspNetCore.Http.Result.JsonResult[1]
      Setting HTTP status code 401.
info: Microsoft.AspNetCore.Http.Result.JsonResult[3]
      Writing value of type 'KitchenOperationsErrorEnvelopeV1' as Json.
info: Microsoft.AspNetCore.Routing.EndpointMiddleware[1]
      Executed endpoint 'HTTP: POST /api/v1/terminals/{terminalId:guid}/kitchen-operations/deliveries/{deliveryId:guid}/reprint-rejection'
info: Microsoft.AspNetCore.Hosting.Diagnostics[2]
      Request finished HTTP/1.1 POST https://127.0.0.1:46097/api/v1/terminals/82a3e49f-d1e5-47df-bac5-45a4a332b65b/kitchen-operations/deliveries/7fdf4f7a-e56b-4228-bc70-467e98ef81f2/reprint-rejection?terminalId=82a3e49f-d1e5-47df-bac5-45a4a332b65b - 401 - application/json;+charset=utf-8 0.6951ms
info: Microsoft.AspNetCore.Hosting.Diagnostics[1]
      Request starting HTTP/1.1 POST http://127.0.0.1:46097/api/v1/terminals/e11daa20-b39f-4779-8ae6-58401732c563/kitchen-operations/operations/backups?terminalId=e11daa20-b39f-4779-8ae6-58401732c563 - application/json;+charset=utf-8 2
info: Microsoft.AspNetCore.Routing.EndpointMiddleware[0]
      Executing endpoint 'HTTP: POST /api/v1/terminals/{terminalId:guid}/kitchen-operations/operations/backups'
info: Microsoft.AspNetCore.Http.Result.JsonResult[1]
      Setting HTTP status code 401.
info: Microsoft.AspNetCore.Http.Result.JsonResult[3]
      Writing value of type 'KitchenOperationsErrorEnvelopeV1' as Json.
info: Microsoft.AspNetCore.Routing.EndpointMiddleware[1]
      Executed endpoint 'HTTP: POST /api/v1/terminals/{terminalId:guid}/kitchen-operations/operations/backups'
info: Microsoft.AspNetCore.Hosting.Diagnostics[2]
      Request finished HTTP/1.1 POST https://127.0.0.1:46097/api/v1/terminals/e11daa20-b39f-4779-8ae6-58401732c563/kitchen-operations/operations/backups?terminalId=e11daa20-b39f-4779-8ae6-58401732c563 - 401 - application/json;+charset=utf-8 1.8763ms
info: Microsoft.AspNetCore.Hosting.Diagnostics[1]
      Request starting HTTP/1.1 GET http://127.0.0.1:46097/api/v1/terminals/9b648dc7-6502-471f-8376-7154c557b6b9/kitchen-operations/operations/backups/recent?terminalId=9b648dc7-6502-471f-8376-7154c557b6b9 - - -
info: Microsoft.AspNetCore.Routing.EndpointMiddleware[0]
      Executing endpoint 'HTTP: GET /api/v1/terminals/{terminalId:guid}/kitchen-operations/operations/backups/recent'
info: Microsoft.AspNetCore.Http.Result.JsonResult[1]
      Setting HTTP status code 401.
info: Microsoft.AspNetCore.Http.Result.JsonResult[3]
      Writing value of type 'KitchenOperationsErrorEnvelopeV1' as Json.
info: Microsoft.AspNetCore.Routing.EndpointMiddleware[1]
      Executed endpoint 'HTTP: GET /api/v1/terminals/{terminalId:guid}/kitchen-operations/operations/backups/recent'
info: Microsoft.AspNetCore.Hosting.Diagnostics[2]
      Request finished HTTP/1.1 GET https://127.0.0.1:46097/api/v1/terminals/9b648dc7-6502-471f-8376-7154c557b6b9/kitchen-operations/operations/backups/recent?terminalId=9b648dc7-6502-471f-8376-7154c557b6b9 - 401 - application/json;+charset=utf-8 4.0354ms
info: Microsoft.AspNetCore.Hosting.Diagnostics[1]
      Request starting HTTP/1.1 GET http://127.0.0.1:46097/api/v1/terminals/c67d072a-357f-4e78-bcf4-1046d160a0ca/kitchen-operations/operations/health/latest?terminalId=c67d072a-357f-4e78-bcf4-1046d160a0ca - - -
info: Microsoft.AspNetCore.Routing.EndpointMiddleware[0]
      Executing endpoint 'HTTP: GET /api/v1/terminals/{terminalId:guid}/kitchen-operations/operations/health/latest'
info: Microsoft.AspNetCore.Http.Result.JsonResult[1]
      Setting HTTP status code 401.
info: Microsoft.AspNetCore.Http.Result.JsonResult[3]
      Writing value of type 'KitchenOperationsErrorEnvelopeV1' as Json.
info: Microsoft.AspNetCore.Routing.EndpointMiddleware[1]
      Executed endpoint 'HTTP: GET /api/v1/terminals/{terminalId:guid}/kitchen-operations/operations/health/latest'
info: Microsoft.AspNetCore.Hosting.Diagnostics[2]
      Request finished HTTP/1.1 GET https://127.0.0.1:46097/api/v1/terminals/c67d072a-357f-4e78-bcf4-1046d160a0ca/kitchen-operations/operations/health/latest?terminalId=c67d072a-357f-4e78-bcf4-1046d160a0ca - 401 - application/json;+charset=utf-8 2.1404ms
info: Microsoft.AspNetCore.Hosting.Diagnostics[1]
      Request starting HTTP/1.1 GET http://127.0.0.1:46097/api/v1/terminals/f69db9e6-189c-41a1-9e37-974ed75fc5fd/kitchen-operations/operations/live-sync?terminalId=f69db9e6-189c-41a1-9e37-974ed75fc5fd - - -
info: Microsoft.AspNetCore.Routing.EndpointMiddleware[0]
      Executing endpoint 'HTTP: GET /api/v1/terminals/{terminalId:guid}/kitchen-operations/operations/live-sync'
info: Microsoft.AspNetCore.Http.Result.JsonResult[1]
      Setting HTTP status code 401.
info: Microsoft.AspNetCore.Http.Result.JsonResult[3]
      Writing value of type 'KitchenOperationsErrorEnvelopeV1' as Json.
info: Microsoft.AspNetCore.Routing.EndpointMiddleware[1]
      Executed endpoint 'HTTP: GET /api/v1/terminals/{terminalId:guid}/kitchen-operations/operations/live-sync'
info: Microsoft.AspNetCore.Hosting.Diagnostics[2]
      Request finished HTTP/1.1 GET https://127.0.0.1:46097/api/v1/terminals/f69db9e6-189c-41a1-9e37-974ed75fc5fd/kitchen-operations/operations/live-sync?terminalId=f69db9e6-189c-41a1-9e37-974ed75fc5fd - 401 - application/json;+charset=utf-8 1.5876ms
info: Microsoft.AspNetCore.Hosting.Diagnostics[1]
      Request starting HTTP/1.1 GET http://127.0.0.1:46097/api/v1/terminals/b5815b85-28b6-47c0-b25b-a9a4ab6d95f1/kitchen-operations/operations/performance-report?terminalId=b5815b85-28b6-47c0-b25b-a9a4ab6d95f1 - - -
info: Microsoft.AspNetCore.Routing.EndpointMiddleware[0]
      Executing endpoint 'HTTP: GET /api/v1/terminals/{terminalId:guid}/kitchen-operations/operations/performance-report'
info: Microsoft.AspNetCore.Http.Result.JsonResult[1]
      Setting HTTP status code 401.
info: Microsoft.AspNetCore.Http.Result.JsonResult[3]
      Writing value of type 'KitchenOperationsErrorEnvelopeV1' as Json.
info: Microsoft.AspNetCore.Routing.EndpointMiddleware[1]
      Executed endpoint 'HTTP: GET /api/v1/terminals/{terminalId:guid}/kitchen-operations/operations/performance-report'
info: Microsoft.AspNetCore.Hosting.Diagnostics[2]
      Request finished HTTP/1.1 GET https://127.0.0.1:46097/api/v1/terminals/b5815b85-28b6-47c0-b25b-a9a4ab6d95f1/kitchen-operations/operations/performance-report?terminalId=b5815b85-28b6-47c0-b25b-a9a4ab6d95f1 - 401 - application/json;+charset=utf-8 2.4990ms
info: Microsoft.AspNetCore.Hosting.Diagnostics[1]
      Request starting HTTP/1.1 GET http://127.0.0.1:46097/api/v1/terminals/12b5a6c1-4b10-47ed-83f4-c57dab25bde3/kitchen-operations/print-jobs?terminalId=12b5a6c1-4b10-47ed-83f4-c57dab25bde3 - - -
info: Microsoft.AspNetCore.Routing.EndpointMiddleware[0]
      Executing endpoint 'HTTP: GET /api/v1/terminals/{terminalId:guid}/kitchen-operations/print-jobs'
info: Microsoft.AspNetCore.Http.Result.JsonResult[1]
      Setting HTTP status code 401.
info: Microsoft.AspNetCore.Http.Result.JsonResult[3]
      Writing value of type 'KitchenOperationsErrorEnvelopeV1' as Json.
info: Microsoft.AspNetCore.Routing.EndpointMiddleware[1]
      Executed endpoint 'HTTP: GET /api/v1/terminals/{terminalId:guid}/kitchen-operations/print-jobs'
info: Microsoft.AspNetCore.Hosting.Diagnostics[2]
      Request finished HTTP/1.1 GET https://127.0.0.1:46097/api/v1/terminals/12b5a6c1-4b10-47ed-83f4-c57dab25bde3/kitchen-operations/print-jobs?terminalId=12b5a6c1-4b10-47ed-83f4-c57dab25bde3 - 401 - application/json;+charset=utf-8 3.1875ms
info: Microsoft.AspNetCore.Hosting.Diagnostics[1]
      Request starting HTTP/1.1 GET http://127.0.0.1:46097/api/v1/terminals/4089e5e2-bda9-4eb1-8c2b-9eac38e910df/kitchen-operations/print-jobs/7e8d0a74-a2c5-45a6-ae2f-df7f8ad6f4ec?terminalId=4089e5e2-bda9-4eb1-8c2b-9eac38e910df - - -
info: Microsoft.AspNetCore.Routing.EndpointMiddleware[0]
      Executing endpoint 'HTTP: GET /api/v1/terminals/{terminalId:guid}/kitchen-operations/print-jobs/{jobId:guid}'
info: Microsoft.AspNetCore.Http.Result.JsonResult[1]
      Setting HTTP status code 401.
info: Microsoft.AspNetCore.Http.Result.JsonResult[3]
      Writing value of type 'KitchenOperationsErrorEnvelopeV1' as Json.
info: Microsoft.AspNetCore.Routing.EndpointMiddleware[1]
      Executed endpoint 'HTTP: GET /api/v1/terminals/{terminalId:guid}/kitchen-operations/print-jobs/{jobId:guid}'
info: Microsoft.AspNetCore.Hosting.Diagnostics[2]
      Request finished HTTP/1.1 GET https://127.0.0.1:46097/api/v1/terminals/4089e5e2-bda9-4eb1-8c2b-9eac38e910df/kitchen-operations/print-jobs/7e8d0a74-a2c5-45a6-ae2f-df7f8ad6f4ec?terminalId=4089e5e2-bda9-4eb1-8c2b-9eac38e910df - 401 - application/json;+charset=utf-8 1.4994ms
info: Microsoft.AspNetCore.Hosting.Diagnostics[1]
      Request starting HTTP/1.1 GET http://127.0.0.1:46097/api/v1/terminals/f4c86405-9760-473e-a769-fd1e976082d6/kitchen-operations/printers?terminalId=f4c86405-9760-473e-a769-fd1e976082d6 - - -
info: Microsoft.AspNetCore.Routing.EndpointMiddleware[0]
      Executing endpoint 'HTTP: GET /api/v1/terminals/{terminalId:guid}/kitchen-operations/printers'
info: Microsoft.AspNetCore.Http.Result.JsonResult[1]
      Setting HTTP status code 401.
info: Microsoft.AspNetCore.Http.Result.JsonResult[3]
      Writing value of type 'KitchenOperationsErrorEnvelopeV1' as Json.
info: Microsoft.AspNetCore.Routing.EndpointMiddleware[1]
      Executed endpoint 'HTTP: GET /api/v1/terminals/{terminalId:guid}/kitchen-operations/printers'
info: Microsoft.AspNetCore.Hosting.Diagnostics[2]
      Request finished HTTP/1.1 GET https://127.0.0.1:46097/api/v1/terminals/f4c86405-9760-473e-a769-fd1e976082d6/kitchen-operations/printers?terminalId=f4c86405-9760-473e-a769-fd1e976082d6 - 401 - application/json;+charset=utf-8 1.6703ms
info: Microsoft.AspNetCore.Hosting.Diagnostics[1]
      Request starting HTTP/1.1 PUT http://127.0.0.1:46097/api/v1/terminals/5307499b-cf84-4ea3-a066-2061db7d539e/kitchen-operations/printers/f1c805f4-fa0d-45eb-a468-54cc8022de16?terminalId=5307499b-cf84-4ea3-a066-2061db7d539e - application/json;+charset=utf-8 2
info: Microsoft.AspNetCore.Routing.EndpointMiddleware[0]
      Executing endpoint 'HTTP: PUT /api/v1/terminals/{terminalId:guid}/kitchen-operations/printers/{printerId:guid}'
info: Microsoft.AspNetCore.Http.Result.JsonResult[1]
      Setting HTTP status code 401.
info: Microsoft.AspNetCore.Http.Result.JsonResult[3]
      Writing value of type 'KitchenOperationsErrorEnvelopeV1' as Json.
info: Microsoft.AspNetCore.Routing.EndpointMiddleware[1]
      Executed endpoint 'HTTP: PUT /api/v1/terminals/{terminalId:guid}/kitchen-operations/printers/{printerId:guid}'
info: Microsoft.AspNetCore.Hosting.Diagnostics[2]
      Request finished HTTP/1.1 PUT https://127.0.0.1:46097/api/v1/terminals/5307499b-cf84-4ea3-a066-2061db7d539e/kitchen-operations/printers/f1c805f4-fa0d-45eb-a468-54cc8022de16?terminalId=5307499b-cf84-4ea3-a066-2061db7d539e - 401 - application/json;+charset=utf-8 0.6588ms
info: Microsoft.AspNetCore.Hosting.Diagnostics[1]
      Request starting HTTP/1.1 POST http://127.0.0.1:46097/api/v1/terminals/6791b5a9-514c-476c-bfda-abce080ac66e/kitchen-operations/products/7d18e6b2-7eac-4219-b0e6-3eba0adb8006/suspend?terminalId=6791b5a9-514c-476c-bfda-abce080ac66e - application/json;+charset=utf-8 2
info: Microsoft.AspNetCore.Routing.EndpointMiddleware[0]
      Executing endpoint 'HTTP: POST /api/v1/terminals/{terminalId:guid}/kitchen-operations/products/{productId:guid}/suspend'
info: Microsoft.AspNetCore.Http.Result.JsonResult[1]
      Setting HTTP status code 401.
info: Microsoft.AspNetCore.Http.Result.JsonResult[3]
      Writing value of type 'KitchenOperationsErrorEnvelopeV1' as Json.
info: Microsoft.AspNetCore.Routing.EndpointMiddleware[1]
      Executed endpoint 'HTTP: POST /api/v1/terminals/{terminalId:guid}/kitchen-operations/products/{productId:guid}/suspend'
info: Microsoft.AspNetCore.Hosting.Diagnostics[2]
      Request finished HTTP/1.1 POST https://127.0.0.1:46097/api/v1/terminals/6791b5a9-514c-476c-bfda-abce080ac66e/kitchen-operations/products/7d18e6b2-7eac-4219-b0e6-3eba0adb8006/suspend?terminalId=6791b5a9-514c-476c-bfda-abce080ac66e - 401 - application/json;+charset=utf-8 0.9050ms
info: Microsoft.AspNetCore.Hosting.Diagnostics[1]
      Request starting HTTP/1.1 GET http://127.0.0.1:46097/api/v1/terminals/34711525-f3cb-4257-af92-babde1f17700/kitchen-operations/routes?terminalId=34711525-f3cb-4257-af92-babde1f17700 - - -
info: Microsoft.AspNetCore.Routing.EndpointMiddleware[0]
      Executing endpoint 'HTTP: GET /api/v1/terminals/{terminalId:guid}/kitchen-operations/routes'
info: Microsoft.AspNetCore.Http.Result.JsonResult[1]
      Setting HTTP status code 401.
info: Microsoft.AspNetCore.Http.Result.JsonResult[3]
      Writing value of type 'KitchenOperationsErrorEnvelopeV1' as Json.
info: Microsoft.AspNetCore.Routing.EndpointMiddleware[1]
      Executed endpoint 'HTTP: GET /api/v1/terminals/{terminalId:guid}/kitchen-operations/routes'
info: Microsoft.AspNetCore.Hosting.Diagnostics[2]
      Request finished HTTP/1.1 GET https://127.0.0.1:46097/api/v1/terminals/34711525-f3cb-4257-af92-babde1f17700/kitchen-operations/routes?terminalId=34711525-f3cb-4257-af92-babde1f17700 - 401 - application/json;+charset=utf-8 1.4804ms
info: Microsoft.AspNetCore.Hosting.Diagnostics[1]
      Request starting HTTP/1.1 POST http://127.0.0.1:46097/api/v1/terminals/cd8bf596-fb43-4d3d-bf86-593a9581aee4/kitchen-operations/routes/84867234-4a5a-4c30-8d12-6ca8f97e4157?terminalId=cd8bf596-fb43-4d3d-bf86-593a9581aee4 - application/json;+charset=utf-8 2
info: Microsoft.AspNetCore.Routing.EndpointMiddleware[0]
      Executing endpoint 'HTTP: POST /api/v1/terminals/{terminalId:guid}/kitchen-operations/routes/{routeId:guid}'
info: Microsoft.AspNetCore.Http.Result.JsonResult[1]
      Setting HTTP status code 401.
info: Microsoft.AspNetCore.Http.Result.JsonResult[3]
      Writing value of type 'KitchenOperationsErrorEnvelopeV1' as Json.
info: Microsoft.AspNetCore.Routing.EndpointMiddleware[1]
      Executed endpoint 'HTTP: POST /api/v1/terminals/{terminalId:guid}/kitchen-operations/routes/{routeId:guid}'
info: Microsoft.AspNetCore.Hosting.Diagnostics[2]
      Request finished HTTP/1.1 POST https://127.0.0.1:46097/api/v1/terminals/cd8bf596-fb43-4d3d-bf86-593a9581aee4/kitchen-operations/routes/84867234-4a5a-4c30-8d12-6ca8f97e4157?terminalId=cd8bf596-fb43-4d3d-bf86-593a9581aee4 - 401 - application/json;+charset=utf-8 0.6135ms
info: Microsoft.AspNetCore.Hosting.Diagnostics[1]
      Request starting HTTP/1.1 PUT http://127.0.0.1:46097/api/v1/terminals/39baa69f-3cd6-4f5c-81df-fab09c3e76d2/kitchen-operations/routes/718d9af7-a70c-4bbf-8f40-ee07b814a155?terminalId=39baa69f-3cd6-4f5c-81df-fab09c3e76d2 - application/json;+charset=utf-8 2
info: Microsoft.AspNetCore.Routing.EndpointMiddleware[0]
      Executing endpoint 'HTTP: PUT /api/v1/terminals/{terminalId:guid}/kitchen-operations/routes/{routeId:guid}'
info: Microsoft.AspNetCore.Http.Result.JsonResult[1]
      Setting HTTP status code 401.
info: Microsoft.AspNetCore.Http.Result.JsonResult[3]
      Writing value of type 'KitchenOperationsErrorEnvelopeV1' as Json.
info: Microsoft.AspNetCore.Routing.EndpointMiddleware[1]
      Executed endpoint 'HTTP: PUT /api/v1/terminals/{terminalId:guid}/kitchen-operations/routes/{routeId:guid}'
info: Microsoft.AspNetCore.Hosting.Diagnostics[2]
      Request finished HTTP/1.1 PUT https://127.0.0.1:46097/api/v1/terminals/39baa69f-3cd6-4f5c-81df-fab09c3e76d2/kitchen-operations/routes/718d9af7-a70c-4bbf-8f40-ee07b814a155?terminalId=39baa69f-3cd6-4f5c-81df-fab09c3e76d2 - 401 - application/json;+charset=utf-8 0.5532ms
info: Microsoft.AspNetCore.Hosting.Diagnostics[1]
      Request starting HTTP/1.1 GET http://127.0.0.1:46097/api/v1/terminals/9885f8c9-8f4f-4c77-b447-aac0020ee2c1/kitchen-operations/tickets?terminalId=9885f8c9-8f4f-4c77-b447-aac0020ee2c1 - - -
info: Microsoft.AspNetCore.Routing.EndpointMiddleware[0]
      Executing endpoint 'HTTP: GET /api/v1/terminals/{terminalId:guid}/kitchen-operations/tickets'
info: Microsoft.AspNetCore.Http.Result.JsonResult[1]
      Setting HTTP status code 401.
info: Microsoft.AspNetCore.Http.Result.JsonResult[3]
      Writing value of type 'KitchenOperationsErrorEnvelopeV1' as Json.
info: Microsoft.AspNetCore.Routing.EndpointMiddleware[1]
      Executed endpoint 'HTTP: GET /api/v1/terminals/{terminalId:guid}/kitchen-operations/tickets'
info: Microsoft.AspNetCore.Hosting.Diagnostics[2]
      Request finished HTTP/1.1 GET https://127.0.0.1:46097/api/v1/terminals/9885f8c9-8f4f-4c77-b447-aac0020ee2c1/kitchen-operations/tickets?terminalId=9885f8c9-8f4f-4c77-b447-aac0020ee2c1 - 401 - application/json;+charset=utf-8 1.8036ms
info: Microsoft.AspNetCore.Hosting.Diagnostics[1]
      Request starting HTTP/1.1 GET http://127.0.0.1:46097/api/v1/terminals/4863dc23-da23-46a8-b9e3-311140014616/kitchen-operations/tickets/7d4278a4-ae27-4e60-9398-6e5c31dc09b0?terminalId=4863dc23-da23-46a8-b9e3-311140014616 - - -
info: Microsoft.AspNetCore.Routing.EndpointMiddleware[0]
      Executing endpoint 'HTTP: GET /api/v1/terminals/{terminalId:guid}/kitchen-operations/tickets/{ticketId:guid}'
info: Microsoft.AspNetCore.Http.Result.JsonResult[1]
      Setting HTTP status code 401.
info: Microsoft.AspNetCore.Http.Result.JsonResult[3]
      Writing value of type 'KitchenOperationsErrorEnvelopeV1' as Json.
info: Microsoft.AspNetCore.Routing.EndpointMiddleware[1]
      Executed endpoint 'HTTP: GET /api/v1/terminals/{terminalId:guid}/kitchen-operations/tickets/{ticketId:guid}'
info: Microsoft.AspNetCore.Hosting.Diagnostics[2]
      Request finished HTTP/1.1 GET https://127.0.0.1:46097/api/v1/terminals/4863dc23-da23-46a8-b9e3-311140014616/kitchen-operations/tickets/7d4278a4-ae27-4e60-9398-6e5c31dc09b0?terminalId=4863dc23-da23-46a8-b9e3-311140014616 - 401 - application/json;+charset=utf-8 1.8169ms
info: Microsoft.AspNetCore.Hosting.Diagnostics[1]
      Request starting HTTP/1.1 POST http://127.0.0.1:46097/api/v1/terminals/61de3b10-1e93-425c-9825-da129c5a7a7d/kitchen-operations/tickets/270856f3-24f1-424a-9124-4f338a279ccf/items/ae7a0445-bbf9-413e-9741-5efdaca7f986/transition?terminalId=61de3b10-1e93-425c-9825-da129c5a7a7d - application/json;+charset=utf-8 2
info: Microsoft.AspNetCore.Routing.EndpointMiddleware[0]
      Executing endpoint 'HTTP: POST /api/v1/terminals/{terminalId:guid}/kitchen-operations/tickets/{ticketId:guid}/items/{itemId:guid}/transition'
info: Microsoft.AspNetCore.Http.Result.JsonResult[1]
      Setting HTTP status code 401.
info: Microsoft.AspNetCore.Http.Result.JsonResult[3]
      Writing value of type 'KitchenOperationsErrorEnvelopeV1' as Json.
info: Microsoft.AspNetCore.Routing.EndpointMiddleware[1]
      Executed endpoint 'HTTP: POST /api/v1/terminals/{terminalId:guid}/kitchen-operations/tickets/{ticketId:guid}/items/{itemId:guid}/transition'
info: Microsoft.AspNetCore.Hosting.Diagnostics[2]
      Request finished HTTP/1.1 POST https://127.0.0.1:46097/api/v1/terminals/61de3b10-1e93-425c-9825-da129c5a7a7d/kitchen-operations/tickets/270856f3-24f1-424a-9124-4f338a279ccf/items/ae7a0445-bbf9-413e-9741-5efdaca7f986/transition?terminalId=61de3b10-1e93-425c-9825-da129c5a7a7d - 401 - application/json;+charset=utf-8 0.5355ms
info: Microsoft.AspNetCore.Hosting.Diagnostics[1]
      Request starting HTTP/1.1 POST http://127.0.0.1:46097/api/v1/terminals/b01bb282-6b2f-4fa7-99f2-76b0a14665cc/kitchen-operations/tickets/54737708-94e6-4a7a-a4b9-fafb60f330ab/items/f18b3e02-5144-4807-96c5-aab933857c03/undo?terminalId=b01bb282-6b2f-4fa7-99f2-76b0a14665cc - application/json;+charset=utf-8 2
info: Microsoft.AspNetCore.Routing.EndpointMiddleware[0]
      Executing endpoint 'HTTP: POST /api/v1/terminals/{terminalId:guid}/kitchen-operations/tickets/{ticketId:guid}/items/{itemId:guid}/undo'
info: Microsoft.AspNetCore.Http.Result.JsonResult[1]
      Setting HTTP status code 401.
info: Microsoft.AspNetCore.Http.Result.JsonResult[3]
      Writing value of type 'KitchenOperationsErrorEnvelopeV1' as Json.
info: Microsoft.AspNetCore.Routing.EndpointMiddleware[1]
      Executed endpoint 'HTTP: POST /api/v1/terminals/{terminalId:guid}/kitchen-operations/tickets/{ticketId:guid}/items/{itemId:guid}/undo'
info: Microsoft.AspNetCore.Hosting.Diagnostics[2]
      Request finished HTTP/1.1 POST https://127.0.0.1:46097/api/v1/terminals/b01bb282-6b2f-4fa7-99f2-76b0a14665cc/kitchen-operations/tickets/54737708-94e6-4a7a-a4b9-fafb60f330ab/items/f18b3e02-5144-4807-96c5-aab933857c03/undo?terminalId=b01bb282-6b2f-4fa7-99f2-76b0a14665cc - 401 - application/json;+charset=utf-8 0.7317ms
info: Microsoft.AspNetCore.Hosting.Diagnostics[1]
      Request starting HTTP/1.1 POST http://127.0.0.1:46097/api/v1/terminals/9a02bbd5-51ac-4441-8070-b1afac086154/kitchen-operations/tickets/0802deae-a465-477c-a7a8-3a442d10d906/transition?terminalId=9a02bbd5-51ac-4441-8070-b1afac086154 - application/json;+charset=utf-8 2
info: Microsoft.AspNetCore.Routing.EndpointMiddleware[0]
      Executing endpoint 'HTTP: POST /api/v1/terminals/{terminalId:guid}/kitchen-operations/tickets/{ticketId:guid}/transition'
info: Microsoft.AspNetCore.Http.Result.JsonResult[1]
      Setting HTTP status code 401.
info: Microsoft.AspNetCore.Http.Result.JsonResult[3]
      Writing value of type 'KitchenOperationsErrorEnvelopeV1' as Json.
info: Microsoft.AspNetCore.Routing.EndpointMiddleware[1]
      Executed endpoint 'HTTP: POST /api/v1/terminals/{terminalId:guid}/kitchen-operations/tickets/{ticketId:guid}/transition'
info: Microsoft.AspNetCore.Hosting.Diagnostics[2]
      Request finished HTTP/1.1 POST https://127.0.0.1:46097/api/v1/terminals/9a02bbd5-51ac-4441-8070-b1afac086154/kitchen-operations/tickets/0802deae-a465-477c-a7a8-3a442d10d906/transition?terminalId=9a02bbd5-51ac-4441-8070-b1afac086154 - 401 - application/json;+charset=utf-8 0.5835ms
info: Microsoft.AspNetCore.Hosting.Diagnostics[1]
      Request starting HTTP/1.1 POST http://127.0.0.1:46097/api/v1/terminals/bf204698-b264-4a40-bd24-5a8f67c29f78/offline-reconciliation/?terminalId=bf204698-b264-4a40-bd24-5a8f67c29f78 - application/json;+charset=utf-8 2
info: Microsoft.AspNetCore.Routing.EndpointMiddleware[0]
      Executing endpoint 'HTTP: POST /api/v1/terminals/{terminalId:guid}/offline-reconciliation/'
info: Microsoft.AspNetCore.Http.Result.JsonResult[1]
      Setting HTTP status code 401.
info: Microsoft.AspNetCore.Http.Result.JsonResult[3]
      Writing value of type 'OfflineReconciliationErrorV1' as Json.
info: Microsoft.AspNetCore.Routing.EndpointMiddleware[1]
      Executed endpoint 'HTTP: POST /api/v1/terminals/{terminalId:guid}/offline-reconciliation/'
info: Microsoft.AspNetCore.Hosting.Diagnostics[2]
      Request finished HTTP/1.1 POST https://127.0.0.1:46097/api/v1/terminals/bf204698-b264-4a40-bd24-5a8f67c29f78/offline-reconciliation/?terminalId=bf204698-b264-4a40-bd24-5a8f67c29f78 - 401 - application/json;+charset=utf-8 0.6305ms
info: Microsoft.AspNetCore.Hosting.Diagnostics[1]
      Request starting HTTP/1.1 GET http://127.0.0.1:46097/api/v1/terminals/64bf2e6f-0cd0-4ae9-8776-6b0fb733bbf5/online-channels?terminalId=64bf2e6f-0cd0-4ae9-8776-6b0fb733bbf5 - - -
info: Microsoft.AspNetCore.Routing.EndpointMiddleware[0]
      Executing endpoint 'HTTP: GET /api/v1/terminals/{terminalId:guid}/online-channels'
info: Microsoft.AspNetCore.Http.Result.JsonResult[1]
      Setting HTTP status code 401.
info: Microsoft.AspNetCore.Http.Result.JsonResult[3]
      Writing value of type '<>f__AnonymousType5`1' as Json.
info: Microsoft.AspNetCore.Routing.EndpointMiddleware[1]
      Executed endpoint 'HTTP: GET /api/v1/terminals/{terminalId:guid}/online-channels'
info: Microsoft.AspNetCore.Hosting.Diagnostics[2]
      Request finished HTTP/1.1 GET https://127.0.0.1:46097/api/v1/terminals/64bf2e6f-0cd0-4ae9-8776-6b0fb733bbf5/online-channels?terminalId=64bf2e6f-0cd0-4ae9-8776-6b0fb733bbf5 - 401 - application/json;+charset=utf-8 4.0676ms
info: Microsoft.AspNetCore.Hosting.Diagnostics[1]
      Request starting HTTP/1.1 GET http://127.0.0.1:46097/api/v1/terminals/f7492d90-1e28-43f6-9d73-74ae6db2cde7/online-menu/probe?terminalId=f7492d90-1e28-43f6-9d73-74ae6db2cde7 - - -
info: Microsoft.AspNetCore.Routing.EndpointMiddleware[0]
      Executing endpoint 'HTTP: GET /api/v1/terminals/{terminalId:guid}/online-menu/{provider}'
info: Microsoft.AspNetCore.Http.Result.JsonResult[1]
      Setting HTTP status code 401.
info: Microsoft.AspNetCore.Http.Result.JsonResult[3]
      Writing value of type '<>f__AnonymousType5`1' as Json.
info: Microsoft.AspNetCore.Routing.EndpointMiddleware[1]
      Executed endpoint 'HTTP: GET /api/v1/terminals/{terminalId:guid}/online-menu/{provider}'
info: Microsoft.AspNetCore.Hosting.Diagnostics[2]
      Request finished HTTP/1.1 GET https://127.0.0.1:46097/api/v1/terminals/f7492d90-1e28-43f6-9d73-74ae6db2cde7/online-menu/probe?terminalId=f7492d90-1e28-43f6-9d73-74ae6db2cde7 - 401 - application/json;+charset=utf-8 3.9941ms
info: Microsoft.AspNetCore.Hosting.Diagnostics[1]
      Request starting HTTP/1.1 PUT http://127.0.0.1:46097/api/v1/terminals/291b8e36-61aa-4fcd-b41b-1539e1f50134/online-menu/probe/mappings/d88886ea-783b-4869-b1e5-61c983bd35ab?terminalId=291b8e36-61aa-4fcd-b41b-1539e1f50134 - application/json;+charset=utf-8 2
info: Microsoft.AspNetCore.Routing.EndpointMiddleware[0]
      Executing endpoint 'HTTP: PUT /api/v1/terminals/{terminalId:guid}/online-menu/{provider}/mappings/{productId:guid}'
info: Microsoft.AspNetCore.Http.Result.JsonResult[1]
      Setting HTTP status code 401.
info: Microsoft.AspNetCore.Http.Result.JsonResult[3]
      Writing value of type '<>f__AnonymousType5`1' as Json.
info: Microsoft.AspNetCore.Routing.EndpointMiddleware[1]
      Executed endpoint 'HTTP: PUT /api/v1/terminals/{terminalId:guid}/online-menu/{provider}/mappings/{productId:guid}'
info: Microsoft.AspNetCore.Hosting.Diagnostics[2]
      Request finished HTTP/1.1 PUT https://127.0.0.1:46097/api/v1/terminals/291b8e36-61aa-4fcd-b41b-1539e1f50134/online-menu/probe/mappings/d88886ea-783b-4869-b1e5-61c983bd35ab?terminalId=291b8e36-61aa-4fcd-b41b-1539e1f50134 - 401 - application/json;+charset=utf-8 0.7323ms
info: Microsoft.AspNetCore.Hosting.Diagnostics[1]
      Request starting HTTP/1.1 DELETE http://127.0.0.1:46097/api/v1/terminals/64467ae4-8321-4083-936b-f62cb9be9395/online-menu/probe/mappings/ced061b9-5842-418d-97e2-9b88aa109c4e?terminalId=64467ae4-8321-4083-936b-f62cb9be9395 - application/json;+charset=utf-8 2
info: Microsoft.AspNetCore.Routing.EndpointMiddleware[0]
      Executing endpoint 'HTTP: DELETE /api/v1/terminals/{terminalId:guid}/online-menu/{provider}/mappings/{productId:guid}'
info: Microsoft.AspNetCore.Http.Result.JsonResult[1]
      Setting HTTP status code 401.
info: Microsoft.AspNetCore.Http.Result.JsonResult[3]
      Writing value of type '<>f__AnonymousType5`1' as Json.
info: Microsoft.AspNetCore.Routing.EndpointMiddleware[1]
      Executed endpoint 'HTTP: DELETE /api/v1/terminals/{terminalId:guid}/online-menu/{provider}/mappings/{productId:guid}'
info: Microsoft.AspNetCore.Hosting.Diagnostics[2]
      Request finished HTTP/1.1 DELETE https://127.0.0.1:46097/api/v1/terminals/64467ae4-8321-4083-936b-f62cb9be9395/online-menu/probe/mappings/ced061b9-5842-418d-97e2-9b88aa109c4e?terminalId=64467ae4-8321-4083-936b-f62cb9be9395 - 401 - application/json;+charset=utf-8 0.7206ms
info: Microsoft.AspNetCore.Hosting.Diagnostics[1]
      Request starting HTTP/1.1 GET http://127.0.0.1:46097/api/v1/terminals/1a973de3-edcc-4781-951c-1dd389a1df8b/online-operations/?terminalId=1a973de3-edcc-4781-951c-1dd389a1df8b - - -
info: Microsoft.AspNetCore.Routing.EndpointMiddleware[0]
      Executing endpoint 'HTTP: GET /api/v1/terminals/{terminalId:guid}/online-operations/'
info: Microsoft.AspNetCore.Http.Result.JsonResult[1]
      Setting HTTP status code 401.
info: Microsoft.AspNetCore.Http.Result.JsonResult[3]
      Writing value of type '<>f__AnonymousType5`1' as Json.
info: Microsoft.AspNetCore.Routing.EndpointMiddleware[1]
      Executed endpoint 'HTTP: GET /api/v1/terminals/{terminalId:guid}/online-operations/'
info: Microsoft.AspNetCore.Hosting.Diagnostics[2]
      Request finished HTTP/1.1 GET https://127.0.0.1:46097/api/v1/terminals/1a973de3-edcc-4781-951c-1dd389a1df8b/online-operations/?terminalId=1a973de3-edcc-4781-951c-1dd389a1df8b - 401 - application/json;+charset=utf-8 3.3601ms
info: Microsoft.AspNetCore.Hosting.Diagnostics[1]
      Request starting HTTP/1.1 POST http://127.0.0.1:46097/api/v1/terminals/49d84e2c-8e7e-4e4a-b75e-045e476ae718/online-operations/orders/b40f1218-3ba4-4640-b303-1a7196f09ea5/cancel?terminalId=49d84e2c-8e7e-4e4a-b75e-045e476ae718 - application/json;+charset=utf-8 2
info: Microsoft.AspNetCore.Routing.EndpointMiddleware[0]
      Executing endpoint 'HTTP: POST /api/v1/terminals/{terminalId:guid}/online-operations/orders/{orderId:guid}/cancel'
info: Microsoft.AspNetCore.Http.Result.JsonResult[1]
      Setting HTTP status code 401.
info: Microsoft.AspNetCore.Http.Result.JsonResult[3]
      Writing value of type '<>f__AnonymousType5`1' as Json.
info: Microsoft.AspNetCore.Routing.EndpointMiddleware[1]
      Executed endpoint 'HTTP: POST /api/v1/terminals/{terminalId:guid}/online-operations/orders/{orderId:guid}/cancel'
info: Microsoft.AspNetCore.Hosting.Diagnostics[2]
      Request finished HTTP/1.1 POST https://127.0.0.1:46097/api/v1/terminals/49d84e2c-8e7e-4e4a-b75e-045e476ae718/online-operations/orders/b40f1218-3ba4-4640-b303-1a7196f09ea5/cancel?terminalId=49d84e2c-8e7e-4e4a-b75e-045e476ae718 - 401 - application/json;+charset=utf-8 2.0975ms
info: Microsoft.AspNetCore.Hosting.Diagnostics[1]
      Request starting HTTP/1.1 GET http://127.0.0.1:46097/api/v1/terminals/c01edd73-7ccd-4810-9d6d-df1f3fce84c1/online-operations/orders/caa31350-1ac9-4b4a-872e-773c55238bb9/customer-note?terminalId=c01edd73-7ccd-4810-9d6d-df1f3fce84c1 - - -
info: Microsoft.AspNetCore.Routing.EndpointMiddleware[0]
      Executing endpoint 'HTTP: GET /api/v1/terminals/{terminalId:guid}/online-operations/orders/{orderId:guid}/customer-note'
info: Microsoft.AspNetCore.Http.Result.JsonResult[1]
      Setting HTTP status code 401.
info: Microsoft.AspNetCore.Http.Result.JsonResult[3]
      Writing value of type '<>f__AnonymousType5`1' as Json.
info: Microsoft.AspNetCore.Routing.EndpointMiddleware[1]
      Executed endpoint 'HTTP: GET /api/v1/terminals/{terminalId:guid}/online-operations/orders/{orderId:guid}/customer-note'
info: Microsoft.AspNetCore.Hosting.Diagnostics[2]
      Request finished HTTP/1.1 GET https://127.0.0.1:46097/api/v1/terminals/c01edd73-7ccd-4810-9d6d-df1f3fce84c1/online-operations/orders/caa31350-1ac9-4b4a-872e-773c55238bb9/customer-note?terminalId=c01edd73-7ccd-4810-9d6d-df1f3fce84c1 - 401 - application/json;+charset=utf-8 2.4006ms
info: Microsoft.AspNetCore.Hosting.Diagnostics[1]
      Request starting HTTP/1.1 POST http://127.0.0.1:46097/api/v1/terminals/9e574749-f646-4b12-8213-f8fb1ca60dde/online-operations/orders/f75c2228-7aed-405d-90e6-db4c4b29fc5c/hand-over?terminalId=9e574749-f646-4b12-8213-f8fb1ca60dde - application/json;+charset=utf-8 2
info: Microsoft.AspNetCore.Routing.EndpointMiddleware[0]
      Executing endpoint 'HTTP: POST /api/v1/terminals/{terminalId:guid}/online-operations/orders/{orderId:guid}/hand-over'
info: Microsoft.AspNetCore.Http.Result.JsonResult[1]
      Setting HTTP status code 401.
info: Microsoft.AspNetCore.Http.Result.JsonResult[3]
      Writing value of type '<>f__AnonymousType5`1' as Json.
info: Microsoft.AspNetCore.Routing.EndpointMiddleware[1]
      Executed endpoint 'HTTP: POST /api/v1/terminals/{terminalId:guid}/online-operations/orders/{orderId:guid}/hand-over'
info: Microsoft.AspNetCore.Hosting.Diagnostics[2]
      Request finished HTTP/1.1 POST https://127.0.0.1:46097/api/v1/terminals/9e574749-f646-4b12-8213-f8fb1ca60dde/online-operations/orders/f75c2228-7aed-405d-90e6-db4c4b29fc5c/hand-over?terminalId=9e574749-f646-4b12-8213-f8fb1ca60dde - 401 - application/json;+charset=utf-8 1.2049ms
info: Microsoft.AspNetCore.Hosting.Diagnostics[1]
      Request starting HTTP/1.1 POST http://127.0.0.1:46097/api/v1/terminals/de6fdd72-9ed9-4658-a928-db00a3902b76/online-ordering/catalog-publications/?terminalId=de6fdd72-9ed9-4658-a928-db00a3902b76 - application/json;+charset=utf-8 2
info: Microsoft.AspNetCore.Routing.EndpointMiddleware[0]
      Executing endpoint 'HTTP: POST /api/v1/terminals/{terminalId:guid}/online-ordering/catalog-publications/'
info: Microsoft.AspNetCore.Http.Result.JsonResult[1]
      Setting HTTP status code 401.
info: Microsoft.AspNetCore.Http.Result.JsonResult[3]
      Writing value of type '<>f__AnonymousType5`1' as Json.
info: Microsoft.AspNetCore.Routing.EndpointMiddleware[1]
      Executed endpoint 'HTTP: POST /api/v1/terminals/{terminalId:guid}/online-ordering/catalog-publications/'
info: Microsoft.AspNetCore.Hosting.Diagnostics[2]
      Request finished HTTP/1.1 POST https://127.0.0.1:46097/api/v1/terminals/de6fdd72-9ed9-4658-a928-db00a3902b76/online-ordering/catalog-publications/?terminalId=de6fdd72-9ed9-4658-a928-db00a3902b76 - 401 - application/json;+charset=utf-8 0.6007ms
info: Microsoft.AspNetCore.Hosting.Diagnostics[1]
      Request starting HTTP/1.1 GET http://127.0.0.1:46097/api/v1/terminals/dbd08efc-a240-4123-91cd-4f95d9a3934a/online-platform-credentials/?terminalId=dbd08efc-a240-4123-91cd-4f95d9a3934a - - -
info: Microsoft.AspNetCore.Routing.EndpointMiddleware[0]
      Executing endpoint 'HTTP: GET /api/v1/terminals/{terminalId:guid}/online-platform-credentials/'
info: Microsoft.AspNetCore.Http.Result.JsonResult[1]
      Setting HTTP status code 401.
info: Microsoft.AspNetCore.Http.Result.JsonResult[3]
      Writing value of type '<>f__AnonymousType5`1' as Json.
info: Microsoft.AspNetCore.Routing.EndpointMiddleware[1]
      Executed endpoint 'HTTP: GET /api/v1/terminals/{terminalId:guid}/online-platform-credentials/'
info: Microsoft.AspNetCore.Hosting.Diagnostics[2]
      Request finished HTTP/1.1 GET https://127.0.0.1:46097/api/v1/terminals/dbd08efc-a240-4123-91cd-4f95d9a3934a/online-platform-credentials/?terminalId=dbd08efc-a240-4123-91cd-4f95d9a3934a - 401 - application/json;+charset=utf-8 2.6356ms
info: Microsoft.AspNetCore.Hosting.Diagnostics[1]
      Request starting HTTP/1.1 PUT http://127.0.0.1:46097/api/v1/terminals/8de3734a-df72-44cb-957c-8628eef5809c/online-platform-credentials/probe?terminalId=8de3734a-df72-44cb-957c-8628eef5809c - application/json;+charset=utf-8 2
info: Microsoft.AspNetCore.Routing.EndpointMiddleware[0]
      Executing endpoint 'HTTP: PUT /api/v1/terminals/{terminalId:guid}/online-platform-credentials/{provider}'
info: Microsoft.AspNetCore.Http.Result.JsonResult[1]
      Setting HTTP status code 401.
info: Microsoft.AspNetCore.Http.Result.JsonResult[3]
      Writing value of type '<>f__AnonymousType5`1' as Json.
info: Microsoft.AspNetCore.Routing.EndpointMiddleware[1]
      Executed endpoint 'HTTP: PUT /api/v1/terminals/{terminalId:guid}/online-platform-credentials/{provider}'
info: Microsoft.AspNetCore.Hosting.Diagnostics[2]
      Request finished HTTP/1.1 PUT https://127.0.0.1:46097/api/v1/terminals/8de3734a-df72-44cb-957c-8628eef5809c/online-platform-credentials/probe?terminalId=8de3734a-df72-44cb-957c-8628eef5809c - 401 - application/json;+charset=utf-8 0.6796ms
info: Microsoft.AspNetCore.Hosting.Diagnostics[1]
      Request starting HTTP/1.1 GET http://127.0.0.1:46097/api/v1/terminals/c4f00d3e-10b6-42e4-9b42-b184a2a8742b/online-problems/?terminalId=c4f00d3e-10b6-42e4-9b42-b184a2a8742b - - -
info: Microsoft.AspNetCore.Routing.EndpointMiddleware[0]
      Executing endpoint 'HTTP: GET /api/v1/terminals/{terminalId:guid}/online-problems/'
info: Microsoft.AspNetCore.Http.Result.JsonResult[1]
      Setting HTTP status code 401.
info: Microsoft.AspNetCore.Http.Result.JsonResult[3]
      Writing value of type '<>f__AnonymousType5`1' as Json.
info: Microsoft.AspNetCore.Routing.EndpointMiddleware[1]
      Executed endpoint 'HTTP: GET /api/v1/terminals/{terminalId:guid}/online-problems/'
info: Microsoft.AspNetCore.Hosting.Diagnostics[2]
      Request finished HTTP/1.1 GET https://127.0.0.1:46097/api/v1/terminals/c4f00d3e-10b6-42e4-9b42-b184a2a8742b/online-problems/?terminalId=c4f00d3e-10b6-42e4-9b42-b184a2a8742b - 401 - application/json;+charset=utf-8 3.9036ms
info: Microsoft.AspNetCore.Hosting.Diagnostics[1]
      Request starting HTTP/1.1 POST http://127.0.0.1:46097/api/v1/terminals/9fca0591-1324-4866-98d1-b501b139bf88/online-problems/9e64f44a-f8a9-406f-b854-aee1c9f91f5e/resolve?terminalId=9fca0591-1324-4866-98d1-b501b139bf88 - application/json;+charset=utf-8 2
info: Microsoft.AspNetCore.Routing.EndpointMiddleware[0]
      Executing endpoint 'HTTP: POST /api/v1/terminals/{terminalId:guid}/online-problems/{caseId:guid}/resolve'
info: Microsoft.AspNetCore.Http.Result.JsonResult[1]
      Setting HTTP status code 401.
info: Microsoft.AspNetCore.Http.Result.JsonResult[3]
      Writing value of type '<>f__AnonymousType5`1' as Json.
info: Microsoft.AspNetCore.Routing.EndpointMiddleware[1]
      Executed endpoint 'HTTP: POST /api/v1/terminals/{terminalId:guid}/online-problems/{caseId:guid}/resolve'
info: Microsoft.AspNetCore.Hosting.Diagnostics[2]
      Request finished HTTP/1.1 POST https://127.0.0.1:46097/api/v1/terminals/9fca0591-1324-4866-98d1-b501b139bf88/online-problems/9e64f44a-f8a9-406f-b854-aee1c9f91f5e/resolve?terminalId=9fca0591-1324-4866-98d1-b501b139bf88 - 401 - application/json;+charset=utf-8 0.5203ms
info: Microsoft.AspNetCore.Hosting.Diagnostics[1]
      Request starting HTTP/1.1 POST http://127.0.0.1:46097/api/v1/terminals/3178f873-a530-42f4-a710-78fb6adefae4/online-problems/db0e40da-56bb-4b17-bfbd-733b75568a84/retry?terminalId=3178f873-a530-42f4-a710-78fb6adefae4 - application/json;+charset=utf-8 2
info: Microsoft.AspNetCore.Routing.EndpointMiddleware[0]
      Executing endpoint 'HTTP: POST /api/v1/terminals/{terminalId:guid}/online-problems/{caseId:guid}/retry'
info: Microsoft.AspNetCore.Http.Result.JsonResult[1]
      Setting HTTP status code 401.
info: Microsoft.AspNetCore.Http.Result.JsonResult[3]
      Writing value of type '<>f__AnonymousType5`1' as Json.
info: Microsoft.AspNetCore.Routing.EndpointMiddleware[1]
      Executed endpoint 'HTTP: POST /api/v1/terminals/{terminalId:guid}/online-problems/{caseId:guid}/retry'
info: Microsoft.AspNetCore.Hosting.Diagnostics[2]
      Request finished HTTP/1.1 POST https://127.0.0.1:46097/api/v1/terminals/3178f873-a530-42f4-a710-78fb6adefae4/online-problems/db0e40da-56bb-4b17-bfbd-733b75568a84/retry?terminalId=3178f873-a530-42f4-a710-78fb6adefae4 - 401 - application/json;+charset=utf-8 1.1903ms
info: Microsoft.AspNetCore.Hosting.Diagnostics[1]
      Request starting HTTP/1.1 GET http://127.0.0.1:46097/api/v1/terminals/4af1bc78-f62f-4da8-8447-0c437cc09d4d/online-store-status/?terminalId=4af1bc78-f62f-4da8-8447-0c437cc09d4d - - -
info: Microsoft.AspNetCore.Routing.EndpointMiddleware[0]
      Executing endpoint 'HTTP: GET /api/v1/terminals/{terminalId:guid}/online-store-status/'
info: Microsoft.AspNetCore.Http.Result.JsonResult[1]
      Setting HTTP status code 401.
info: Microsoft.AspNetCore.Http.Result.JsonResult[3]
      Writing value of type '<>f__AnonymousType5`1' as Json.
info: Microsoft.AspNetCore.Routing.EndpointMiddleware[1]
      Executed endpoint 'HTTP: GET /api/v1/terminals/{terminalId:guid}/online-store-status/'
info: Microsoft.AspNetCore.Hosting.Diagnostics[2]
      Request finished HTTP/1.1 GET https://127.0.0.1:46097/api/v1/terminals/4af1bc78-f62f-4da8-8447-0c437cc09d4d/online-store-status/?terminalId=4af1bc78-f62f-4da8-8447-0c437cc09d4d - 401 - application/json;+charset=utf-8 2.6449ms
info: Microsoft.AspNetCore.Hosting.Diagnostics[1]
      Request starting HTTP/1.1 PUT http://127.0.0.1:46097/api/v1/terminals/9156c423-a101-4485-b66e-c04453ec755d/online-store-status/probe?terminalId=9156c423-a101-4485-b66e-c04453ec755d - application/json;+charset=utf-8 2
info: Microsoft.AspNetCore.Routing.EndpointMiddleware[0]
      Executing endpoint 'HTTP: PUT /api/v1/terminals/{terminalId:guid}/online-store-status/{provider}'
info: Microsoft.AspNetCore.Http.Result.JsonResult[1]
      Setting HTTP status code 401.
info: Microsoft.AspNetCore.Http.Result.JsonResult[3]
      Writing value of type '<>f__AnonymousType5`1' as Json.
info: Microsoft.AspNetCore.Routing.EndpointMiddleware[1]
      Executed endpoint 'HTTP: PUT /api/v1/terminals/{terminalId:guid}/online-store-status/{provider}'
info: Microsoft.AspNetCore.Hosting.Diagnostics[2]
      Request finished HTTP/1.1 PUT https://127.0.0.1:46097/api/v1/terminals/9156c423-a101-4485-b66e-c04453ec755d/online-store-status/probe?terminalId=9156c423-a101-4485-b66e-c04453ec755d - 401 - application/json;+charset=utf-8 0.7918ms
info: Microsoft.AspNetCore.Hosting.Diagnostics[1]
      Request starting HTTP/1.1 POST http://127.0.0.1:46097/api/v1/terminals/c9c4af03-af7d-4624-abd2-27a5ef4f2615/orders?terminalId=c9c4af03-af7d-4624-abd2-27a5ef4f2615 - application/json;+charset=utf-8 2
info: Microsoft.AspNetCore.Routing.EndpointMiddleware[0]
      Executing endpoint 'HTTP: POST /api/v1/terminals/{terminalId:guid}/orders'
info: Microsoft.AspNetCore.Routing.EndpointMiddleware[1]
      Executed endpoint 'HTTP: POST /api/v1/terminals/{terminalId:guid}/orders'
info: Microsoft.AspNetCore.Hosting.Diagnostics[2]
      Request finished HTTP/1.1 POST https://127.0.0.1:46097/api/v1/terminals/c9c4af03-af7d-4624-abd2-27a5ef4f2615/orders?terminalId=c9c4af03-af7d-4624-abd2-27a5ef4f2615 - 401 - application/json;+charset=utf-8 0.6090ms
info: Microsoft.AspNetCore.Hosting.Diagnostics[1]
      Request starting HTTP/1.1 GET http://127.0.0.1:46097/api/v1/terminals/861da5b6-a8ec-4f24-83aa-7cc962e0546a/orders/active?terminalId=861da5b6-a8ec-4f24-83aa-7cc962e0546a - - -
info: Microsoft.AspNetCore.Routing.EndpointMiddleware[0]
      Executing endpoint 'HTTP: GET /api/v1/terminals/{terminalId:guid}/orders/active'
info: Microsoft.AspNetCore.Routing.EndpointMiddleware[1]
      Executed endpoint 'HTTP: GET /api/v1/terminals/{terminalId:guid}/orders/active'
info: Microsoft.AspNetCore.Hosting.Diagnostics[2]
      Request finished HTTP/1.1 GET https://127.0.0.1:46097/api/v1/terminals/861da5b6-a8ec-4f24-83aa-7cc962e0546a/orders/active?terminalId=861da5b6-a8ec-4f24-83aa-7cc962e0546a - 401 - application/json;+charset=utf-8 2.2930ms
info: Microsoft.AspNetCore.Hosting.Diagnostics[1]
      Request starting HTTP/1.1 GET http://127.0.0.1:46097/api/v1/terminals/a9a09ea9-e4e0-4e90-9829-2267530f9f08/orders/awaiting-payment?terminalId=a9a09ea9-e4e0-4e90-9829-2267530f9f08 - - -
info: Microsoft.AspNetCore.Routing.EndpointMiddleware[0]
      Executing endpoint 'HTTP: GET /api/v1/terminals/{terminalId:guid}/orders/awaiting-payment'
info: Microsoft.AspNetCore.Http.Result.JsonResult[1]
      Setting HTTP status code 401.
info: Microsoft.AspNetCore.Http.Result.JsonResult[3]
      Writing value of type '<>f__AnonymousType5`1' as Json.
info: Microsoft.AspNetCore.Routing.EndpointMiddleware[1]
      Executed endpoint 'HTTP: GET /api/v1/terminals/{terminalId:guid}/orders/awaiting-payment'
info: Microsoft.AspNetCore.Hosting.Diagnostics[2]
      Request finished HTTP/1.1 GET https://127.0.0.1:46097/api/v1/terminals/a9a09ea9-e4e0-4e90-9829-2267530f9f08/orders/awaiting-payment?terminalId=a9a09ea9-e4e0-4e90-9829-2267530f9f08 - 401 - application/json;+charset=utf-8 1.9258ms
info: Microsoft.AspNetCore.Hosting.Diagnostics[1]
      Request starting HTTP/1.1 POST http://127.0.0.1:46097/api/v1/terminals/de7b0ea1-e2d6-4193-ab85-304a9209ce5e/orders/handoff-note/pop?terminalId=de7b0ea1-e2d6-4193-ab85-304a9209ce5e - application/json;+charset=utf-8 2
info: Microsoft.AspNetCore.Routing.EndpointMiddleware[0]
      Executing endpoint 'HTTP: POST /api/v1/terminals/{terminalId:guid}/orders/handoff-note/pop'
info: Microsoft.AspNetCore.Http.Result.JsonResult[1]
      Setting HTTP status code 401.
info: Microsoft.AspNetCore.Http.Result.JsonResult[3]
      Writing value of type '<>f__AnonymousType5`1' as Json.
info: Microsoft.AspNetCore.Routing.EndpointMiddleware[1]
      Executed endpoint 'HTTP: POST /api/v1/terminals/{terminalId:guid}/orders/handoff-note/pop'
info: Microsoft.AspNetCore.Hosting.Diagnostics[2]
      Request finished HTTP/1.1 POST https://127.0.0.1:46097/api/v1/terminals/de7b0ea1-e2d6-4193-ab85-304a9209ce5e/orders/handoff-note/pop?terminalId=de7b0ea1-e2d6-4193-ab85-304a9209ce5e - 401 - application/json;+charset=utf-8 0.5327ms
info: Microsoft.AspNetCore.Hosting.Diagnostics[1]
      Request starting HTTP/1.1 GET http://127.0.0.1:46097/api/v1/terminals/ea7a2112-629a-41b5-b7c4-23c478cb0974/orders/my-shift-summary?terminalId=ea7a2112-629a-41b5-b7c4-23c478cb0974 - - -
info: Microsoft.AspNetCore.Routing.EndpointMiddleware[0]
      Executing endpoint 'HTTP: GET /api/v1/terminals/{terminalId:guid}/orders/my-shift-summary'
info: Microsoft.AspNetCore.Http.Result.JsonResult[1]
      Setting HTTP status code 401.
info: Microsoft.AspNetCore.Http.Result.JsonResult[3]
      Writing value of type '<>f__AnonymousType5`1' as Json.
info: Microsoft.AspNetCore.Routing.EndpointMiddleware[1]
      Executed endpoint 'HTTP: GET /api/v1/terminals/{terminalId:guid}/orders/my-shift-summary'
info: Microsoft.AspNetCore.Hosting.Diagnostics[2]
      Request finished HTTP/1.1 GET https://127.0.0.1:46097/api/v1/terminals/ea7a2112-629a-41b5-b7c4-23c478cb0974/orders/my-shift-summary?terminalId=ea7a2112-629a-41b5-b7c4-23c478cb0974 - 401 - application/json;+charset=utf-8 1.8782ms
info: Microsoft.AspNetCore.Hosting.Diagnostics[1]
      Request starting HTTP/1.1 GET http://127.0.0.1:46097/api/v1/terminals/9ccba391-9e0d-4b05-a252-b387b167a2e0/orders/pending?terminalId=9ccba391-9e0d-4b05-a252-b387b167a2e0 - - -
info: Microsoft.AspNetCore.Routing.EndpointMiddleware[0]
      Executing endpoint 'HTTP: GET /api/v1/terminals/{terminalId:guid}/orders/pending'
info: Microsoft.AspNetCore.Http.Result.JsonResult[1]
      Setting HTTP status code 401.
info: Microsoft.AspNetCore.Http.Result.JsonResult[3]
      Writing value of type '<>f__AnonymousType5`1' as Json.
info: Microsoft.AspNetCore.Routing.EndpointMiddleware[1]
      Executed endpoint 'HTTP: GET /api/v1/terminals/{terminalId:guid}/orders/pending'
info: Microsoft.AspNetCore.Hosting.Diagnostics[2]
      Request finished HTTP/1.1 GET https://127.0.0.1:46097/api/v1/terminals/9ccba391-9e0d-4b05-a252-b387b167a2e0/orders/pending?terminalId=9ccba391-9e0d-4b05-a252-b387b167a2e0 - 401 - application/json;+charset=utf-8 1.6592ms
info: Microsoft.AspNetCore.Hosting.Diagnostics[1]
      Request starting HTTP/1.1 GET http://127.0.0.1:46097/api/v1/terminals/ebfd1b1a-da32-4bcc-9ca0-9cc5274f29dd/orders/staff?terminalId=ebfd1b1a-da32-4bcc-9ca0-9cc5274f29dd - - -
info: Microsoft.AspNetCore.Routing.EndpointMiddleware[0]
      Executing endpoint 'HTTP: GET /api/v1/terminals/{terminalId:guid}/orders/staff'
info: Microsoft.AspNetCore.Http.Result.JsonResult[1]
      Setting HTTP status code 401.
info: Microsoft.AspNetCore.Http.Result.JsonResult[3]
      Writing value of type '<>f__AnonymousType5`1' as Json.
info: Microsoft.AspNetCore.Routing.EndpointMiddleware[1]
      Executed endpoint 'HTTP: GET /api/v1/terminals/{terminalId:guid}/orders/staff'
info: Microsoft.AspNetCore.Hosting.Diagnostics[2]
      Request finished HTTP/1.1 GET https://127.0.0.1:46097/api/v1/terminals/ebfd1b1a-da32-4bcc-9ca0-9cc5274f29dd/orders/staff?terminalId=ebfd1b1a-da32-4bcc-9ca0-9cc5274f29dd - 401 - application/json;+charset=utf-8 1.8981ms
info: Microsoft.AspNetCore.Hosting.Diagnostics[1]
      Request starting HTTP/1.1 GET http://127.0.0.1:46097/api/v1/terminals/8b94393a-0d98-48f8-aa93-8213da62ba86/orders/suggested-waiter?terminalId=8b94393a-0d98-48f8-aa93-8213da62ba86 - - -
info: Microsoft.AspNetCore.Routing.EndpointMiddleware[0]
      Executing endpoint 'HTTP: GET /api/v1/terminals/{terminalId:guid}/orders/suggested-waiter'
info: Microsoft.AspNetCore.Http.Result.JsonResult[1]
      Setting HTTP status code 401.
info: Microsoft.AspNetCore.Http.Result.JsonResult[3]
      Writing value of type '<>f__AnonymousType5`1' as Json.
info: Microsoft.AspNetCore.Routing.EndpointMiddleware[1]
      Executed endpoint 'HTTP: GET /api/v1/terminals/{terminalId:guid}/orders/suggested-waiter'
info: Microsoft.AspNetCore.Hosting.Diagnostics[2]
      Request finished HTTP/1.1 GET https://127.0.0.1:46097/api/v1/terminals/8b94393a-0d98-48f8-aa93-8213da62ba86/orders/suggested-waiter?terminalId=8b94393a-0d98-48f8-aa93-8213da62ba86 - 401 - application/json;+charset=utf-8 2.4108ms
info: Microsoft.AspNetCore.Hosting.Diagnostics[1]
      Request starting HTTP/1.1 POST http://127.0.0.1:46097/api/v1/terminals/4ffe7f27-84c6-492a-a078-acea9b650b18/orders/table?terminalId=4ffe7f27-84c6-492a-a078-acea9b650b18 - application/json;+charset=utf-8 2
info: Microsoft.AspNetCore.Routing.EndpointMiddleware[0]
      Executing endpoint 'HTTP: POST /api/v1/terminals/{terminalId:guid}/orders/table'
info: Microsoft.AspNetCore.Routing.EndpointMiddleware[1]
      Executed endpoint 'HTTP: POST /api/v1/terminals/{terminalId:guid}/orders/table'
info: Microsoft.AspNetCore.Hosting.Diagnostics[2]
      Request finished HTTP/1.1 POST https://127.0.0.1:46097/api/v1/terminals/4ffe7f27-84c6-492a-a078-acea9b650b18/orders/table?terminalId=4ffe7f27-84c6-492a-a078-acea9b650b18 - 401 - application/json;+charset=utf-8 0.8941ms
info: Microsoft.AspNetCore.Hosting.Diagnostics[1]
      Request starting HTTP/1.1 POST http://127.0.0.1:46097/api/v1/terminals/ad6ef360-e74f-4d34-8356-d7885b270912/orders/table-draft?terminalId=ad6ef360-e74f-4d34-8356-d7885b270912 - application/json;+charset=utf-8 2
info: Microsoft.AspNetCore.Routing.EndpointMiddleware[0]
      Executing endpoint 'HTTP: POST /api/v1/terminals/{terminalId:guid}/orders/table-draft'
info: Microsoft.AspNetCore.Http.Result.JsonResult[1]
      Setting HTTP status code 401.
info: Microsoft.AspNetCore.Http.Result.JsonResult[3]
      Writing value of type '<>f__AnonymousType5`1' as Json.
info: Microsoft.AspNetCore.Routing.EndpointMiddleware[1]
      Executed endpoint 'HTTP: POST /api/v1/terminals/{terminalId:guid}/orders/table-draft'
info: Microsoft.AspNetCore.Hosting.Diagnostics[2]
      Request finished HTTP/1.1 POST https://127.0.0.1:46097/api/v1/terminals/ad6ef360-e74f-4d34-8356-d7885b270912/orders/table-draft?terminalId=ad6ef360-e74f-4d34-8356-d7885b270912 - 401 - application/json;+charset=utf-8 0.5289ms
info: Microsoft.AspNetCore.Hosting.Diagnostics[1]
      Request starting HTTP/1.1 GET http://127.0.0.1:46097/api/v1/terminals/f8bca85d-6cfc-49d2-9099-2155d9dd3e3a/orders/table/4b49a8b6-1917-4740-8cdd-42d7e5dbe377?terminalId=f8bca85d-6cfc-49d2-9099-2155d9dd3e3a - - -
info: Microsoft.AspNetCore.Routing.EndpointMiddleware[0]
      Executing endpoint 'HTTP: GET /api/v1/terminals/{terminalId:guid}/orders/table/{tableId:guid}'
info: Microsoft.AspNetCore.Http.Result.JsonResult[1]
      Setting HTTP status code 401.
info: Microsoft.AspNetCore.Http.Result.JsonResult[3]
      Writing value of type '<>f__AnonymousType5`1' as Json.
info: Microsoft.AspNetCore.Routing.EndpointMiddleware[1]
      Executed endpoint 'HTTP: GET /api/v1/terminals/{terminalId:guid}/orders/table/{tableId:guid}'
info: Microsoft.AspNetCore.Hosting.Diagnostics[2]
      Request finished HTTP/1.1 GET https://127.0.0.1:46097/api/v1/terminals/f8bca85d-6cfc-49d2-9099-2155d9dd3e3a/orders/table/4b49a8b6-1917-4740-8cdd-42d7e5dbe377?terminalId=f8bca85d-6cfc-49d2-9099-2155d9dd3e3a - 401 - application/json;+charset=utf-8 1.3015ms
info: Microsoft.AspNetCore.Hosting.Diagnostics[1]
      Request starting HTTP/1.1 POST http://127.0.0.1:46097/api/v1/terminals/ea21e0b0-04e9-4847-b245-c5a5b4fcd0f4/orders/transfer-server?terminalId=ea21e0b0-04e9-4847-b245-c5a5b4fcd0f4 - application/json;+charset=utf-8 2
info: Microsoft.AspNetCore.Routing.EndpointMiddleware[0]
      Executing endpoint 'HTTP: POST /api/v1/terminals/{terminalId:guid}/orders/transfer-server'
info: Microsoft.AspNetCore.Http.Result.JsonResult[1]
      Setting HTTP status code 401.
info: Microsoft.AspNetCore.Http.Result.JsonResult[3]
      Writing value of type '<>f__AnonymousType5`1' as Json.
info: Microsoft.AspNetCore.Routing.EndpointMiddleware[1]
      Executed endpoint 'HTTP: POST /api/v1/terminals/{terminalId:guid}/orders/transfer-server'
info: Microsoft.AspNetCore.Hosting.Diagnostics[2]
      Request finished HTTP/1.1 POST https://127.0.0.1:46097/api/v1/terminals/ea21e0b0-04e9-4847-b245-c5a5b4fcd0f4/orders/transfer-server?terminalId=ea21e0b0-04e9-4847-b245-c5a5b4fcd0f4 - 401 - application/json;+charset=utf-8 0.3843ms
info: Microsoft.AspNetCore.Hosting.Diagnostics[1]
      Request starting HTTP/1.1 GET http://127.0.0.1:46097/api/v1/terminals/a19fc21f-9a5d-4ad2-8ce8-0f30797e9641/orders/waiter-load?terminalId=a19fc21f-9a5d-4ad2-8ce8-0f30797e9641 - - -
info: Microsoft.AspNetCore.Routing.EndpointMiddleware[0]
      Executing endpoint 'HTTP: GET /api/v1/terminals/{terminalId:guid}/orders/waiter-load'
info: Microsoft.AspNetCore.Http.Result.JsonResult[1]
      Setting HTTP status code 401.
info: Microsoft.AspNetCore.Http.Result.JsonResult[3]
      Writing value of type '<>f__AnonymousType5`1' as Json.
info: Microsoft.AspNetCore.Routing.EndpointMiddleware[1]
      Executed endpoint 'HTTP: GET /api/v1/terminals/{terminalId:guid}/orders/waiter-load'
info: Microsoft.AspNetCore.Hosting.Diagnostics[2]
      Request finished HTTP/1.1 GET https://127.0.0.1:46097/api/v1/terminals/a19fc21f-9a5d-4ad2-8ce8-0f30797e9641/orders/waiter-load?terminalId=a19fc21f-9a5d-4ad2-8ce8-0f30797e9641 - 401 - application/json;+charset=utf-8 1.0443ms
info: Microsoft.AspNetCore.Hosting.Diagnostics[1]
      Request starting HTTP/1.1 GET http://127.0.0.1:46097/api/v1/terminals/47365662-f694-44b2-8d8a-15b270b54316/orders/60325e59-de52-403d-82cf-b5d9dab9a843?terminalId=47365662-f694-44b2-8d8a-15b270b54316 - - -
info: Microsoft.AspNetCore.Routing.EndpointMiddleware[0]
      Executing endpoint 'HTTP: GET /api/v1/terminals/{terminalId:guid}/orders/{orderId:guid}'
info: Microsoft.AspNetCore.Http.Result.JsonResult[1]
      Setting HTTP status code 401.
info: Microsoft.AspNetCore.Http.Result.JsonResult[3]
      Writing value of type '<>f__AnonymousType5`1' as Json.
info: Microsoft.AspNetCore.Routing.EndpointMiddleware[1]
      Executed endpoint 'HTTP: GET /api/v1/terminals/{terminalId:guid}/orders/{orderId:guid}'
info: Microsoft.AspNetCore.Hosting.Diagnostics[2]
      Request finished HTTP/1.1 GET https://127.0.0.1:46097/api/v1/terminals/47365662-f694-44b2-8d8a-15b270b54316/orders/60325e59-de52-403d-82cf-b5d9dab9a843?terminalId=47365662-f694-44b2-8d8a-15b270b54316 - 401 - application/json;+charset=utf-8 0.9873ms
info: Microsoft.AspNetCore.Hosting.Diagnostics[1]
      Request starting HTTP/1.1 POST http://127.0.0.1:46097/api/v1/terminals/e73529a5-d33e-4c11-8613-5e1377d07f35/orders/91c27940-7cae-459d-9e8e-9a603a1bd4f9/accept?terminalId=e73529a5-d33e-4c11-8613-5e1377d07f35 - application/json;+charset=utf-8 2
info: Microsoft.AspNetCore.Routing.EndpointMiddleware[0]
      Executing endpoint 'HTTP: POST /api/v1/terminals/{terminalId:guid}/orders/{orderId:guid}/accept'
info: Microsoft.AspNetCore.Http.Result.JsonResult[1]
      Setting HTTP status code 401.
info: Microsoft.AspNetCore.Http.Result.JsonResult[3]
      Writing value of type '<>f__AnonymousType5`1' as Json.
info: Microsoft.AspNetCore.Routing.EndpointMiddleware[1]
      Executed endpoint 'HTTP: POST /api/v1/terminals/{terminalId:guid}/orders/{orderId:guid}/accept'
info: Microsoft.AspNetCore.Hosting.Diagnostics[2]
      Request finished HTTP/1.1 POST https://127.0.0.1:46097/api/v1/terminals/e73529a5-d33e-4c11-8613-5e1377d07f35/orders/91c27940-7cae-459d-9e8e-9a603a1bd4f9/accept?terminalId=e73529a5-d33e-4c11-8613-5e1377d07f35 - 401 - application/json;+charset=utf-8 0.8969ms
info: Microsoft.AspNetCore.Hosting.Diagnostics[1]
      Request starting HTTP/1.1 POST http://127.0.0.1:46097/api/v1/terminals/9639484c-233c-43ae-a016-086a886748a5/orders/cb7dc1a9-8207-49ac-9eac-5111e18ecb3a/fire-course?terminalId=9639484c-233c-43ae-a016-086a886748a5 - application/json;+charset=utf-8 2
info: Microsoft.AspNetCore.Routing.EndpointMiddleware[0]
      Executing endpoint 'HTTP: POST /api/v1/terminals/{terminalId:guid}/orders/{orderId:guid}/fire-course'
info: Microsoft.AspNetCore.Http.Result.JsonResult[1]
      Setting HTTP status code 401.
info: Microsoft.AspNetCore.Http.Result.JsonResult[3]
      Writing value of type '<>f__AnonymousType5`1' as Json.
info: Microsoft.AspNetCore.Routing.EndpointMiddleware[1]
      Executed endpoint 'HTTP: POST /api/v1/terminals/{terminalId:guid}/orders/{orderId:guid}/fire-course'
info: Microsoft.AspNetCore.Hosting.Diagnostics[2]
      Request finished HTTP/1.1 POST https://127.0.0.1:46097/api/v1/terminals/9639484c-233c-43ae-a016-086a886748a5/orders/cb7dc1a9-8207-49ac-9eac-5111e18ecb3a/fire-course?terminalId=9639484c-233c-43ae-a016-086a886748a5 - 401 - application/json;+charset=utf-8 0.6445ms
info: Microsoft.AspNetCore.Hosting.Diagnostics[1]
      Request starting HTTP/1.1 POST http://127.0.0.1:46097/api/v1/terminals/c25b3193-e94c-47ad-b474-c5c8ead27809/orders/57b9b7cf-5ebd-4409-9bf3-047ce5734ebb/items?terminalId=c25b3193-e94c-47ad-b474-c5c8ead27809 - application/json;+charset=utf-8 2
info: Microsoft.AspNetCore.Routing.EndpointMiddleware[0]
      Executing endpoint 'HTTP: POST /api/v1/terminals/{terminalId:guid}/orders/{orderId:guid}/items'
info: Microsoft.AspNetCore.Routing.EndpointMiddleware[1]
      Executed endpoint 'HTTP: POST /api/v1/terminals/{terminalId:guid}/orders/{orderId:guid}/items'
info: Microsoft.AspNetCore.Hosting.Diagnostics[2]
      Request finished HTTP/1.1 POST https://127.0.0.1:46097/api/v1/terminals/c25b3193-e94c-47ad-b474-c5c8ead27809/orders/57b9b7cf-5ebd-4409-9bf3-047ce5734ebb/items?terminalId=c25b3193-e94c-47ad-b474-c5c8ead27809 - 401 - application/json;+charset=utf-8 0.6871ms
info: Microsoft.AspNetCore.Hosting.Diagnostics[1]
      Request starting HTTP/1.1 PATCH http://127.0.0.1:46097/api/v1/terminals/5bebf951-c5f5-44b9-8642-42017c4ceab9/orders/1a669269-3489-4650-bc9e-7fffd71b6bb2/items/e0f80420-3365-4cc2-b831-1e1582333457?terminalId=5bebf951-c5f5-44b9-8642-42017c4ceab9 - application/json;+charset=utf-8 2
info: Microsoft.AspNetCore.Routing.EndpointMiddleware[0]
      Executing endpoint 'HTTP: PATCH /api/v1/terminals/{terminalId:guid}/orders/{orderId:guid}/items/{itemId:guid}'
info: Microsoft.AspNetCore.Routing.EndpointMiddleware[1]
      Executed endpoint 'HTTP: PATCH /api/v1/terminals/{terminalId:guid}/orders/{orderId:guid}/items/{itemId:guid}'
info: Microsoft.AspNetCore.Hosting.Diagnostics[2]
      Request finished HTTP/1.1 PATCH https://127.0.0.1:46097/api/v1/terminals/5bebf951-c5f5-44b9-8642-42017c4ceab9/orders/1a669269-3489-4650-bc9e-7fffd71b6bb2/items/e0f80420-3365-4cc2-b831-1e1582333457?terminalId=5bebf951-c5f5-44b9-8642-42017c4ceab9 - 401 - application/json;+charset=utf-8 1.0091ms
info: Microsoft.AspNetCore.Hosting.Diagnostics[1]
      Request starting HTTP/1.1 DELETE http://127.0.0.1:46097/api/v1/terminals/7b8db3f1-408e-4ee4-bcb1-e590729f673f/orders/2144720e-c22c-4f29-82b1-6f2a05d8f9c9/items/7bb1995b-156b-4c53-86eb-c955fb525122?terminalId=7b8db3f1-408e-4ee4-bcb1-e590729f673f - application/json;+charset=utf-8 2
info: Microsoft.AspNetCore.Routing.EndpointMiddleware[0]
      Executing endpoint 'HTTP: DELETE /api/v1/terminals/{terminalId:guid}/orders/{orderId:guid}/items/{itemId:guid}'
info: Microsoft.AspNetCore.Routing.EndpointMiddleware[1]
      Executed endpoint 'HTTP: DELETE /api/v1/terminals/{terminalId:guid}/orders/{orderId:guid}/items/{itemId:guid}'
info: Microsoft.AspNetCore.Hosting.Diagnostics[2]
      Request finished HTTP/1.1 DELETE https://127.0.0.1:46097/api/v1/terminals/7b8db3f1-408e-4ee4-bcb1-e590729f673f/orders/2144720e-c22c-4f29-82b1-6f2a05d8f9c9/items/7bb1995b-156b-4c53-86eb-c955fb525122?terminalId=7b8db3f1-408e-4ee4-bcb1-e590729f673f - 400 0 - 0.2762ms
info: Microsoft.AspNetCore.Hosting.Diagnostics[1]
      Request starting HTTP/1.1 POST http://127.0.0.1:46097/api/v1/terminals/39ef4960-96c9-448d-8b2b-435ffec74a82/orders/0279e97e-7dbb-4867-93ec-fd2c1ddeb6e7/items/8ca18100-95cf-40bd-8c19-5da316cbf5b3/comp?terminalId=39ef4960-96c9-448d-8b2b-435ffec74a82 - application/json;+charset=utf-8 2
info: Microsoft.AspNetCore.Routing.EndpointMiddleware[0]
      Executing endpoint 'HTTP: POST /api/v1/terminals/{terminalId:guid}/orders/{orderId:guid}/items/{itemId:guid}/comp'
info: Microsoft.AspNetCore.Http.Result.JsonResult[1]
      Setting HTTP status code 401.
info: Microsoft.AspNetCore.Http.Result.JsonResult[3]
      Writing value of type '<>f__AnonymousType5`1' as Json.
info: Microsoft.AspNetCore.Routing.EndpointMiddleware[1]
      Executed endpoint 'HTTP: POST /api/v1/terminals/{terminalId:guid}/orders/{orderId:guid}/items/{itemId:guid}/comp'
info: Microsoft.AspNetCore.Hosting.Diagnostics[2]
      Request finished HTTP/1.1 POST https://127.0.0.1:46097/api/v1/terminals/39ef4960-96c9-448d-8b2b-435ffec74a82/orders/0279e97e-7dbb-4867-93ec-fd2c1ddeb6e7/items/8ca18100-95cf-40bd-8c19-5da316cbf5b3/comp?terminalId=39ef4960-96c9-448d-8b2b-435ffec74a82 - 401 - application/json;+charset=utf-8 0.8117ms
info: Microsoft.AspNetCore.Hosting.Diagnostics[1]
      Request starting HTTP/1.1 POST http://127.0.0.1:46097/api/v1/terminals/d4d8b2de-0d36-4a31-9172-37fe3b1d5ac3/orders/808fcdfa-f7b1-46d5-a8d1-a823c9d594ef/items/91c90fa5-1901-46f0-afa2-668c020969d3/void?terminalId=d4d8b2de-0d36-4a31-9172-37fe3b1d5ac3 - application/json;+charset=utf-8 2
info: Microsoft.AspNetCore.Routing.EndpointMiddleware[0]
      Executing endpoint 'HTTP: POST /api/v1/terminals/{terminalId:guid}/orders/{orderId:guid}/items/{itemId:guid}/void'
info: Microsoft.AspNetCore.Http.Result.JsonResult[1]
      Setting HTTP status code 401.
info: Microsoft.AspNetCore.Http.Result.JsonResult[3]
      Writing value of type '<>f__AnonymousType5`1' as Json.
info: Microsoft.AspNetCore.Routing.EndpointMiddleware[1]
      Executed endpoint 'HTTP: POST /api/v1/terminals/{terminalId:guid}/orders/{orderId:guid}/items/{itemId:guid}/void'
info: Microsoft.AspNetCore.Hosting.Diagnostics[2]
      Request finished HTTP/1.1 POST https://127.0.0.1:46097/api/v1/terminals/d4d8b2de-0d36-4a31-9172-37fe3b1d5ac3/orders/808fcdfa-f7b1-46d5-a8d1-a823c9d594ef/items/91c90fa5-1901-46f0-afa2-668c020969d3/void?terminalId=d4d8b2de-0d36-4a31-9172-37fe3b1d5ac3 - 401 - application/json;+charset=utf-8 0.6086ms
info: Microsoft.AspNetCore.Hosting.Diagnostics[1]
      Request starting HTTP/1.1 POST http://127.0.0.1:46097/api/v1/terminals/718e6a2a-9f80-459f-9793-58de597d821b/orders/c4d13445-acd3-4dd1-8940-2090b6d1d63a/items/0871e8f0-41bd-4ebf-b6a7-c247a20db8b2/void-sent?terminalId=718e6a2a-9f80-459f-9793-58de597d821b - application/json;+charset=utf-8 2
info: Microsoft.AspNetCore.Routing.EndpointMiddleware[0]
      Executing endpoint 'HTTP: POST /api/v1/terminals/{terminalId:guid}/orders/{orderId:guid}/items/{itemId:guid}/void-sent'
info: Microsoft.AspNetCore.Http.Result.JsonResult[1]
      Setting HTTP status code 401.
info: Microsoft.AspNetCore.Http.Result.JsonResult[3]
      Writing value of type '<>f__AnonymousType5`1' as Json.
info: Microsoft.AspNetCore.Routing.EndpointMiddleware[1]
      Executed endpoint 'HTTP: POST /api/v1/terminals/{terminalId:guid}/orders/{orderId:guid}/items/{itemId:guid}/void-sent'
info: Microsoft.AspNetCore.Hosting.Diagnostics[2]
      Request finished HTTP/1.1 POST https://127.0.0.1:46097/api/v1/terminals/718e6a2a-9f80-459f-9793-58de597d821b/orders/c4d13445-acd3-4dd1-8940-2090b6d1d63a/items/0871e8f0-41bd-4ebf-b6a7-c247a20db8b2/void-sent?terminalId=718e6a2a-9f80-459f-9793-58de597d821b - 401 - application/json;+charset=utf-8 0.4307ms
info: Microsoft.AspNetCore.Hosting.Diagnostics[1]
      Request starting HTTP/1.1 POST http://127.0.0.1:46097/api/v1/terminals/57e47f0b-d850-4a2e-a1b8-bb6cea2e06a7/orders/d3c96bc6-c4b5-424e-a6a9-348385e9d583/recall-from-cashier?terminalId=57e47f0b-d850-4a2e-a1b8-bb6cea2e06a7 - application/json;+charset=utf-8 2
info: Microsoft.AspNetCore.Routing.EndpointMiddleware[0]
      Executing endpoint 'HTTP: POST /api/v1/terminals/{terminalId:guid}/orders/{orderId:guid}/recall-from-cashier'
info: Microsoft.AspNetCore.Http.Result.JsonResult[1]
      Setting HTTP status code 401.
info: Microsoft.AspNetCore.Http.Result.JsonResult[3]
      Writing value of type '<>f__AnonymousType5`1' as Json.
info: Microsoft.AspNetCore.Routing.EndpointMiddleware[1]
      Executed endpoint 'HTTP: POST /api/v1/terminals/{terminalId:guid}/orders/{orderId:guid}/recall-from-cashier'
info: Microsoft.AspNetCore.Hosting.Diagnostics[2]
      Request finished HTTP/1.1 POST https://127.0.0.1:46097/api/v1/terminals/57e47f0b-d850-4a2e-a1b8-bb6cea2e06a7/orders/d3c96bc6-c4b5-424e-a6a9-348385e9d583/recall-from-cashier?terminalId=57e47f0b-d850-4a2e-a1b8-bb6cea2e06a7 - 401 - application/json;+charset=utf-8 0.7887ms
info: Microsoft.AspNetCore.Hosting.Diagnostics[1]
      Request starting HTTP/1.1 POST http://127.0.0.1:46097/api/v1/terminals/34b04f0c-29bb-411f-b8d1-2b7fc18254ce/orders/7722c6d6-d480-477b-beac-7ad4f0145f27/reject?terminalId=34b04f0c-29bb-411f-b8d1-2b7fc18254ce - application/json;+charset=utf-8 2
info: Microsoft.AspNetCore.Routing.EndpointMiddleware[0]
      Executing endpoint 'HTTP: POST /api/v1/terminals/{terminalId:guid}/orders/{orderId:guid}/reject'
info: Microsoft.AspNetCore.Http.Result.JsonResult[1]
      Setting HTTP status code 401.
info: Microsoft.AspNetCore.Http.Result.JsonResult[3]
      Writing value of type '<>f__AnonymousType5`1' as Json.
info: Microsoft.AspNetCore.Routing.EndpointMiddleware[1]
      Executed endpoint 'HTTP: POST /api/v1/terminals/{terminalId:guid}/orders/{orderId:guid}/reject'
info: Microsoft.AspNetCore.Hosting.Diagnostics[2]
      Request finished HTTP/1.1 POST https://127.0.0.1:46097/api/v1/terminals/34b04f0c-29bb-411f-b8d1-2b7fc18254ce/orders/7722c6d6-d480-477b-beac-7ad4f0145f27/reject?terminalId=34b04f0c-29bb-411f-b8d1-2b7fc18254ce - 401 - application/json;+charset=utf-8 0.5014ms
info: Microsoft.AspNetCore.Hosting.Diagnostics[1]
      Request starting HTTP/1.1 POST http://127.0.0.1:46097/api/v1/terminals/3fbf34e8-310e-40ff-8660-8ec85dd00f4e/orders/d60e045c-3d51-4c75-aeb3-054bba7dff63/send-to-cashier?terminalId=3fbf34e8-310e-40ff-8660-8ec85dd00f4e - application/json;+charset=utf-8 2
info: Microsoft.AspNetCore.Routing.EndpointMiddleware[0]
      Executing endpoint 'HTTP: POST /api/v1/terminals/{terminalId:guid}/orders/{orderId:guid}/send-to-cashier'
info: Microsoft.AspNetCore.Http.Result.JsonResult[1]
      Setting HTTP status code 401.
info: Microsoft.AspNetCore.Http.Result.JsonResult[3]
      Writing value of type '<>f__AnonymousType5`1' as Json.
info: Microsoft.AspNetCore.Routing.EndpointMiddleware[1]
      Executed endpoint 'HTTP: POST /api/v1/terminals/{terminalId:guid}/orders/{orderId:guid}/send-to-cashier'
info: Microsoft.AspNetCore.Hosting.Diagnostics[2]
      Request finished HTTP/1.1 POST https://127.0.0.1:46097/api/v1/terminals/3fbf34e8-310e-40ff-8660-8ec85dd00f4e/orders/d60e045c-3d51-4c75-aeb3-054bba7dff63/send-to-cashier?terminalId=3fbf34e8-310e-40ff-8660-8ec85dd00f4e - 401 - application/json;+charset=utf-8 0.3415ms
info: Microsoft.AspNetCore.Hosting.Diagnostics[1]
      Request starting HTTP/1.1 POST http://127.0.0.1:46097/api/v1/terminals/1af34e9d-e4ae-462b-aac2-3412b4c083b9/orders/15a1f141-0066-42ed-b2ee-e235d5d9362f/submit?terminalId=1af34e9d-e4ae-462b-aac2-3412b4c083b9 - application/json;+charset=utf-8 2
info: Microsoft.AspNetCore.Routing.EndpointMiddleware[0]
      Executing endpoint 'HTTP: POST /api/v1/terminals/{terminalId:guid}/orders/{orderId:guid}/submit'
info: Microsoft.AspNetCore.Routing.EndpointMiddleware[1]
      Executed endpoint 'HTTP: POST /api/v1/terminals/{terminalId:guid}/orders/{orderId:guid}/submit'
info: Microsoft.AspNetCore.Hosting.Diagnostics[2]
      Request finished HTTP/1.1 POST https://127.0.0.1:46097/api/v1/terminals/1af34e9d-e4ae-462b-aac2-3412b4c083b9/orders/15a1f141-0066-42ed-b2ee-e235d5d9362f/submit?terminalId=1af34e9d-e4ae-462b-aac2-3412b4c083b9 - 401 - application/json;+charset=utf-8 0.3919ms
info: Microsoft.AspNetCore.Hosting.Diagnostics[1]
      Request starting HTTP/1.1 POST http://127.0.0.1:46097/api/v1/terminals/7f88e119-0c75-40d5-aeff-afaa93a03701/orders/110e8656-3915-4d94-ab5b-69fee3cea7d2/submit-draft?terminalId=7f88e119-0c75-40d5-aeff-afaa93a03701 - application/json;+charset=utf-8 2
info: Microsoft.AspNetCore.Routing.EndpointMiddleware[0]
      Executing endpoint 'HTTP: POST /api/v1/terminals/{terminalId:guid}/orders/{orderId:guid}/submit-draft'
info: Microsoft.AspNetCore.Http.Result.JsonResult[1]
      Setting HTTP status code 401.
info: Microsoft.AspNetCore.Http.Result.JsonResult[3]
      Writing value of type '<>f__AnonymousType5`1' as Json.
info: Microsoft.AspNetCore.Routing.EndpointMiddleware[1]
      Executed endpoint 'HTTP: POST /api/v1/terminals/{terminalId:guid}/orders/{orderId:guid}/submit-draft'
info: Microsoft.AspNetCore.Hosting.Diagnostics[2]
      Request finished HTTP/1.1 POST https://127.0.0.1:46097/api/v1/terminals/7f88e119-0c75-40d5-aeff-afaa93a03701/orders/110e8656-3915-4d94-ab5b-69fee3cea7d2/submit-draft?terminalId=7f88e119-0c75-40d5-aeff-afaa93a03701 - 401 - application/json;+charset=utf-8 0.2747ms
info: Microsoft.AspNetCore.Hosting.Diagnostics[1]
      Request starting HTTP/1.1 POST http://127.0.0.1:46097/api/v1/terminals/a6efdd9e-e1ed-463d-9b08-bd77a5273051/pairings/approve?terminalId=a6efdd9e-e1ed-463d-9b08-bd77a5273051 - application/json;+charset=utf-8 2
info: Microsoft.AspNetCore.Routing.EndpointMiddleware[0]
      Executing endpoint 'HTTP: POST /api/v1/terminals/{terminalId:guid}/pairings/approve'
info: Microsoft.AspNetCore.Routing.EndpointMiddleware[1]
      Executed endpoint 'HTTP: POST /api/v1/terminals/{terminalId:guid}/pairings/approve'
info: Microsoft.AspNetCore.Hosting.Diagnostics[2]
      Request finished HTTP/1.1 POST https://127.0.0.1:46097/api/v1/terminals/a6efdd9e-e1ed-463d-9b08-bd77a5273051/pairings/approve?terminalId=a6efdd9e-e1ed-463d-9b08-bd77a5273051 - 401 - application/json;+charset=utf-8 0.3690ms
info: Microsoft.AspNetCore.Hosting.Diagnostics[1]
      Request starting HTTP/1.1 GET http://127.0.0.1:46097/api/v1/terminals/eab33db2-167b-4fe9-9e6c-e344ef5d74d8/push/public-key?terminalId=eab33db2-167b-4fe9-9e6c-e344ef5d74d8 - - -
info: Microsoft.AspNetCore.Routing.EndpointMiddleware[0]
      Executing endpoint 'HTTP: GET /api/v1/terminals/{terminalId:guid}/push/public-key'
info: Microsoft.AspNetCore.Routing.EndpointMiddleware[1]
      Executed endpoint 'HTTP: GET /api/v1/terminals/{terminalId:guid}/push/public-key'
info: Microsoft.AspNetCore.Hosting.Diagnostics[2]
      Request finished HTTP/1.1 GET https://127.0.0.1:46097/api/v1/terminals/eab33db2-167b-4fe9-9e6c-e344ef5d74d8/push/public-key?terminalId=eab33db2-167b-4fe9-9e6c-e344ef5d74d8 - 401 - application/json;+charset=utf-8 1.8425ms
info: Microsoft.AspNetCore.Hosting.Diagnostics[1]
      Request starting HTTP/1.1 POST http://127.0.0.1:46097/api/v1/terminals/afe6b772-cb8a-4701-a131-aee64dee5393/push/subscriptions?terminalId=afe6b772-cb8a-4701-a131-aee64dee5393 - application/json;+charset=utf-8 2
info: Microsoft.AspNetCore.Routing.EndpointMiddleware[0]
      Executing endpoint 'HTTP: POST /api/v1/terminals/{terminalId:guid}/push/subscriptions'
info: Microsoft.AspNetCore.Routing.EndpointMiddleware[1]
      Executed endpoint 'HTTP: POST /api/v1/terminals/{terminalId:guid}/push/subscriptions'
info: Microsoft.AspNetCore.Hosting.Diagnostics[2]
      Request finished HTTP/1.1 POST https://127.0.0.1:46097/api/v1/terminals/afe6b772-cb8a-4701-a131-aee64dee5393/push/subscriptions?terminalId=afe6b772-cb8a-4701-a131-aee64dee5393 - 401 - application/json;+charset=utf-8 0.3969ms
info: Microsoft.AspNetCore.Hosting.Diagnostics[1]
      Request starting HTTP/1.1 DELETE http://127.0.0.1:46097/api/v1/terminals/4abf238c-54a0-409d-9682-f8034e79c54b/push/subscriptions?terminalId=4abf238c-54a0-409d-9682-f8034e79c54b - application/json;+charset=utf-8 2
info: Microsoft.AspNetCore.Routing.EndpointMiddleware[0]
      Executing endpoint 'HTTP: DELETE /api/v1/terminals/{terminalId:guid}/push/subscriptions'
info: Microsoft.AspNetCore.Routing.EndpointMiddleware[1]
      Executed endpoint 'HTTP: DELETE /api/v1/terminals/{terminalId:guid}/push/subscriptions'
info: Microsoft.AspNetCore.Hosting.Diagnostics[2]
      Request finished HTTP/1.1 DELETE https://127.0.0.1:46097/api/v1/terminals/4abf238c-54a0-409d-9682-f8034e79c54b/push/subscriptions?terminalId=4abf238c-54a0-409d-9682-f8034e79c54b - 400 0 - 0.1906ms
info: Microsoft.AspNetCore.Hosting.Diagnostics[1]
      Request starting HTTP/1.1 POST http://127.0.0.1:46097/api/v1/terminals/3af4600f-7dd6-4d1a-a561-9027360de1ae/qnb-credential/?terminalId=3af4600f-7dd6-4d1a-a561-9027360de1ae - application/json;+charset=utf-8 2
info: Microsoft.AspNetCore.Routing.EndpointMiddleware[0]
      Executing endpoint 'HTTP: POST /api/v1/terminals/{terminalId:guid}/qnb-credential/'
info: Microsoft.AspNetCore.Http.Result.JsonResult[1]
      Setting HTTP status code 401.
info: Microsoft.AspNetCore.Http.Result.JsonResult[3]
      Writing value of type '<>f__AnonymousType5`1' as Json.
info: Microsoft.AspNetCore.Routing.EndpointMiddleware[1]
      Executed endpoint 'HTTP: POST /api/v1/terminals/{terminalId:guid}/qnb-credential/'
info: Microsoft.AspNetCore.Hosting.Diagnostics[2]
      Request finished HTTP/1.1 POST https://127.0.0.1:46097/api/v1/terminals/3af4600f-7dd6-4d1a-a561-9027360de1ae/qnb-credential/?terminalId=3af4600f-7dd6-4d1a-a561-9027360de1ae - 401 - application/json;+charset=utf-8 0.6199ms
info: Microsoft.AspNetCore.Hosting.Diagnostics[1]
      Request starting HTTP/1.1 GET http://127.0.0.1:46097/api/v1/terminals/7feb5143-059f-42b2-8d6f-bc5c6661517f/qnb-credential/status?terminalId=7feb5143-059f-42b2-8d6f-bc5c6661517f - - -
info: Microsoft.AspNetCore.Routing.EndpointMiddleware[0]
      Executing endpoint 'HTTP: GET /api/v1/terminals/{terminalId:guid}/qnb-credential/status'
info: Microsoft.AspNetCore.Http.Result.JsonResult[1]
      Setting HTTP status code 401.
info: Microsoft.AspNetCore.Http.Result.JsonResult[3]
      Writing value of type '<>f__AnonymousType5`1' as Json.
info: Microsoft.AspNetCore.Routing.EndpointMiddleware[1]
      Executed endpoint 'HTTP: GET /api/v1/terminals/{terminalId:guid}/qnb-credential/status'
info: Microsoft.AspNetCore.Hosting.Diagnostics[2]
      Request finished HTTP/1.1 GET https://127.0.0.1:46097/api/v1/terminals/7feb5143-059f-42b2-8d6f-bc5c6661517f/qnb-credential/status?terminalId=7feb5143-059f-42b2-8d6f-bc5c6661517f - 401 - application/json;+charset=utf-8 4.4107ms
info: Microsoft.AspNetCore.Hosting.Diagnostics[1]
      Request starting HTTP/1.1 POST http://127.0.0.1:46097/api/v1/terminals/4ff27c05-1f03-4755-9b92-63fb9a5772ff/qnb-credential/test-connection?terminalId=4ff27c05-1f03-4755-9b92-63fb9a5772ff - application/json;+charset=utf-8 2
info: Microsoft.AspNetCore.Routing.EndpointMiddleware[0]
      Executing endpoint 'HTTP: POST /api/v1/terminals/{terminalId:guid}/qnb-credential/test-connection'
info: Microsoft.AspNetCore.Http.Result.JsonResult[1]
      Setting HTTP status code 401.
info: Microsoft.AspNetCore.Http.Result.JsonResult[3]
      Writing value of type '<>f__AnonymousType5`1' as Json.
info: Microsoft.AspNetCore.Routing.EndpointMiddleware[1]
      Executed endpoint 'HTTP: POST /api/v1/terminals/{terminalId:guid}/qnb-credential/test-connection'
info: Microsoft.AspNetCore.Hosting.Diagnostics[2]
      Request finished HTTP/1.1 POST https://127.0.0.1:46097/api/v1/terminals/4ff27c05-1f03-4755-9b92-63fb9a5772ff/qnb-credential/test-connection?terminalId=4ff27c05-1f03-4755-9b92-63fb9a5772ff - 401 - application/json;+charset=utf-8 0.6571ms
info: Microsoft.AspNetCore.Hosting.Diagnostics[1]
      Request starting HTTP/1.1 POST http://127.0.0.1:46097/api/v1/terminals/5e8e518e-47f5-43d9-ab7b-e9af9a0eaa45/relay-credential/?terminalId=5e8e518e-47f5-43d9-ab7b-e9af9a0eaa45 - application/json;+charset=utf-8 2
info: Microsoft.AspNetCore.Routing.EndpointMiddleware[0]
      Executing endpoint 'HTTP: POST /api/v1/terminals/{terminalId:guid}/relay-credential/'
info: Microsoft.AspNetCore.Http.Result.JsonResult[1]
      Setting HTTP status code 401.
info: Microsoft.AspNetCore.Http.Result.JsonResult[3]
      Writing value of type '<>f__AnonymousType5`1' as Json.
info: Microsoft.AspNetCore.Routing.EndpointMiddleware[1]
      Executed endpoint 'HTTP: POST /api/v1/terminals/{terminalId:guid}/relay-credential/'
info: Microsoft.AspNetCore.Hosting.Diagnostics[2]
      Request finished HTTP/1.1 POST https://127.0.0.1:46097/api/v1/terminals/5e8e518e-47f5-43d9-ab7b-e9af9a0eaa45/relay-credential/?terminalId=5e8e518e-47f5-43d9-ab7b-e9af9a0eaa45 - 401 - application/json;+charset=utf-8 1.0208ms
info: Microsoft.AspNetCore.Hosting.Diagnostics[1]
      Request starting HTTP/1.1 POST http://127.0.0.1:46097/api/v1/terminals/2ed4b492-bb1c-42f6-83ff-9f9d7a34f758/relay-credential/provision?terminalId=2ed4b492-bb1c-42f6-83ff-9f9d7a34f758 - application/json;+charset=utf-8 2
info: Microsoft.AspNetCore.Routing.EndpointMiddleware[0]
      Executing endpoint 'HTTP: POST /api/v1/terminals/{terminalId:guid}/relay-credential/provision'
info: Microsoft.AspNetCore.Http.Result.JsonResult[1]
      Setting HTTP status code 401.
info: Microsoft.AspNetCore.Http.Result.JsonResult[3]
      Writing value of type '<>f__AnonymousType5`1' as Json.
info: Microsoft.AspNetCore.Routing.EndpointMiddleware[1]
      Executed endpoint 'HTTP: POST /api/v1/terminals/{terminalId:guid}/relay-credential/provision'
info: Microsoft.AspNetCore.Hosting.Diagnostics[2]
      Request finished HTTP/1.1 POST https://127.0.0.1:46097/api/v1/terminals/2ed4b492-bb1c-42f6-83ff-9f9d7a34f758/relay-credential/provision?terminalId=2ed4b492-bb1c-42f6-83ff-9f9d7a34f758 - 401 - application/json;+charset=utf-8 2.3563ms
info: Microsoft.AspNetCore.Hosting.Diagnostics[1]
      Request starting HTTP/1.1 GET http://127.0.0.1:46097/api/v1/terminals/847ee392-3f7e-4409-a2a5-1e4b82a8d723/relay-credential/status?terminalId=847ee392-3f7e-4409-a2a5-1e4b82a8d723 - - -
info: Microsoft.AspNetCore.Routing.EndpointMiddleware[0]
      Executing endpoint 'HTTP: GET /api/v1/terminals/{terminalId:guid}/relay-credential/status'
info: Microsoft.AspNetCore.Http.Result.JsonResult[1]
      Setting HTTP status code 401.
info: Microsoft.AspNetCore.Http.Result.JsonResult[3]
      Writing value of type '<>f__AnonymousType5`1' as Json.
info: Microsoft.AspNetCore.Routing.EndpointMiddleware[1]
      Executed endpoint 'HTTP: GET /api/v1/terminals/{terminalId:guid}/relay-credential/status'
info: Microsoft.AspNetCore.Hosting.Diagnostics[2]
      Request finished HTTP/1.1 GET https://127.0.0.1:46097/api/v1/terminals/847ee392-3f7e-4409-a2a5-1e4b82a8d723/relay-credential/status?terminalId=847ee392-3f7e-4409-a2a5-1e4b82a8d723 - 401 - application/json;+charset=utf-8 3.4244ms
info: Microsoft.AspNetCore.Hosting.Diagnostics[1]
      Request starting HTTP/1.1 GET http://127.0.0.1:46097/api/v1/terminals/5e876098-4cfc-40cb-9fe6-92fa19230549/runtime-configuration?terminalId=5e876098-4cfc-40cb-9fe6-92fa19230549 - - -
info: Microsoft.AspNetCore.Routing.EndpointMiddleware[0]
      Executing endpoint 'HTTP: GET /api/v1/terminals/{terminalId:guid}/runtime-configuration'
info: Microsoft.AspNetCore.Routing.EndpointMiddleware[1]
      Executed endpoint 'HTTP: GET /api/v1/terminals/{terminalId:guid}/runtime-configuration'
info: Microsoft.AspNetCore.Hosting.Diagnostics[2]
      Request finished HTTP/1.1 GET https://127.0.0.1:46097/api/v1/terminals/5e876098-4cfc-40cb-9fe6-92fa19230549/runtime-configuration?terminalId=5e876098-4cfc-40cb-9fe6-92fa19230549 - 401 - application/json;+charset=utf-8 2.2364ms
info: Microsoft.AspNetCore.Hosting.Diagnostics[1]
      Request starting HTTP/1.1 GET http://127.0.0.1:46097/api/v1/terminals/fb230821-7283-480f-9a65-490adfd46534/table-management/floor-plans/dd20ff7b-646e-487c-a9ab-419181c58944?terminalId=fb230821-7283-480f-9a65-490adfd46534 - - -
info: Microsoft.AspNetCore.Routing.EndpointMiddleware[0]
      Executing endpoint 'HTTP: GET /api/v1/terminals/{terminalId:guid}/table-management/floor-plans/{zoneId:guid}'
info: Microsoft.AspNetCore.Http.Result.JsonResult[1]
      Setting HTTP status code 401.
info: Microsoft.AspNetCore.Http.Result.JsonResult[3]
      Writing value of type 'TableManagementErrorEnvelope' as Json.
info: Microsoft.AspNetCore.Routing.EndpointMiddleware[1]
      Executed endpoint 'HTTP: GET /api/v1/terminals/{terminalId:guid}/table-management/floor-plans/{zoneId:guid}'
info: Microsoft.AspNetCore.Hosting.Diagnostics[2]
      Request finished HTTP/1.1 GET https://127.0.0.1:46097/api/v1/terminals/fb230821-7283-480f-9a65-490adfd46534/table-management/floor-plans/dd20ff7b-646e-487c-a9ab-419181c58944?terminalId=fb230821-7283-480f-9a65-490adfd46534 - 401 - application/json;+charset=utf-8 3.4140ms
info: Microsoft.AspNetCore.Hosting.Diagnostics[1]
      Request starting HTTP/1.1 PUT http://127.0.0.1:46097/api/v1/terminals/3f89dc84-82be-4de4-b235-debee699f021/table-management/floor-plans/e8bf2a3f-3b40-4717-9e17-16d3098d3394?terminalId=3f89dc84-82be-4de4-b235-debee699f021 - application/json;+charset=utf-8 2
info: Microsoft.AspNetCore.Routing.EndpointMiddleware[0]
      Executing endpoint 'HTTP: PUT /api/v1/terminals/{terminalId:guid}/table-management/floor-plans/{zoneId:guid}'
info: Microsoft.AspNetCore.Http.Result.JsonResult[1]
      Setting HTTP status code 401.
info: Microsoft.AspNetCore.Http.Result.JsonResult[3]
      Writing value of type 'TableManagementErrorEnvelope' as Json.
info: Microsoft.AspNetCore.Routing.EndpointMiddleware[1]
      Executed endpoint 'HTTP: PUT /api/v1/terminals/{terminalId:guid}/table-management/floor-plans/{zoneId:guid}'
info: Microsoft.AspNetCore.Hosting.Diagnostics[2]
      Request finished HTTP/1.1 PUT https://127.0.0.1:46097/api/v1/terminals/3f89dc84-82be-4de4-b235-debee699f021/table-management/floor-plans/e8bf2a3f-3b40-4717-9e17-16d3098d3394?terminalId=3f89dc84-82be-4de4-b235-debee699f021 - 401 - application/json;+charset=utf-8 1.1433ms
info: Microsoft.AspNetCore.Hosting.Diagnostics[1]
      Request starting HTTP/1.1 POST http://127.0.0.1:46097/api/v1/terminals/a72e452d-befb-4454-9d72-6990a3a0b32e/table-management/merges?terminalId=a72e452d-befb-4454-9d72-6990a3a0b32e - application/json;+charset=utf-8 2
info: Microsoft.AspNetCore.Routing.EndpointMiddleware[0]
      Executing endpoint 'HTTP: POST /api/v1/terminals/{terminalId:guid}/table-management/merges'
info: Microsoft.AspNetCore.Http.Result.JsonResult[1]
      Setting HTTP status code 401.
info: Microsoft.AspNetCore.Http.Result.JsonResult[3]
      Writing value of type 'TableManagementErrorEnvelope' as Json.
info: Microsoft.AspNetCore.Routing.EndpointMiddleware[1]
      Executed endpoint 'HTTP: POST /api/v1/terminals/{terminalId:guid}/table-management/merges'
info: Microsoft.AspNetCore.Hosting.Diagnostics[2]
      Request finished HTTP/1.1 POST https://127.0.0.1:46097/api/v1/terminals/a72e452d-befb-4454-9d72-6990a3a0b32e/table-management/merges?terminalId=a72e452d-befb-4454-9d72-6990a3a0b32e - 401 - application/json;+charset=utf-8 0.8972ms
info: Microsoft.AspNetCore.Hosting.Diagnostics[1]
      Request starting HTTP/1.1 POST http://127.0.0.1:46097/api/v1/terminals/0bfc0d4b-6475-4445-bcb5-ba254c67422d/table-management/merges/562e0b16-a922-48d2-8cc6-2457c745c096/unmerge?terminalId=0bfc0d4b-6475-4445-bcb5-ba254c67422d - application/json;+charset=utf-8 2
info: Microsoft.AspNetCore.Routing.EndpointMiddleware[0]
      Executing endpoint 'HTTP: POST /api/v1/terminals/{terminalId:guid}/table-management/merges/{mergeGroupId:guid}/unmerge'
info: Microsoft.AspNetCore.Http.Result.JsonResult[1]
      Setting HTTP status code 401.
info: Microsoft.AspNetCore.Http.Result.JsonResult[3]
      Writing value of type 'TableManagementErrorEnvelope' as Json.
info: Microsoft.AspNetCore.Routing.EndpointMiddleware[1]
      Executed endpoint 'HTTP: POST /api/v1/terminals/{terminalId:guid}/table-management/merges/{mergeGroupId:guid}/unmerge'
info: Microsoft.AspNetCore.Hosting.Diagnostics[2]
      Request finished HTTP/1.1 POST https://127.0.0.1:46097/api/v1/terminals/0bfc0d4b-6475-4445-bcb5-ba254c67422d/table-management/merges/562e0b16-a922-48d2-8cc6-2457c745c096/unmerge?terminalId=0bfc0d4b-6475-4445-bcb5-ba254c67422d - 401 - application/json;+charset=utf-8 0.5072ms
info: Microsoft.AspNetCore.Hosting.Diagnostics[1]
      Request starting HTTP/1.1 POST http://127.0.0.1:46097/api/v1/terminals/96f74922-c9c0-4edf-8c5c-9402a638c142/table-management/reservations?terminalId=96f74922-c9c0-4edf-8c5c-9402a638c142 - application/json;+charset=utf-8 2
info: Microsoft.AspNetCore.Routing.EndpointMiddleware[0]
      Executing endpoint 'HTTP: POST /api/v1/terminals/{terminalId:guid}/table-management/reservations'
info: Microsoft.AspNetCore.Http.Result.JsonResult[1]
      Setting HTTP status code 401.
info: Microsoft.AspNetCore.Http.Result.JsonResult[3]
      Writing value of type 'TableManagementErrorEnvelope' as Json.
info: Microsoft.AspNetCore.Routing.EndpointMiddleware[1]
      Executed endpoint 'HTTP: POST /api/v1/terminals/{terminalId:guid}/table-management/reservations'
info: Microsoft.AspNetCore.Hosting.Diagnostics[2]
      Request finished HTTP/1.1 POST https://127.0.0.1:46097/api/v1/terminals/96f74922-c9c0-4edf-8c5c-9402a638c142/table-management/reservations?terminalId=96f74922-c9c0-4edf-8c5c-9402a638c142 - 401 - application/json;+charset=utf-8 0.4801ms
info: Microsoft.AspNetCore.Hosting.Diagnostics[1]
      Request starting HTTP/1.1 GET http://127.0.0.1:46097/api/v1/terminals/86f30b67-b59e-4c79-83e7-721ada262bc5/table-management/reservations/769dfd0d-c4eb-4fed-b83d-ccb9163ac56e?terminalId=86f30b67-b59e-4c79-83e7-721ada262bc5 - - -
info: Microsoft.AspNetCore.Routing.EndpointMiddleware[0]
      Executing endpoint 'HTTP: GET /api/v1/terminals/{terminalId:guid}/table-management/reservations/{reservationId:guid}'
info: Microsoft.AspNetCore.Http.Result.JsonResult[1]
      Setting HTTP status code 401.
info: Microsoft.AspNetCore.Http.Result.JsonResult[3]
      Writing value of type 'TableManagementErrorEnvelope' as Json.
info: Microsoft.AspNetCore.Routing.EndpointMiddleware[1]
      Executed endpoint 'HTTP: GET /api/v1/terminals/{terminalId:guid}/table-management/reservations/{reservationId:guid}'
info: Microsoft.AspNetCore.Hosting.Diagnostics[2]
      Request finished HTTP/1.1 GET https://127.0.0.1:46097/api/v1/terminals/86f30b67-b59e-4c79-83e7-721ada262bc5/table-management/reservations/769dfd0d-c4eb-4fed-b83d-ccb9163ac56e?terminalId=86f30b67-b59e-4c79-83e7-721ada262bc5 - 401 - application/json;+charset=utf-8 2.0934ms
info: Microsoft.AspNetCore.Hosting.Diagnostics[1]
      Request starting HTTP/1.1 POST http://127.0.0.1:46097/api/v1/terminals/8c62afa7-3fc2-4d15-bc6f-c574f90daab6/table-management/reservations/e8fa7a23-4568-4136-b905-0f0a9793f7a2/cancel?terminalId=8c62afa7-3fc2-4d15-bc6f-c574f90daab6 - application/json;+charset=utf-8 2
info: Microsoft.AspNetCore.Routing.EndpointMiddleware[0]
      Executing endpoint 'HTTP: POST /api/v1/terminals/{terminalId:guid}/table-management/reservations/{reservationId:guid}/cancel'
info: Microsoft.AspNetCore.Http.Result.JsonResult[1]
      Setting HTTP status code 401.
info: Microsoft.AspNetCore.Http.Result.JsonResult[3]
      Writing value of type 'TableManagementErrorEnvelope' as Json.
info: Microsoft.AspNetCore.Routing.EndpointMiddleware[1]
      Executed endpoint 'HTTP: POST /api/v1/terminals/{terminalId:guid}/table-management/reservations/{reservationId:guid}/cancel'
info: Microsoft.AspNetCore.Hosting.Diagnostics[2]
      Request finished HTTP/1.1 POST https://127.0.0.1:46097/api/v1/terminals/8c62afa7-3fc2-4d15-bc6f-c574f90daab6/table-management/reservations/e8fa7a23-4568-4136-b905-0f0a9793f7a2/cancel?terminalId=8c62afa7-3fc2-4d15-bc6f-c574f90daab6 - 401 - application/json;+charset=utf-8 0.9996ms
info: Microsoft.AspNetCore.Hosting.Diagnostics[1]
      Request starting HTTP/1.1 POST http://127.0.0.1:46097/api/v1/terminals/bfb4fc1a-5491-4ecd-835b-1cdad6462150/table-management/reservations/837b874a-829e-41bd-afb5-5d69e76fce7d/claim?terminalId=bfb4fc1a-5491-4ecd-835b-1cdad6462150 - application/json;+charset=utf-8 2
info: Microsoft.AspNetCore.Routing.EndpointMiddleware[0]
      Executing endpoint 'HTTP: POST /api/v1/terminals/{terminalId:guid}/table-management/reservations/{reservationId:guid}/claim'
info: Microsoft.AspNetCore.Http.Result.JsonResult[1]
      Setting HTTP status code 401.
info: Microsoft.AspNetCore.Http.Result.JsonResult[3]
      Writing value of type 'TableManagementErrorEnvelope' as Json.
info: Microsoft.AspNetCore.Routing.EndpointMiddleware[1]
      Executed endpoint 'HTTP: POST /api/v1/terminals/{terminalId:guid}/table-management/reservations/{reservationId:guid}/claim'
info: Microsoft.AspNetCore.Hosting.Diagnostics[2]
      Request finished HTTP/1.1 POST https://127.0.0.1:46097/api/v1/terminals/bfb4fc1a-5491-4ecd-835b-1cdad6462150/table-management/reservations/837b874a-829e-41bd-afb5-5d69e76fce7d/claim?terminalId=bfb4fc1a-5491-4ecd-835b-1cdad6462150 - 401 - application/json;+charset=utf-8 1.2605ms
info: Microsoft.AspNetCore.Hosting.Diagnostics[1]
      Request starting HTTP/1.1 POST http://127.0.0.1:46097/api/v1/terminals/d2d30813-fdc4-4c5d-be70-25f067c0617e/table-management/reservations/c6c9e7e3-7700-4d98-9fc4-e0fe77b8e4cf/expire?terminalId=d2d30813-fdc4-4c5d-be70-25f067c0617e - application/json;+charset=utf-8 2
info: Microsoft.AspNetCore.Routing.EndpointMiddleware[0]
      Executing endpoint 'HTTP: POST /api/v1/terminals/{terminalId:guid}/table-management/reservations/{reservationId:guid}/expire'
info: Microsoft.AspNetCore.Http.Result.JsonResult[1]
      Setting HTTP status code 401.
info: Microsoft.AspNetCore.Http.Result.JsonResult[3]
      Writing value of type 'TableManagementErrorEnvelope' as Json.
info: Microsoft.AspNetCore.Routing.EndpointMiddleware[1]
      Executed endpoint 'HTTP: POST /api/v1/terminals/{terminalId:guid}/table-management/reservations/{reservationId:guid}/expire'
info: Microsoft.AspNetCore.Hosting.Diagnostics[2]
      Request finished HTTP/1.1 POST https://127.0.0.1:46097/api/v1/terminals/d2d30813-fdc4-4c5d-be70-25f067c0617e/table-management/reservations/c6c9e7e3-7700-4d98-9fc4-e0fe77b8e4cf/expire?terminalId=d2d30813-fdc4-4c5d-be70-25f067c0617e - 401 - application/json;+charset=utf-8 0.6041ms
info: Microsoft.AspNetCore.Hosting.Diagnostics[1]
      Request starting HTTP/1.1 GET http://127.0.0.1:46097/api/v1/terminals/75d200c3-2fbb-406d-a1cf-fb322241e1c3/table-management/tables?terminalId=75d200c3-2fbb-406d-a1cf-fb322241e1c3 - - -
info: Microsoft.AspNetCore.Routing.EndpointMiddleware[0]
      Executing endpoint 'HTTP: GET /api/v1/terminals/{terminalId:guid}/table-management/tables'
info: Microsoft.AspNetCore.Http.Result.JsonResult[1]
      Setting HTTP status code 401.
info: Microsoft.AspNetCore.Http.Result.JsonResult[3]
      Writing value of type 'TableManagementErrorEnvelope' as Json.
info: Microsoft.AspNetCore.Routing.EndpointMiddleware[1]
      Executed endpoint 'HTTP: GET /api/v1/terminals/{terminalId:guid}/table-management/tables'
info: Microsoft.AspNetCore.Hosting.Diagnostics[2]
      Request finished HTTP/1.1 GET https://127.0.0.1:46097/api/v1/terminals/75d200c3-2fbb-406d-a1cf-fb322241e1c3/table-management/tables?terminalId=75d200c3-2fbb-406d-a1cf-fb322241e1c3 - 401 - application/json;+charset=utf-8 4.4530ms
info: Microsoft.AspNetCore.Hosting.Diagnostics[1]
      Request starting HTTP/1.1 POST http://127.0.0.1:46097/api/v1/terminals/ace4c747-02fb-460a-8cd1-5b778ba3f8db/table-management/tables?terminalId=ace4c747-02fb-460a-8cd1-5b778ba3f8db - application/json;+charset=utf-8 2
info: Microsoft.AspNetCore.Routing.EndpointMiddleware[0]
      Executing endpoint 'HTTP: POST /api/v1/terminals/{terminalId:guid}/table-management/tables'
info: Microsoft.AspNetCore.Http.Result.JsonResult[1]
      Setting HTTP status code 401.
info: Microsoft.AspNetCore.Http.Result.JsonResult[3]
      Writing value of type 'TableManagementErrorEnvelope' as Json.
info: Microsoft.AspNetCore.Routing.EndpointMiddleware[1]
      Executed endpoint 'HTTP: POST /api/v1/terminals/{terminalId:guid}/table-management/tables'
info: Microsoft.AspNetCore.Hosting.Diagnostics[2]
      Request finished HTTP/1.1 POST https://127.0.0.1:46097/api/v1/terminals/ace4c747-02fb-460a-8cd1-5b778ba3f8db/table-management/tables?terminalId=ace4c747-02fb-460a-8cd1-5b778ba3f8db - 401 - application/json;+charset=utf-8 2.9754ms
info: Microsoft.AspNetCore.Hosting.Diagnostics[1]
      Request starting HTTP/1.1 GET http://127.0.0.1:46097/api/v1/terminals/95a6b68c-b290-46c0-a9c6-ab3dc196deb4/table-management/tables/40af7719-01d6-4191-a7b3-31a4230eb035?terminalId=95a6b68c-b290-46c0-a9c6-ab3dc196deb4 - - -
info: Microsoft.AspNetCore.Routing.EndpointMiddleware[0]
      Executing endpoint 'HTTP: GET /api/v1/terminals/{terminalId:guid}/table-management/tables/{tableId:guid}'
info: Microsoft.AspNetCore.Http.Result.JsonResult[1]
      Setting HTTP status code 401.
info: Microsoft.AspNetCore.Http.Result.JsonResult[3]
      Writing value of type 'TableManagementErrorEnvelope' as Json.
info: Microsoft.AspNetCore.Routing.EndpointMiddleware[1]
      Executed endpoint 'HTTP: GET /api/v1/terminals/{terminalId:guid}/table-management/tables/{tableId:guid}'
info: Microsoft.AspNetCore.Hosting.Diagnostics[2]
      Request finished HTTP/1.1 GET https://127.0.0.1:46097/api/v1/terminals/95a6b68c-b290-46c0-a9c6-ab3dc196deb4/table-management/tables/40af7719-01d6-4191-a7b3-31a4230eb035?terminalId=95a6b68c-b290-46c0-a9c6-ab3dc196deb4 - 401 - application/json;+charset=utf-8 2.9381ms
info: Microsoft.AspNetCore.Hosting.Diagnostics[1]
      Request starting HTTP/1.1 PUT http://127.0.0.1:46097/api/v1/terminals/a9fb9cdc-6992-40b4-bee5-eb9e92eba8cd/table-management/tables/792b8884-1d85-4633-97da-ce1d9ff137e0?terminalId=a9fb9cdc-6992-40b4-bee5-eb9e92eba8cd - application/json;+charset=utf-8 2
info: Microsoft.AspNetCore.Routing.EndpointMiddleware[0]
      Executing endpoint 'HTTP: PUT /api/v1/terminals/{terminalId:guid}/table-management/tables/{tableId:guid}'
info: Microsoft.AspNetCore.Http.Result.JsonResult[1]
      Setting HTTP status code 401.
info: Microsoft.AspNetCore.Http.Result.JsonResult[3]
      Writing value of type 'TableManagementErrorEnvelope' as Json.
info: Microsoft.AspNetCore.Routing.EndpointMiddleware[1]
      Executed endpoint 'HTTP: PUT /api/v1/terminals/{terminalId:guid}/table-management/tables/{tableId:guid}'
info: Microsoft.AspNetCore.Hosting.Diagnostics[2]
      Request finished HTTP/1.1 PUT https://127.0.0.1:46097/api/v1/terminals/a9fb9cdc-6992-40b4-bee5-eb9e92eba8cd/table-management/tables/792b8884-1d85-4633-97da-ce1d9ff137e0?terminalId=a9fb9cdc-6992-40b4-bee5-eb9e92eba8cd - 401 - application/json;+charset=utf-8 0.7470ms
info: Microsoft.AspNetCore.Hosting.Diagnostics[1]
      Request starting HTTP/1.1 GET http://127.0.0.1:46097/api/v1/terminals/5525a78f-299b-47ed-a183-a6475536e53c/table-management/tables/2ad26e05-179b-4928-a862-c2da8d18b95d/current-pointer?terminalId=5525a78f-299b-47ed-a183-a6475536e53c - - -
info: Microsoft.AspNetCore.Routing.EndpointMiddleware[0]
      Executing endpoint 'HTTP: GET /api/v1/terminals/{terminalId:guid}/table-management/tables/{tableId:guid}/current-pointer'
info: Microsoft.AspNetCore.Http.Result.JsonResult[1]
      Setting HTTP status code 401.
info: Microsoft.AspNetCore.Http.Result.JsonResult[3]
      Writing value of type 'TableManagementErrorEnvelope' as Json.
info: Microsoft.AspNetCore.Routing.EndpointMiddleware[1]
      Executed endpoint 'HTTP: GET /api/v1/terminals/{terminalId:guid}/table-management/tables/{tableId:guid}/current-pointer'
info: Microsoft.AspNetCore.Hosting.Diagnostics[2]
      Request finished HTTP/1.1 GET https://127.0.0.1:46097/api/v1/terminals/5525a78f-299b-47ed-a183-a6475536e53c/table-management/tables/2ad26e05-179b-4928-a862-c2da8d18b95d/current-pointer?terminalId=5525a78f-299b-47ed-a183-a6475536e53c - 401 - application/json;+charset=utf-8 3.7197ms
info: Microsoft.AspNetCore.Hosting.Diagnostics[1]
      Request starting HTTP/1.1 POST http://127.0.0.1:46097/api/v1/terminals/d73db42a-92ed-43a0-a669-7ecad97f6926/table-management/tables/23fc0420-8fc5-4753-a775-abf1bea3dbe5/status?terminalId=d73db42a-92ed-43a0-a669-7ecad97f6926 - application/json;+charset=utf-8 2
info: Microsoft.AspNetCore.Routing.EndpointMiddleware[0]
      Executing endpoint 'HTTP: POST /api/v1/terminals/{terminalId:guid}/table-management/tables/{tableId:guid}/status'
info: Microsoft.AspNetCore.Http.Result.JsonResult[1]
      Setting HTTP status code 401.
info: Microsoft.AspNetCore.Http.Result.JsonResult[3]
      Writing value of type 'TableManagementErrorEnvelope' as Json.
info: Microsoft.AspNetCore.Routing.EndpointMiddleware[1]
      Executed endpoint 'HTTP: POST /api/v1/terminals/{terminalId:guid}/table-management/tables/{tableId:guid}/status'
info: Microsoft.AspNetCore.Hosting.Diagnostics[2]
      Request finished HTTP/1.1 POST https://127.0.0.1:46097/api/v1/terminals/d73db42a-92ed-43a0-a669-7ecad97f6926/table-management/tables/23fc0420-8fc5-4753-a775-abf1bea3dbe5/status?terminalId=d73db42a-92ed-43a0-a669-7ecad97f6926 - 401 - application/json;+charset=utf-8 0.8262ms
info: Microsoft.AspNetCore.Hosting.Diagnostics[1]
      Request starting HTTP/1.1 POST http://127.0.0.1:46097/api/v1/terminals/f0af46ea-8f6c-4852-9adf-271eb54ab624/table-management/transfers?terminalId=f0af46ea-8f6c-4852-9adf-271eb54ab624 - application/json;+charset=utf-8 2
info: Microsoft.AspNetCore.Routing.EndpointMiddleware[0]
      Executing endpoint 'HTTP: POST /api/v1/terminals/{terminalId:guid}/table-management/transfers'
info: Microsoft.AspNetCore.Http.Result.JsonResult[1]
      Setting HTTP status code 401.
info: Microsoft.AspNetCore.Http.Result.JsonResult[3]
      Writing value of type 'TableManagementErrorEnvelope' as Json.
info: Microsoft.AspNetCore.Routing.EndpointMiddleware[1]
      Executed endpoint 'HTTP: POST /api/v1/terminals/{terminalId:guid}/table-management/transfers'
info: Microsoft.AspNetCore.Hosting.Diagnostics[2]
      Request finished HTTP/1.1 POST https://127.0.0.1:46097/api/v1/terminals/f0af46ea-8f6c-4852-9adf-271eb54ab624/table-management/transfers?terminalId=f0af46ea-8f6c-4852-9adf-271eb54ab624 - 401 - application/json;+charset=utf-8 0.8945ms
info: Microsoft.AspNetCore.Hosting.Diagnostics[1]
      Request starting HTTP/1.1 GET http://127.0.0.1:46097/api/v1/terminals/6e653b2b-409d-43c7-99c2-d3613bb0f8c2/table-management/zones?terminalId=6e653b2b-409d-43c7-99c2-d3613bb0f8c2 - - -
info: Microsoft.AspNetCore.Routing.EndpointMiddleware[0]
      Executing endpoint 'HTTP: GET /api/v1/terminals/{terminalId:guid}/table-management/zones'
info: Microsoft.AspNetCore.Http.Result.JsonResult[1]
      Setting HTTP status code 401.
info: Microsoft.AspNetCore.Http.Result.JsonResult[3]
      Writing value of type 'TableManagementErrorEnvelope' as Json.
info: Microsoft.AspNetCore.Routing.EndpointMiddleware[1]
      Executed endpoint 'HTTP: GET /api/v1/terminals/{terminalId:guid}/table-management/zones'
info: Microsoft.AspNetCore.Hosting.Diagnostics[2]
      Request finished HTTP/1.1 GET https://127.0.0.1:46097/api/v1/terminals/6e653b2b-409d-43c7-99c2-d3613bb0f8c2/table-management/zones?terminalId=6e653b2b-409d-43c7-99c2-d3613bb0f8c2 - 401 - application/json;+charset=utf-8 1.5405ms
info: Microsoft.AspNetCore.Hosting.Diagnostics[1]
      Request starting HTTP/1.1 POST http://127.0.0.1:46097/api/v1/terminals/bf2687c7-9447-486e-83c0-74c6571e8487/table-management/zones?terminalId=bf2687c7-9447-486e-83c0-74c6571e8487 - application/json;+charset=utf-8 2
info: Microsoft.AspNetCore.Routing.EndpointMiddleware[0]
      Executing endpoint 'HTTP: POST /api/v1/terminals/{terminalId:guid}/table-management/zones'
info: Microsoft.AspNetCore.Http.Result.JsonResult[1]
      Setting HTTP status code 401.
info: Microsoft.AspNetCore.Http.Result.JsonResult[3]
      Writing value of type 'TableManagementErrorEnvelope' as Json.
info: Microsoft.AspNetCore.Routing.EndpointMiddleware[1]
      Executed endpoint 'HTTP: POST /api/v1/terminals/{terminalId:guid}/table-management/zones'
info: Microsoft.AspNetCore.Hosting.Diagnostics[2]
      Request finished HTTP/1.1 POST https://127.0.0.1:46097/api/v1/terminals/bf2687c7-9447-486e-83c0-74c6571e8487/table-management/zones?terminalId=bf2687c7-9447-486e-83c0-74c6571e8487 - 401 - application/json;+charset=utf-8 1.2372ms
info: Microsoft.AspNetCore.Hosting.Diagnostics[1]
      Request starting HTTP/1.1 PUT http://127.0.0.1:46097/api/v1/terminals/7b000ee8-4e42-4607-a859-3e266cca377a/table-management/zones/9a97c624-63db-45d8-81b5-cb3539eebb40?terminalId=7b000ee8-4e42-4607-a859-3e266cca377a - application/json;+charset=utf-8 2
info: Microsoft.AspNetCore.Routing.EndpointMiddleware[0]
      Executing endpoint 'HTTP: PUT /api/v1/terminals/{terminalId:guid}/table-management/zones/{zoneId:guid}'
info: Microsoft.AspNetCore.Http.Result.JsonResult[1]
      Setting HTTP status code 401.
info: Microsoft.AspNetCore.Http.Result.JsonResult[3]
      Writing value of type 'TableManagementErrorEnvelope' as Json.
info: Microsoft.AspNetCore.Routing.EndpointMiddleware[1]
      Executed endpoint 'HTTP: PUT /api/v1/terminals/{terminalId:guid}/table-management/zones/{zoneId:guid}'
info: Microsoft.AspNetCore.Hosting.Diagnostics[2]
      Request finished HTTP/1.1 PUT https://127.0.0.1:46097/api/v1/terminals/7b000ee8-4e42-4607-a859-3e266cca377a/table-management/zones/9a97c624-63db-45d8-81b5-cb3539eebb40?terminalId=7b000ee8-4e42-4607-a859-3e266cca377a - 401 - application/json;+charset=utf-8 0.6147ms
info: Microsoft.AspNetCore.Hosting.Diagnostics[1]
      Request starting HTTP/1.1 DELETE http://127.0.0.1:46097/api/v1/terminals/4a8cb2b6-4e1f-4a89-88a0-7d2940a9dcba/table-management/zones/0dfa14d9-6083-4d4c-96ae-ba4a62914c98?terminalId=4a8cb2b6-4e1f-4a89-88a0-7d2940a9dcba - application/json;+charset=utf-8 2
info: Microsoft.AspNetCore.Routing.EndpointMiddleware[0]
      Executing endpoint 'HTTP: DELETE /api/v1/terminals/{terminalId:guid}/table-management/zones/{zoneId:guid}'
info: Microsoft.AspNetCore.Http.Result.JsonResult[1]
      Setting HTTP status code 401.
info: Microsoft.AspNetCore.Http.Result.JsonResult[3]
      Writing value of type 'TableManagementErrorEnvelope' as Json.
info: Microsoft.AspNetCore.Routing.EndpointMiddleware[1]
      Executed endpoint 'HTTP: DELETE /api/v1/terminals/{terminalId:guid}/table-management/zones/{zoneId:guid}'
info: Microsoft.AspNetCore.Hosting.Diagnostics[2]
      Request finished HTTP/1.1 DELETE https://127.0.0.1:46097/api/v1/terminals/4a8cb2b6-4e1f-4a89-88a0-7d2940a9dcba/table-management/zones/0dfa14d9-6083-4d4c-96ae-ba4a62914c98?terminalId=4a8cb2b6-4e1f-4a89-88a0-7d2940a9dcba - 401 - application/json;+charset=utf-8 0.4138ms
info: Microsoft.AspNetCore.Hosting.Diagnostics[1]
      Request starting HTTP/1.1 POST http://127.0.0.1:46097/api/v1/terminals/e5722217-7c09-4f3e-bbb5-880752f318f2/token-credential/?terminalId=e5722217-7c09-4f3e-bbb5-880752f318f2 - application/json;+charset=utf-8 2
info: Microsoft.AspNetCore.Routing.EndpointMiddleware[0]
      Executing endpoint 'HTTP: POST /api/v1/terminals/{terminalId:guid}/token-credential/'
info: Microsoft.AspNetCore.Http.Result.JsonResult[1]
      Setting HTTP status code 401.
info: Microsoft.AspNetCore.Http.Result.JsonResult[3]
      Writing value of type '<>f__AnonymousType5`1' as Json.
info: Microsoft.AspNetCore.Routing.EndpointMiddleware[1]
      Executed endpoint 'HTTP: POST /api/v1/terminals/{terminalId:guid}/token-credential/'
info: Microsoft.AspNetCore.Hosting.Diagnostics[2]
      Request finished HTTP/1.1 POST https://127.0.0.1:46097/api/v1/terminals/e5722217-7c09-4f3e-bbb5-880752f318f2/token-credential/?terminalId=e5722217-7c09-4f3e-bbb5-880752f318f2 - 401 - application/json;+charset=utf-8 0.5770ms
info: Microsoft.AspNetCore.Hosting.Diagnostics[1]
      Request starting HTTP/1.1 GET http://127.0.0.1:46097/api/v1/terminals/3b42c14f-fba2-42bf-a9fb-cf9d66d1d4c4/token-credential/status?terminalId=3b42c14f-fba2-42bf-a9fb-cf9d66d1d4c4 - - -
info: Microsoft.AspNetCore.Routing.EndpointMiddleware[0]
      Executing endpoint 'HTTP: GET /api/v1/terminals/{terminalId:guid}/token-credential/status'
info: Microsoft.AspNetCore.Http.Result.JsonResult[1]
      Setting HTTP status code 401.
info: Microsoft.AspNetCore.Http.Result.JsonResult[3]
      Writing value of type '<>f__AnonymousType5`1' as Json.
info: Microsoft.AspNetCore.Routing.EndpointMiddleware[1]
      Executed endpoint 'HTTP: GET /api/v1/terminals/{terminalId:guid}/token-credential/status'
info: Microsoft.AspNetCore.Hosting.Diagnostics[2]
      Request finished HTTP/1.1 GET https://127.0.0.1:46097/api/v1/terminals/3b42c14f-fba2-42bf-a9fb-cf9d66d1d4c4/token-credential/status?terminalId=3b42c14f-fba2-42bf-a9fb-cf9d66d1d4c4 - 401 - application/json;+charset=utf-8 1.7127ms
info: Microsoft.AspNetCore.Hosting.Diagnostics[1]
      Request starting HTTP/1.1 GET http://127.0.0.1:46097/api/{**path}?terminalId=718e3a07-d7aa-4b22-b95c-4f645a9b20b8 - - -
info: Microsoft.AspNetCore.Routing.EndpointMiddleware[0]
      Executing endpoint 'HTTP: GET, POST, PUT, PATCH, DELETE, OPTIONS /api/{**path}'
info: Microsoft.AspNetCore.Http.Result.JsonResult[1]
      Setting HTTP status code 404.
info: Microsoft.AspNetCore.Http.Result.JsonResult[3]
      Writing value of type 'ApiErrorEnvelope' as Json.
info: Microsoft.AspNetCore.Routing.EndpointMiddleware[1]
      Executed endpoint 'HTTP: GET, POST, PUT, PATCH, DELETE, OPTIONS /api/{**path}'
info: Microsoft.AspNetCore.Hosting.Diagnostics[2]
      Request finished HTTP/1.1 GET https://127.0.0.1:46097/api/{**path}?terminalId=718e3a07-d7aa-4b22-b95c-4f645a9b20b8 - 404 - application/json;+charset=utf-8 0.1934ms
info: Microsoft.AspNetCore.Hosting.Diagnostics[1]
      Request starting HTTP/1.1 POST http://127.0.0.1:46097/api/{**path}?terminalId=80199707-d98a-4bf2-84ad-25cf842e508e - application/json;+charset=utf-8 2
info: Microsoft.AspNetCore.Routing.EndpointMiddleware[0]
      Executing endpoint 'HTTP: GET, POST, PUT, PATCH, DELETE, OPTIONS /api/{**path}'
info: Microsoft.AspNetCore.Http.Result.JsonResult[1]
      Setting HTTP status code 404.
info: Microsoft.AspNetCore.Http.Result.JsonResult[3]
      Writing value of type 'ApiErrorEnvelope' as Json.
info: Microsoft.AspNetCore.Routing.EndpointMiddleware[1]
      Executed endpoint 'HTTP: GET, POST, PUT, PATCH, DELETE, OPTIONS /api/{**path}'
info: Microsoft.AspNetCore.Hosting.Diagnostics[2]
      Request finished HTTP/1.1 POST https://127.0.0.1:46097/api/{**path}?terminalId=80199707-d98a-4bf2-84ad-25cf842e508e - 404 - application/json;+charset=utf-8 0.1131ms
info: Microsoft.AspNetCore.Hosting.Diagnostics[1]
      Request starting HTTP/1.1 PUT http://127.0.0.1:46097/api/{**path}?terminalId=592c7c82-c0bc-4e81-865d-732d576fb14d - application/json;+charset=utf-8 2
info: Microsoft.AspNetCore.Routing.EndpointMiddleware[0]
      Executing endpoint 'HTTP: GET, POST, PUT, PATCH, DELETE, OPTIONS /api/{**path}'
info: Microsoft.AspNetCore.Http.Result.JsonResult[1]
      Setting HTTP status code 404.
info: Microsoft.AspNetCore.Http.Result.JsonResult[3]
      Writing value of type 'ApiErrorEnvelope' as Json.
info: Microsoft.AspNetCore.Routing.EndpointMiddleware[1]
      Executed endpoint 'HTTP: GET, POST, PUT, PATCH, DELETE, OPTIONS /api/{**path}'
info: Microsoft.AspNetCore.Hosting.Diagnostics[2]
      Request finished HTTP/1.1 PUT https://127.0.0.1:46097/api/{**path}?terminalId=592c7c82-c0bc-4e81-865d-732d576fb14d - 404 - application/json;+charset=utf-8 0.0959ms
info: Microsoft.AspNetCore.Hosting.Diagnostics[1]
      Request starting HTTP/1.1 PATCH http://127.0.0.1:46097/api/{**path}?terminalId=d8a16594-aece-4c16-a8ab-e2e05fe86eab - application/json;+charset=utf-8 2
info: Microsoft.AspNetCore.Routing.EndpointMiddleware[0]
      Executing endpoint 'HTTP: GET, POST, PUT, PATCH, DELETE, OPTIONS /api/{**path}'
info: Microsoft.AspNetCore.Http.Result.JsonResult[1]
      Setting HTTP status code 404.
info: Microsoft.AspNetCore.Http.Result.JsonResult[3]
      Writing value of type 'ApiErrorEnvelope' as Json.
info: Microsoft.AspNetCore.Routing.EndpointMiddleware[1]
      Executed endpoint 'HTTP: GET, POST, PUT, PATCH, DELETE, OPTIONS /api/{**path}'
info: Microsoft.AspNetCore.Hosting.Diagnostics[2]
      Request finished HTTP/1.1 PATCH https://127.0.0.1:46097/api/{**path}?terminalId=d8a16594-aece-4c16-a8ab-e2e05fe86eab - 404 - application/json;+charset=utf-8 0.2037ms
info: Microsoft.AspNetCore.Hosting.Diagnostics[1]
      Request starting HTTP/1.1 DELETE http://127.0.0.1:46097/api/{**path}?terminalId=c772d547-a928-49ba-88be-3a32c42040fa - application/json;+charset=utf-8 2
info: Microsoft.AspNetCore.Routing.EndpointMiddleware[0]
      Executing endpoint 'HTTP: GET, POST, PUT, PATCH, DELETE, OPTIONS /api/{**path}'
info: Microsoft.AspNetCore.Http.Result.JsonResult[1]
      Setting HTTP status code 404.
info: Microsoft.AspNetCore.Http.Result.JsonResult[3]
      Writing value of type 'ApiErrorEnvelope' as Json.
info: Microsoft.AspNetCore.Routing.EndpointMiddleware[1]
      Executed endpoint 'HTTP: GET, POST, PUT, PATCH, DELETE, OPTIONS /api/{**path}'
info: Microsoft.AspNetCore.Hosting.Diagnostics[2]
      Request finished HTTP/1.1 DELETE https://127.0.0.1:46097/api/{**path}?terminalId=c772d547-a928-49ba-88be-3a32c42040fa - 404 - application/json;+charset=utf-8 0.1076ms
info: Microsoft.AspNetCore.Hosting.Diagnostics[1]
      Request starting HTTP/1.1 OPTIONS http://127.0.0.1:46097/api/{**path}?terminalId=f72416f3-f0d2-4b1b-b6dd-d428fcc76cd2 - application/json;+charset=utf-8 2
info: Microsoft.AspNetCore.Routing.EndpointMiddleware[0]
      Executing endpoint 'HTTP: GET, POST, PUT, PATCH, DELETE, OPTIONS /api/{**path}'
info: Microsoft.AspNetCore.Http.Result.JsonResult[1]
      Setting HTTP status code 404.
info: Microsoft.AspNetCore.Http.Result.JsonResult[3]
      Writing value of type 'ApiErrorEnvelope' as Json.
info: Microsoft.AspNetCore.Routing.EndpointMiddleware[1]
      Executed endpoint 'HTTP: GET, POST, PUT, PATCH, DELETE, OPTIONS /api/{**path}'
info: Microsoft.AspNetCore.Hosting.Diagnostics[2]
      Request finished HTTP/1.1 OPTIONS https://127.0.0.1:46097/api/{**path}?terminalId=f72416f3-f0d2-4b1b-b6dd-d428fcc76cd2 - 404 - application/json;+charset=utf-8 0.0969ms
info: Microsoft.AspNetCore.Hosting.Diagnostics[1]
      Request starting HTTP/1.1 GET http://127.0.0.1:46097/health/ready?terminalId=aff4edf8-5b8a-46af-b297-00d694f4d00e - - -
info: Microsoft.AspNetCore.Routing.EndpointMiddleware[0]
      Executing endpoint 'HTTP: GET /health/ready'
info: Microsoft.AspNetCore.Http.Result.OkObjectResult[1]
      Setting HTTP status code 200.
info: Microsoft.AspNetCore.Http.Result.OkObjectResult[3]
      Writing value of type '<>f__AnonymousType0`1' as Json.
info: Microsoft.AspNetCore.Routing.EndpointMiddleware[1]
      Executed endpoint 'HTTP: GET /health/ready'
info: Microsoft.AspNetCore.Hosting.Diagnostics[2]
      Request finished HTTP/1.1 GET https://127.0.0.1:46097/health/ready?terminalId=aff4edf8-5b8a-46af-b297-00d694f4d00e - 200 - application/json;+charset=utf-8 6.8910ms
info: Microsoft.AspNetCore.Hosting.Diagnostics[1]
      Request starting HTTP/1.1 POST http://127.0.0.1:46097/api/v1/auth/login - application/json;+charset=utf-8 112
info: Microsoft.AspNetCore.Routing.EndpointMiddleware[0]
      Executing endpoint 'HTTP: POST /api/v1/auth/login'
info: Microsoft.AspNetCore.Http.Result.JsonResult[1]
      Setting HTTP status code 401.
info: Microsoft.AspNetCore.Http.Result.JsonResult[3]
      Writing value of type 'ApiErrorEnvelope' as Json.
info: Microsoft.AspNetCore.Routing.EndpointMiddleware[1]
      Executed endpoint 'HTTP: POST /api/v1/auth/login'
info: Microsoft.AspNetCore.Hosting.Diagnostics[2]
      Request finished HTTP/1.1 POST https://127.0.0.1:46097/api/v1/auth/login - 401 - application/json;+charset=utf-8 453.2745ms
info: Microsoft.AspNetCore.Hosting.Diagnostics[1]
      Request starting HTTP/1.1 POST http://127.0.0.1:46097/api/v1/auth/login - application/json;+charset=utf-8 112
info: Microsoft.AspNetCore.Routing.EndpointMiddleware[0]
      Executing endpoint 'HTTP: POST /api/v1/auth/login'
  Passed ALKAROS.Audit.AuthorizationProbes.AuthorizationProbes.D1EveryNonPublicRouteRejectsAnonymousCaller [1 s]
  Standard Output Messages:
 D1	POST	/api/v1/auth/login	400	public
 D1	POST	/api/v1/auth/logout	401	private
 D1	POST	/api/v1/auth/pin	401	private
 D1	GET	/api/v1/auth/session	401	private
 D1	GET	/api/v1/auth/session/current	401	private
 D1	POST	/api/v1/auth/unlock	401	private
 D1	POST	/api/v1/customer-displays/pairing-requests	400	public
 D1	POST	/api/v1/customer-displays/pairing-requests/{requestId:guid}/complete	404	public
 D1	GET	/api/v1/customer-displays/{displayId:guid}/screensaver	401	private
 D1	GET	/api/v1/customer-displays/{displayId:guid}/snapshot	401	private
 D1	POST	/api/v1/integrations/trendyol-go/orders/webhook/{eventType}	503	public
 D1	POST	/api/v1/integrations/yemeksepeti/orders/webhook	503	public
 D1	GET	/api/v1/management/authorization/behavioural-tightenings	401	private
 D1	POST	/api/v1/management/authorization/behavioural-tightenings/{tighteningId:guid}/clear	401	private
 D1	GET	/api/v1/management/authorization/delegations	401	private
 D1	POST	/api/v1/management/authorization/delegations/{delegationId:guid}/revoke	401	private
 D1	POST	/api/v1/management/authorization/grants/{grantId:guid}/approve	401	private
 D1	POST	/api/v1/management/authorization/grants/{grantId:guid}/deny	401	private
 D1	GET	/api/v1/management/authorization/pending-grants	401	private
 D1	GET	/api/v1/management/business-identity/accent-palette	401	private
 D1	PUT	/api/v1/management/business-identity/logo	404	second-pass
 D1	DELETE	/api/v1/management/business-identity/logo	401	private
 D1	GET	/api/v1/management/catalog/categories	401	private
 D1	POST	/api/v1/management/catalog/categories	401	private
 D1	GET	/api/v1/management/catalog/effective-price	401	private
 D1	GET	/api/v1/management/catalog/modifier-groups	401	private
 D1	POST	/api/v1/management/catalog/modifier-groups	401	private
 D1	GET	/api/v1/management/catalog/modifiers	401	private
 D1	POST	/api/v1/management/catalog/modifiers	401	private
 D1	GET	/api/v1/management/catalog/prices	401	private
 D1	POST	/api/v1/management/catalog/prices	401	private
 D1	GET	/api/v1/management/catalog/product-modifier-assignments	401	private
 D1	POST	/api/v1/management/catalog/product-modifier-assignments	401	private
 D1	GET	/api/v1/management/catalog/products	401	private
 D1	POST	/api/v1/management/catalog/products	401	private
 D1	POST	/api/v1/management/catalog/products/{productId:guid}/availability	401	private
 D1	POST	/api/v1/management/catalog/products/{productId:guid}/prep-time	401	private
 D1	GET	/api/v1/management/catalog/tax-profiles	401	private
 D1	POST	/api/v1/management/catalog/tax-profiles	401	private
 D1	PUT	/api/v1/management/customer-display/screensaver	404	second-pass
 D1	DELETE	/api/v1/management/customer-display/screensaver	401	private
 D1	POST	/api/v1/management/inventory/modifiers/{modifierId:guid}/stock-mappings	401	private
 D1	GET	/api/v1/management/inventory/modifiers/{modifierId:guid}/stock-mappings	401	private
 D1	DELETE	/api/v1/management/inventory/modifiers/{modifierId:guid}/stock-mappings/{stockItemId:guid}	401	private
 D1	POST	/api/v1/management/inventory/products/{productId:guid}/stock-mappings	401	private
 D1	GET	/api/v1/management/inventory/products/{productId:guid}/stock-mappings	401	private
 D1	DELETE	/api/v1/management/inventory/products/{productId:guid}/stock-mappings/{stockItemId:guid}	401	private
 D1	GET	/api/v1/management/inventory/reports/actual-vs-theoretical	401	private
 D1	GET	/api/v1/management/inventory/reports/critical-stock	401	private
 D1	GET	/api/v1/management/inventory/stock-items	401	private
 D1	POST	/api/v1/management/inventory/stock-items	401	private
 D1	POST	/api/v1/management/inventory/stock-items/{stockItemId:guid}/physical-counts	401	private
 D1	PUT	/api/v1/management/inventory/stock-items/{stockItemId:guid}/reorder-point	401	private
 D1	POST	/api/v1/management/inventory/stock-items/{stockItemId:guid}/waste	401	private
 D1	GET	/api/v1/management/inventory/stock-locations	401	private
 D1	POST	/api/v1/management/inventory/stock-locations	401	private
 D1	GET	/api/v1/management/inventory/waste	401	private
 D1	POST	/api/v1/management/menus-and-specials/daily-menus	401	private
 D1	GET	/api/v1/management/menus-and-specials/daily-menus/by-date/{businessDate}	401	private
 D1	PUT	/api/v1/management/menus-and-specials/daily-menus/items/{dailyMenuItemId:guid}/planned-portions	401	private
 D1	PUT	/api/v1/management/menus-and-specials/daily-menus/items/{dailyMenuItemId:guid}/price	401	private
 D1	PUT	/api/v1/management/menus-and-specials/daily-menus/items/{dailyMenuItemId:guid}/status	401	private
 D1	GET	/api/v1/management/menus-and-specials/daily-menus/{dailyMenuId:guid}	401	private
 D1	POST	/api/v1/management/menus-and-specials/daily-menus/{dailyMenuId:guid}/close	401	private
 D1	POST	/api/v1/management/menus-and-specials/daily-menus/{dailyMenuId:guid}/items	401	private
 D1	POST	/api/v1/management/menus-and-specials/daily-menus/{dailyMenuId:guid}/open	401	private
 D1	GET	/api/v1/management/menus-and-specials/menus	401	private
 D1	POST	/api/v1/management/menus-and-specials/menus	401	private
 D1	GET	/api/v1/management/menus-and-specials/menus/{menuId:guid}	401	private
 D1	PUT	/api/v1/management/menus-and-specials/menus/{menuId:guid}	401	private
 D1	POST	/api/v1/management/menus-and-specials/menus/{menuId:guid}/items	401	private
 D1	POST	/api/v1/management/menus-and-specials/menus/{menuId:guid}/items/reorder	401	private
 D1	PUT	/api/v1/management/menus-and-specials/menus/{menuId:guid}/items/{menuItemId:guid}	401	private
 D1	GET	/api/v1/management/observability/alerts/active	401	private
 D1	GET	/api/v1/management/observability/alerts/by-source	401	private
 D1	POST	/api/v1/management/observability/alerts/raise	401	private
 D1	GET	/api/v1/management/observability/alerts/{alertId:guid}	401	private
 D1	POST	/api/v1/management/observability/alerts/{alertId:guid}/acknowledge	401	private
 D1	POST	/api/v1/management/observability/alerts/{alertId:guid}/escalate	401	private
 D1	GET	/api/v1/management/observability/alerts/{alertId:guid}/events	401	private
 D1	POST	/api/v1/management/observability/alerts/{alertId:guid}/resolve	401	private
 D1	POST	/api/v1/management/observability/alerts/{alertId:guid}/suppress	401	private
 D1	POST	/api/v1/management/observability/health-checks	401	private
 D1	GET	/api/v1/management/observability/health-checks/by-target	401	private
 D1	GET	/api/v1/management/observability/health-checks/unhealthy	401	private
 D1	GET	/api/v1/management/observability/health-checks/{healthCheckId:guid}	401	private
 D1	GET	/api/v1/management/payments/manual-confirmations	401	private
 D1	POST	/api/v1/management/payments/reconciliation-scan	401	private
 D1	GET	/api/v1/management/payments/settlement-report	401	private
 D1	GET	/api/v1/management/production/batches	401	private
 D1	POST	/api/v1/management/production/batches	401	private
 D1	GET	/api/v1/management/production/batches/by-number/{batchNumber}	401	private
 D1	GET	/api/v1/management/production/batches/{batchId:guid}	401	private
 D1	POST	/api/v1/management/production/batches/{batchId:guid}/cancel	401	private
 D1	POST	/api/v1/management/production/batches/{batchId:guid}/complete	401	private
 D1	GET	/api/v1/management/production/batches/{batchId:guid}/consumptions	401	private
 D1	GET	/api/v1/management/production/batches/{batchId:guid}/outputs	401	private
 D1	PUT	/api/v1/management/production/batches/{batchId:guid}/recipe-version	401	private
 D1	POST	/api/v1/management/production/batches/{batchId:guid}/start	401	private
 D1	GET	/api/v1/management/purchasing/purchase-orders	401	private
 D1	POST	/api/v1/management/purchasing/purchase-orders	401	private
 D1	GET	/api/v1/management/purchasing/purchase-orders/{orderId:guid}	401	private
 D1	POST	/api/v1/management/purchasing/purchase-orders/{orderId:guid}/cancel	401	private
 D1	POST	/api/v1/management/purchasing/purchase-orders/{orderId:guid}/receipts	401	private
 D1	GET	/api/v1/management/purchasing/purchase-orders/{orderId:guid}/receipts	401	private
 D1	POST	/api/v1/management/purchasing/purchase-orders/{orderId:guid}/submit	401	private
 D1	GET	/api/v1/management/purchasing/receipts/{receiptId:guid}	401	private
 D1	GET	/api/v1/management/purchasing/suppliers	401	private
 D1	POST	/api/v1/management/purchasing/suppliers	401	private
 D1	GET	/api/v1/management/purchasing/suppliers/{supplierId:guid}	401	private
 D1	PUT	/api/v1/management/purchasing/suppliers/{supplierId:guid}	401	private
 D1	POST	/api/v1/management/purchasing/suppliers/{supplierId:guid}/activate	401	private
 D1	POST	/api/v1/management/purchasing/suppliers/{supplierId:guid}/deactivate	401	private
 D1	GET	/api/v1/management/recipes/	401	private
 D1	POST	/api/v1/management/recipes/	401	private
 D1	POST	/api/v1/management/recipes/products/{productId:guid}/mapping	401	private
 D1	GET	/api/v1/management/recipes/products/{productId:guid}/mapping	401	private
 D1	DELETE	/api/v1/management/recipes/products/{productId:guid}/mapping	401	private
 D1	GET	/api/v1/management/recipes/unit-conversions	401	private
 D1	POST	/api/v1/management/recipes/unit-conversions	401	private
 D1	POST	/api/v1/management/recipes/versions/{versionId:guid}/ingredients	401	private
 D1	DELETE	/api/v1/management/recipes/versions/{versionId:guid}/ingredients/{ingredientItemId:guid}	401	private
 D1	POST	/api/v1/management/recipes/versions/{versionId:guid}/lock	401	private
 D1	GET	/api/v1/management/recipes/{recipeId:guid}/versions	401	private
 D1	POST	/api/v1/management/recipes/{recipeId:guid}/versions	401	private
 D1	POST	/api/v1/management/recipes/{recipeId:guid}/versions/next	401	private
 D1	POST	/api/v1/management/recipes/{recipeId:guid}/versions/{versionNumber:int}/activate	401	private
 D1	POST	/api/v1/management/recipes/{recipeVersionId:guid}/cost-snapshots/	401	private
 D1	GET	/api/v1/management/recipes/{recipeVersionId:guid}/cost-snapshots/effective	401	private
 D1	POST	/api/v1/management/reconciliation/cases/	401	private
 D1	GET	/api/v1/management/reconciliation/cases/	401	private
 D1	GET	/api/v1/management/reconciliation/cases/{caseId:guid}	401	private
 D1	GET	/api/v1/management/reconciliation/cases/{caseId:guid}/actions	401	private
 D1	POST	/api/v1/management/reconciliation/cases/{caseId:guid}/notes	401	private
 D1	POST	/api/v1/management/reconciliation/cases/{caseId:guid}/transition	401	private
 D1	POST	/api/v1/management/reconciliation/online-orders/cases/{caseId:guid}/resolve	401	private
 D1	POST	/api/v1/management/reconciliation/online-orders/cases/{caseId:guid}/retry	401	private
 D1	POST	/api/v1/management/reconciliation/online-orders/scan	401	private
 D1	POST	/api/v1/management/reporting/business-day/open	401	private
 D1	GET	/api/v1/management/reporting/business-day/{businessDate}	401	private
 D1	POST	/api/v1/management/reporting/business-day/{businessDate}/close	401	private
 D1	GET	/api/v1/management/reporting/business-day/{businessDate}/full-report	401	private
 D1	GET	/api/v1/management/reports/channels/	401	private
 D1	POST	/api/v1/management/roles/permissions	401	second-pass
 D1	POST	/api/v1/management/roles/roles	401	second-pass
 D1	POST	/api/v1/management/roles/roles/{roleId:guid}/permissions	401	second-pass
 D1	DELETE	/api/v1/management/roles/roles/{roleId:guid}/permissions/{permissionCode}	401	private
 D1	POST	/api/v1/management/roles/roles/{roleId:guid}/users/{userId:guid}	401	private
 D1	DELETE	/api/v1/management/roles/roles/{roleId:guid}/users/{userId:guid}	401	private
 D1	GET	/api/v1/management/security/backup/restore-attempts	401	private
 D1	GET	/api/v1/management/security/backup/rpo	401	private
 D1	POST	/api/v1/management/security/diagnostic-bundle	401	private
 D1	GET	/api/v1/management/security/maintenance/jobs	401	private
 D1	POST	/api/v1/management/security/maintenance/jobs/{name}/run	401	private
 D1	GET	/api/v1/management/security/orders/backlog	401	private
 D1	POST	/api/v1/management/security/orders/close-settled	401	private
 D1	GET	/api/v1/management/security/outbox/dead-letters	401	private
 D1	POST	/api/v1/management/security/outbox/dead-letters/{id:guid}/requeue	401	private
 D1	GET	/api/v1/management/security/secrets	401	private
 D1	GET	/api/v1/management/security/secrets/{name}/rotation	401	private
 D1	POST	/api/v1/management/security/secrets/{name}/rotation/initialize	401	private
 D1	POST	/api/v1/management/security/secrets/{name}/rotation/revoke	401	private
 D1	POST	/api/v1/management/security/secrets/{name}/rotation/rollback	401	private
 D1	POST	/api/v1/management/security/secrets/{name}/rotation/rotate	401	private
 D1	GET	/api/v1/management/security/users/lookup	401	private
 D1	POST	/api/v1/management/security/users/{userId:guid}/force-unlock	401	private
 D1	POST	/api/v1/management/security/users/{userId:guid}/revoke-sessions	401	private
 D1	GET	/api/v1/management/settings/	401	private
 D1	GET	/api/v1/management/settings/{key}	401	private
 D1	PUT	/api/v1/management/settings/{key}	401	private
 D1	DELETE	/api/v1/management/settings/{key}	401	private
 D1	GET	/api/v1/management/settings/{key}/history	401	private
 D1	POST	/api/v1/management/users/	401	second-pass
 D1	GET	/api/v1/nfc/tables/{tableId:guid}/catalog	200	public
 D1	POST	/api/v1/nfc/tables/{tableId:guid}/orders	400	public
 D1	GET	/api/v1/qr/bill	401	public
 D1	GET	/api/v1/qr/branding	200	public
 D1	GET	/api/v1/qr/logo	404	public
 D1	GET	/api/v1/qr/menu	401	public
 D1	POST	/api/v1/qr/orders	400	public
 D1	GET	/api/v1/qr/orders/{submissionId:guid}	401	public
 D1	POST	/api/v1/qr/sessions	400	public
 D1	POST	/api/v1/terminals/{terminalId:guid}/billing/bills/from-order/{orderId:guid}	401	private
 D1	GET	/api/v1/terminals/{terminalId:guid}/billing/bills/{billId:guid}/adjustments	401	private
 D1	POST	/api/v1/terminals/{terminalId:guid}/billing/bills/{billId:guid}/discount	401	private
 D1	GET	/api/v1/terminals/{terminalId:guid}/billing/bills/{billId:guid}/split-design/	401	private
 D1	PUT	/api/v1/terminals/{terminalId:guid}/billing/bills/{billId:guid}/split-design/amounts	401	private
 D1	POST	/api/v1/terminals/{terminalId:guid}/billing/bills/{billId:guid}/split-design/clear	401	private
 D1	PUT	/api/v1/terminals/{terminalId:guid}/billing/bills/{billId:guid}/split-design/custom	401	private
 D1	PUT	/api/v1/terminals/{terminalId:guid}/billing/bills/{billId:guid}/split-design/equal	401	private
 D1	PUT	/api/v1/terminals/{terminalId:guid}/billing/bills/{billId:guid}/split-design/items	401	private
 D1	GET	/api/v1/terminals/{terminalId:guid}/billing/bills/{billId:guid}/split-design/owners	401	private
 D1	GET	/api/v1/terminals/{terminalId:guid}/billing/bills/{billId:guid}/tenders/	401	private
 D1	POST	/api/v1/terminals/{terminalId:guid}/billing/bills/{billId:guid}/tenders/	401	private
 D1	POST	/api/v1/terminals/{terminalId:guid}/billing/bills/{billId:guid}/tenders/confirmations/{confirmationId:guid}/approve	401	private
 D1	POST	/api/v1/terminals/{terminalId:guid}/billing/bills/{billId:guid}/tenders/confirmations/{confirmationId:guid}/reject	401	private
 D1	POST	/api/v1/terminals/{terminalId:guid}/billing/bills/{billId:guid}/tenders/unsettled/{paymentId:guid}/card-charged	401	private
 D1	POST	/api/v1/terminals/{terminalId:guid}/billing/bills/{billId:guid}/tenders/unsettled/{paymentId:guid}/not-charged	401	private
 D1	POST	/api/v1/terminals/{terminalId:guid}/billing/bills/{billId:guid}/tip	401	private
 D1	POST	/api/v1/terminals/{terminalId:guid}/cash-sessions/	401	private
 D1	GET	/api/v1/terminals/{terminalId:guid}/cash-sessions/active	401	private
 D1	GET	/api/v1/terminals/{terminalId:guid}/cash-sessions/suggested-opening-balance	401	private
 D1	POST	/api/v1/terminals/{terminalId:guid}/cash-sessions/{cashSessionId:guid}/cash-movements	401	private
 D1	POST	/api/v1/terminals/{terminalId:guid}/cash-sessions/{cashSessionId:guid}/cash-tender	401	private
 D1	POST	/api/v1/terminals/{terminalId:guid}/cash-sessions/{cashSessionId:guid}/close	401	private
 D1	POST	/api/v1/terminals/{terminalId:guid}/cash-sessions/{cashSessionId:guid}/counts	401	private
 D1	GET	/api/v1/terminals/{terminalId:guid}/cash-sessions/{cashSessionId:guid}/expected-cash	401	private
 D1	POST	/api/v1/terminals/{terminalId:guid}/cash-sessions/{cashSessionId:guid}/reconcile	401	private
 D1	POST	/api/v1/terminals/{terminalId:guid}/cash-sessions/{cashSessionId:guid}/start-count	401	private
 D1	GET	/api/v1/terminals/{terminalId:guid}/catalog	401	private
 D1	POST	/api/v1/terminals/{terminalId:guid}/display-sessions/revoke	401	private
 D1	POST	/api/v1/terminals/{terminalId:guid}/help-requests/	401	private
 D1	GET	/api/v1/terminals/{terminalId:guid}/kitchen-operations/audit/aggregate/{aggregateType}/{aggregateId:guid}	401	private
 D1	GET	/api/v1/terminals/{terminalId:guid}/kitchen-operations/audit/correlation/{correlationId}	401	private
 D1	GET	/api/v1/terminals/{terminalId:guid}/kitchen-operations/categories	401	private
 D1	GET	/api/v1/terminals/{terminalId:guid}/kitchen-operations/deliveries/unknown	401	private
 D1	GET	/api/v1/terminals/{terminalId:guid}/kitchen-operations/deliveries/{deliveryId:guid}	401	private
 D1	POST	/api/v1/terminals/{terminalId:guid}/kitchen-operations/deliveries/{deliveryId:guid}/reprint-approval	401	private
 D1	POST	/api/v1/terminals/{terminalId:guid}/kitchen-operations/deliveries/{deliveryId:guid}/reprint-rejection	401	private
 D1	POST	/api/v1/terminals/{terminalId:guid}/kitchen-operations/operations/backups	401	private
 D1	GET	/api/v1/terminals/{terminalId:guid}/kitchen-operations/operations/backups/recent	401	private
 D1	GET	/api/v1/terminals/{terminalId:guid}/kitchen-operations/operations/health/latest	401	private
 D1	GET	/api/v1/terminals/{terminalId:guid}/kitchen-operations/operations/live-sync	401	private
 D1	GET	/api/v1/terminals/{terminalId:guid}/kitchen-operations/operations/performance-report	401	private
 D1	GET	/api/v1/terminals/{terminalId:guid}/kitchen-operations/print-jobs	401	private
 D1	GET	/api/v1/terminals/{terminalId:guid}/kitchen-operations/print-jobs/{jobId:guid}	401	private
 D1	GET	/api/v1/terminals/{terminalId:guid}/kitchen-operations/printers	401	private
 D1	PUT	/api/v1/terminals/{terminalId:guid}/kitchen-operations/printers/{printerId:guid}	401	private
 D1	POST	/api/v1/terminals/{terminalId:guid}/kitchen-operations/products/{productId:guid}/suspend	401	private
 D1	GET	/api/v1/terminals/{terminalId:guid}/kitchen-operations/routes	401	private
 D1	POST	/api/v1/terminals/{terminalId:guid}/kitchen-operations/routes/{routeId:guid}	401	private
 D1	PUT	/api/v1/terminals/{terminalId:guid}/kitchen-operations/routes/{routeId:guid}	401	private
 D1	GET	/api/v1/terminals/{terminalId:guid}/kitchen-operations/tickets	401	private
 D1	GET	/api/v1/terminals/{terminalId:guid}/kitchen-operations/tickets/{ticketId:guid}	401	private
 D1	POST	/api/v1/terminals/{terminalId:guid}/kitchen-operations/tickets/{ticketId:guid}/items/{itemId:guid}/transition	401	private
 D1	POST	/api/v1/terminals/{terminalId:guid}/kitchen-operations/tickets/{ticketId:guid}/items/{itemId:guid}/undo	401	private
 D1	POST	/api/v1/terminals/{terminalId:guid}/kitchen-operations/tickets/{ticketId:guid}/transition	401	private
 D1	POST	/api/v1/terminals/{terminalId:guid}/offline-reconciliation/	401	private
 D1	GET	/api/v1/terminals/{terminalId:guid}/online-channels	401	private
 D1	GET	/api/v1/terminals/{terminalId:guid}/online-menu/{provider}	401	private
 D1	PUT	/api/v1/terminals/{terminalId:guid}/online-menu/{provider}/mappings/{productId:guid}	401	private
 D1	DELETE	/api/v1/terminals/{terminalId:guid}/online-menu/{provider}/mappings/{productId:guid}	401	private
 D1	GET	/api/v1/terminals/{terminalId:guid}/online-operations/	401	private
 D1	POST	/api/v1/terminals/{terminalId:guid}/online-operations/orders/{orderId:guid}/cancel	401	private
 D1	GET	/api/v1/terminals/{terminalId:guid}/online-operations/orders/{orderId:guid}/customer-note	401	private
 D1	POST	/api/v1/terminals/{terminalId:guid}/online-operations/orders/{orderId:guid}/hand-over	401	private
 D1	POST	/api/v1/terminals/{terminalId:guid}/online-ordering/catalog-publications/	401	private
 D1	GET	/api/v1/terminals/{terminalId:guid}/online-platform-credentials/	401	private
 D1	PUT	/api/v1/terminals/{terminalId:guid}/online-platform-credentials/{provider}	401	private
 D1	GET	/api/v1/terminals/{terminalId:guid}/online-problems/	401	private
 D1	POST	/api/v1/terminals/{terminalId:guid}/online-problems/{caseId:guid}/resolve	401	private
 D1	POST	/api/v1/terminals/{terminalId:guid}/online-problems/{caseId:guid}/retry	401	private
 D1	GET	/api/v1/terminals/{terminalId:guid}/online-store-status/	401	private
 D1	PUT	/api/v1/terminals/{terminalId:guid}/online-store-status/{provider}	401	private
 D1	POST	/api/v1/terminals/{terminalId:guid}/orders	401	private
 D1	GET	/api/v1/terminals/{terminalId:guid}/orders/active	401	private
 D1	GET	/api/v1/terminals/{terminalId:guid}/orders/awaiting-payment	401	private
 D1	POST	/api/v1/terminals/{terminalId:guid}/orders/handoff-note/pop	401	private
 D1	GET	/api/v1/terminals/{terminalId:guid}/orders/my-shift-summary	401	private
 D1	GET	/api/v1/terminals/{terminalId:guid}/orders/pending	401	private
 D1	GET	/api/v1/terminals/{terminalId:guid}/orders/staff	401	private
 D1	GET	/api/v1/terminals/{terminalId:guid}/orders/suggested-waiter	401	private
 D1	POST	/api/v1/terminals/{terminalId:guid}/orders/table	401	private
 D1	POST	/api/v1/terminals/{terminalId:guid}/orders/table-draft	401	private
 D1	GET	/api/v1/terminals/{terminalId:guid}/orders/table/{tableId:guid}	401	private
 D1	POST	/api/v1/terminals/{terminalId:guid}/orders/transfer-server	401	private
 D1	GET	/api/v1/terminals/{terminalId:guid}/orders/waiter-load	401	private
 D1	GET	/api/v1/terminals/{terminalId:guid}/orders/{orderId:guid}	401	private
 D1	POST	/api/v1/terminals/{terminalId:guid}/orders/{orderId:guid}/accept	401	private
 D1	POST	/api/v1/terminals/{terminalId:guid}/orders/{orderId:guid}/fire-course	401	private
 D1	POST	/api/v1/terminals/{terminalId:guid}/orders/{orderId:guid}/items	401	private
 D1	PATCH	/api/v1/terminals/{terminalId:guid}/orders/{orderId:guid}/items/{itemId:guid}	401	private
 D1	DELETE	/api/v1/terminals/{terminalId:guid}/orders/{orderId:guid}/items/{itemId:guid}	400	second-pass
 D1	POST	/api/v1/terminals/{terminalId:guid}/orders/{orderId:guid}/items/{itemId:guid}/comp	401	private
 D1	POST	/api/v1/terminals/{terminalId:guid}/orders/{orderId:guid}/items/{itemId:guid}/void	401	private
 D1	POST	/api/v1/terminals/{terminalId:guid}/orders/{orderId:guid}/items/{itemId:guid}/void-sent	401	private
 D1	POST	/api/v1/terminals/{terminalId:guid}/orders/{orderId:guid}/recall-from-cashier	401	private
 D1	POST	/api/v1/terminals/{terminalId:guid}/orders/{orderId:guid}/reject	401	private
 D1	POST	/api/v1/terminals/{terminalId:guid}/orders/{orderId:guid}/send-to-cashier	401	private
 D1	POST	/api/v1/terminals/{terminalId:guid}/orders/{orderId:guid}/submit	401	private
 D1	POST	/api/v1/terminals/{terminalId:guid}/orders/{orderId:guid}/submit-draft	401	private
 D1	POST	/api/v1/terminals/{terminalId:guid}/pairings/approve	401	private
 D1	GET	/api/v1/terminals/{terminalId:guid}/push/public-key	401	private
 D1	POST	/api/v1/terminals/{terminalId:guid}/push/subscriptions	401	private
 D1	DELETE	/api/v1/terminals/{terminalId:guid}/push/subscriptions	400	second-pass
 D1	POST	/api/v1/terminals/{terminalId:guid}/qnb-credential/	401	private
 D1	GET	/api/v1/terminals/{terminalId:guid}/qnb-credential/status	401	private
 D1	POST	/api/v1/terminals/{terminalId:guid}/qnb-credential/test-connection	401	private
 D1	POST	/api/v1/terminals/{terminalId:guid}/relay-credential/	401	private
 D1	POST	/api/v1/terminals/{terminalId:guid}/relay-credential/provision	401	private
 D1	GET	/api/v1/terminals/{terminalId:guid}/relay-credential/status	401	private
 D1	GET	/api/v1/terminals/{terminalId:guid}/runtime-configuration	401	private
 D1	GET	/api/v1/terminals/{terminalId:guid}/table-management/floor-plans/{zoneId:guid}	401	private
 D1	PUT	/api/v1/terminals/{terminalId:guid}/table-management/floor-plans/{zoneId:guid}	401	private
 D1	POST	/api/v1/terminals/{terminalId:guid}/table-management/merges	401	private
 D1	POST	/api/v1/terminals/{terminalId:guid}/table-management/merges/{mergeGroupId:guid}/unmerge	401	private
 D1	POST	/api/v1/terminals/{terminalId:guid}/table-management/reservations	401	private
 D1	GET	/api/v1/terminals/{terminalId:guid}/table-management/reservations/{reservationId:guid}	401	private
 D1	POST	/api/v1/terminals/{terminalId:guid}/table-management/reservations/{reservationId:guid}/cancel	401	private
 D1	POST	/api/v1/terminals/{terminalId:guid}/table-management/reservations/{reservationId:guid}/claim	401	private
 D1	POST	/api/v1/terminals/{terminalId:guid}/table-management/reservations/{reservationId:guid}/expire	401	private
 D1	GET	/api/v1/terminals/{terminalId:guid}/table-management/tables	401	private
 D1	POST	/api/v1/terminals/{terminalId:guid}/table-management/tables	401	private
 D1	GET	/api/v1/terminals/{terminalId:guid}/table-management/tables/{tableId:guid}	401	private
 D1	PUT	/api/v1/terminals/{terminalId:guid}/table-management/tables/{tableId:guid}	401	private
 D1	GET	/api/v1/terminals/{terminalId:guid}/table-management/tables/{tableId:guid}/current-pointer	401	private
 D1	POST	/api/v1/terminals/{terminalId:guid}/table-management/tables/{tableId:guid}/status	401	private
 D1	POST	/api/v1/terminals/{terminalId:guid}/table-management/transfers	401	private
 D1	GET	/api/v1/terminals/{terminalId:guid}/table-management/zones	401	private
 D1	POST	/api/v1/terminals/{terminalId:guid}/table-management/zones	401	private
 D1	PUT	/api/v1/terminals/{terminalId:guid}/table-management/zones/{zoneId:guid}	401	private
 D1	DELETE	/api/v1/terminals/{terminalId:guid}/table-management/zones/{zoneId:guid}	401	private
 D1	POST	/api/v1/terminals/{terminalId:guid}/token-credential/	401	private
 D1	GET	/api/v1/terminals/{terminalId:guid}/token-credential/status	401	private
 D1	GET	/api/{**path}	404	public
 D1	POST	/api/{**path}	404	public
 D1	PUT	/api/{**path}	404	public
 D1	PATCH	/api/{**path}	404	public
 D1	DELETE	/api/{**path}	404	public
 D1	OPTIONS	/api/{**path}	404	public
 D1	GET	/health/ready	200	public


info: Microsoft.AspNetCore.Http.Result.JsonResult[1]
      Setting HTTP status code 401.
info: Microsoft.AspNetCore.Http.Result.JsonResult[3]
      Writing value of type 'ApiErrorEnvelope' as Json.
info: Microsoft.AspNetCore.Routing.EndpointMiddleware[1]
      Executed endpoint 'HTTP: POST /api/v1/auth/login'
info: Microsoft.AspNetCore.Hosting.Diagnostics[2]
      Request finished HTTP/1.1 POST https://127.0.0.1:46097/api/v1/auth/login - 401 - application/json;+charset=utf-8 444.3214ms
info: Microsoft.AspNetCore.Hosting.Diagnostics[1]
      Request starting HTTP/1.1 POST http://127.0.0.1:46097/api/v1/auth/login - application/json;+charset=utf-8 112
info: Microsoft.AspNetCore.Routing.EndpointMiddleware[0]
      Executing endpoint 'HTTP: POST /api/v1/auth/login'
info: Microsoft.AspNetCore.Http.Result.JsonResult[1]
      Setting HTTP status code 401.
info: Microsoft.AspNetCore.Http.Result.JsonResult[3]
      Writing value of type 'ApiErrorEnvelope' as Json.
info: Microsoft.AspNetCore.Routing.EndpointMiddleware[1]
      Executed endpoint 'HTTP: POST /api/v1/auth/login'
info: Microsoft.AspNetCore.Hosting.Diagnostics[2]
      Request finished HTTP/1.1 POST https://127.0.0.1:46097/api/v1/auth/login - 401 - application/json;+charset=utf-8 433.2423ms
info: Microsoft.AspNetCore.Hosting.Diagnostics[1]
      Request starting HTTP/1.1 POST http://127.0.0.1:46097/api/v1/auth/login - application/json;+charset=utf-8 112
info: Microsoft.AspNetCore.Routing.EndpointMiddleware[0]
      Executing endpoint 'HTTP: POST /api/v1/auth/login'
info: Microsoft.AspNetCore.Http.Result.JsonResult[1]
      Setting HTTP status code 401.
info: Microsoft.AspNetCore.Http.Result.JsonResult[3]
      Writing value of type 'ApiErrorEnvelope' as Json.
info: Microsoft.AspNetCore.Routing.EndpointMiddleware[1]
      Executed endpoint 'HTTP: POST /api/v1/auth/login'
info: Microsoft.AspNetCore.Hosting.Diagnostics[2]
      Request finished HTTP/1.1 POST https://127.0.0.1:46097/api/v1/auth/login - 401 - application/json;+charset=utf-8 493.7102ms
info: Microsoft.AspNetCore.Hosting.Diagnostics[1]
      Request starting HTTP/1.1 POST http://127.0.0.1:46097/api/v1/auth/login - application/json;+charset=utf-8 112
info: Microsoft.AspNetCore.Routing.EndpointMiddleware[0]
      Executing endpoint 'HTTP: POST /api/v1/auth/login'
info: Microsoft.AspNetCore.Http.Result.JsonResult[1]
      Setting HTTP status code 401.
info: Microsoft.AspNetCore.Http.Result.JsonResult[3]
      Writing value of type 'ApiErrorEnvelope' as Json.
info: Microsoft.AspNetCore.Routing.EndpointMiddleware[1]
      Executed endpoint 'HTTP: POST /api/v1/auth/login'
info: Microsoft.AspNetCore.Hosting.Diagnostics[2]
      Request finished HTTP/1.1 POST https://127.0.0.1:46097/api/v1/auth/login - 401 - application/json;+charset=utf-8 462.6074ms
info: Microsoft.AspNetCore.Hosting.Diagnostics[1]
      Request starting HTTP/1.1 POST http://127.0.0.1:46097/api/v1/auth/login - application/json;+charset=utf-8 116
info: Microsoft.AspNetCore.Routing.EndpointMiddleware[0]
      Executing endpoint 'HTTP: POST /api/v1/auth/login'
info: Microsoft.AspNetCore.Http.Result.JsonResult[1]
      Setting HTTP status code 401.
info: Microsoft.AspNetCore.Http.Result.JsonResult[3]
      Writing value of type 'ApiErrorEnvelope' as Json.
info: Microsoft.AspNetCore.Routing.EndpointMiddleware[1]
      Executed endpoint 'HTTP: POST /api/v1/auth/login'
info: Microsoft.AspNetCore.Hosting.Diagnostics[2]
      Request finished HTTP/1.1 POST https://127.0.0.1:46097/api/v1/auth/login - 401 - application/json;+charset=utf-8 69.0686ms
  Passed ALKAROS.Audit.AuthorizationProbes.AuthorizationProbes.A1LoginLocksAccountAfterRepeatedFailures [2 s]
info: Microsoft.AspNetCore.Hosting.Diagnostics[1]
      Request starting HTTP/1.1 POST http://127.0.0.1:46097/api/v1/auth/login - application/json;+charset=utf-8 116
info: Microsoft.AspNetCore.Routing.EndpointMiddleware[0]
      Executing endpoint 'HTTP: POST /api/v1/auth/login'
info: Microsoft.AspNetCore.Http.Result.OkObjectResult[1]
      Setting HTTP status code 200.
info: Microsoft.AspNetCore.Http.Result.OkObjectResult[3]
      Writing value of type '<>f__AnonymousType3`6' as Json.
info: Microsoft.AspNetCore.Routing.EndpointMiddleware[1]
      Executed endpoint 'HTTP: POST /api/v1/auth/login'
info: Microsoft.AspNetCore.Hosting.Diagnostics[2]
      Request finished HTTP/1.1 POST https://127.0.0.1:46097/api/v1/auth/login - 200 - application/json;+charset=utf-8 442.3527ms
info: Microsoft.AspNetCore.Hosting.Diagnostics[1]
      Request starting HTTP/1.1 GET http://127.0.0.1:46097/api/v1/management/authorization/pending-grants - - -
info: Microsoft.AspNetCore.Routing.EndpointMiddleware[0]
      Executing endpoint 'HTTP: GET /api/v1/management/authorization/pending-grants'
info: Microsoft.AspNetCore.Http.Result.JsonResult[1]
      Setting HTTP status code 401.
info: Microsoft.AspNetCore.Http.Result.JsonResult[3]
      Writing value of type 'AuthorizationDecisionErrorEnvelopeV1' as Json.
info: Microsoft.AspNetCore.Routing.EndpointMiddleware[1]
      Executed endpoint 'HTTP: GET /api/v1/management/authorization/pending-grants'
info: Microsoft.AspNetCore.Hosting.Diagnostics[2]
      Request finished HTTP/1.1 GET https://127.0.0.1:46097/api/v1/management/authorization/pending-grants - 401 - application/json;+charset=utf-8 0.8061ms
[xUnit.net 00:00:22.94]     ALKAROS.Audit.AuthorizationProbes.AuthorizationProbes.C6SupervisorLoginReachesDecisionSurface [FAIL]
[xUnit.net 00:00:22.94]       Assert.Equal() Failure: Values differ
[xUnit.net 00:00:22.94]       Expected: OK
[xUnit.net 00:00:22.94]       Actual:   Unauthorized
[xUnit.net 00:00:22.94]       Stack Trace:
[xUnit.net 00:00:22.94]         /a399/evidence/V1-RMD-399/probes/AuthorizationProbes/AuthorizationProbes.cs(277,0): at ALKAROS.Audit.AuthorizationProbes.AuthorizationProbes.C6SupervisorLoginReachesDecisionSurface()
[xUnit.net 00:00:22.94]         --- End of stack trace from previous location ---
[xUnit.net 00:00:22.94]       Output:
[xUnit.net 00:00:22.94]         supervisor (real login) -> pending-grants: 401; cookies set: alkaros.cashier
info: Microsoft.AspNetCore.Hosting.Diagnostics[1]
      Request starting HTTP/1.1 POST http://127.0.0.1:46097/api/v1/management/authorization/grants/cddb9797-9d2e-45c1-92c7-8b4c446f0acc/approve - application/json;+charset=utf-8 2
info: Microsoft.AspNetCore.Routing.EndpointMiddleware[0]
      Executing endpoint 'HTTP: POST /api/v1/management/authorization/grants/{grantId:guid}/approve'
info: Microsoft.AspNetCore.Http.Result.JsonResult[1]
      Setting HTTP status code 403.
info: Microsoft.AspNetCore.Http.Result.JsonResult[3]
      Writing value of type 'AuthorizationDecisionErrorEnvelopeV1' as Json.
info: Microsoft.AspNetCore.Routing.EndpointMiddleware[1]
      Executed endpoint 'HTTP: POST /api/v1/management/authorization/grants/{grantId:guid}/approve'
info: Microsoft.AspNetCore.Hosting.Diagnostics[2]
      Request finished HTTP/1.1 POST https://127.0.0.1:46097/api/v1/management/authorization/grants/cddb9797-9d2e-45c1-92c7-8b4c446f0acc/approve - 403 - application/json;+charset=utf-8 10.0605ms
info: Microsoft.AspNetCore.Hosting.Diagnostics[1]
      Request starting HTTP/1.1 POST http://127.0.0.1:46097/api/v1/terminals/5739fc17-e99f-46d3-864b-aba202628e84/cash-sessions - application/json;+charset=utf-8 22
info: Microsoft.AspNetCore.Routing.EndpointMiddleware[0]
      Executing endpoint 'HTTP: POST /api/v1/terminals/{terminalId:guid}/cash-sessions/'
info: Microsoft.AspNetCore.Routing.EndpointMiddleware[1]
      Executed endpoint 'HTTP: POST /api/v1/terminals/{terminalId:guid}/cash-sessions/'
info: Microsoft.AspNetCore.Hosting.Diagnostics[2]
      Request finished HTTP/1.1 POST https://127.0.0.1:46097/api/v1/terminals/5739fc17-e99f-46d3-864b-aba202628e84/cash-sessions - 403 - application/json;+charset=utf-8 3.1623ms
info: Microsoft.AspNetCore.Hosting.Diagnostics[1]
      Request starting HTTP/1.1 POST http://127.0.0.1:46097/api/v1/auth/login - application/json;+charset=utf-8 116
info: Microsoft.AspNetCore.Routing.EndpointMiddleware[0]
      Executing endpoint 'HTTP: POST /api/v1/auth/login'
info: Microsoft.AspNetCore.Http.Result.OkObjectResult[1]
      Setting HTTP status code 200.
info: Microsoft.AspNetCore.Http.Result.OkObjectResult[3]
      Writing value of type '<>f__AnonymousType3`6' as Json.
info: Microsoft.AspNetCore.Routing.EndpointMiddleware[1]
      Executed endpoint 'HTTP: POST /api/v1/auth/login'
info: Microsoft.AspNetCore.Hosting.Diagnostics[2]
      Request finished HTTP/1.1 POST https://127.0.0.1:46097/api/v1/auth/login - 200 - application/json;+charset=utf-8 429.0261ms
info: Microsoft.AspNetCore.Hosting.Diagnostics[1]
      Request starting HTTP/1.1 POST http://127.0.0.1:46097/api/v1/terminals/2bffc81c-9439-4b00-ad74-4e9c78cc0a2c/orders/87940ce8-04b6-4364-a3e0-31a03d2ef53b/items/048db3f7-99b4-44df-8b6d-3fa705c75f26/comp - application/json;+charset=utf-8 119
info: Microsoft.AspNetCore.Routing.EndpointMiddleware[0]
      Executing endpoint 'HTTP: POST /api/v1/terminals/{terminalId:guid}/orders/{orderId:guid}/items/{itemId:guid}/comp'
info: Microsoft.AspNetCore.Http.Result.AcceptedResult[1]
      Setting HTTP status code 202.
info: Microsoft.AspNetCore.Http.Result.AcceptedResult[3]
      Writing value of type 'ApplyComplimentaryResultV1' as Json.
info: Microsoft.AspNetCore.Routing.EndpointMiddleware[1]
      Executed endpoint 'HTTP: POST /api/v1/terminals/{terminalId:guid}/orders/{orderId:guid}/items/{itemId:guid}/comp'
info: Microsoft.AspNetCore.Hosting.Diagnostics[2]
      Request finished HTTP/1.1 POST https://127.0.0.1:46097/api/v1/terminals/2bffc81c-9439-4b00-ad74-4e9c78cc0a2c/orders/87940ce8-04b6-4364-a3e0-31a03d2ef53b/items/048db3f7-99b4-44df-8b6d-3fa705c75f26/comp - 202 - application/json;+charset=utf-8 38.7196ms
[xUnit.net 00:00:23.46]     ALKAROS.Audit.AuthorizationProbes.AuthorizationProbes.C3WaiterCompOnUnassignedCheckIsNotEscalated [FAIL]
[xUnit.net 00:00:23.46]       Assert.StartsWith() Failure: String start does not match
[xUnit.net 00:00:23.46]       String:         "pending/-"
[xUnit.net 00:00:23.46]       Expected start: "denied/"
[xUnit.net 00:00:23.46]       Stack Trace:
[xUnit.net 00:00:23.46]         /a399/evidence/V1-RMD-399/probes/AuthorizationProbes/AuthorizationProbes.cs(230,0): at ALKAROS.Audit.AuthorizationProbes.AuthorizationProbes.C3WaiterCompOnUnassignedCheckIsNotEscalated()
[xUnit.net 00:00:23.46]         --- End of stack trace from previous location ---
[xUnit.net 00:00:23.46]       Output:
[xUnit.net 00:00:23.46]         waiter comp on an unassigned check: HTTP 202, grant pending/-
info: Microsoft.AspNetCore.Hosting.Diagnostics[1]
      Request starting HTTP/1.1 GET http://127.0.0.1:46097/api/v1/management/authorization/pending-grants - - -
info: Microsoft.AspNetCore.Routing.EndpointMiddleware[0]
      Executing endpoint 'HTTP: GET /api/v1/management/authorization/pending-grants'
info: Microsoft.AspNetCore.Http.Result.OkObjectResult[1]
      Setting HTTP status code 200.
info: Microsoft.AspNetCore.Http.Result.OkObjectResult[3]
      Writing value of type 'PendingGrantV1[]' as Json.
info: Microsoft.AspNetCore.Routing.EndpointMiddleware[1]
      Executed endpoint 'HTTP: GET /api/v1/management/authorization/pending-grants'
info: Microsoft.AspNetCore.Hosting.Diagnostics[2]
      Request finished HTTP/1.1 GET https://127.0.0.1:46097/api/v1/management/authorization/pending-grants - 200 - application/json;+charset=utf-8 14.2916ms
info: Microsoft.AspNetCore.Hosting.Diagnostics[1]
      Request starting HTTP/1.1 GET http://127.0.0.1:46097/api/v1/management/authorization/pending-grants - - -
info: Microsoft.AspNetCore.Routing.EndpointMiddleware[0]
      Executing endpoint 'HTTP: GET /api/v1/management/authorization/pending-grants'
info: Microsoft.AspNetCore.Http.Result.JsonResult[1]
      Setting HTTP status code 403.
info: Microsoft.AspNetCore.Http.Result.JsonResult[3]
      Writing value of type 'AuthorizationDecisionErrorEnvelopeV1' as Json.
info: Microsoft.AspNetCore.Routing.EndpointMiddleware[1]
      Executed endpoint 'HTTP: GET /api/v1/management/authorization/pending-grants'
info: Microsoft.AspNetCore.Hosting.Diagnostics[2]
      Request finished HTTP/1.1 GET https://127.0.0.1:46097/api/v1/management/authorization/pending-grants - 403 - application/json;+charset=utf-8 3.6488ms
info: Microsoft.AspNetCore.Hosting.Diagnostics[1]
      Request starting HTTP/1.1 GET http://127.0.0.1:46097/api/v1/auth/session?terminalId=a8b9ea93-d06f-4742-b9c0-aa50925fff65 - - -
info: Microsoft.AspNetCore.Routing.EndpointMiddleware[0]
      Executing endpoint 'HTTP: GET /api/v1/auth/session'
info: Microsoft.AspNetCore.Http.Result.OkObjectResult[1]
      Setting HTTP status code 200.
info: Microsoft.AspNetCore.Http.Result.OkObjectResult[3]
      Writing value of type '<>f__AnonymousType4`5' as Json.
info: Microsoft.AspNetCore.Routing.EndpointMiddleware[1]
      Executed endpoint 'HTTP: GET /api/v1/auth/session'
info: Microsoft.AspNetCore.Hosting.Diagnostics[2]
      Request finished HTTP/1.1 GET https://127.0.0.1:46097/api/v1/auth/session?terminalId=a8b9ea93-d06f-4742-b9c0-aa50925fff65 - 200 - application/json;+charset=utf-8 3.8390ms
info: Microsoft.AspNetCore.Hosting.Diagnostics[1]
      Request starting HTTP/1.1 GET http://127.0.0.1:46097/api/v1/auth/session?terminalId=a8b9ea93-d06f-4742-b9c0-aa50925fff65 - - -
info: Microsoft.AspNetCore.Routing.EndpointMiddleware[0]
      Executing endpoint 'HTTP: GET /api/v1/auth/session'
info: Microsoft.AspNetCore.Routing.EndpointMiddleware[1]
      Executed endpoint 'HTTP: GET /api/v1/auth/session'
info: Microsoft.AspNetCore.Hosting.Diagnostics[2]
      Request finished HTTP/1.1 GET https://127.0.0.1:46097/api/v1/auth/session?terminalId=a8b9ea93-d06f-4742-b9c0-aa50925fff65 - 401 - application/json;+charset=utf-8 1.5546ms
info: Microsoft.AspNetCore.Hosting.Diagnostics[1]
      Request starting HTTP/1.1 GET http://127.0.0.1:46097/api/v1/terminals/5d590144-6c85-418b-924a-1f11bbaa133a/orders/active - - -
info: Microsoft.AspNetCore.Routing.EndpointMiddleware[0]
      Executing endpoint 'HTTP: GET /api/v1/terminals/{terminalId:guid}/orders/active'
info: Microsoft.AspNetCore.Routing.EndpointMiddleware[1]
      Executed endpoint 'HTTP: GET /api/v1/terminals/{terminalId:guid}/orders/active'
info: Microsoft.AspNetCore.Hosting.Diagnostics[2]
      Request finished HTTP/1.1 GET https://127.0.0.1:46097/api/v1/terminals/5d590144-6c85-418b-924a-1f11bbaa133a/orders/active - 401 - application/json;+charset=utf-8 2.3772ms
info: Microsoft.AspNetCore.Hosting.Diagnostics[1]
      Request starting HTTP/1.1 POST http://127.0.0.1:46097/api/v1/terminals/5d590144-6c85-418b-924a-1f11bbaa133a/cash-sessions - application/json;+charset=utf-8 21
info: Microsoft.AspNetCore.Routing.EndpointMiddleware[0]
      Executing endpoint 'HTTP: POST /api/v1/terminals/{terminalId:guid}/cash-sessions/'
info: Microsoft.AspNetCore.Routing.EndpointMiddleware[1]
      Executed endpoint 'HTTP: POST /api/v1/terminals/{terminalId:guid}/cash-sessions/'
info: Microsoft.AspNetCore.Hosting.Diagnostics[2]
      Request finished HTTP/1.1 POST https://127.0.0.1:46097/api/v1/terminals/5d590144-6c85-418b-924a-1f11bbaa133a/cash-sessions - 401 - application/json;+charset=utf-8 1.7604ms
[xUnit.net 00:00:23.66]   Finished:    ALKAROS.Audit.AuthorizationProbes
  Failed ALKAROS.Audit.AuthorizationProbes.AuthorizationProbes.C6SupervisorLoginReachesDecisionSurface [451 ms]
  Error Message:
   Assert.Equal() Failure: Values differ
Expected: OK
Actual:   Unauthorized
  Stack Trace:
     at ALKAROS.Audit.AuthorizationProbes.AuthorizationProbes.C6SupervisorLoginReachesDecisionSurface() in /a399/evidence/V1-RMD-399/probes/AuthorizationProbes/AuthorizationProbes.cs:line 277
--- End of stack trace from previous location ---
  Standard Output Messages:
 supervisor (real login) -> pending-grants: 401; cookies set: alkaros.cashier


  Passed ALKAROS.Audit.AuthorizationProbes.AuthorizationProbes.C1RequesterCannotApproveOwnGrant [23 ms]
  Standard Output Messages:
 self-approve status: 403


  Passed ALKAROS.Audit.AuthorizationProbes.AuthorizationProbes.A4DisplaySessionCannotMutateCashierResources [10 ms]
  Failed ALKAROS.Audit.AuthorizationProbes.AuthorizationProbes.C3WaiterCompOnUnassignedCheckIsNotEscalated [480 ms]
  Error Message:
   Assert.StartsWith() Failure: String start does not match
String:         "pending/-"
Expected start: "denied/"
  Stack Trace:
     at ALKAROS.Audit.AuthorizationProbes.AuthorizationProbes.C3WaiterCompOnUnassignedCheckIsNotEscalated() in /a399/evidence/V1-RMD-399/probes/AuthorizationProbes/AuthorizationProbes.cs:line 230
--- End of stack trace from previous location ---
  Standard Output Messages:
 waiter comp on an unassigned check: HTTP 202, grant pending/-


  Passed ALKAROS.Audit.AuthorizationProbes.AuthorizationProbes.B2RevokedPermissionTakesEffectOnNextRequest [25 ms]
  Passed ALKAROS.Audit.AuthorizationProbes.AuthorizationProbes.A5DeactivatedUserSessionIsRejected [13 ms]
  Passed ALKAROS.Audit.AuthorizationProbes.AuthorizationProbes.E1SessionForTerminalACannotActOnTerminalB [12 ms]

Test Run Failed.
Total tests: 25
     Passed: 16
     Failed: 9
 Total time: 24.2704 Seconds
