Time Elapsed 00:00:10.66
Time Elapsed 00:00:05.32
Test run for /fix/evidence/V1-RMD-399/probes/AuthorizationProbes/bin/Release/net8.0/ALKAROS.Audit.AuthorizationProbes.dll (.NETCoreApp,Version=v8.0)
A total of 1 test files matched the specified pattern.
/fix/evidence/V1-RMD-399/probes/AuthorizationProbes/bin/Release/net8.0/ALKAROS.Audit.AuthorizationProbes.dll
[xUnit.net 00:00:00.00] xUnit.net VSTest Adapter v2.8.2+699d445a1a (64-bit .NET 8.0.30)
[xUnit.net 00:00:00.11]   Discovering: ALKAROS.Audit.AuthorizationProbes
[xUnit.net 00:00:00.22]   Discovered:  ALKAROS.Audit.AuthorizationProbes
[xUnit.net 00:00:00.23]   Starting:    ALKAROS.Audit.AuthorizationProbes
warn: Microsoft.AspNetCore.Hosting.Diagnostics[15]
      Overriding HTTP_PORTS '8080' and HTTPS_PORTS ''. Binding to values defined by URLS instead 'http://127.0.0.1:0'.
info: Microsoft.Hosting.Lifetime[14]
      Now listening on: http://127.0.0.1:40461
info: Microsoft.Hosting.Lifetime[0]
      Application started. Press Ctrl+C to shut down.
info: Microsoft.Hosting.Lifetime[0]
      Hosting environment: Production
info: Microsoft.Hosting.Lifetime[0]
      Content root path: /fix/evidence/V1-RMD-399/probes/AuthorizationProbes/bin/Release/net8.0
info: Microsoft.AspNetCore.Hosting.Diagnostics[1]
      Request starting HTTP/1.1 POST http://127.0.0.1:40461/api/v1/auth/login - application/json;+charset=utf-8 116
info: Microsoft.AspNetCore.Routing.EndpointMiddleware[0]
      Executing endpoint 'HTTP: POST /api/v1/auth/login'
info: Microsoft.AspNetCore.Http.Result.OkObjectResult[1]
      Setting HTTP status code 200.
info: Microsoft.AspNetCore.Http.Result.OkObjectResult[3]
      Writing value of type '<>f__AnonymousType3`6' as Json.
info: Microsoft.AspNetCore.Routing.EndpointMiddleware[1]
      Executed endpoint 'HTTP: POST /api/v1/auth/login'
info: Microsoft.AspNetCore.Hosting.Diagnostics[2]
      Request finished HTTP/1.1 POST https://127.0.0.1:40461/api/v1/auth/login - 200 - application/json;+charset=utf-8 2627.1897ms
info: Microsoft.AspNetCore.Hosting.Diagnostics[1]
      Request starting HTTP/1.1 POST http://127.0.0.1:40461/api/v1/auth/login - application/json;+charset=utf-8 116
info: Microsoft.AspNetCore.Routing.EndpointMiddleware[0]
      Executing endpoint 'HTTP: POST /api/v1/auth/login'
info: Microsoft.AspNetCore.Http.Result.OkObjectResult[1]
      Setting HTTP status code 200.
info: Microsoft.AspNetCore.Http.Result.OkObjectResult[3]
      Writing value of type '<>f__AnonymousType3`6' as Json.
info: Microsoft.AspNetCore.Routing.EndpointMiddleware[1]
      Executed endpoint 'HTTP: POST /api/v1/auth/login'
info: Microsoft.AspNetCore.Hosting.Diagnostics[2]
      Request finished HTTP/1.1 POST https://127.0.0.1:40461/api/v1/auth/login - 200 - application/json;+charset=utf-8 512.8489ms
info: Microsoft.AspNetCore.Hosting.Diagnostics[1]
      Request starting HTTP/1.1 GET http://127.0.0.1:40461/api/v1/auth/session?terminalId=c50075d8-158b-4eed-b3df-882d64dc023a - - -
info: Microsoft.AspNetCore.Routing.EndpointMiddleware[0]
      Executing endpoint 'HTTP: GET /api/v1/auth/session'
info: Microsoft.AspNetCore.Http.Result.OkObjectResult[1]
      Setting HTTP status code 200.
info: Microsoft.AspNetCore.Http.Result.OkObjectResult[3]
      Writing value of type '<>f__AnonymousType4`5' as Json.
info: Microsoft.AspNetCore.Routing.EndpointMiddleware[1]
      Executed endpoint 'HTTP: GET /api/v1/auth/session'
info: Microsoft.AspNetCore.Hosting.Diagnostics[2]
      Request finished HTTP/1.1 GET https://127.0.0.1:40461/api/v1/auth/session?terminalId=c50075d8-158b-4eed-b3df-882d64dc023a - 200 - application/json;+charset=utf-8 36.6493ms
info: Microsoft.AspNetCore.Hosting.Diagnostics[1]
      Request starting HTTP/1.1 POST http://127.0.0.1:40461/api/v1/management/security/users/29e3183c-e608-4bfa-8b28-25ac631981d8/revoke-sessions - application/json;+charset=utf-8 2
info: Microsoft.AspNetCore.Routing.EndpointMiddleware[0]
      Executing endpoint 'HTTP: POST /api/v1/management/security/users/{userId:guid}/revoke-sessions'
info: Microsoft.AspNetCore.Http.Result.OkObjectResult[1]
      Setting HTTP status code 200.
info: Microsoft.AspNetCore.Http.Result.OkObjectResult[3]
      Writing value of type 'RevokeSessionsResultV1' as Json.
info: Microsoft.AspNetCore.Routing.EndpointMiddleware[1]
      Executed endpoint 'HTTP: POST /api/v1/management/security/users/{userId:guid}/revoke-sessions'
info: Microsoft.AspNetCore.Hosting.Diagnostics[2]
      Request finished HTTP/1.1 POST https://127.0.0.1:40461/api/v1/management/security/users/29e3183c-e608-4bfa-8b28-25ac631981d8/revoke-sessions - 200 - application/json;+charset=utf-8 329.9342ms
info: Microsoft.AspNetCore.Hosting.Diagnostics[1]
      Request starting HTTP/1.1 GET http://127.0.0.1:40461/api/v1/auth/session?terminalId=c50075d8-158b-4eed-b3df-882d64dc023a - - -
info: Microsoft.AspNetCore.Routing.EndpointMiddleware[0]
      Executing endpoint 'HTTP: GET /api/v1/auth/session'
info: Microsoft.AspNetCore.Routing.EndpointMiddleware[1]
      Executed endpoint 'HTTP: GET /api/v1/auth/session'
info: Microsoft.AspNetCore.Hosting.Diagnostics[2]
      Request finished HTTP/1.1 GET https://127.0.0.1:40461/api/v1/auth/session?terminalId=c50075d8-158b-4eed-b3df-882d64dc023a - 401 - application/json;+charset=utf-8 29.2885ms
  Passed ALKAROS.Audit.AuthorizationProbes.AuthorizationProbes.A5ManagerRevokeSessionsEndsVictimSessionOnNextRequest [4 s]
  Standard Output Messages:
 revoke-sessions by a real manager login: 200


[xUnit.net 00:00:11.16]     ALKAROS.Audit.AuthorizationProbes.AuthorizationProbes.C4DelegationCanBeCreatedThroughSomeRoute [FAIL]
[xUnit.net 00:00:11.17]       Assert.NotEmpty() Failure: Collection was empty
[xUnit.net 00:00:11.17]       Stack Trace:
[xUnit.net 00:00:11.17]         /fix/evidence/V1-RMD-399/probes/AuthorizationProbes/AuthorizationProbes.cs(243,0): at ALKAROS.Audit.AuthorizationProbes.AuthorizationProbes.C4DelegationCanBeCreatedThroughSomeRoute()
[xUnit.net 00:00:11.17]            at System.RuntimeMethodHandle.InvokeMethod(Object target, Void** arguments, Signature sig, Boolean isConstructor)
[xUnit.net 00:00:11.17]            at System.Reflection.MethodBaseInvoker.InvokeWithNoArgs(Object obj, BindingFlags invokeAttr)
[xUnit.net 00:00:11.17]       Output:
[xUnit.net 00:00:11.17]         delegation-creating routes: []
  Failed ALKAROS.Audit.AuthorizationProbes.AuthorizationProbes.C4DelegationCanBeCreatedThroughSomeRoute [1 s]
  Error Message:
   Assert.NotEmpty() Failure: Collection was empty
  Stack Trace:
     at ALKAROS.Audit.AuthorizationProbes.AuthorizationProbes.C4DelegationCanBeCreatedThroughSomeRoute() in /fix/evidence/V1-RMD-399/probes/AuthorizationProbes/AuthorizationProbes.cs:line 243
   at System.RuntimeMethodHandle.InvokeMethod(Object target, Void** arguments, Signature sig, Boolean isConstructor)
   at System.Reflection.MethodBaseInvoker.InvokeWithNoArgs(Object obj, BindingFlags invokeAttr)
  Standard Output Messages:
 delegation-creating routes: []


info: Microsoft.AspNetCore.Hosting.Diagnostics[1]
      Request starting HTTP/1.1 POST http://127.0.0.1:40461/api/v1/auth/logout?terminalId=a8c2036d-4e10-4b1c-bd41-3be89c45f30c - application/json;+charset=utf-8 2
info: Microsoft.AspNetCore.Routing.EndpointMiddleware[0]
      Executing endpoint 'HTTP: POST /api/v1/auth/logout'
info: Microsoft.AspNetCore.Http.Result.NoContentResult[1]
      Setting HTTP status code 204.
info: Microsoft.AspNetCore.Routing.EndpointMiddleware[1]
      Executed endpoint 'HTTP: POST /api/v1/auth/logout'
info: Microsoft.AspNetCore.Hosting.Diagnostics[2]
      Request finished HTTP/1.1 POST https://127.0.0.1:40461/api/v1/auth/logout?terminalId=a8c2036d-4e10-4b1c-bd41-3be89c45f30c - 204 - - 11.0820ms
info: Microsoft.AspNetCore.Hosting.Diagnostics[1]
      Request starting HTTP/1.1 POST http://127.0.0.1:40461/api/v1/auth/pin?terminalId=c2824a5f-4863-4b44-adb8-f96c4679736b - application/json;+charset=utf-8 2
info: Microsoft.AspNetCore.Routing.EndpointMiddleware[0]
      Executing endpoint 'HTTP: POST /api/v1/auth/pin'
info: Microsoft.AspNetCore.Http.Result.BadRequestObjectResult[1]
      Setting HTTP status code 400.
info: Microsoft.AspNetCore.Http.Result.BadRequestObjectResult[3]
      Writing value of type '<>f__AnonymousType5`1' as Json.
info: Microsoft.AspNetCore.Routing.EndpointMiddleware[1]
      Executed endpoint 'HTTP: POST /api/v1/auth/pin'
info: Microsoft.AspNetCore.Hosting.Diagnostics[2]
      Request finished HTTP/1.1 POST https://127.0.0.1:40461/api/v1/auth/pin?terminalId=c2824a5f-4863-4b44-adb8-f96c4679736b - 400 - application/json;+charset=utf-8 10.4005ms
info: Microsoft.AspNetCore.Hosting.Diagnostics[1]
      Request starting HTTP/1.1 POST http://127.0.0.1:40461/api/v1/auth/unlock?terminalId=1581e711-ef59-4875-9dd7-111e23282cb8 - application/json;+charset=utf-8 2
info: Microsoft.AspNetCore.Routing.EndpointMiddleware[0]
      Executing endpoint 'HTTP: POST /api/v1/auth/unlock'
info: Microsoft.AspNetCore.Http.Result.BadRequestObjectResult[1]
      Setting HTTP status code 400.
info: Microsoft.AspNetCore.Http.Result.BadRequestObjectResult[3]
      Writing value of type '<>f__AnonymousType5`1' as Json.
info: Microsoft.AspNetCore.Routing.EndpointMiddleware[1]
      Executed endpoint 'HTTP: POST /api/v1/auth/unlock'
info: Microsoft.AspNetCore.Hosting.Diagnostics[2]
      Request finished HTTP/1.1 POST https://127.0.0.1:40461/api/v1/auth/unlock?terminalId=1581e711-ef59-4875-9dd7-111e23282cb8 - 400 - application/json;+charset=utf-8 6.1124ms
info: Microsoft.AspNetCore.Hosting.Diagnostics[1]
      Request starting HTTP/1.1 POST http://127.0.0.1:40461/api/v1/management/authorization/behavioural-tightenings/bf2fc708-20f1-4c79-a57d-77c2d22b1aab/clear?terminalId=e61202f2-1cad-4525-a7b3-7d0582744879 - application/json;+charset=utf-8 2
info: Microsoft.AspNetCore.Routing.EndpointMiddleware[0]
      Executing endpoint 'HTTP: POST /api/v1/management/authorization/behavioural-tightenings/{tighteningId:guid}/clear'
info: Microsoft.AspNetCore.Http.Result.JsonResult[1]
      Setting HTTP status code 403.
info: Microsoft.AspNetCore.Http.Result.JsonResult[3]
      Writing value of type 'AuthorizationDecisionErrorEnvelopeV1' as Json.
info: Microsoft.AspNetCore.Routing.EndpointMiddleware[1]
      Executed endpoint 'HTTP: POST /api/v1/management/authorization/behavioural-tightenings/{tighteningId:guid}/clear'
info: Microsoft.AspNetCore.Hosting.Diagnostics[2]
      Request finished HTTP/1.1 POST https://127.0.0.1:40461/api/v1/management/authorization/behavioural-tightenings/bf2fc708-20f1-4c79-a57d-77c2d22b1aab/clear?terminalId=e61202f2-1cad-4525-a7b3-7d0582744879 - 403 - application/json;+charset=utf-8 22.5850ms
info: Microsoft.AspNetCore.Hosting.Diagnostics[1]
      Request starting HTTP/1.1 POST http://127.0.0.1:40461/api/v1/management/authorization/delegations/4cd26546-e33a-46d5-b601-26614e52111e/revoke?terminalId=bef66033-0549-4612-8640-5481304a72bb - application/json;+charset=utf-8 2
info: Microsoft.AspNetCore.Routing.EndpointMiddleware[0]
      Executing endpoint 'HTTP: POST /api/v1/management/authorization/delegations/{delegationId:guid}/revoke'
info: Microsoft.AspNetCore.Http.Result.JsonResult[1]
      Setting HTTP status code 403.
info: Microsoft.AspNetCore.Http.Result.JsonResult[3]
      Writing value of type 'AuthorizationDecisionErrorEnvelopeV1' as Json.
info: Microsoft.AspNetCore.Routing.EndpointMiddleware[1]
      Executed endpoint 'HTTP: POST /api/v1/management/authorization/delegations/{delegationId:guid}/revoke'
info: Microsoft.AspNetCore.Hosting.Diagnostics[2]
      Request finished HTTP/1.1 POST https://127.0.0.1:40461/api/v1/management/authorization/delegations/4cd26546-e33a-46d5-b601-26614e52111e/revoke?terminalId=bef66033-0549-4612-8640-5481304a72bb - 403 - application/json;+charset=utf-8 11.2319ms
info: Microsoft.AspNetCore.Hosting.Diagnostics[1]
      Request starting HTTP/1.1 POST http://127.0.0.1:40461/api/v1/management/authorization/grants/c807635e-36e3-48e2-ab91-0dc5fa9d4dc1/approve?terminalId=70ba2ee8-f467-4228-81b6-8fa5254a16ba - application/json;+charset=utf-8 2
info: Microsoft.AspNetCore.Routing.EndpointMiddleware[0]
      Executing endpoint 'HTTP: POST /api/v1/management/authorization/grants/{grantId:guid}/approve'
info: Microsoft.AspNetCore.Http.Result.JsonResult[1]
      Setting HTTP status code 403.
info: Microsoft.AspNetCore.Http.Result.JsonResult[3]
      Writing value of type 'AuthorizationDecisionErrorEnvelopeV1' as Json.
info: Microsoft.AspNetCore.Routing.EndpointMiddleware[1]
      Executed endpoint 'HTTP: POST /api/v1/management/authorization/grants/{grantId:guid}/approve'
info: Microsoft.AspNetCore.Hosting.Diagnostics[2]
      Request finished HTTP/1.1 POST https://127.0.0.1:40461/api/v1/management/authorization/grants/c807635e-36e3-48e2-ab91-0dc5fa9d4dc1/approve?terminalId=70ba2ee8-f467-4228-81b6-8fa5254a16ba - 403 - application/json;+charset=utf-8 12.9096ms
info: Microsoft.AspNetCore.Hosting.Diagnostics[1]
      Request starting HTTP/1.1 POST http://127.0.0.1:40461/api/v1/management/authorization/grants/f78f7906-3ba2-4e39-b2b1-32b06b399ebe/deny?terminalId=d3843dcf-441e-475e-b0fb-99b60eeed013 - application/json;+charset=utf-8 2
info: Microsoft.AspNetCore.Routing.EndpointMiddleware[0]
      Executing endpoint 'HTTP: POST /api/v1/management/authorization/grants/{grantId:guid}/deny'
info: Microsoft.AspNetCore.Http.Result.JsonResult[1]
      Setting HTTP status code 403.
info: Microsoft.AspNetCore.Http.Result.JsonResult[3]
      Writing value of type 'AuthorizationDecisionErrorEnvelopeV1' as Json.
info: Microsoft.AspNetCore.Routing.EndpointMiddleware[1]
      Executed endpoint 'HTTP: POST /api/v1/management/authorization/grants/{grantId:guid}/deny'
info: Microsoft.AspNetCore.Hosting.Diagnostics[2]
      Request finished HTTP/1.1 POST https://127.0.0.1:40461/api/v1/management/authorization/grants/f78f7906-3ba2-4e39-b2b1-32b06b399ebe/deny?terminalId=d3843dcf-441e-475e-b0fb-99b60eeed013 - 403 - application/json;+charset=utf-8 7.2591ms
info: Microsoft.AspNetCore.Hosting.Diagnostics[1]
      Request starting HTTP/1.1 PUT http://127.0.0.1:40461/api/v1/management/business-identity/logo?terminalId=23eb39de-3764-47e2-9e8b-f2f570f9f7a9 - application/json;+charset=utf-8 2
info: Microsoft.AspNetCore.Routing.EndpointMiddleware[0]
      Executing endpoint 'HTTP: GET, POST, PUT, PATCH, DELETE, OPTIONS /api/{**path}'
info: Microsoft.AspNetCore.Http.Result.JsonResult[1]
      Setting HTTP status code 404.
info: Microsoft.AspNetCore.Http.Result.JsonResult[3]
      Writing value of type 'ApiErrorEnvelope' as Json.
info: Microsoft.AspNetCore.Routing.EndpointMiddleware[1]
      Executed endpoint 'HTTP: GET, POST, PUT, PATCH, DELETE, OPTIONS /api/{**path}'
info: Microsoft.AspNetCore.Hosting.Diagnostics[2]
      Request finished HTTP/1.1 PUT https://127.0.0.1:40461/api/v1/management/business-identity/logo?terminalId=23eb39de-3764-47e2-9e8b-f2f570f9f7a9 - 404 - application/json;+charset=utf-8 2.4696ms
info: Microsoft.AspNetCore.Hosting.Diagnostics[1]
      Request starting HTTP/1.1 DELETE http://127.0.0.1:40461/api/v1/management/business-identity/logo?terminalId=d2e44703-a93e-4e63-b026-4de8866d877b - application/json;+charset=utf-8 2
info: Microsoft.AspNetCore.Routing.EndpointMiddleware[0]
      Executing endpoint 'HTTP: DELETE /api/v1/management/business-identity/logo'
info: Microsoft.AspNetCore.Http.Result.JsonResult[1]
      Setting HTTP status code 403.
info: Microsoft.AspNetCore.Http.Result.JsonResult[3]
      Writing value of type 'SettingsApiErrorEnvelopeV1' as Json.
info: Microsoft.AspNetCore.Routing.EndpointMiddleware[1]
      Executed endpoint 'HTTP: DELETE /api/v1/management/business-identity/logo'
info: Microsoft.AspNetCore.Hosting.Diagnostics[2]
      Request finished HTTP/1.1 DELETE https://127.0.0.1:40461/api/v1/management/business-identity/logo?terminalId=d2e44703-a93e-4e63-b026-4de8866d877b - 403 - application/json;+charset=utf-8 19.7094ms
info: Microsoft.AspNetCore.Hosting.Diagnostics[1]
      Request starting HTTP/1.1 POST http://127.0.0.1:40461/api/v1/management/catalog/categories?terminalId=39dd675f-7bec-4fdf-a062-aceca51004c2 - application/json;+charset=utf-8 2
info: Microsoft.AspNetCore.Routing.EndpointMiddleware[0]
      Executing endpoint 'HTTP: POST /api/v1/management/catalog/categories'
info: Microsoft.AspNetCore.Http.Result.JsonResult[1]
      Setting HTTP status code 403.
info: Microsoft.AspNetCore.Http.Result.JsonResult[3]
      Writing value of type 'CatalogApiErrorEnvelopeV1' as Json.
info: Microsoft.AspNetCore.Routing.EndpointMiddleware[1]
      Executed endpoint 'HTTP: POST /api/v1/management/catalog/categories'
info: Microsoft.AspNetCore.Hosting.Diagnostics[2]
      Request finished HTTP/1.1 POST https://127.0.0.1:40461/api/v1/management/catalog/categories?terminalId=39dd675f-7bec-4fdf-a062-aceca51004c2 - 403 - application/json;+charset=utf-8 14.6224ms
info: Microsoft.AspNetCore.Hosting.Diagnostics[1]
      Request starting HTTP/1.1 POST http://127.0.0.1:40461/api/v1/management/catalog/modifier-groups?terminalId=f2afdc35-24f1-4f05-ba45-260a3f165ed7 - application/json;+charset=utf-8 2
info: Microsoft.AspNetCore.Routing.EndpointMiddleware[0]
      Executing endpoint 'HTTP: POST /api/v1/management/catalog/modifier-groups'
info: Microsoft.AspNetCore.Http.Result.JsonResult[1]
      Setting HTTP status code 403.
info: Microsoft.AspNetCore.Http.Result.JsonResult[3]
      Writing value of type 'CatalogApiErrorEnvelopeV1' as Json.
info: Microsoft.AspNetCore.Routing.EndpointMiddleware[1]
      Executed endpoint 'HTTP: POST /api/v1/management/catalog/modifier-groups'
info: Microsoft.AspNetCore.Hosting.Diagnostics[2]
      Request finished HTTP/1.1 POST https://127.0.0.1:40461/api/v1/management/catalog/modifier-groups?terminalId=f2afdc35-24f1-4f05-ba45-260a3f165ed7 - 403 - application/json;+charset=utf-8 9.9536ms
info: Microsoft.AspNetCore.Hosting.Diagnostics[1]
      Request starting HTTP/1.1 POST http://127.0.0.1:40461/api/v1/management/catalog/modifiers?terminalId=f81ae818-1208-4cbc-b11d-e1b63cd184d2 - application/json;+charset=utf-8 2
info: Microsoft.AspNetCore.Routing.EndpointMiddleware[0]
      Executing endpoint 'HTTP: POST /api/v1/management/catalog/modifiers'
info: Microsoft.AspNetCore.Http.Result.JsonResult[1]
      Setting HTTP status code 403.
info: Microsoft.AspNetCore.Http.Result.JsonResult[3]
      Writing value of type 'CatalogApiErrorEnvelopeV1' as Json.
info: Microsoft.AspNetCore.Routing.EndpointMiddleware[1]
      Executed endpoint 'HTTP: POST /api/v1/management/catalog/modifiers'
info: Microsoft.AspNetCore.Hosting.Diagnostics[2]
      Request finished HTTP/1.1 POST https://127.0.0.1:40461/api/v1/management/catalog/modifiers?terminalId=f81ae818-1208-4cbc-b11d-e1b63cd184d2 - 403 - application/json;+charset=utf-8 8.3576ms
info: Microsoft.AspNetCore.Hosting.Diagnostics[1]
      Request starting HTTP/1.1 POST http://127.0.0.1:40461/api/v1/management/catalog/prices?terminalId=dfcb55f5-001a-4a1c-9fba-76265a3994b5 - application/json;+charset=utf-8 2
info: Microsoft.AspNetCore.Routing.EndpointMiddleware[0]
      Executing endpoint 'HTTP: POST /api/v1/management/catalog/prices'
info: Microsoft.AspNetCore.Http.Result.JsonResult[1]
      Setting HTTP status code 403.
info: Microsoft.AspNetCore.Http.Result.JsonResult[3]
      Writing value of type 'CatalogApiErrorEnvelopeV1' as Json.
info: Microsoft.AspNetCore.Routing.EndpointMiddleware[1]
      Executed endpoint 'HTTP: POST /api/v1/management/catalog/prices'
info: Microsoft.AspNetCore.Hosting.Diagnostics[2]
      Request finished HTTP/1.1 POST https://127.0.0.1:40461/api/v1/management/catalog/prices?terminalId=dfcb55f5-001a-4a1c-9fba-76265a3994b5 - 403 - application/json;+charset=utf-8 5.8350ms
info: Microsoft.AspNetCore.Hosting.Diagnostics[1]
      Request starting HTTP/1.1 POST http://127.0.0.1:40461/api/v1/management/catalog/product-modifier-assignments?terminalId=70477f24-7500-4bb9-9b3f-6e019d0b4d04 - application/json;+charset=utf-8 2
info: Microsoft.AspNetCore.Routing.EndpointMiddleware[0]
      Executing endpoint 'HTTP: POST /api/v1/management/catalog/product-modifier-assignments'
info: Microsoft.AspNetCore.Http.Result.JsonResult[1]
      Setting HTTP status code 403.
info: Microsoft.AspNetCore.Http.Result.JsonResult[3]
      Writing value of type 'CatalogApiErrorEnvelopeV1' as Json.
info: Microsoft.AspNetCore.Routing.EndpointMiddleware[1]
      Executed endpoint 'HTTP: POST /api/v1/management/catalog/product-modifier-assignments'
info: Microsoft.AspNetCore.Hosting.Diagnostics[2]
      Request finished HTTP/1.1 POST https://127.0.0.1:40461/api/v1/management/catalog/product-modifier-assignments?terminalId=70477f24-7500-4bb9-9b3f-6e019d0b4d04 - 403 - application/json;+charset=utf-8 5.9457ms
info: Microsoft.AspNetCore.Hosting.Diagnostics[1]
      Request starting HTTP/1.1 POST http://127.0.0.1:40461/api/v1/management/catalog/products?terminalId=d273ea8c-0e65-4ce7-b431-b7c5a15d5f7c - application/json;+charset=utf-8 2
info: Microsoft.AspNetCore.Routing.EndpointMiddleware[0]
      Executing endpoint 'HTTP: POST /api/v1/management/catalog/products'
info: Microsoft.AspNetCore.Http.Result.JsonResult[1]
      Setting HTTP status code 403.
info: Microsoft.AspNetCore.Http.Result.JsonResult[3]
      Writing value of type 'CatalogApiErrorEnvelopeV1' as Json.
info: Microsoft.AspNetCore.Routing.EndpointMiddleware[1]
      Executed endpoint 'HTTP: POST /api/v1/management/catalog/products'
info: Microsoft.AspNetCore.Hosting.Diagnostics[2]
      Request finished HTTP/1.1 POST https://127.0.0.1:40461/api/v1/management/catalog/products?terminalId=d273ea8c-0e65-4ce7-b431-b7c5a15d5f7c - 403 - application/json;+charset=utf-8 7.9141ms
info: Microsoft.AspNetCore.Hosting.Diagnostics[1]
      Request starting HTTP/1.1 POST http://127.0.0.1:40461/api/v1/management/catalog/products/c05af258-6836-4200-a479-c8ef54361bc0/availability?terminalId=f0348269-15c6-48ee-9017-2abaaa5bcf96 - application/json;+charset=utf-8 2
info: Microsoft.AspNetCore.Routing.EndpointMiddleware[0]
      Executing endpoint 'HTTP: POST /api/v1/management/catalog/products/{productId:guid}/availability'
info: Microsoft.AspNetCore.Http.Result.JsonResult[1]
      Setting HTTP status code 403.
info: Microsoft.AspNetCore.Http.Result.JsonResult[3]
      Writing value of type 'CatalogApiErrorEnvelopeV1' as Json.
info: Microsoft.AspNetCore.Routing.EndpointMiddleware[1]
      Executed endpoint 'HTTP: POST /api/v1/management/catalog/products/{productId:guid}/availability'
info: Microsoft.AspNetCore.Hosting.Diagnostics[2]
      Request finished HTTP/1.1 POST https://127.0.0.1:40461/api/v1/management/catalog/products/c05af258-6836-4200-a479-c8ef54361bc0/availability?terminalId=f0348269-15c6-48ee-9017-2abaaa5bcf96 - 403 - application/json;+charset=utf-8 8.5705ms
info: Microsoft.AspNetCore.Hosting.Diagnostics[1]
      Request starting HTTP/1.1 POST http://127.0.0.1:40461/api/v1/management/catalog/products/79a53c01-43ce-4341-93e6-9492c34e03e2/prep-time?terminalId=43326408-8641-4429-be8e-6f8e252eee3c - application/json;+charset=utf-8 2
info: Microsoft.AspNetCore.Routing.EndpointMiddleware[0]
      Executing endpoint 'HTTP: POST /api/v1/management/catalog/products/{productId:guid}/prep-time'
info: Microsoft.AspNetCore.Http.Result.JsonResult[1]
      Setting HTTP status code 403.
info: Microsoft.AspNetCore.Http.Result.JsonResult[3]
      Writing value of type 'CatalogApiErrorEnvelopeV1' as Json.
info: Microsoft.AspNetCore.Routing.EndpointMiddleware[1]
      Executed endpoint 'HTTP: POST /api/v1/management/catalog/products/{productId:guid}/prep-time'
info: Microsoft.AspNetCore.Hosting.Diagnostics[2]
      Request finished HTTP/1.1 POST https://127.0.0.1:40461/api/v1/management/catalog/products/79a53c01-43ce-4341-93e6-9492c34e03e2/prep-time?terminalId=43326408-8641-4429-be8e-6f8e252eee3c - 403 - application/json;+charset=utf-8 9.1565ms
info: Microsoft.AspNetCore.Hosting.Diagnostics[1]
      Request starting HTTP/1.1 POST http://127.0.0.1:40461/api/v1/management/catalog/tax-profiles?terminalId=774fc81e-f657-41f6-9179-7a7d41e7a446 - application/json;+charset=utf-8 2
info: Microsoft.AspNetCore.Routing.EndpointMiddleware[0]
      Executing endpoint 'HTTP: POST /api/v1/management/catalog/tax-profiles'
info: Microsoft.AspNetCore.Http.Result.JsonResult[1]
      Setting HTTP status code 403.
info: Microsoft.AspNetCore.Http.Result.JsonResult[3]
      Writing value of type 'CatalogApiErrorEnvelopeV1' as Json.
info: Microsoft.AspNetCore.Routing.EndpointMiddleware[1]
      Executed endpoint 'HTTP: POST /api/v1/management/catalog/tax-profiles'
info: Microsoft.AspNetCore.Hosting.Diagnostics[2]
      Request finished HTTP/1.1 POST https://127.0.0.1:40461/api/v1/management/catalog/tax-profiles?terminalId=774fc81e-f657-41f6-9179-7a7d41e7a446 - 403 - application/json;+charset=utf-8 6.2948ms
info: Microsoft.AspNetCore.Hosting.Diagnostics[1]
      Request starting HTTP/1.1 PUT http://127.0.0.1:40461/api/v1/management/customer-display/screensaver?terminalId=bf9facb2-1230-44be-ab63-618aaea14227 - application/json;+charset=utf-8 2
info: Microsoft.AspNetCore.Routing.EndpointMiddleware[0]
      Executing endpoint 'HTTP: GET, POST, PUT, PATCH, DELETE, OPTIONS /api/{**path}'
info: Microsoft.AspNetCore.Http.Result.JsonResult[1]
      Setting HTTP status code 404.
info: Microsoft.AspNetCore.Http.Result.JsonResult[3]
      Writing value of type 'ApiErrorEnvelope' as Json.
info: Microsoft.AspNetCore.Routing.EndpointMiddleware[1]
      Executed endpoint 'HTTP: GET, POST, PUT, PATCH, DELETE, OPTIONS /api/{**path}'
info: Microsoft.AspNetCore.Hosting.Diagnostics[2]
      Request finished HTTP/1.1 PUT https://127.0.0.1:40461/api/v1/management/customer-display/screensaver?terminalId=bf9facb2-1230-44be-ab63-618aaea14227 - 404 - application/json;+charset=utf-8 2.0444ms
info: Microsoft.AspNetCore.Hosting.Diagnostics[1]
      Request starting HTTP/1.1 DELETE http://127.0.0.1:40461/api/v1/management/customer-display/screensaver?terminalId=2c4db638-e4de-4502-b06e-b9fc0a69bf2f - application/json;+charset=utf-8 2
info: Microsoft.AspNetCore.Routing.EndpointMiddleware[0]
      Executing endpoint 'HTTP: DELETE /api/v1/management/customer-display/screensaver'
info: Microsoft.AspNetCore.Http.Result.JsonResult[1]
      Setting HTTP status code 403.
info: Microsoft.AspNetCore.Http.Result.JsonResult[3]
      Writing value of type 'CatalogApiErrorEnvelopeV1' as Json.
info: Microsoft.AspNetCore.Routing.EndpointMiddleware[1]
      Executed endpoint 'HTTP: DELETE /api/v1/management/customer-display/screensaver'
info: Microsoft.AspNetCore.Hosting.Diagnostics[2]
      Request finished HTTP/1.1 DELETE https://127.0.0.1:40461/api/v1/management/customer-display/screensaver?terminalId=2c4db638-e4de-4502-b06e-b9fc0a69bf2f - 403 - application/json;+charset=utf-8 5.8487ms
info: Microsoft.AspNetCore.Hosting.Diagnostics[1]
      Request starting HTTP/1.1 POST http://127.0.0.1:40461/api/v1/management/inventory/modifiers/3324c129-7afd-4ba6-8ead-af397ea668a2/stock-mappings?terminalId=ac9c795e-af8d-44b7-88eb-4f8f0591d60e - application/json;+charset=utf-8 2
info: Microsoft.AspNetCore.Routing.EndpointMiddleware[0]
      Executing endpoint 'HTTP: POST /api/v1/management/inventory/modifiers/{modifierId:guid}/stock-mappings'
info: Microsoft.AspNetCore.Http.Result.JsonResult[1]
      Setting HTTP status code 403.
info: Microsoft.AspNetCore.Http.Result.JsonResult[3]
      Writing value of type 'StockMasterApiErrorEnvelopeV1' as Json.
info: Microsoft.AspNetCore.Routing.EndpointMiddleware[1]
      Executed endpoint 'HTTP: POST /api/v1/management/inventory/modifiers/{modifierId:guid}/stock-mappings'
info: Microsoft.AspNetCore.Hosting.Diagnostics[2]
      Request finished HTTP/1.1 POST https://127.0.0.1:40461/api/v1/management/inventory/modifiers/3324c129-7afd-4ba6-8ead-af397ea668a2/stock-mappings?terminalId=ac9c795e-af8d-44b7-88eb-4f8f0591d60e - 403 - application/json;+charset=utf-8 18.6327ms
info: Microsoft.AspNetCore.Hosting.Diagnostics[1]
      Request starting HTTP/1.1 DELETE http://127.0.0.1:40461/api/v1/management/inventory/modifiers/dc670072-02bf-436f-9fac-0e3bd060d5cb/stock-mappings/dcc431cf-4cd9-4bf5-b2d6-20a5c2f0d8b5?terminalId=0f42bc96-9635-434a-b2c5-169da121f5ef - application/json;+charset=utf-8 2
info: Microsoft.AspNetCore.Routing.EndpointMiddleware[0]
      Executing endpoint 'HTTP: DELETE /api/v1/management/inventory/modifiers/{modifierId:guid}/stock-mappings/{stockItemId:guid}'
info: Microsoft.AspNetCore.Http.Result.JsonResult[1]
      Setting HTTP status code 403.
info: Microsoft.AspNetCore.Http.Result.JsonResult[3]
      Writing value of type 'StockMasterApiErrorEnvelopeV1' as Json.
info: Microsoft.AspNetCore.Routing.EndpointMiddleware[1]
      Executed endpoint 'HTTP: DELETE /api/v1/management/inventory/modifiers/{modifierId:guid}/stock-mappings/{stockItemId:guid}'
info: Microsoft.AspNetCore.Hosting.Diagnostics[2]
      Request finished HTTP/1.1 DELETE https://127.0.0.1:40461/api/v1/management/inventory/modifiers/dc670072-02bf-436f-9fac-0e3bd060d5cb/stock-mappings/dcc431cf-4cd9-4bf5-b2d6-20a5c2f0d8b5?terminalId=0f42bc96-9635-434a-b2c5-169da121f5ef - 403 - application/json;+charset=utf-8 10.9889ms
info: Microsoft.AspNetCore.Hosting.Diagnostics[1]
      Request starting HTTP/1.1 POST http://127.0.0.1:40461/api/v1/management/inventory/products/951cfb22-246a-4528-9728-b185ed99682c/stock-mappings?terminalId=606862a6-3ff8-47a7-b243-ae79ba94a4ca - application/json;+charset=utf-8 2
info: Microsoft.AspNetCore.Routing.EndpointMiddleware[0]
      Executing endpoint 'HTTP: POST /api/v1/management/inventory/products/{productId:guid}/stock-mappings'
info: Microsoft.AspNetCore.Http.Result.JsonResult[1]
      Setting HTTP status code 403.
info: Microsoft.AspNetCore.Http.Result.JsonResult[3]
      Writing value of type 'StockMasterApiErrorEnvelopeV1' as Json.
info: Microsoft.AspNetCore.Routing.EndpointMiddleware[1]
      Executed endpoint 'HTTP: POST /api/v1/management/inventory/products/{productId:guid}/stock-mappings'
info: Microsoft.AspNetCore.Hosting.Diagnostics[2]
      Request finished HTTP/1.1 POST https://127.0.0.1:40461/api/v1/management/inventory/products/951cfb22-246a-4528-9728-b185ed99682c/stock-mappings?terminalId=606862a6-3ff8-47a7-b243-ae79ba94a4ca - 403 - application/json;+charset=utf-8 9.6667ms
info: Microsoft.AspNetCore.Hosting.Diagnostics[1]
      Request starting HTTP/1.1 DELETE http://127.0.0.1:40461/api/v1/management/inventory/products/b21fd8de-5323-4c26-9927-ab9ded507419/stock-mappings/69149aae-184e-4945-a3ae-8994e9525142?terminalId=79114b51-b113-4d94-b22a-6779ce45d328 - application/json;+charset=utf-8 2
info: Microsoft.AspNetCore.Routing.EndpointMiddleware[0]
      Executing endpoint 'HTTP: DELETE /api/v1/management/inventory/products/{productId:guid}/stock-mappings/{stockItemId:guid}'
info: Microsoft.AspNetCore.Http.Result.JsonResult[1]
      Setting HTTP status code 403.
info: Microsoft.AspNetCore.Http.Result.JsonResult[3]
      Writing value of type 'StockMasterApiErrorEnvelopeV1' as Json.
info: Microsoft.AspNetCore.Routing.EndpointMiddleware[1]
      Executed endpoint 'HTTP: DELETE /api/v1/management/inventory/products/{productId:guid}/stock-mappings/{stockItemId:guid}'
info: Microsoft.AspNetCore.Hosting.Diagnostics[2]
      Request finished HTTP/1.1 DELETE https://127.0.0.1:40461/api/v1/management/inventory/products/b21fd8de-5323-4c26-9927-ab9ded507419/stock-mappings/69149aae-184e-4945-a3ae-8994e9525142?terminalId=79114b51-b113-4d94-b22a-6779ce45d328 - 403 - application/json;+charset=utf-8 5.9836ms
info: Microsoft.AspNetCore.Hosting.Diagnostics[1]
      Request starting HTTP/1.1 POST http://127.0.0.1:40461/api/v1/management/inventory/stock-items?terminalId=2e3acc2d-9054-474e-bd47-31128632a61a - application/json;+charset=utf-8 2
info: Microsoft.AspNetCore.Routing.EndpointMiddleware[0]
      Executing endpoint 'HTTP: POST /api/v1/management/inventory/stock-items'
info: Microsoft.AspNetCore.Http.Result.JsonResult[1]
      Setting HTTP status code 403.
info: Microsoft.AspNetCore.Http.Result.JsonResult[3]
      Writing value of type 'StockMasterApiErrorEnvelopeV1' as Json.
info: Microsoft.AspNetCore.Routing.EndpointMiddleware[1]
      Executed endpoint 'HTTP: POST /api/v1/management/inventory/stock-items'
info: Microsoft.AspNetCore.Hosting.Diagnostics[2]
      Request finished HTTP/1.1 POST https://127.0.0.1:40461/api/v1/management/inventory/stock-items?terminalId=2e3acc2d-9054-474e-bd47-31128632a61a - 403 - application/json;+charset=utf-8 8.9160ms
info: Microsoft.AspNetCore.Hosting.Diagnostics[1]
      Request starting HTTP/1.1 POST http://127.0.0.1:40461/api/v1/management/inventory/stock-items/0c7f3080-c9e0-4ee2-bb3c-c0cd6e98c82e/physical-counts?terminalId=6d8e5fe4-55d5-4e25-9d55-5f869d44dbd2 - application/json;+charset=utf-8 2
info: Microsoft.AspNetCore.Routing.EndpointMiddleware[0]
      Executing endpoint 'HTTP: POST /api/v1/management/inventory/stock-items/{stockItemId:guid}/physical-counts'
info: Microsoft.AspNetCore.Http.Result.JsonResult[1]
      Setting HTTP status code 403.
info: Microsoft.AspNetCore.Http.Result.JsonResult[3]
      Writing value of type 'StockMasterApiErrorEnvelopeV1' as Json.
info: Microsoft.AspNetCore.Routing.EndpointMiddleware[1]
      Executed endpoint 'HTTP: POST /api/v1/management/inventory/stock-items/{stockItemId:guid}/physical-counts'
info: Microsoft.AspNetCore.Hosting.Diagnostics[2]
      Request finished HTTP/1.1 POST https://127.0.0.1:40461/api/v1/management/inventory/stock-items/0c7f3080-c9e0-4ee2-bb3c-c0cd6e98c82e/physical-counts?terminalId=6d8e5fe4-55d5-4e25-9d55-5f869d44dbd2 - 403 - application/json;+charset=utf-8 7.7551ms
info: Microsoft.AspNetCore.Hosting.Diagnostics[1]
      Request starting HTTP/1.1 PUT http://127.0.0.1:40461/api/v1/management/inventory/stock-items/c1f6d063-6e04-4b90-80fe-67f4bbde5e92/reorder-point?terminalId=eea3f57e-bd85-4084-bf80-54254554f773 - application/json;+charset=utf-8 2
info: Microsoft.AspNetCore.Routing.EndpointMiddleware[0]
      Executing endpoint 'HTTP: PUT /api/v1/management/inventory/stock-items/{stockItemId:guid}/reorder-point'
info: Microsoft.AspNetCore.Http.Result.JsonResult[1]
      Setting HTTP status code 403.
info: Microsoft.AspNetCore.Http.Result.JsonResult[3]
      Writing value of type 'StockMasterApiErrorEnvelopeV1' as Json.
info: Microsoft.AspNetCore.Routing.EndpointMiddleware[1]
      Executed endpoint 'HTTP: PUT /api/v1/management/inventory/stock-items/{stockItemId:guid}/reorder-point'
info: Microsoft.AspNetCore.Hosting.Diagnostics[2]
      Request finished HTTP/1.1 PUT https://127.0.0.1:40461/api/v1/management/inventory/stock-items/c1f6d063-6e04-4b90-80fe-67f4bbde5e92/reorder-point?terminalId=eea3f57e-bd85-4084-bf80-54254554f773 - 403 - application/json;+charset=utf-8 10.6431ms
info: Microsoft.AspNetCore.Hosting.Diagnostics[1]
      Request starting HTTP/1.1 POST http://127.0.0.1:40461/api/v1/management/inventory/stock-items/e263f01f-fe44-4bc3-8820-b039b12e38b5/waste?terminalId=c075dc49-e210-4609-914e-51c55e2eeea4 - application/json;+charset=utf-8 2
info: Microsoft.AspNetCore.Routing.EndpointMiddleware[0]
      Executing endpoint 'HTTP: POST /api/v1/management/inventory/stock-items/{stockItemId:guid}/waste'
info: Microsoft.AspNetCore.Http.Result.JsonResult[1]
      Setting HTTP status code 403.
info: Microsoft.AspNetCore.Http.Result.JsonResult[3]
      Writing value of type 'StockMasterApiErrorEnvelopeV1' as Json.
info: Microsoft.AspNetCore.Routing.EndpointMiddleware[1]
      Executed endpoint 'HTTP: POST /api/v1/management/inventory/stock-items/{stockItemId:guid}/waste'
info: Microsoft.AspNetCore.Hosting.Diagnostics[2]
      Request finished HTTP/1.1 POST https://127.0.0.1:40461/api/v1/management/inventory/stock-items/e263f01f-fe44-4bc3-8820-b039b12e38b5/waste?terminalId=c075dc49-e210-4609-914e-51c55e2eeea4 - 403 - application/json;+charset=utf-8 7.8742ms
info: Microsoft.AspNetCore.Hosting.Diagnostics[1]
      Request starting HTTP/1.1 POST http://127.0.0.1:40461/api/v1/management/inventory/stock-locations?terminalId=881041ab-0497-48eb-a785-b92f13613944 - application/json;+charset=utf-8 2
info: Microsoft.AspNetCore.Routing.EndpointMiddleware[0]
      Executing endpoint 'HTTP: POST /api/v1/management/inventory/stock-locations'
info: Microsoft.AspNetCore.Http.Result.JsonResult[1]
      Setting HTTP status code 403.
info: Microsoft.AspNetCore.Http.Result.JsonResult[3]
      Writing value of type 'StockMasterApiErrorEnvelopeV1' as Json.
info: Microsoft.AspNetCore.Routing.EndpointMiddleware[1]
      Executed endpoint 'HTTP: POST /api/v1/management/inventory/stock-locations'
info: Microsoft.AspNetCore.Hosting.Diagnostics[2]
      Request finished HTTP/1.1 POST https://127.0.0.1:40461/api/v1/management/inventory/stock-locations?terminalId=881041ab-0497-48eb-a785-b92f13613944 - 403 - application/json;+charset=utf-8 7.8201ms
info: Microsoft.AspNetCore.Hosting.Diagnostics[1]
      Request starting HTTP/1.1 POST http://127.0.0.1:40461/api/v1/management/menus-and-specials/daily-menus?terminalId=33a61510-eea2-4778-ad36-a15d10332d97 - application/json;+charset=utf-8 2
info: Microsoft.AspNetCore.Routing.EndpointMiddleware[0]
      Executing endpoint 'HTTP: POST /api/v1/management/menus-and-specials/daily-menus'
info: Microsoft.AspNetCore.Http.Result.JsonResult[1]
      Setting HTTP status code 403.
info: Microsoft.AspNetCore.Http.Result.JsonResult[3]
      Writing value of type 'MenuApiErrorEnvelopeV1' as Json.
info: Microsoft.AspNetCore.Routing.EndpointMiddleware[1]
      Executed endpoint 'HTTP: POST /api/v1/management/menus-and-specials/daily-menus'
info: Microsoft.AspNetCore.Hosting.Diagnostics[2]
      Request finished HTTP/1.1 POST https://127.0.0.1:40461/api/v1/management/menus-and-specials/daily-menus?terminalId=33a61510-eea2-4778-ad36-a15d10332d97 - 403 - application/json;+charset=utf-8 17.1354ms
info: Microsoft.AspNetCore.Hosting.Diagnostics[1]
      Request starting HTTP/1.1 PUT http://127.0.0.1:40461/api/v1/management/menus-and-specials/daily-menus/items/ea4930a5-1132-4ecf-a600-1c4d7080b28c/planned-portions?terminalId=ef2e4bed-a287-4f02-8092-68aeb8d17370 - application/json;+charset=utf-8 2
info: Microsoft.AspNetCore.Routing.EndpointMiddleware[0]
      Executing endpoint 'HTTP: PUT /api/v1/management/menus-and-specials/daily-menus/items/{dailyMenuItemId:guid}/planned-portions'
info: Microsoft.AspNetCore.Http.Result.JsonResult[1]
      Setting HTTP status code 403.
info: Microsoft.AspNetCore.Http.Result.JsonResult[3]
      Writing value of type 'MenuApiErrorEnvelopeV1' as Json.
info: Microsoft.AspNetCore.Routing.EndpointMiddleware[1]
      Executed endpoint 'HTTP: PUT /api/v1/management/menus-and-specials/daily-menus/items/{dailyMenuItemId:guid}/planned-portions'
info: Microsoft.AspNetCore.Hosting.Diagnostics[2]
      Request finished HTTP/1.1 PUT https://127.0.0.1:40461/api/v1/management/menus-and-specials/daily-menus/items/ea4930a5-1132-4ecf-a600-1c4d7080b28c/planned-portions?terminalId=ef2e4bed-a287-4f02-8092-68aeb8d17370 - 403 - application/json;+charset=utf-8 9.6664ms
info: Microsoft.AspNetCore.Hosting.Diagnostics[1]
      Request starting HTTP/1.1 PUT http://127.0.0.1:40461/api/v1/management/menus-and-specials/daily-menus/items/5cba7e80-e8c7-4995-842e-664ad135d4e1/price?terminalId=ee58542e-ecb1-46dd-8418-6d2b1aa5795d - application/json;+charset=utf-8 2
info: Microsoft.AspNetCore.Routing.EndpointMiddleware[0]
      Executing endpoint 'HTTP: PUT /api/v1/management/menus-and-specials/daily-menus/items/{dailyMenuItemId:guid}/price'
info: Microsoft.AspNetCore.Http.Result.JsonResult[1]
      Setting HTTP status code 403.
info: Microsoft.AspNetCore.Http.Result.JsonResult[3]
      Writing value of type 'MenuApiErrorEnvelopeV1' as Json.
info: Microsoft.AspNetCore.Routing.EndpointMiddleware[1]
      Executed endpoint 'HTTP: PUT /api/v1/management/menus-and-specials/daily-menus/items/{dailyMenuItemId:guid}/price'
info: Microsoft.AspNetCore.Hosting.Diagnostics[2]
      Request finished HTTP/1.1 PUT https://127.0.0.1:40461/api/v1/management/menus-and-specials/daily-menus/items/5cba7e80-e8c7-4995-842e-664ad135d4e1/price?terminalId=ee58542e-ecb1-46dd-8418-6d2b1aa5795d - 403 - application/json;+charset=utf-8 9.4937ms
info: Microsoft.AspNetCore.Hosting.Diagnostics[1]
      Request starting HTTP/1.1 PUT http://127.0.0.1:40461/api/v1/management/menus-and-specials/daily-menus/items/af934e26-cf28-432f-9d99-fde2c8eee872/status?terminalId=ecc1850a-e426-4a7b-abbd-1ffca240f54d - application/json;+charset=utf-8 2
info: Microsoft.AspNetCore.Routing.EndpointMiddleware[0]
      Executing endpoint 'HTTP: PUT /api/v1/management/menus-and-specials/daily-menus/items/{dailyMenuItemId:guid}/status'
info: Microsoft.AspNetCore.Http.Result.JsonResult[1]
      Setting HTTP status code 403.
info: Microsoft.AspNetCore.Http.Result.JsonResult[3]
      Writing value of type 'MenuApiErrorEnvelopeV1' as Json.
info: Microsoft.AspNetCore.Routing.EndpointMiddleware[1]
      Executed endpoint 'HTTP: PUT /api/v1/management/menus-and-specials/daily-menus/items/{dailyMenuItemId:guid}/status'
info: Microsoft.AspNetCore.Hosting.Diagnostics[2]
      Request finished HTTP/1.1 PUT https://127.0.0.1:40461/api/v1/management/menus-and-specials/daily-menus/items/af934e26-cf28-432f-9d99-fde2c8eee872/status?terminalId=ecc1850a-e426-4a7b-abbd-1ffca240f54d - 403 - application/json;+charset=utf-8 5.6716ms
info: Microsoft.AspNetCore.Hosting.Diagnostics[1]
      Request starting HTTP/1.1 POST http://127.0.0.1:40461/api/v1/management/menus-and-specials/daily-menus/09281a5e-44a9-4d0e-976f-1a7fcdecb56b/close?terminalId=4aec0a3a-0277-4e69-85b4-19773140f560 - application/json;+charset=utf-8 2
info: Microsoft.AspNetCore.Routing.EndpointMiddleware[0]
      Executing endpoint 'HTTP: POST /api/v1/management/menus-and-specials/daily-menus/{dailyMenuId:guid}/close'
info: Microsoft.AspNetCore.Http.Result.JsonResult[1]
      Setting HTTP status code 403.
info: Microsoft.AspNetCore.Http.Result.JsonResult[3]
      Writing value of type 'MenuApiErrorEnvelopeV1' as Json.
info: Microsoft.AspNetCore.Routing.EndpointMiddleware[1]
      Executed endpoint 'HTTP: POST /api/v1/management/menus-and-specials/daily-menus/{dailyMenuId:guid}/close'
info: Microsoft.AspNetCore.Hosting.Diagnostics[2]
      Request finished HTTP/1.1 POST https://127.0.0.1:40461/api/v1/management/menus-and-specials/daily-menus/09281a5e-44a9-4d0e-976f-1a7fcdecb56b/close?terminalId=4aec0a3a-0277-4e69-85b4-19773140f560 - 403 - application/json;+charset=utf-8 7.5743ms
info: Microsoft.AspNetCore.Hosting.Diagnostics[1]
      Request starting HTTP/1.1 POST http://127.0.0.1:40461/api/v1/management/menus-and-specials/daily-menus/42f859b6-de76-44f4-ab7b-5df5b6a81269/items?terminalId=35a09b69-2363-49c2-aac3-58c50c49ccea - application/json;+charset=utf-8 2
info: Microsoft.AspNetCore.Routing.EndpointMiddleware[0]
      Executing endpoint 'HTTP: POST /api/v1/management/menus-and-specials/daily-menus/{dailyMenuId:guid}/items'
info: Microsoft.AspNetCore.Http.Result.JsonResult[1]
      Setting HTTP status code 403.
info: Microsoft.AspNetCore.Http.Result.JsonResult[3]
      Writing value of type 'MenuApiErrorEnvelopeV1' as Json.
info: Microsoft.AspNetCore.Routing.EndpointMiddleware[1]
      Executed endpoint 'HTTP: POST /api/v1/management/menus-and-specials/daily-menus/{dailyMenuId:guid}/items'
info: Microsoft.AspNetCore.Hosting.Diagnostics[2]
      Request finished HTTP/1.1 POST https://127.0.0.1:40461/api/v1/management/menus-and-specials/daily-menus/42f859b6-de76-44f4-ab7b-5df5b6a81269/items?terminalId=35a09b69-2363-49c2-aac3-58c50c49ccea - 403 - application/json;+charset=utf-8 7.4949ms
info: Microsoft.AspNetCore.Hosting.Diagnostics[1]
      Request starting HTTP/1.1 POST http://127.0.0.1:40461/api/v1/management/menus-and-specials/daily-menus/208cacb5-e760-4160-9368-1b6a907aafb0/open?terminalId=edb74f13-97e4-47ec-a856-0a52ae73e194 - application/json;+charset=utf-8 2
info: Microsoft.AspNetCore.Routing.EndpointMiddleware[0]
      Executing endpoint 'HTTP: POST /api/v1/management/menus-and-specials/daily-menus/{dailyMenuId:guid}/open'
info: Microsoft.AspNetCore.Http.Result.JsonResult[1]
      Setting HTTP status code 403.
info: Microsoft.AspNetCore.Http.Result.JsonResult[3]
      Writing value of type 'MenuApiErrorEnvelopeV1' as Json.
info: Microsoft.AspNetCore.Routing.EndpointMiddleware[1]
      Executed endpoint 'HTTP: POST /api/v1/management/menus-and-specials/daily-menus/{dailyMenuId:guid}/open'
info: Microsoft.AspNetCore.Hosting.Diagnostics[2]
      Request finished HTTP/1.1 POST https://127.0.0.1:40461/api/v1/management/menus-and-specials/daily-menus/208cacb5-e760-4160-9368-1b6a907aafb0/open?terminalId=edb74f13-97e4-47ec-a856-0a52ae73e194 - 403 - application/json;+charset=utf-8 6.4058ms
info: Microsoft.AspNetCore.Hosting.Diagnostics[1]
      Request starting HTTP/1.1 POST http://127.0.0.1:40461/api/v1/management/menus-and-specials/menus?terminalId=f07be880-d68f-48c0-9443-7f187e95c1d3 - application/json;+charset=utf-8 2
info: Microsoft.AspNetCore.Routing.EndpointMiddleware[0]
      Executing endpoint 'HTTP: POST /api/v1/management/menus-and-specials/menus'
info: Microsoft.AspNetCore.Http.Result.JsonResult[1]
      Setting HTTP status code 403.
info: Microsoft.AspNetCore.Http.Result.JsonResult[3]
      Writing value of type 'MenuApiErrorEnvelopeV1' as Json.
info: Microsoft.AspNetCore.Routing.EndpointMiddleware[1]
      Executed endpoint 'HTTP: POST /api/v1/management/menus-and-specials/menus'
info: Microsoft.AspNetCore.Hosting.Diagnostics[2]
      Request finished HTTP/1.1 POST https://127.0.0.1:40461/api/v1/management/menus-and-specials/menus?terminalId=f07be880-d68f-48c0-9443-7f187e95c1d3 - 403 - application/json;+charset=utf-8 8.6674ms
info: Microsoft.AspNetCore.Hosting.Diagnostics[1]
      Request starting HTTP/1.1 PUT http://127.0.0.1:40461/api/v1/management/menus-and-specials/menus/3071a869-64e8-44e3-a29d-edb0a11dd329?terminalId=5cce3768-c1c9-44c1-9129-32a45e44ed6b - application/json;+charset=utf-8 2
info: Microsoft.AspNetCore.Routing.EndpointMiddleware[0]
      Executing endpoint 'HTTP: PUT /api/v1/management/menus-and-specials/menus/{menuId:guid}'
info: Microsoft.AspNetCore.Http.Result.JsonResult[1]
      Setting HTTP status code 403.
info: Microsoft.AspNetCore.Http.Result.JsonResult[3]
      Writing value of type 'MenuApiErrorEnvelopeV1' as Json.
info: Microsoft.AspNetCore.Routing.EndpointMiddleware[1]
      Executed endpoint 'HTTP: PUT /api/v1/management/menus-and-specials/menus/{menuId:guid}'
info: Microsoft.AspNetCore.Hosting.Diagnostics[2]
      Request finished HTTP/1.1 PUT https://127.0.0.1:40461/api/v1/management/menus-and-specials/menus/3071a869-64e8-44e3-a29d-edb0a11dd329?terminalId=5cce3768-c1c9-44c1-9129-32a45e44ed6b - 403 - application/json;+charset=utf-8 7.1488ms
info: Microsoft.AspNetCore.Hosting.Diagnostics[1]
      Request starting HTTP/1.1 POST http://127.0.0.1:40461/api/v1/management/menus-and-specials/menus/42cb2846-cb4f-42fb-ab57-ca8ff1ea0927/items?terminalId=7e759f39-730a-42be-8113-8b0f5d684bb2 - application/json;+charset=utf-8 2
info: Microsoft.AspNetCore.Routing.EndpointMiddleware[0]
      Executing endpoint 'HTTP: POST /api/v1/management/menus-and-specials/menus/{menuId:guid}/items'
info: Microsoft.AspNetCore.Http.Result.JsonResult[1]
      Setting HTTP status code 403.
info: Microsoft.AspNetCore.Http.Result.JsonResult[3]
      Writing value of type 'MenuApiErrorEnvelopeV1' as Json.
info: Microsoft.AspNetCore.Routing.EndpointMiddleware[1]
      Executed endpoint 'HTTP: POST /api/v1/management/menus-and-specials/menus/{menuId:guid}/items'
info: Microsoft.AspNetCore.Hosting.Diagnostics[2]
      Request finished HTTP/1.1 POST https://127.0.0.1:40461/api/v1/management/menus-and-specials/menus/42cb2846-cb4f-42fb-ab57-ca8ff1ea0927/items?terminalId=7e759f39-730a-42be-8113-8b0f5d684bb2 - 403 - application/json;+charset=utf-8 8.6677ms
info: Microsoft.AspNetCore.Hosting.Diagnostics[1]
      Request starting HTTP/1.1 POST http://127.0.0.1:40461/api/v1/management/menus-and-specials/menus/0d7be16b-40ef-4ca9-b250-bda6c53509e7/items/reorder?terminalId=161fdc76-2bcf-4670-a9b4-eea8af2cbd62 - application/json;+charset=utf-8 2
info: Microsoft.AspNetCore.Routing.EndpointMiddleware[0]
      Executing endpoint 'HTTP: POST /api/v1/management/menus-and-specials/menus/{menuId:guid}/items/reorder'
info: Microsoft.AspNetCore.Http.Result.JsonResult[1]
      Setting HTTP status code 403.
info: Microsoft.AspNetCore.Http.Result.JsonResult[3]
      Writing value of type 'MenuApiErrorEnvelopeV1' as Json.
info: Microsoft.AspNetCore.Routing.EndpointMiddleware[1]
      Executed endpoint 'HTTP: POST /api/v1/management/menus-and-specials/menus/{menuId:guid}/items/reorder'
info: Microsoft.AspNetCore.Hosting.Diagnostics[2]
      Request finished HTTP/1.1 POST https://127.0.0.1:40461/api/v1/management/menus-and-specials/menus/0d7be16b-40ef-4ca9-b250-bda6c53509e7/items/reorder?terminalId=161fdc76-2bcf-4670-a9b4-eea8af2cbd62 - 403 - application/json;+charset=utf-8 8.3267ms
info: Microsoft.AspNetCore.Hosting.Diagnostics[1]
      Request starting HTTP/1.1 PUT http://127.0.0.1:40461/api/v1/management/menus-and-specials/menus/345b8379-3e2f-4a9b-aae0-8d2a97241c60/items/a3b8183c-b3a5-4c05-a393-dca0233e8ae8?terminalId=8ae2367f-a9e2-4c87-8583-d03d01933de8 - application/json;+charset=utf-8 2
info: Microsoft.AspNetCore.Routing.EndpointMiddleware[0]
      Executing endpoint 'HTTP: PUT /api/v1/management/menus-and-specials/menus/{menuId:guid}/items/{menuItemId:guid}'
info: Microsoft.AspNetCore.Http.Result.JsonResult[1]
      Setting HTTP status code 403.
info: Microsoft.AspNetCore.Http.Result.JsonResult[3]
      Writing value of type 'MenuApiErrorEnvelopeV1' as Json.
info: Microsoft.AspNetCore.Routing.EndpointMiddleware[1]
      Executed endpoint 'HTTP: PUT /api/v1/management/menus-and-specials/menus/{menuId:guid}/items/{menuItemId:guid}'
info: Microsoft.AspNetCore.Hosting.Diagnostics[2]
      Request finished HTTP/1.1 PUT https://127.0.0.1:40461/api/v1/management/menus-and-specials/menus/345b8379-3e2f-4a9b-aae0-8d2a97241c60/items/a3b8183c-b3a5-4c05-a393-dca0233e8ae8?terminalId=8ae2367f-a9e2-4c87-8583-d03d01933de8 - 403 - application/json;+charset=utf-8 9.4661ms
info: Microsoft.AspNetCore.Hosting.Diagnostics[1]
      Request starting HTTP/1.1 POST http://127.0.0.1:40461/api/v1/management/observability/alerts/raise?terminalId=1c82b541-98c9-4822-b417-0d276337b6ef - application/json;+charset=utf-8 2
info: Microsoft.AspNetCore.Routing.EndpointMiddleware[0]
      Executing endpoint 'HTTP: POST /api/v1/management/observability/alerts/raise'
info: Microsoft.AspNetCore.Http.Result.JsonResult[1]
      Setting HTTP status code 403.
info: Microsoft.AspNetCore.Http.Result.JsonResult[3]
      Writing value of type 'ObservabilityApiErrorEnvelopeV1' as Json.
info: Microsoft.AspNetCore.Routing.EndpointMiddleware[1]
      Executed endpoint 'HTTP: POST /api/v1/management/observability/alerts/raise'
info: Microsoft.AspNetCore.Hosting.Diagnostics[2]
      Request finished HTTP/1.1 POST https://127.0.0.1:40461/api/v1/management/observability/alerts/raise?terminalId=1c82b541-98c9-4822-b417-0d276337b6ef - 403 - application/json;+charset=utf-8 13.2733ms
info: Microsoft.AspNetCore.Hosting.Diagnostics[1]
      Request starting HTTP/1.1 POST http://127.0.0.1:40461/api/v1/management/observability/alerts/f8dcc320-3e56-43df-b534-b8f5c69a7038/acknowledge?terminalId=93c7663e-dc9e-4cc4-be50-be71c87d7de7 - application/json;+charset=utf-8 2
info: Microsoft.AspNetCore.Routing.EndpointMiddleware[0]
      Executing endpoint 'HTTP: POST /api/v1/management/observability/alerts/{alertId:guid}/acknowledge'
info: Microsoft.AspNetCore.Http.Result.JsonResult[1]
      Setting HTTP status code 403.
info: Microsoft.AspNetCore.Http.Result.JsonResult[3]
      Writing value of type 'ObservabilityApiErrorEnvelopeV1' as Json.
info: Microsoft.AspNetCore.Routing.EndpointMiddleware[1]
      Executed endpoint 'HTTP: POST /api/v1/management/observability/alerts/{alertId:guid}/acknowledge'
info: Microsoft.AspNetCore.Hosting.Diagnostics[2]
      Request finished HTTP/1.1 POST https://127.0.0.1:40461/api/v1/management/observability/alerts/f8dcc320-3e56-43df-b534-b8f5c69a7038/acknowledge?terminalId=93c7663e-dc9e-4cc4-be50-be71c87d7de7 - 403 - application/json;+charset=utf-8 9.2935ms
info: Microsoft.AspNetCore.Hosting.Diagnostics[1]
      Request starting HTTP/1.1 POST http://127.0.0.1:40461/api/v1/management/observability/alerts/d5ae891a-3c53-4bff-b168-d259f1650570/escalate?terminalId=72a92324-2170-4704-8acc-c0f0fc52af23 - application/json;+charset=utf-8 2
info: Microsoft.AspNetCore.Routing.EndpointMiddleware[0]
      Executing endpoint 'HTTP: POST /api/v1/management/observability/alerts/{alertId:guid}/escalate'
info: Microsoft.AspNetCore.Http.Result.JsonResult[1]
      Setting HTTP status code 403.
info: Microsoft.AspNetCore.Http.Result.JsonResult[3]
      Writing value of type 'ObservabilityApiErrorEnvelopeV1' as Json.
info: Microsoft.AspNetCore.Routing.EndpointMiddleware[1]
      Executed endpoint 'HTTP: POST /api/v1/management/observability/alerts/{alertId:guid}/escalate'
info: Microsoft.AspNetCore.Hosting.Diagnostics[2]
      Request finished HTTP/1.1 POST https://127.0.0.1:40461/api/v1/management/observability/alerts/d5ae891a-3c53-4bff-b168-d259f1650570/escalate?terminalId=72a92324-2170-4704-8acc-c0f0fc52af23 - 403 - application/json;+charset=utf-8 6.7523ms
info: Microsoft.AspNetCore.Hosting.Diagnostics[1]
      Request starting HTTP/1.1 POST http://127.0.0.1:40461/api/v1/management/observability/alerts/a4e14f84-25ac-4bde-8795-084340d48430/resolve?terminalId=37210346-b468-4ee0-af37-497fb1676faf - application/json;+charset=utf-8 2
info: Microsoft.AspNetCore.Routing.EndpointMiddleware[0]
      Executing endpoint 'HTTP: POST /api/v1/management/observability/alerts/{alertId:guid}/resolve'
info: Microsoft.AspNetCore.Http.Result.JsonResult[1]
      Setting HTTP status code 403.
info: Microsoft.AspNetCore.Http.Result.JsonResult[3]
      Writing value of type 'ObservabilityApiErrorEnvelopeV1' as Json.
info: Microsoft.AspNetCore.Routing.EndpointMiddleware[1]
      Executed endpoint 'HTTP: POST /api/v1/management/observability/alerts/{alertId:guid}/resolve'
info: Microsoft.AspNetCore.Hosting.Diagnostics[2]
      Request finished HTTP/1.1 POST https://127.0.0.1:40461/api/v1/management/observability/alerts/a4e14f84-25ac-4bde-8795-084340d48430/resolve?terminalId=37210346-b468-4ee0-af37-497fb1676faf - 403 - application/json;+charset=utf-8 5.6187ms
info: Microsoft.AspNetCore.Hosting.Diagnostics[1]
      Request starting HTTP/1.1 POST http://127.0.0.1:40461/api/v1/management/observability/alerts/a13a4dca-7db7-4eb6-bba4-3d5ae7c9f88e/suppress?terminalId=435ec238-e98c-4a62-93b4-d49890a2655a - application/json;+charset=utf-8 2
info: Microsoft.AspNetCore.Routing.EndpointMiddleware[0]
      Executing endpoint 'HTTP: POST /api/v1/management/observability/alerts/{alertId:guid}/suppress'
info: Microsoft.AspNetCore.Http.Result.JsonResult[1]
      Setting HTTP status code 403.
info: Microsoft.AspNetCore.Http.Result.JsonResult[3]
      Writing value of type 'ObservabilityApiErrorEnvelopeV1' as Json.
info: Microsoft.AspNetCore.Routing.EndpointMiddleware[1]
      Executed endpoint 'HTTP: POST /api/v1/management/observability/alerts/{alertId:guid}/suppress'
info: Microsoft.AspNetCore.Hosting.Diagnostics[2]
      Request finished HTTP/1.1 POST https://127.0.0.1:40461/api/v1/management/observability/alerts/a13a4dca-7db7-4eb6-bba4-3d5ae7c9f88e/suppress?terminalId=435ec238-e98c-4a62-93b4-d49890a2655a - 403 - application/json;+charset=utf-8 7.6742ms
info: Microsoft.AspNetCore.Hosting.Diagnostics[1]
      Request starting HTTP/1.1 POST http://127.0.0.1:40461/api/v1/management/observability/health-checks?terminalId=d9ea03fb-d0a5-437b-a7ed-6fec2766b1a6 - application/json;+charset=utf-8 2
info: Microsoft.AspNetCore.Routing.EndpointMiddleware[0]
      Executing endpoint 'HTTP: POST /api/v1/management/observability/health-checks'
info: Microsoft.AspNetCore.Http.Result.JsonResult[1]
      Setting HTTP status code 403.
info: Microsoft.AspNetCore.Http.Result.JsonResult[3]
      Writing value of type 'ObservabilityApiErrorEnvelopeV1' as Json.
info: Microsoft.AspNetCore.Routing.EndpointMiddleware[1]
      Executed endpoint 'HTTP: POST /api/v1/management/observability/health-checks'
info: Microsoft.AspNetCore.Hosting.Diagnostics[2]
      Request finished HTTP/1.1 POST https://127.0.0.1:40461/api/v1/management/observability/health-checks?terminalId=d9ea03fb-d0a5-437b-a7ed-6fec2766b1a6 - 403 - application/json;+charset=utf-8 7.2396ms
info: Microsoft.AspNetCore.Hosting.Diagnostics[1]
      Request starting HTTP/1.1 POST http://127.0.0.1:40461/api/v1/management/payments/reconciliation-scan?terminalId=b54e286b-599c-4dc3-9b18-7c392aac7c99 - application/json;+charset=utf-8 2
info: Microsoft.AspNetCore.Routing.EndpointMiddleware[0]
      Executing endpoint 'HTTP: POST /api/v1/management/payments/reconciliation-scan'
info: Microsoft.AspNetCore.Http.Result.JsonResult[1]
      Setting HTTP status code 403.
info: Microsoft.AspNetCore.Http.Result.JsonResult[3]
      Writing value of type 'ReconciliationCaseApiErrorEnvelopeV1' as Json.
info: Microsoft.AspNetCore.Routing.EndpointMiddleware[1]
      Executed endpoint 'HTTP: POST /api/v1/management/payments/reconciliation-scan'
info: Microsoft.AspNetCore.Hosting.Diagnostics[2]
      Request finished HTTP/1.1 POST https://127.0.0.1:40461/api/v1/management/payments/reconciliation-scan?terminalId=b54e286b-599c-4dc3-9b18-7c392aac7c99 - 403 - application/json;+charset=utf-8 12.2819ms
info: Microsoft.AspNetCore.Hosting.Diagnostics[1]
      Request starting HTTP/1.1 POST http://127.0.0.1:40461/api/v1/management/production/batches?terminalId=7b13f944-87f4-479e-99d4-98bb331be0b4 - application/json;+charset=utf-8 2
info: Microsoft.AspNetCore.Routing.EndpointMiddleware[0]
      Executing endpoint 'HTTP: POST /api/v1/management/production/batches'
info: Microsoft.AspNetCore.Http.Result.JsonResult[1]
      Setting HTTP status code 403.
info: Microsoft.AspNetCore.Http.Result.JsonResult[3]
      Writing value of type 'ProductionApiErrorEnvelopeV1' as Json.
info: Microsoft.AspNetCore.Routing.EndpointMiddleware[1]
      Executed endpoint 'HTTP: POST /api/v1/management/production/batches'
info: Microsoft.AspNetCore.Hosting.Diagnostics[2]
      Request finished HTTP/1.1 POST https://127.0.0.1:40461/api/v1/management/production/batches?terminalId=7b13f944-87f4-479e-99d4-98bb331be0b4 - 403 - application/json;+charset=utf-8 14.7992ms
info: Microsoft.AspNetCore.Hosting.Diagnostics[1]
      Request starting HTTP/1.1 POST http://127.0.0.1:40461/api/v1/management/production/batches/208d5dfe-44fc-4328-a2cf-145843e91c43/cancel?terminalId=c237426b-4e0f-4a3c-8d10-415ae11cc4bd - application/json;+charset=utf-8 2
info: Microsoft.AspNetCore.Routing.EndpointMiddleware[0]
      Executing endpoint 'HTTP: POST /api/v1/management/production/batches/{batchId:guid}/cancel'
info: Microsoft.AspNetCore.Http.Result.JsonResult[1]
      Setting HTTP status code 403.
info: Microsoft.AspNetCore.Http.Result.JsonResult[3]
      Writing value of type 'ProductionApiErrorEnvelopeV1' as Json.
info: Microsoft.AspNetCore.Routing.EndpointMiddleware[1]
      Executed endpoint 'HTTP: POST /api/v1/management/production/batches/{batchId:guid}/cancel'
info: Microsoft.AspNetCore.Hosting.Diagnostics[2]
      Request finished HTTP/1.1 POST https://127.0.0.1:40461/api/v1/management/production/batches/208d5dfe-44fc-4328-a2cf-145843e91c43/cancel?terminalId=c237426b-4e0f-4a3c-8d10-415ae11cc4bd - 403 - application/json;+charset=utf-8 6.8866ms
info: Microsoft.AspNetCore.Hosting.Diagnostics[1]
      Request starting HTTP/1.1 POST http://127.0.0.1:40461/api/v1/management/production/batches/ee3cada2-58f7-4f49-8973-c59ecc96cbb8/complete?terminalId=40a72521-6f5d-4355-9934-19ca82407c2e - application/json;+charset=utf-8 2
info: Microsoft.AspNetCore.Routing.EndpointMiddleware[0]
      Executing endpoint 'HTTP: POST /api/v1/management/production/batches/{batchId:guid}/complete'
info: Microsoft.AspNetCore.Http.Result.JsonResult[1]
      Setting HTTP status code 403.
info: Microsoft.AspNetCore.Http.Result.JsonResult[3]
      Writing value of type 'ProductionApiErrorEnvelopeV1' as Json.
info: Microsoft.AspNetCore.Routing.EndpointMiddleware[1]
      Executed endpoint 'HTTP: POST /api/v1/management/production/batches/{batchId:guid}/complete'
info: Microsoft.AspNetCore.Hosting.Diagnostics[2]
      Request finished HTTP/1.1 POST https://127.0.0.1:40461/api/v1/management/production/batches/ee3cada2-58f7-4f49-8973-c59ecc96cbb8/complete?terminalId=40a72521-6f5d-4355-9934-19ca82407c2e - 403 - application/json;+charset=utf-8 9.5864ms
info: Microsoft.AspNetCore.Hosting.Diagnostics[1]
      Request starting HTTP/1.1 PUT http://127.0.0.1:40461/api/v1/management/production/batches/ae181fad-b4ae-4b8a-8c52-66678bbb840c/recipe-version?terminalId=245c0e7b-0737-4547-af41-ccd6db5a1f36 - application/json;+charset=utf-8 2
info: Microsoft.AspNetCore.Routing.EndpointMiddleware[0]
      Executing endpoint 'HTTP: PUT /api/v1/management/production/batches/{batchId:guid}/recipe-version'
info: Microsoft.AspNetCore.Http.Result.JsonResult[1]
      Setting HTTP status code 403.
info: Microsoft.AspNetCore.Http.Result.JsonResult[3]
      Writing value of type 'ProductionApiErrorEnvelopeV1' as Json.
info: Microsoft.AspNetCore.Routing.EndpointMiddleware[1]
      Executed endpoint 'HTTP: PUT /api/v1/management/production/batches/{batchId:guid}/recipe-version'
info: Microsoft.AspNetCore.Hosting.Diagnostics[2]
      Request finished HTTP/1.1 PUT https://127.0.0.1:40461/api/v1/management/production/batches/ae181fad-b4ae-4b8a-8c52-66678bbb840c/recipe-version?terminalId=245c0e7b-0737-4547-af41-ccd6db5a1f36 - 403 - application/json;+charset=utf-8 8.8961ms
info: Microsoft.AspNetCore.Hosting.Diagnostics[1]
      Request starting HTTP/1.1 POST http://127.0.0.1:40461/api/v1/management/production/batches/b6a4283c-cffb-48f9-b273-0de111932d43/start?terminalId=3c82c566-acee-42d0-b811-af330462c1b2 - application/json;+charset=utf-8 2
info: Microsoft.AspNetCore.Routing.EndpointMiddleware[0]
      Executing endpoint 'HTTP: POST /api/v1/management/production/batches/{batchId:guid}/start'
info: Microsoft.AspNetCore.Http.Result.JsonResult[1]
      Setting HTTP status code 403.
info: Microsoft.AspNetCore.Http.Result.JsonResult[3]
      Writing value of type 'ProductionApiErrorEnvelopeV1' as Json.
info: Microsoft.AspNetCore.Routing.EndpointMiddleware[1]
      Executed endpoint 'HTTP: POST /api/v1/management/production/batches/{batchId:guid}/start'
info: Microsoft.AspNetCore.Hosting.Diagnostics[2]
      Request finished HTTP/1.1 POST https://127.0.0.1:40461/api/v1/management/production/batches/b6a4283c-cffb-48f9-b273-0de111932d43/start?terminalId=3c82c566-acee-42d0-b811-af330462c1b2 - 403 - application/json;+charset=utf-8 5.9564ms
info: Microsoft.AspNetCore.Hosting.Diagnostics[1]
      Request starting HTTP/1.1 POST http://127.0.0.1:40461/api/v1/management/purchasing/purchase-orders?terminalId=b097b732-5532-481a-bb1b-40bacb52a193 - application/json;+charset=utf-8 2
info: Microsoft.AspNetCore.Routing.EndpointMiddleware[0]
      Executing endpoint 'HTTP: POST /api/v1/management/purchasing/purchase-orders'
info: Microsoft.AspNetCore.Http.Result.JsonResult[1]
      Setting HTTP status code 403.
info: Microsoft.AspNetCore.Http.Result.JsonResult[3]
      Writing value of type 'PurchasingApiErrorEnvelopeV1' as Json.
info: Microsoft.AspNetCore.Routing.EndpointMiddleware[1]
      Executed endpoint 'HTTP: POST /api/v1/management/purchasing/purchase-orders'
info: Microsoft.AspNetCore.Hosting.Diagnostics[2]
      Request finished HTTP/1.1 POST https://127.0.0.1:40461/api/v1/management/purchasing/purchase-orders?terminalId=b097b732-5532-481a-bb1b-40bacb52a193 - 403 - application/json;+charset=utf-8 15.9354ms
info: Microsoft.AspNetCore.Hosting.Diagnostics[1]
      Request starting HTTP/1.1 POST http://127.0.0.1:40461/api/v1/management/purchasing/purchase-orders/5067895b-2b58-4ec5-a599-d82218e582cf/cancel?terminalId=a2addbde-6699-47cf-bb61-3b5b54a0f82d - application/json;+charset=utf-8 2
info: Microsoft.AspNetCore.Routing.EndpointMiddleware[0]
      Executing endpoint 'HTTP: POST /api/v1/management/purchasing/purchase-orders/{orderId:guid}/cancel'
info: Microsoft.AspNetCore.Http.Result.JsonResult[1]
      Setting HTTP status code 403.
info: Microsoft.AspNetCore.Http.Result.JsonResult[3]
      Writing value of type 'PurchasingApiErrorEnvelopeV1' as Json.
info: Microsoft.AspNetCore.Routing.EndpointMiddleware[1]
      Executed endpoint 'HTTP: POST /api/v1/management/purchasing/purchase-orders/{orderId:guid}/cancel'
info: Microsoft.AspNetCore.Hosting.Diagnostics[2]
      Request finished HTTP/1.1 POST https://127.0.0.1:40461/api/v1/management/purchasing/purchase-orders/5067895b-2b58-4ec5-a599-d82218e582cf/cancel?terminalId=a2addbde-6699-47cf-bb61-3b5b54a0f82d - 403 - application/json;+charset=utf-8 7.2162ms
info: Microsoft.AspNetCore.Hosting.Diagnostics[1]
      Request starting HTTP/1.1 POST http://127.0.0.1:40461/api/v1/management/purchasing/purchase-orders/d2002726-4989-4663-b39d-948e168c9230/receipts?terminalId=f2e2c0df-cad0-4ace-9740-fb4b901aafe3 - application/json;+charset=utf-8 2
info: Microsoft.AspNetCore.Routing.EndpointMiddleware[0]
      Executing endpoint 'HTTP: POST /api/v1/management/purchasing/purchase-orders/{orderId:guid}/receipts'
info: Microsoft.AspNetCore.Http.Result.JsonResult[1]
      Setting HTTP status code 403.
info: Microsoft.AspNetCore.Http.Result.JsonResult[3]
      Writing value of type 'PurchasingApiErrorEnvelopeV1' as Json.
info: Microsoft.AspNetCore.Routing.EndpointMiddleware[1]
      Executed endpoint 'HTTP: POST /api/v1/management/purchasing/purchase-orders/{orderId:guid}/receipts'
info: Microsoft.AspNetCore.Hosting.Diagnostics[2]
      Request finished HTTP/1.1 POST https://127.0.0.1:40461/api/v1/management/purchasing/purchase-orders/d2002726-4989-4663-b39d-948e168c9230/receipts?terminalId=f2e2c0df-cad0-4ace-9740-fb4b901aafe3 - 403 - application/json;+charset=utf-8 9.3030ms
info: Microsoft.AspNetCore.Hosting.Diagnostics[1]
      Request starting HTTP/1.1 POST http://127.0.0.1:40461/api/v1/management/purchasing/purchase-orders/9d38a4ce-d96d-4712-9d84-7690e59372d5/submit?terminalId=5cdd721c-bc5b-4915-a3ce-04a9bb4652d5 - application/json;+charset=utf-8 2
info: Microsoft.AspNetCore.Routing.EndpointMiddleware[0]
      Executing endpoint 'HTTP: POST /api/v1/management/purchasing/purchase-orders/{orderId:guid}/submit'
info: Microsoft.AspNetCore.Http.Result.JsonResult[1]
      Setting HTTP status code 403.
info: Microsoft.AspNetCore.Http.Result.JsonResult[3]
      Writing value of type 'PurchasingApiErrorEnvelopeV1' as Json.
info: Microsoft.AspNetCore.Routing.EndpointMiddleware[1]
      Executed endpoint 'HTTP: POST /api/v1/management/purchasing/purchase-orders/{orderId:guid}/submit'
info: Microsoft.AspNetCore.Hosting.Diagnostics[2]
      Request finished HTTP/1.1 POST https://127.0.0.1:40461/api/v1/management/purchasing/purchase-orders/9d38a4ce-d96d-4712-9d84-7690e59372d5/submit?terminalId=5cdd721c-bc5b-4915-a3ce-04a9bb4652d5 - 403 - application/json;+charset=utf-8 5.5200ms
info: Microsoft.AspNetCore.Hosting.Diagnostics[1]
      Request starting HTTP/1.1 POST http://127.0.0.1:40461/api/v1/management/purchasing/suppliers?terminalId=ee6a92da-51ad-44bf-81b7-832bf4282d35 - application/json;+charset=utf-8 2
info: Microsoft.AspNetCore.Routing.EndpointMiddleware[0]
      Executing endpoint 'HTTP: POST /api/v1/management/purchasing/suppliers'
info: Microsoft.AspNetCore.Http.Result.JsonResult[1]
      Setting HTTP status code 403.
info: Microsoft.AspNetCore.Http.Result.JsonResult[3]
      Writing value of type 'PurchasingApiErrorEnvelopeV1' as Json.
info: Microsoft.AspNetCore.Routing.EndpointMiddleware[1]
      Executed endpoint 'HTTP: POST /api/v1/management/purchasing/suppliers'
info: Microsoft.AspNetCore.Hosting.Diagnostics[2]
      Request finished HTTP/1.1 POST https://127.0.0.1:40461/api/v1/management/purchasing/suppliers?terminalId=ee6a92da-51ad-44bf-81b7-832bf4282d35 - 403 - application/json;+charset=utf-8 8.7971ms
info: Microsoft.AspNetCore.Hosting.Diagnostics[1]
      Request starting HTTP/1.1 PUT http://127.0.0.1:40461/api/v1/management/purchasing/suppliers/5a1fc7cc-30bc-4989-8a73-e455e515c3f1?terminalId=e4431d55-9bde-45f7-bb29-0c13dc1d8e7a - application/json;+charset=utf-8 2
info: Microsoft.AspNetCore.Routing.EndpointMiddleware[0]
      Executing endpoint 'HTTP: PUT /api/v1/management/purchasing/suppliers/{supplierId:guid}'
info: Microsoft.AspNetCore.Http.Result.JsonResult[1]
      Setting HTTP status code 403.
info: Microsoft.AspNetCore.Http.Result.JsonResult[3]
      Writing value of type 'PurchasingApiErrorEnvelopeV1' as Json.
info: Microsoft.AspNetCore.Routing.EndpointMiddleware[1]
      Executed endpoint 'HTTP: PUT /api/v1/management/purchasing/suppliers/{supplierId:guid}'
info: Microsoft.AspNetCore.Hosting.Diagnostics[2]
      Request finished HTTP/1.1 PUT https://127.0.0.1:40461/api/v1/management/purchasing/suppliers/5a1fc7cc-30bc-4989-8a73-e455e515c3f1?terminalId=e4431d55-9bde-45f7-bb29-0c13dc1d8e7a - 403 - application/json;+charset=utf-8 6.0115ms
info: Microsoft.AspNetCore.Hosting.Diagnostics[1]
      Request starting HTTP/1.1 POST http://127.0.0.1:40461/api/v1/management/purchasing/suppliers/a553a5fe-a756-4892-9ead-1df2fba21ae4/activate?terminalId=d55121f3-98c5-4164-a0c6-c992ca786c07 - application/json;+charset=utf-8 2
info: Microsoft.AspNetCore.Routing.EndpointMiddleware[0]
      Executing endpoint 'HTTP: POST /api/v1/management/purchasing/suppliers/{supplierId:guid}/activate'
info: Microsoft.AspNetCore.Http.Result.JsonResult[1]
      Setting HTTP status code 403.
info: Microsoft.AspNetCore.Http.Result.JsonResult[3]
      Writing value of type 'PurchasingApiErrorEnvelopeV1' as Json.
info: Microsoft.AspNetCore.Routing.EndpointMiddleware[1]
      Executed endpoint 'HTTP: POST /api/v1/management/purchasing/suppliers/{supplierId:guid}/activate'
info: Microsoft.AspNetCore.Hosting.Diagnostics[2]
      Request finished HTTP/1.1 POST https://127.0.0.1:40461/api/v1/management/purchasing/suppliers/a553a5fe-a756-4892-9ead-1df2fba21ae4/activate?terminalId=d55121f3-98c5-4164-a0c6-c992ca786c07 - 403 - application/json;+charset=utf-8 6.0296ms
info: Microsoft.AspNetCore.Hosting.Diagnostics[1]
      Request starting HTTP/1.1 POST http://127.0.0.1:40461/api/v1/management/purchasing/suppliers/c9dade67-a358-4c17-b514-91b4d61bd776/deactivate?terminalId=941e275d-06a9-4e26-90cc-80130ba23884 - application/json;+charset=utf-8 2
info: Microsoft.AspNetCore.Routing.EndpointMiddleware[0]
      Executing endpoint 'HTTP: POST /api/v1/management/purchasing/suppliers/{supplierId:guid}/deactivate'
info: Microsoft.AspNetCore.Http.Result.JsonResult[1]
      Setting HTTP status code 403.
info: Microsoft.AspNetCore.Http.Result.JsonResult[3]
      Writing value of type 'PurchasingApiErrorEnvelopeV1' as Json.
info: Microsoft.AspNetCore.Routing.EndpointMiddleware[1]
      Executed endpoint 'HTTP: POST /api/v1/management/purchasing/suppliers/{supplierId:guid}/deactivate'
info: Microsoft.AspNetCore.Hosting.Diagnostics[2]
      Request finished HTTP/1.1 POST https://127.0.0.1:40461/api/v1/management/purchasing/suppliers/c9dade67-a358-4c17-b514-91b4d61bd776/deactivate?terminalId=941e275d-06a9-4e26-90cc-80130ba23884 - 403 - application/json;+charset=utf-8 8.2464ms
info: Microsoft.AspNetCore.Hosting.Diagnostics[1]
      Request starting HTTP/1.1 POST http://127.0.0.1:40461/api/v1/management/recipes/?terminalId=86fa6056-29f5-4612-9f23-62bd9ef38a1c - application/json;+charset=utf-8 2
info: Microsoft.AspNetCore.Routing.EndpointMiddleware[0]
      Executing endpoint 'HTTP: POST /api/v1/management/recipes/'
info: Microsoft.AspNetCore.Http.Result.JsonResult[1]
      Setting HTTP status code 403.
info: Microsoft.AspNetCore.Http.Result.JsonResult[3]
      Writing value of type '<>f__AnonymousType5`1' as Json.
info: Microsoft.AspNetCore.Routing.EndpointMiddleware[1]
      Executed endpoint 'HTTP: POST /api/v1/management/recipes/'
info: Microsoft.AspNetCore.Hosting.Diagnostics[2]
      Request finished HTTP/1.1 POST https://127.0.0.1:40461/api/v1/management/recipes/?terminalId=86fa6056-29f5-4612-9f23-62bd9ef38a1c - 403 - application/json;+charset=utf-8 10.1605ms
info: Microsoft.AspNetCore.Hosting.Diagnostics[1]
      Request starting HTTP/1.1 POST http://127.0.0.1:40461/api/v1/management/recipes/products/a04826b9-24bb-4ed6-b410-a4edd8f70f36/mapping?terminalId=2bbb7140-79f2-4e01-b191-a239e19e276f - application/json;+charset=utf-8 2
info: Microsoft.AspNetCore.Routing.EndpointMiddleware[0]
      Executing endpoint 'HTTP: POST /api/v1/management/recipes/products/{productId:guid}/mapping'
info: Microsoft.AspNetCore.Http.Result.JsonResult[1]
      Setting HTTP status code 403.
info: Microsoft.AspNetCore.Http.Result.JsonResult[3]
      Writing value of type '<>f__AnonymousType5`1' as Json.
info: Microsoft.AspNetCore.Routing.EndpointMiddleware[1]
      Executed endpoint 'HTTP: POST /api/v1/management/recipes/products/{productId:guid}/mapping'
info: Microsoft.AspNetCore.Hosting.Diagnostics[2]
      Request finished HTTP/1.1 POST https://127.0.0.1:40461/api/v1/management/recipes/products/a04826b9-24bb-4ed6-b410-a4edd8f70f36/mapping?terminalId=2bbb7140-79f2-4e01-b191-a239e19e276f - 403 - application/json;+charset=utf-8 7.0041ms
info: Microsoft.AspNetCore.Hosting.Diagnostics[1]
      Request starting HTTP/1.1 DELETE http://127.0.0.1:40461/api/v1/management/recipes/products/86312d4c-be70-4cbd-9144-d99e4f026c1f/mapping?terminalId=fa89f398-5268-4d12-a0cc-49fd4a37198e - application/json;+charset=utf-8 2
info: Microsoft.AspNetCore.Routing.EndpointMiddleware[0]
      Executing endpoint 'HTTP: DELETE /api/v1/management/recipes/products/{productId:guid}/mapping'
info: Microsoft.AspNetCore.Http.Result.JsonResult[1]
      Setting HTTP status code 403.
info: Microsoft.AspNetCore.Http.Result.JsonResult[3]
      Writing value of type '<>f__AnonymousType5`1' as Json.
info: Microsoft.AspNetCore.Routing.EndpointMiddleware[1]
      Executed endpoint 'HTTP: DELETE /api/v1/management/recipes/products/{productId:guid}/mapping'
info: Microsoft.AspNetCore.Hosting.Diagnostics[2]
      Request finished HTTP/1.1 DELETE https://127.0.0.1:40461/api/v1/management/recipes/products/86312d4c-be70-4cbd-9144-d99e4f026c1f/mapping?terminalId=fa89f398-5268-4d12-a0cc-49fd4a37198e - 403 - application/json;+charset=utf-8 7.6185ms
info: Microsoft.AspNetCore.Hosting.Diagnostics[1]
      Request starting HTTP/1.1 POST http://127.0.0.1:40461/api/v1/management/recipes/unit-conversions?terminalId=76f14139-80d1-4a87-9f30-7a2574ddc0a2 - application/json;+charset=utf-8 2
info: Microsoft.AspNetCore.Routing.EndpointMiddleware[0]
      Executing endpoint 'HTTP: POST /api/v1/management/recipes/unit-conversions'
info: Microsoft.AspNetCore.Http.Result.JsonResult[1]
      Setting HTTP status code 403.
info: Microsoft.AspNetCore.Http.Result.JsonResult[3]
      Writing value of type '<>f__AnonymousType5`1' as Json.
info: Microsoft.AspNetCore.Routing.EndpointMiddleware[1]
      Executed endpoint 'HTTP: POST /api/v1/management/recipes/unit-conversions'
info: Microsoft.AspNetCore.Hosting.Diagnostics[2]
      Request finished HTTP/1.1 POST https://127.0.0.1:40461/api/v1/management/recipes/unit-conversions?terminalId=76f14139-80d1-4a87-9f30-7a2574ddc0a2 - 403 - application/json;+charset=utf-8 6.2382ms
info: Microsoft.AspNetCore.Hosting.Diagnostics[1]
      Request starting HTTP/1.1 POST http://127.0.0.1:40461/api/v1/management/recipes/versions/9d559073-f38c-47e3-b876-96c97fdbdf57/ingredients?terminalId=b73a8595-05ba-463b-838b-8e04e0678d2e - application/json;+charset=utf-8 2
info: Microsoft.AspNetCore.Routing.EndpointMiddleware[0]
      Executing endpoint 'HTTP: POST /api/v1/management/recipes/versions/{versionId:guid}/ingredients'
info: Microsoft.AspNetCore.Http.Result.JsonResult[1]
      Setting HTTP status code 403.
info: Microsoft.AspNetCore.Http.Result.JsonResult[3]
      Writing value of type '<>f__AnonymousType5`1' as Json.
info: Microsoft.AspNetCore.Routing.EndpointMiddleware[1]
      Executed endpoint 'HTTP: POST /api/v1/management/recipes/versions/{versionId:guid}/ingredients'
info: Microsoft.AspNetCore.Hosting.Diagnostics[2]
      Request finished HTTP/1.1 POST https://127.0.0.1:40461/api/v1/management/recipes/versions/9d559073-f38c-47e3-b876-96c97fdbdf57/ingredients?terminalId=b73a8595-05ba-463b-838b-8e04e0678d2e - 403 - application/json;+charset=utf-8 5.7465ms
info: Microsoft.AspNetCore.Hosting.Diagnostics[1]
      Request starting HTTP/1.1 DELETE http://127.0.0.1:40461/api/v1/management/recipes/versions/7d3657d2-0b7d-4d58-8c93-f989fca3def6/ingredients/99ff960d-78e3-4a68-9838-5d1006920e56?terminalId=f7055783-d143-4572-904d-a52808a55935 - application/json;+charset=utf-8 2
info: Microsoft.AspNetCore.Routing.EndpointMiddleware[0]
      Executing endpoint 'HTTP: DELETE /api/v1/management/recipes/versions/{versionId:guid}/ingredients/{ingredientItemId:guid}'
info: Microsoft.AspNetCore.Http.Result.JsonResult[1]
      Setting HTTP status code 403.
info: Microsoft.AspNetCore.Http.Result.JsonResult[3]
      Writing value of type '<>f__AnonymousType5`1' as Json.
info: Microsoft.AspNetCore.Routing.EndpointMiddleware[1]
      Executed endpoint 'HTTP: DELETE /api/v1/management/recipes/versions/{versionId:guid}/ingredients/{ingredientItemId:guid}'
info: Microsoft.AspNetCore.Hosting.Diagnostics[2]
      Request finished HTTP/1.1 DELETE https://127.0.0.1:40461/api/v1/management/recipes/versions/7d3657d2-0b7d-4d58-8c93-f989fca3def6/ingredients/99ff960d-78e3-4a68-9838-5d1006920e56?terminalId=f7055783-d143-4572-904d-a52808a55935 - 403 - application/json;+charset=utf-8 5.6932ms
info: Microsoft.AspNetCore.Hosting.Diagnostics[1]
      Request starting HTTP/1.1 POST http://127.0.0.1:40461/api/v1/management/recipes/versions/093193d3-f761-4786-9c39-2508e5c20522/lock?terminalId=f0b17567-d3b9-40a9-a131-7fc0d90d86ac - application/json;+charset=utf-8 2
info: Microsoft.AspNetCore.Routing.EndpointMiddleware[0]
      Executing endpoint 'HTTP: POST /api/v1/management/recipes/versions/{versionId:guid}/lock'
info: Microsoft.AspNetCore.Http.Result.JsonResult[1]
      Setting HTTP status code 403.
info: Microsoft.AspNetCore.Http.Result.JsonResult[3]
      Writing value of type '<>f__AnonymousType5`1' as Json.
info: Microsoft.AspNetCore.Routing.EndpointMiddleware[1]
      Executed endpoint 'HTTP: POST /api/v1/management/recipes/versions/{versionId:guid}/lock'
info: Microsoft.AspNetCore.Hosting.Diagnostics[2]
      Request finished HTTP/1.1 POST https://127.0.0.1:40461/api/v1/management/recipes/versions/093193d3-f761-4786-9c39-2508e5c20522/lock?terminalId=f0b17567-d3b9-40a9-a131-7fc0d90d86ac - 403 - application/json;+charset=utf-8 4.7114ms
info: Microsoft.AspNetCore.Hosting.Diagnostics[1]
      Request starting HTTP/1.1 POST http://127.0.0.1:40461/api/v1/management/recipes/4f2f8c95-ef2e-4e1b-9aaa-91bbdad288c0/versions?terminalId=de2531b0-e867-46ef-9534-a98ad2c868ad - application/json;+charset=utf-8 2
info: Microsoft.AspNetCore.Routing.EndpointMiddleware[0]
      Executing endpoint 'HTTP: POST /api/v1/management/recipes/{recipeId:guid}/versions'
info: Microsoft.AspNetCore.Http.Result.JsonResult[1]
      Setting HTTP status code 403.
info: Microsoft.AspNetCore.Http.Result.JsonResult[3]
      Writing value of type '<>f__AnonymousType5`1' as Json.
info: Microsoft.AspNetCore.Routing.EndpointMiddleware[1]
      Executed endpoint 'HTTP: POST /api/v1/management/recipes/{recipeId:guid}/versions'
info: Microsoft.AspNetCore.Hosting.Diagnostics[2]
      Request finished HTTP/1.1 POST https://127.0.0.1:40461/api/v1/management/recipes/4f2f8c95-ef2e-4e1b-9aaa-91bbdad288c0/versions?terminalId=de2531b0-e867-46ef-9534-a98ad2c868ad - 403 - application/json;+charset=utf-8 6.6813ms
info: Microsoft.AspNetCore.Hosting.Diagnostics[1]
      Request starting HTTP/1.1 POST http://127.0.0.1:40461/api/v1/management/recipes/ed2f21a5-23ca-4d19-99df-a0b383133c67/versions/next?terminalId=7b934757-9e3a-4af1-9128-4eab0b65b50b - application/json;+charset=utf-8 2
info: Microsoft.AspNetCore.Routing.EndpointMiddleware[0]
      Executing endpoint 'HTTP: POST /api/v1/management/recipes/{recipeId:guid}/versions/next'
info: Microsoft.AspNetCore.Http.Result.JsonResult[1]
      Setting HTTP status code 403.
info: Microsoft.AspNetCore.Http.Result.JsonResult[3]
      Writing value of type '<>f__AnonymousType5`1' as Json.
info: Microsoft.AspNetCore.Routing.EndpointMiddleware[1]
      Executed endpoint 'HTTP: POST /api/v1/management/recipes/{recipeId:guid}/versions/next'
info: Microsoft.AspNetCore.Hosting.Diagnostics[2]
      Request finished HTTP/1.1 POST https://127.0.0.1:40461/api/v1/management/recipes/ed2f21a5-23ca-4d19-99df-a0b383133c67/versions/next?terminalId=7b934757-9e3a-4af1-9128-4eab0b65b50b - 403 - application/json;+charset=utf-8 5.6456ms
info: Microsoft.AspNetCore.Hosting.Diagnostics[1]
      Request starting HTTP/1.1 POST http://127.0.0.1:40461/api/v1/management/recipes/73fccb42-bb25-405d-a09f-c40b22ec8330/versions/1/activate?terminalId=ea815d4c-e963-4ced-934b-c1ab07e9cb51 - application/json;+charset=utf-8 2
info: Microsoft.AspNetCore.Routing.EndpointMiddleware[0]
      Executing endpoint 'HTTP: POST /api/v1/management/recipes/{recipeId:guid}/versions/{versionNumber:int}/activate'
info: Microsoft.AspNetCore.Http.Result.JsonResult[1]
      Setting HTTP status code 403.
info: Microsoft.AspNetCore.Http.Result.JsonResult[3]
      Writing value of type '<>f__AnonymousType5`1' as Json.
info: Microsoft.AspNetCore.Routing.EndpointMiddleware[1]
      Executed endpoint 'HTTP: POST /api/v1/management/recipes/{recipeId:guid}/versions/{versionNumber:int}/activate'
info: Microsoft.AspNetCore.Hosting.Diagnostics[2]
      Request finished HTTP/1.1 POST https://127.0.0.1:40461/api/v1/management/recipes/73fccb42-bb25-405d-a09f-c40b22ec8330/versions/1/activate?terminalId=ea815d4c-e963-4ced-934b-c1ab07e9cb51 - 403 - application/json;+charset=utf-8 8.9949ms
info: Microsoft.AspNetCore.Hosting.Diagnostics[1]
      Request starting HTTP/1.1 POST http://127.0.0.1:40461/api/v1/management/recipes/727f1f14-84a6-46da-87f1-e702800f5b0e/cost-snapshots/?terminalId=23af3298-aa7f-4610-9978-044458d0d87d - application/json;+charset=utf-8 2
info: Microsoft.AspNetCore.Routing.EndpointMiddleware[0]
      Executing endpoint 'HTTP: POST /api/v1/management/recipes/{recipeVersionId:guid}/cost-snapshots/'
info: Microsoft.AspNetCore.Http.Result.JsonResult[1]
      Setting HTTP status code 403.
info: Microsoft.AspNetCore.Http.Result.JsonResult[3]
      Writing value of type 'RecipeCostSnapshotApiErrorEnvelopeV1' as Json.
info: Microsoft.AspNetCore.Routing.EndpointMiddleware[1]
      Executed endpoint 'HTTP: POST /api/v1/management/recipes/{recipeVersionId:guid}/cost-snapshots/'
info: Microsoft.AspNetCore.Hosting.Diagnostics[2]
      Request finished HTTP/1.1 POST https://127.0.0.1:40461/api/v1/management/recipes/727f1f14-84a6-46da-87f1-e702800f5b0e/cost-snapshots/?terminalId=23af3298-aa7f-4610-9978-044458d0d87d - 403 - application/json;+charset=utf-8 16.9461ms
info: Microsoft.AspNetCore.Hosting.Diagnostics[1]
      Request starting HTTP/1.1 POST http://127.0.0.1:40461/api/v1/management/reconciliation/cases/?terminalId=2d5535d0-2bd4-47ea-abf2-4c876aaaf776 - application/json;+charset=utf-8 2
info: Microsoft.AspNetCore.Routing.EndpointMiddleware[0]
      Executing endpoint 'HTTP: POST /api/v1/management/reconciliation/cases/'
info: Microsoft.AspNetCore.Http.Result.JsonResult[1]
      Setting HTTP status code 403.
info: Microsoft.AspNetCore.Http.Result.JsonResult[3]
      Writing value of type 'ReconciliationCaseApiErrorEnvelopeV1' as Json.
info: Microsoft.AspNetCore.Routing.EndpointMiddleware[1]
      Executed endpoint 'HTTP: POST /api/v1/management/reconciliation/cases/'
info: Microsoft.AspNetCore.Hosting.Diagnostics[2]
      Request finished HTTP/1.1 POST https://127.0.0.1:40461/api/v1/management/reconciliation/cases/?terminalId=2d5535d0-2bd4-47ea-abf2-4c876aaaf776 - 403 - application/json;+charset=utf-8 10.4432ms
info: Microsoft.AspNetCore.Hosting.Diagnostics[1]
      Request starting HTTP/1.1 POST http://127.0.0.1:40461/api/v1/management/reconciliation/cases/c37b293b-8cbc-47ef-97af-f0e33b4c9d23/notes?terminalId=0cddc28e-2286-49f8-a558-5c5b4ffc5cec - application/json;+charset=utf-8 2
info: Microsoft.AspNetCore.Routing.EndpointMiddleware[0]
      Executing endpoint 'HTTP: POST /api/v1/management/reconciliation/cases/{caseId:guid}/notes'
info: Microsoft.AspNetCore.Http.Result.JsonResult[1]
      Setting HTTP status code 403.
info: Microsoft.AspNetCore.Http.Result.JsonResult[3]
      Writing value of type 'ReconciliationCaseApiErrorEnvelopeV1' as Json.
info: Microsoft.AspNetCore.Routing.EndpointMiddleware[1]
      Executed endpoint 'HTTP: POST /api/v1/management/reconciliation/cases/{caseId:guid}/notes'
info: Microsoft.AspNetCore.Hosting.Diagnostics[2]
      Request finished HTTP/1.1 POST https://127.0.0.1:40461/api/v1/management/reconciliation/cases/c37b293b-8cbc-47ef-97af-f0e33b4c9d23/notes?terminalId=0cddc28e-2286-49f8-a558-5c5b4ffc5cec - 403 - application/json;+charset=utf-8 8.4696ms
info: Microsoft.AspNetCore.Hosting.Diagnostics[1]
      Request starting HTTP/1.1 POST http://127.0.0.1:40461/api/v1/management/reconciliation/cases/efce89e7-7c4f-46de-9420-c9eca3533b35/transition?terminalId=1340efa3-82ee-4b11-bcf2-80e85e6d7f14 - application/json;+charset=utf-8 2
info: Microsoft.AspNetCore.Routing.EndpointMiddleware[0]
      Executing endpoint 'HTTP: POST /api/v1/management/reconciliation/cases/{caseId:guid}/transition'
info: Microsoft.AspNetCore.Http.Result.JsonResult[1]
      Setting HTTP status code 403.
info: Microsoft.AspNetCore.Http.Result.JsonResult[3]
      Writing value of type 'ReconciliationCaseApiErrorEnvelopeV1' as Json.
info: Microsoft.AspNetCore.Routing.EndpointMiddleware[1]
      Executed endpoint 'HTTP: POST /api/v1/management/reconciliation/cases/{caseId:guid}/transition'
info: Microsoft.AspNetCore.Hosting.Diagnostics[2]
      Request finished HTTP/1.1 POST https://127.0.0.1:40461/api/v1/management/reconciliation/cases/efce89e7-7c4f-46de-9420-c9eca3533b35/transition?terminalId=1340efa3-82ee-4b11-bcf2-80e85e6d7f14 - 403 - application/json;+charset=utf-8 8.7837ms
info: Microsoft.AspNetCore.Hosting.Diagnostics[1]
      Request starting HTTP/1.1 POST http://127.0.0.1:40461/api/v1/management/reconciliation/online-orders/cases/47e7ebd0-c27c-40fa-ba7d-26e8e52ab866/resolve?terminalId=30501f21-649b-46ec-81c4-5afc2db60279 - application/json;+charset=utf-8 2
info: Microsoft.AspNetCore.Routing.EndpointMiddleware[0]
      Executing endpoint 'HTTP: POST /api/v1/management/reconciliation/online-orders/cases/{caseId:guid}/resolve'
info: Microsoft.AspNetCore.Http.Result.JsonResult[1]
      Setting HTTP status code 403.
info: Microsoft.AspNetCore.Http.Result.JsonResult[3]
      Writing value of type 'ReconciliationCaseApiErrorEnvelopeV1' as Json.
info: Microsoft.AspNetCore.Routing.EndpointMiddleware[1]
      Executed endpoint 'HTTP: POST /api/v1/management/reconciliation/online-orders/cases/{caseId:guid}/resolve'
info: Microsoft.AspNetCore.Hosting.Diagnostics[2]
      Request finished HTTP/1.1 POST https://127.0.0.1:40461/api/v1/management/reconciliation/online-orders/cases/47e7ebd0-c27c-40fa-ba7d-26e8e52ab866/resolve?terminalId=30501f21-649b-46ec-81c4-5afc2db60279 - 403 - application/json;+charset=utf-8 11.1028ms
info: Microsoft.AspNetCore.Hosting.Diagnostics[1]
      Request starting HTTP/1.1 POST http://127.0.0.1:40461/api/v1/management/reconciliation/online-orders/cases/a27d9730-bad1-465f-aff2-e6e0ae84aeae/retry?terminalId=d3a89ed2-c543-40b6-b508-048c4556ea50 - application/json;+charset=utf-8 2
info: Microsoft.AspNetCore.Routing.EndpointMiddleware[0]
      Executing endpoint 'HTTP: POST /api/v1/management/reconciliation/online-orders/cases/{caseId:guid}/retry'
info: Microsoft.AspNetCore.Http.Result.JsonResult[1]
      Setting HTTP status code 403.
info: Microsoft.AspNetCore.Http.Result.JsonResult[3]
      Writing value of type 'ReconciliationCaseApiErrorEnvelopeV1' as Json.
info: Microsoft.AspNetCore.Routing.EndpointMiddleware[1]
      Executed endpoint 'HTTP: POST /api/v1/management/reconciliation/online-orders/cases/{caseId:guid}/retry'
info: Microsoft.AspNetCore.Hosting.Diagnostics[2]
      Request finished HTTP/1.1 POST https://127.0.0.1:40461/api/v1/management/reconciliation/online-orders/cases/a27d9730-bad1-465f-aff2-e6e0ae84aeae/retry?terminalId=d3a89ed2-c543-40b6-b508-048c4556ea50 - 403 - application/json;+charset=utf-8 9.8025ms
info: Microsoft.AspNetCore.Hosting.Diagnostics[1]
      Request starting HTTP/1.1 POST http://127.0.0.1:40461/api/v1/management/reconciliation/online-orders/scan?terminalId=1c0bd638-57ca-4551-a8b2-6633430c356c - application/json;+charset=utf-8 2
info: Microsoft.AspNetCore.Routing.EndpointMiddleware[0]
      Executing endpoint 'HTTP: POST /api/v1/management/reconciliation/online-orders/scan'
info: Microsoft.AspNetCore.Http.Result.JsonResult[1]
      Setting HTTP status code 403.
info: Microsoft.AspNetCore.Http.Result.JsonResult[3]
      Writing value of type 'ReconciliationCaseApiErrorEnvelopeV1' as Json.
info: Microsoft.AspNetCore.Routing.EndpointMiddleware[1]
      Executed endpoint 'HTTP: POST /api/v1/management/reconciliation/online-orders/scan'
info: Microsoft.AspNetCore.Hosting.Diagnostics[2]
      Request finished HTTP/1.1 POST https://127.0.0.1:40461/api/v1/management/reconciliation/online-orders/scan?terminalId=1c0bd638-57ca-4551-a8b2-6633430c356c - 403 - application/json;+charset=utf-8 7.0368ms
info: Microsoft.AspNetCore.Hosting.Diagnostics[1]
      Request starting HTTP/1.1 POST http://127.0.0.1:40461/api/v1/management/reporting/business-day/open?terminalId=3f818f1c-8e3e-43e0-b43c-292d66eb13c1 - application/json;+charset=utf-8 2
info: Microsoft.AspNetCore.Routing.EndpointMiddleware[0]
      Executing endpoint 'HTTP: POST /api/v1/management/reporting/business-day/open'
info: Microsoft.AspNetCore.Http.Result.JsonResult[1]
      Setting HTTP status code 403.
info: Microsoft.AspNetCore.Http.Result.JsonResult[3]
      Writing value of type 'EndOfDayApiErrorEnvelopeV1' as Json.
info: Microsoft.AspNetCore.Routing.EndpointMiddleware[1]
      Executed endpoint 'HTTP: POST /api/v1/management/reporting/business-day/open'
info: Microsoft.AspNetCore.Hosting.Diagnostics[2]
      Request finished HTTP/1.1 POST https://127.0.0.1:40461/api/v1/management/reporting/business-day/open?terminalId=3f818f1c-8e3e-43e0-b43c-292d66eb13c1 - 403 - application/json;+charset=utf-8 16.5446ms
info: Microsoft.AspNetCore.Hosting.Diagnostics[1]
      Request starting HTTP/1.1 POST http://127.0.0.1:40461/api/v1/management/reporting/business-day/2026-09-28/close?terminalId=204af5cc-e82d-42be-844a-a42cf968a16a - application/json;+charset=utf-8 2
info: Microsoft.AspNetCore.Routing.EndpointMiddleware[0]
      Executing endpoint 'HTTP: POST /api/v1/management/reporting/business-day/{businessDate}/close'
info: Microsoft.AspNetCore.Http.Result.JsonResult[1]
      Setting HTTP status code 403.
info: Microsoft.AspNetCore.Http.Result.JsonResult[3]
      Writing value of type 'EndOfDayApiErrorEnvelopeV1' as Json.
info: Microsoft.AspNetCore.Routing.EndpointMiddleware[1]
      Executed endpoint 'HTTP: POST /api/v1/management/reporting/business-day/{businessDate}/close'
info: Microsoft.AspNetCore.Hosting.Diagnostics[2]
      Request finished HTTP/1.1 POST https://127.0.0.1:40461/api/v1/management/reporting/business-day/2026-09-28/close?terminalId=204af5cc-e82d-42be-844a-a42cf968a16a - 403 - application/json;+charset=utf-8 8.4780ms
info: Microsoft.AspNetCore.Hosting.Diagnostics[1]
      Request starting HTTP/1.1 POST http://127.0.0.1:40461/api/v1/management/roles/permissions?terminalId=4a2c3cef-9005-4c59-a5c4-db4aad12f064 - application/json;+charset=utf-8 2
info: Microsoft.AspNetCore.Routing.EndpointMiddleware[0]
      Executing endpoint 'HTTP: POST /api/v1/management/roles/permissions'
info: Microsoft.AspNetCore.Http.Result.JsonResult[1]
      Setting HTTP status code 400.
info: Microsoft.AspNetCore.Http.Result.JsonResult[3]
      Writing value of type 'RoleManagementErrorEnvelopeV1' as Json.
info: Microsoft.AspNetCore.Routing.EndpointMiddleware[1]
      Executed endpoint 'HTTP: POST /api/v1/management/roles/permissions'
info: Microsoft.AspNetCore.Hosting.Diagnostics[2]
      Request finished HTTP/1.1 POST https://127.0.0.1:40461/api/v1/management/roles/permissions?terminalId=4a2c3cef-9005-4c59-a5c4-db4aad12f064 - 400 - application/json;+charset=utf-8 12.3891ms
info: Microsoft.AspNetCore.Hosting.Diagnostics[1]
      Request starting HTTP/1.1 POST http://127.0.0.1:40461/api/v1/management/roles/roles?terminalId=2b0f8288-4af1-40f1-97ff-6a497c7d06a9 - application/json;+charset=utf-8 2
info: Microsoft.AspNetCore.Routing.EndpointMiddleware[0]
      Executing endpoint 'HTTP: POST /api/v1/management/roles/roles'
info: Microsoft.AspNetCore.Http.Result.JsonResult[1]
      Setting HTTP status code 400.
info: Microsoft.AspNetCore.Http.Result.JsonResult[3]
      Writing value of type 'RoleManagementErrorEnvelopeV1' as Json.
info: Microsoft.AspNetCore.Routing.EndpointMiddleware[1]
      Executed endpoint 'HTTP: POST /api/v1/management/roles/roles'
info: Microsoft.AspNetCore.Hosting.Diagnostics[2]
      Request finished HTTP/1.1 POST https://127.0.0.1:40461/api/v1/management/roles/roles?terminalId=2b0f8288-4af1-40f1-97ff-6a497c7d06a9 - 400 - application/json;+charset=utf-8 7.5974ms
info: Microsoft.AspNetCore.Hosting.Diagnostics[1]
      Request starting HTTP/1.1 POST http://127.0.0.1:40461/api/v1/management/roles/roles/5d2130eb-0c92-48bc-b11b-9dc618273e04/permissions?terminalId=877842bf-88d8-4ecb-bcf7-1654cfa0015c - application/json;+charset=utf-8 2
info: Microsoft.AspNetCore.Routing.EndpointMiddleware[0]
      Executing endpoint 'HTTP: POST /api/v1/management/roles/roles/{roleId:guid}/permissions'
info: Microsoft.AspNetCore.Http.Result.JsonResult[1]
      Setting HTTP status code 400.
info: Microsoft.AspNetCore.Http.Result.JsonResult[3]
      Writing value of type 'RoleManagementErrorEnvelopeV1' as Json.
info: Microsoft.AspNetCore.Routing.EndpointMiddleware[1]
      Executed endpoint 'HTTP: POST /api/v1/management/roles/roles/{roleId:guid}/permissions'
info: Microsoft.AspNetCore.Hosting.Diagnostics[2]
      Request finished HTTP/1.1 POST https://127.0.0.1:40461/api/v1/management/roles/roles/5d2130eb-0c92-48bc-b11b-9dc618273e04/permissions?terminalId=877842bf-88d8-4ecb-bcf7-1654cfa0015c - 400 - application/json;+charset=utf-8 7.6011ms
info: Microsoft.AspNetCore.Hosting.Diagnostics[1]
      Request starting HTTP/1.1 DELETE http://127.0.0.1:40461/api/v1/management/roles/roles/4695e63a-373e-4f35-9b04-c85c0c2e357c/permissions/probe?terminalId=2c1138d9-f4fd-472c-b72d-46717a86f72d - application/json;+charset=utf-8 2
info: Microsoft.AspNetCore.Routing.EndpointMiddleware[0]
      Executing endpoint 'HTTP: DELETE /api/v1/management/roles/roles/{roleId:guid}/permissions/{permissionCode}'
info: Microsoft.AspNetCore.Http.Result.JsonResult[1]
      Setting HTTP status code 403.
info: Microsoft.AspNetCore.Http.Result.JsonResult[3]
      Writing value of type 'RoleManagementErrorEnvelopeV1' as Json.
info: Microsoft.AspNetCore.Routing.EndpointMiddleware[1]
      Executed endpoint 'HTTP: DELETE /api/v1/management/roles/roles/{roleId:guid}/permissions/{permissionCode}'
info: Microsoft.AspNetCore.Hosting.Diagnostics[2]
      Request finished HTTP/1.1 DELETE https://127.0.0.1:40461/api/v1/management/roles/roles/4695e63a-373e-4f35-9b04-c85c0c2e357c/permissions/probe?terminalId=2c1138d9-f4fd-472c-b72d-46717a86f72d - 403 - application/json;+charset=utf-8 9.8991ms
info: Microsoft.AspNetCore.Hosting.Diagnostics[1]
      Request starting HTTP/1.1 POST http://127.0.0.1:40461/api/v1/management/roles/roles/94e3b5e2-d03b-4f4c-a837-514e7bd6786c/users/ec60c904-8a5f-4352-aa0d-43c3f732f7b3?terminalId=d8b65d46-720b-4289-b187-d2c338c078c6 - application/json;+charset=utf-8 2
info: Microsoft.AspNetCore.Routing.EndpointMiddleware[0]
      Executing endpoint 'HTTP: POST /api/v1/management/roles/roles/{roleId:guid}/users/{userId:guid}'
info: Microsoft.AspNetCore.Http.Result.JsonResult[1]
      Setting HTTP status code 403.
info: Microsoft.AspNetCore.Http.Result.JsonResult[3]
      Writing value of type 'RoleManagementErrorEnvelopeV1' as Json.
info: Microsoft.AspNetCore.Routing.EndpointMiddleware[1]
      Executed endpoint 'HTTP: POST /api/v1/management/roles/roles/{roleId:guid}/users/{userId:guid}'
info: Microsoft.AspNetCore.Hosting.Diagnostics[2]
      Request finished HTTP/1.1 POST https://127.0.0.1:40461/api/v1/management/roles/roles/94e3b5e2-d03b-4f4c-a837-514e7bd6786c/users/ec60c904-8a5f-4352-aa0d-43c3f732f7b3?terminalId=d8b65d46-720b-4289-b187-d2c338c078c6 - 403 - application/json;+charset=utf-8 10.6374ms
info: Microsoft.AspNetCore.Hosting.Diagnostics[1]
      Request starting HTTP/1.1 DELETE http://127.0.0.1:40461/api/v1/management/roles/roles/4fec1cd0-cc0d-44af-965c-343dd58ae76e/users/9f3cc51c-3760-4205-99b2-b274fe6efd36?terminalId=10d29ff7-8ecd-4eab-b435-efb2d2e44a06 - application/json;+charset=utf-8 2
info: Microsoft.AspNetCore.Routing.EndpointMiddleware[0]
      Executing endpoint 'HTTP: DELETE /api/v1/management/roles/roles/{roleId:guid}/users/{userId:guid}'
info: Microsoft.AspNetCore.Http.Result.JsonResult[1]
      Setting HTTP status code 403.
info: Microsoft.AspNetCore.Http.Result.JsonResult[3]
      Writing value of type 'RoleManagementErrorEnvelopeV1' as Json.
info: Microsoft.AspNetCore.Routing.EndpointMiddleware[1]
      Executed endpoint 'HTTP: DELETE /api/v1/management/roles/roles/{roleId:guid}/users/{userId:guid}'
info: Microsoft.AspNetCore.Hosting.Diagnostics[2]
      Request finished HTTP/1.1 DELETE https://127.0.0.1:40461/api/v1/management/roles/roles/4fec1cd0-cc0d-44af-965c-343dd58ae76e/users/9f3cc51c-3760-4205-99b2-b274fe6efd36?terminalId=10d29ff7-8ecd-4eab-b435-efb2d2e44a06 - 403 - application/json;+charset=utf-8 10.4394ms
info: Microsoft.AspNetCore.Hosting.Diagnostics[1]
      Request starting HTTP/1.1 POST http://127.0.0.1:40461/api/v1/management/security/diagnostic-bundle?terminalId=bb8e4827-aab7-4444-9b0f-173780fa357a - application/json;+charset=utf-8 2
info: Microsoft.AspNetCore.Routing.EndpointMiddleware[0]
      Executing endpoint 'HTTP: POST /api/v1/management/security/diagnostic-bundle'
info: Microsoft.AspNetCore.Http.Result.JsonResult[1]
      Setting HTTP status code 403.
info: Microsoft.AspNetCore.Http.Result.JsonResult[3]
      Writing value of type 'SecurityAdministrationApiErrorEnvelopeV1' as Json.
info: Microsoft.AspNetCore.Routing.EndpointMiddleware[1]
      Executed endpoint 'HTTP: POST /api/v1/management/security/diagnostic-bundle'
info: Microsoft.AspNetCore.Hosting.Diagnostics[2]
      Request finished HTTP/1.1 POST https://127.0.0.1:40461/api/v1/management/security/diagnostic-bundle?terminalId=bb8e4827-aab7-4444-9b0f-173780fa357a - 403 - application/json;+charset=utf-8 11.6500ms
info: Microsoft.AspNetCore.Hosting.Diagnostics[1]
      Request starting HTTP/1.1 POST http://127.0.0.1:40461/api/v1/management/security/maintenance/jobs/probe/run?terminalId=34425dfa-0ed4-4b2b-a988-d2fca0396bab - application/json;+charset=utf-8 2
info: Microsoft.AspNetCore.Routing.EndpointMiddleware[0]
      Executing endpoint 'HTTP: POST /api/v1/management/security/maintenance/jobs/{name}/run'
info: Microsoft.AspNetCore.Http.Result.JsonResult[1]
      Setting HTTP status code 403.
info: Microsoft.AspNetCore.Http.Result.JsonResult[3]
      Writing value of type 'SecurityAdministrationApiErrorEnvelopeV1' as Json.
info: Microsoft.AspNetCore.Routing.EndpointMiddleware[1]
      Executed endpoint 'HTTP: POST /api/v1/management/security/maintenance/jobs/{name}/run'
info: Microsoft.AspNetCore.Hosting.Diagnostics[2]
      Request finished HTTP/1.1 POST https://127.0.0.1:40461/api/v1/management/security/maintenance/jobs/probe/run?terminalId=34425dfa-0ed4-4b2b-a988-d2fca0396bab - 403 - application/json;+charset=utf-8 8.3741ms
info: Microsoft.AspNetCore.Hosting.Diagnostics[1]
      Request starting HTTP/1.1 POST http://127.0.0.1:40461/api/v1/management/security/orders/close-settled?terminalId=2cc4003c-592c-4d8a-aefa-0395ff9655a6 - application/json;+charset=utf-8 2
info: Microsoft.AspNetCore.Routing.EndpointMiddleware[0]
      Executing endpoint 'HTTP: POST /api/v1/management/security/orders/close-settled'
info: Microsoft.AspNetCore.Http.Result.JsonResult[1]
      Setting HTTP status code 403.
info: Microsoft.AspNetCore.Http.Result.JsonResult[3]
      Writing value of type 'SecurityAdministrationApiErrorEnvelopeV1' as Json.
info: Microsoft.AspNetCore.Routing.EndpointMiddleware[1]
      Executed endpoint 'HTTP: POST /api/v1/management/security/orders/close-settled'
info: Microsoft.AspNetCore.Hosting.Diagnostics[2]
      Request finished HTTP/1.1 POST https://127.0.0.1:40461/api/v1/management/security/orders/close-settled?terminalId=2cc4003c-592c-4d8a-aefa-0395ff9655a6 - 403 - application/json;+charset=utf-8 7.2809ms
info: Microsoft.AspNetCore.Hosting.Diagnostics[1]
      Request starting HTTP/1.1 POST http://127.0.0.1:40461/api/v1/management/security/outbox/dead-letters/f0ed6b5a-aab8-4073-929e-2805227b54fc/requeue?terminalId=992bcaa1-2740-46ca-859a-aac680f16769 - application/json;+charset=utf-8 2
info: Microsoft.AspNetCore.Routing.EndpointMiddleware[0]
      Executing endpoint 'HTTP: POST /api/v1/management/security/outbox/dead-letters/{id:guid}/requeue'
info: Microsoft.AspNetCore.Http.Result.JsonResult[1]
      Setting HTTP status code 403.
info: Microsoft.AspNetCore.Http.Result.JsonResult[3]
      Writing value of type 'SecurityAdministrationApiErrorEnvelopeV1' as Json.
info: Microsoft.AspNetCore.Routing.EndpointMiddleware[1]
      Executed endpoint 'HTTP: POST /api/v1/management/security/outbox/dead-letters/{id:guid}/requeue'
info: Microsoft.AspNetCore.Hosting.Diagnostics[2]
      Request finished HTTP/1.1 POST https://127.0.0.1:40461/api/v1/management/security/outbox/dead-letters/f0ed6b5a-aab8-4073-929e-2805227b54fc/requeue?terminalId=992bcaa1-2740-46ca-859a-aac680f16769 - 403 - application/json;+charset=utf-8 6.8435ms
info: Microsoft.AspNetCore.Hosting.Diagnostics[1]
      Request starting HTTP/1.1 POST http://127.0.0.1:40461/api/v1/management/security/secrets/probe/rotation/initialize?terminalId=bb3f9e17-e217-4005-ae87-ec0142c649e6 - application/json;+charset=utf-8 2
info: Microsoft.AspNetCore.Routing.EndpointMiddleware[0]
      Executing endpoint 'HTTP: POST /api/v1/management/security/secrets/{name}/rotation/initialize'
info: Microsoft.AspNetCore.Http.Result.JsonResult[1]
      Setting HTTP status code 403.
info: Microsoft.AspNetCore.Http.Result.JsonResult[3]
      Writing value of type 'SecurityAdministrationApiErrorEnvelopeV1' as Json.
info: Microsoft.AspNetCore.Routing.EndpointMiddleware[1]
      Executed endpoint 'HTTP: POST /api/v1/management/security/secrets/{name}/rotation/initialize'
info: Microsoft.AspNetCore.Hosting.Diagnostics[2]
      Request finished HTTP/1.1 POST https://127.0.0.1:40461/api/v1/management/security/secrets/probe/rotation/initialize?terminalId=bb3f9e17-e217-4005-ae87-ec0142c649e6 - 403 - application/json;+charset=utf-8 7.0903ms
info: Microsoft.AspNetCore.Hosting.Diagnostics[1]
      Request starting HTTP/1.1 POST http://127.0.0.1:40461/api/v1/management/security/secrets/probe/rotation/revoke?terminalId=a53c3a8d-53be-4d86-bc52-c17b2750b8cb - application/json;+charset=utf-8 2
info: Microsoft.AspNetCore.Routing.EndpointMiddleware[0]
      Executing endpoint 'HTTP: POST /api/v1/management/security/secrets/{name}/rotation/revoke'
info: Microsoft.AspNetCore.Http.Result.JsonResult[1]
      Setting HTTP status code 403.
info: Microsoft.AspNetCore.Http.Result.JsonResult[3]
      Writing value of type 'SecurityAdministrationApiErrorEnvelopeV1' as Json.
info: Microsoft.AspNetCore.Routing.EndpointMiddleware[1]
      Executed endpoint 'HTTP: POST /api/v1/management/security/secrets/{name}/rotation/revoke'
info: Microsoft.AspNetCore.Hosting.Diagnostics[2]
      Request finished HTTP/1.1 POST https://127.0.0.1:40461/api/v1/management/security/secrets/probe/rotation/revoke?terminalId=a53c3a8d-53be-4d86-bc52-c17b2750b8cb - 403 - application/json;+charset=utf-8 8.0936ms
info: Microsoft.AspNetCore.Hosting.Diagnostics[1]
      Request starting HTTP/1.1 POST http://127.0.0.1:40461/api/v1/management/security/secrets/probe/rotation/rollback?terminalId=676a274f-12e7-43d4-9b39-f9b304f5b2b3 - application/json;+charset=utf-8 2
info: Microsoft.AspNetCore.Routing.EndpointMiddleware[0]
      Executing endpoint 'HTTP: POST /api/v1/management/security/secrets/{name}/rotation/rollback'
info: Microsoft.AspNetCore.Http.Result.JsonResult[1]
      Setting HTTP status code 403.
info: Microsoft.AspNetCore.Http.Result.JsonResult[3]
      Writing value of type 'SecurityAdministrationApiErrorEnvelopeV1' as Json.
info: Microsoft.AspNetCore.Routing.EndpointMiddleware[1]
      Executed endpoint 'HTTP: POST /api/v1/management/security/secrets/{name}/rotation/rollback'
info: Microsoft.AspNetCore.Hosting.Diagnostics[2]
      Request finished HTTP/1.1 POST https://127.0.0.1:40461/api/v1/management/security/secrets/probe/rotation/rollback?terminalId=676a274f-12e7-43d4-9b39-f9b304f5b2b3 - 403 - application/json;+charset=utf-8 6.6226ms
info: Microsoft.AspNetCore.Hosting.Diagnostics[1]
      Request starting HTTP/1.1 POST http://127.0.0.1:40461/api/v1/management/security/secrets/probe/rotation/rotate?terminalId=fa129ae8-1039-4002-a7c7-0d68e30963be - application/json;+charset=utf-8 2
info: Microsoft.AspNetCore.Routing.EndpointMiddleware[0]
      Executing endpoint 'HTTP: POST /api/v1/management/security/secrets/{name}/rotation/rotate'
info: Microsoft.AspNetCore.Http.Result.JsonResult[1]
      Setting HTTP status code 403.
info: Microsoft.AspNetCore.Http.Result.JsonResult[3]
      Writing value of type 'SecurityAdministrationApiErrorEnvelopeV1' as Json.
info: Microsoft.AspNetCore.Routing.EndpointMiddleware[1]
      Executed endpoint 'HTTP: POST /api/v1/management/security/secrets/{name}/rotation/rotate'
info: Microsoft.AspNetCore.Hosting.Diagnostics[2]
      Request finished HTTP/1.1 POST https://127.0.0.1:40461/api/v1/management/security/secrets/probe/rotation/rotate?terminalId=fa129ae8-1039-4002-a7c7-0d68e30963be - 403 - application/json;+charset=utf-8 7.4056ms
info: Microsoft.AspNetCore.Hosting.Diagnostics[1]
      Request starting HTTP/1.1 POST http://127.0.0.1:40461/api/v1/management/security/users/9d3c4b72-bd4e-4968-8013-7a3059424795/force-unlock?terminalId=af8f2d05-ff2d-4191-98eb-c9e6c39705b0 - application/json;+charset=utf-8 2
info: Microsoft.AspNetCore.Routing.EndpointMiddleware[0]
      Executing endpoint 'HTTP: POST /api/v1/management/security/users/{userId:guid}/force-unlock'
info: Microsoft.AspNetCore.Http.Result.JsonResult[1]
      Setting HTTP status code 403.
info: Microsoft.AspNetCore.Http.Result.JsonResult[3]
      Writing value of type 'SecurityAdministrationApiErrorEnvelopeV1' as Json.
info: Microsoft.AspNetCore.Routing.EndpointMiddleware[1]
      Executed endpoint 'HTTP: POST /api/v1/management/security/users/{userId:guid}/force-unlock'
info: Microsoft.AspNetCore.Hosting.Diagnostics[2]
      Request finished HTTP/1.1 POST https://127.0.0.1:40461/api/v1/management/security/users/9d3c4b72-bd4e-4968-8013-7a3059424795/force-unlock?terminalId=af8f2d05-ff2d-4191-98eb-c9e6c39705b0 - 403 - application/json;+charset=utf-8 6.3134ms
info: Microsoft.AspNetCore.Hosting.Diagnostics[1]
      Request starting HTTP/1.1 POST http://127.0.0.1:40461/api/v1/management/security/users/bbacda2f-e62f-4694-86ac-0c3ff5e589a3/revoke-sessions?terminalId=80a6329a-e445-46f5-ad87-a120847db447 - application/json;+charset=utf-8 2
info: Microsoft.AspNetCore.Routing.EndpointMiddleware[0]
      Executing endpoint 'HTTP: POST /api/v1/management/security/users/{userId:guid}/revoke-sessions'
info: Microsoft.AspNetCore.Http.Result.JsonResult[1]
      Setting HTTP status code 403.
info: Microsoft.AspNetCore.Http.Result.JsonResult[3]
      Writing value of type 'SecurityAdministrationApiErrorEnvelopeV1' as Json.
info: Microsoft.AspNetCore.Routing.EndpointMiddleware[1]
      Executed endpoint 'HTTP: POST /api/v1/management/security/users/{userId:guid}/revoke-sessions'
info: Microsoft.AspNetCore.Hosting.Diagnostics[2]
      Request finished HTTP/1.1 POST https://127.0.0.1:40461/api/v1/management/security/users/bbacda2f-e62f-4694-86ac-0c3ff5e589a3/revoke-sessions?terminalId=80a6329a-e445-46f5-ad87-a120847db447 - 403 - application/json;+charset=utf-8 6.2845ms
info: Microsoft.AspNetCore.Hosting.Diagnostics[1]
      Request starting HTTP/1.1 PUT http://127.0.0.1:40461/api/v1/management/settings/probe?terminalId=bfb0b56d-ce18-4479-8aca-f2292c4ec0b1 - application/json;+charset=utf-8 2
info: Microsoft.AspNetCore.Routing.EndpointMiddleware[0]
      Executing endpoint 'HTTP: PUT /api/v1/management/settings/{key}'
info: Microsoft.AspNetCore.Http.Result.JsonResult[1]
      Setting HTTP status code 403.
info: Microsoft.AspNetCore.Http.Result.JsonResult[3]
      Writing value of type 'SettingsApiErrorEnvelopeV1' as Json.
info: Microsoft.AspNetCore.Routing.EndpointMiddleware[1]
      Executed endpoint 'HTTP: PUT /api/v1/management/settings/{key}'
info: Microsoft.AspNetCore.Hosting.Diagnostics[2]
      Request finished HTTP/1.1 PUT https://127.0.0.1:40461/api/v1/management/settings/probe?terminalId=bfb0b56d-ce18-4479-8aca-f2292c4ec0b1 - 403 - application/json;+charset=utf-8 9.3833ms
info: Microsoft.AspNetCore.Hosting.Diagnostics[1]
      Request starting HTTP/1.1 DELETE http://127.0.0.1:40461/api/v1/management/settings/probe?terminalId=78bd7465-6d4e-4f68-a86d-5a6464580ae9 - application/json;+charset=utf-8 2
info: Microsoft.AspNetCore.Routing.EndpointMiddleware[0]
      Executing endpoint 'HTTP: DELETE /api/v1/management/settings/{key}'
info: Microsoft.AspNetCore.Http.Result.JsonResult[1]
      Setting HTTP status code 403.
info: Microsoft.AspNetCore.Http.Result.JsonResult[3]
      Writing value of type 'SettingsApiErrorEnvelopeV1' as Json.
info: Microsoft.AspNetCore.Routing.EndpointMiddleware[1]
      Executed endpoint 'HTTP: DELETE /api/v1/management/settings/{key}'
info: Microsoft.AspNetCore.Hosting.Diagnostics[2]
      Request finished HTTP/1.1 DELETE https://127.0.0.1:40461/api/v1/management/settings/probe?terminalId=78bd7465-6d4e-4f68-a86d-5a6464580ae9 - 403 - application/json;+charset=utf-8 8.1155ms
info: Microsoft.AspNetCore.Hosting.Diagnostics[1]
      Request starting HTTP/1.1 POST http://127.0.0.1:40461/api/v1/management/users/?terminalId=b9bcb0a8-5262-4a84-b39e-f0ec9c1e5ca2 - application/json;+charset=utf-8 2
info: Microsoft.AspNetCore.Routing.EndpointMiddleware[0]
      Executing endpoint 'HTTP: POST /api/v1/management/users/'
info: Microsoft.AspNetCore.Http.Result.JsonResult[1]
      Setting HTTP status code 400.
info: Microsoft.AspNetCore.Http.Result.JsonResult[3]
      Writing value of type 'RoleManagementErrorEnvelopeV1' as Json.
info: Microsoft.AspNetCore.Routing.EndpointMiddleware[1]
      Executed endpoint 'HTTP: POST /api/v1/management/users/'
info: Microsoft.AspNetCore.Hosting.Diagnostics[2]
      Request finished HTTP/1.1 POST https://127.0.0.1:40461/api/v1/management/users/?terminalId=b9bcb0a8-5262-4a84-b39e-f0ec9c1e5ca2 - 400 - application/json;+charset=utf-8 5.7752ms
info: Microsoft.AspNetCore.Hosting.Diagnostics[1]
      Request starting HTTP/1.1 POST http://127.0.0.1:40461/api/v1/terminals/fb211d6a-6691-48ca-91cd-8094802655ae/billing/bills/from-order/d246193b-cb45-4dad-afca-97f2952bc512?terminalId=fb211d6a-6691-48ca-91cd-8094802655ae - application/json;+charset=utf-8 2
info: Microsoft.AspNetCore.Routing.EndpointMiddleware[0]
      Executing endpoint 'HTTP: POST /api/v1/terminals/{terminalId:guid}/billing/bills/from-order/{orderId:guid}'
info: Microsoft.AspNetCore.Http.Result.JsonResult[1]
      Setting HTTP status code 403.
info: Microsoft.AspNetCore.Http.Result.JsonResult[3]
      Writing value of type 'BillingSplitErrorEnvelope' as Json.
info: Microsoft.AspNetCore.Routing.EndpointMiddleware[1]
      Executed endpoint 'HTTP: POST /api/v1/terminals/{terminalId:guid}/billing/bills/from-order/{orderId:guid}'
info: Microsoft.AspNetCore.Hosting.Diagnostics[2]
      Request finished HTTP/1.1 POST https://127.0.0.1:40461/api/v1/terminals/fb211d6a-6691-48ca-91cd-8094802655ae/billing/bills/from-order/d246193b-cb45-4dad-afca-97f2952bc512?terminalId=fb211d6a-6691-48ca-91cd-8094802655ae - 403 - application/json;+charset=utf-8 21.3461ms
info: Microsoft.AspNetCore.Hosting.Diagnostics[1]
      Request starting HTTP/1.1 POST http://127.0.0.1:40461/api/v1/terminals/bbe1bc6e-1662-4395-bfca-b1513ebeb9c3/billing/bills/df99e97a-5169-4400-a3e6-5d6b011e37ba/discount?terminalId=bbe1bc6e-1662-4395-bfca-b1513ebeb9c3 - application/json;+charset=utf-8 2
info: Microsoft.AspNetCore.Routing.EndpointMiddleware[0]
      Executing endpoint 'HTTP: POST /api/v1/terminals/{terminalId:guid}/billing/bills/{billId:guid}/discount'
info: Microsoft.AspNetCore.Http.Result.JsonResult[1]
      Setting HTTP status code 400.
info: Microsoft.AspNetCore.Http.Result.JsonResult[3]
      Writing value of type 'BillingSplitErrorEnvelope' as Json.
info: Microsoft.AspNetCore.Routing.EndpointMiddleware[1]
      Executed endpoint 'HTTP: POST /api/v1/terminals/{terminalId:guid}/billing/bills/{billId:guid}/discount'
info: Microsoft.AspNetCore.Hosting.Diagnostics[2]
      Request finished HTTP/1.1 POST https://127.0.0.1:40461/api/v1/terminals/bbe1bc6e-1662-4395-bfca-b1513ebeb9c3/billing/bills/df99e97a-5169-4400-a3e6-5d6b011e37ba/discount?terminalId=bbe1bc6e-1662-4395-bfca-b1513ebeb9c3 - 400 - application/json;+charset=utf-8 20.3022ms
info: Microsoft.AspNetCore.Hosting.Diagnostics[1]
      Request starting HTTP/1.1 PUT http://127.0.0.1:40461/api/v1/terminals/4d8853f7-2eeb-4d82-91e8-93396b764f28/billing/bills/729a27ab-445f-4fcb-aa2a-d5ea44f8aba3/split-design/amounts?terminalId=4d8853f7-2eeb-4d82-91e8-93396b764f28 - application/json;+charset=utf-8 2
info: Microsoft.AspNetCore.Routing.EndpointMiddleware[0]
      Executing endpoint 'HTTP: PUT /api/v1/terminals/{terminalId:guid}/billing/bills/{billId:guid}/split-design/amounts'
info: Microsoft.AspNetCore.Http.Result.JsonResult[1]
      Setting HTTP status code 403.
info: Microsoft.AspNetCore.Http.Result.JsonResult[3]
      Writing value of type 'BillingSplitErrorEnvelope' as Json.
info: Microsoft.AspNetCore.Routing.EndpointMiddleware[1]
      Executed endpoint 'HTTP: PUT /api/v1/terminals/{terminalId:guid}/billing/bills/{billId:guid}/split-design/amounts'
info: Microsoft.AspNetCore.Hosting.Diagnostics[2]
      Request finished HTTP/1.1 PUT https://127.0.0.1:40461/api/v1/terminals/4d8853f7-2eeb-4d82-91e8-93396b764f28/billing/bills/729a27ab-445f-4fcb-aa2a-d5ea44f8aba3/split-design/amounts?terminalId=4d8853f7-2eeb-4d82-91e8-93396b764f28 - 403 - application/json;+charset=utf-8 12.9185ms
info: Microsoft.AspNetCore.Hosting.Diagnostics[1]
      Request starting HTTP/1.1 POST http://127.0.0.1:40461/api/v1/terminals/f37d73fe-69c1-47b2-8c9d-db84886d5e40/billing/bills/7daf6036-b9f8-4bbf-8006-f12ea4440382/split-design/clear?terminalId=f37d73fe-69c1-47b2-8c9d-db84886d5e40 - application/json;+charset=utf-8 2
info: Microsoft.AspNetCore.Routing.EndpointMiddleware[0]
      Executing endpoint 'HTTP: POST /api/v1/terminals/{terminalId:guid}/billing/bills/{billId:guid}/split-design/clear'
info: Microsoft.AspNetCore.Http.Result.JsonResult[1]
      Setting HTTP status code 403.
info: Microsoft.AspNetCore.Http.Result.JsonResult[3]
      Writing value of type 'BillingSplitErrorEnvelope' as Json.
info: Microsoft.AspNetCore.Routing.EndpointMiddleware[1]
      Executed endpoint 'HTTP: POST /api/v1/terminals/{terminalId:guid}/billing/bills/{billId:guid}/split-design/clear'
info: Microsoft.AspNetCore.Hosting.Diagnostics[2]
      Request finished HTTP/1.1 POST https://127.0.0.1:40461/api/v1/terminals/f37d73fe-69c1-47b2-8c9d-db84886d5e40/billing/bills/7daf6036-b9f8-4bbf-8006-f12ea4440382/split-design/clear?terminalId=f37d73fe-69c1-47b2-8c9d-db84886d5e40 - 403 - application/json;+charset=utf-8 10.5502ms
info: Microsoft.AspNetCore.Hosting.Diagnostics[1]
      Request starting HTTP/1.1 PUT http://127.0.0.1:40461/api/v1/terminals/5aab2e5a-4537-4344-8dfd-24903e9d467b/billing/bills/34495a22-04be-44d0-a977-09a04841522c/split-design/custom?terminalId=5aab2e5a-4537-4344-8dfd-24903e9d467b - application/json;+charset=utf-8 2
info: Microsoft.AspNetCore.Routing.EndpointMiddleware[0]
      Executing endpoint 'HTTP: PUT /api/v1/terminals/{terminalId:guid}/billing/bills/{billId:guid}/split-design/custom'
info: Microsoft.AspNetCore.Http.Result.JsonResult[1]
      Setting HTTP status code 403.
info: Microsoft.AspNetCore.Http.Result.JsonResult[3]
      Writing value of type 'BillingSplitErrorEnvelope' as Json.
info: Microsoft.AspNetCore.Routing.EndpointMiddleware[1]
      Executed endpoint 'HTTP: PUT /api/v1/terminals/{terminalId:guid}/billing/bills/{billId:guid}/split-design/custom'
info: Microsoft.AspNetCore.Hosting.Diagnostics[2]
      Request finished HTTP/1.1 PUT https://127.0.0.1:40461/api/v1/terminals/5aab2e5a-4537-4344-8dfd-24903e9d467b/billing/bills/34495a22-04be-44d0-a977-09a04841522c/split-design/custom?terminalId=5aab2e5a-4537-4344-8dfd-24903e9d467b - 403 - application/json;+charset=utf-8 11.6393ms
info: Microsoft.AspNetCore.Hosting.Diagnostics[1]
      Request starting HTTP/1.1 PUT http://127.0.0.1:40461/api/v1/terminals/7d6001a2-0bd3-4eb3-bd45-32ce7b2a9d54/billing/bills/bf9f0e4a-661d-4a11-893e-c4593e4c2c50/split-design/equal?terminalId=7d6001a2-0bd3-4eb3-bd45-32ce7b2a9d54 - application/json;+charset=utf-8 2
info: Microsoft.AspNetCore.Routing.EndpointMiddleware[0]
      Executing endpoint 'HTTP: PUT /api/v1/terminals/{terminalId:guid}/billing/bills/{billId:guid}/split-design/equal'
info: Microsoft.AspNetCore.Http.Result.JsonResult[1]
      Setting HTTP status code 403.
info: Microsoft.AspNetCore.Http.Result.JsonResult[3]
      Writing value of type 'BillingSplitErrorEnvelope' as Json.
info: Microsoft.AspNetCore.Routing.EndpointMiddleware[1]
      Executed endpoint 'HTTP: PUT /api/v1/terminals/{terminalId:guid}/billing/bills/{billId:guid}/split-design/equal'
info: Microsoft.AspNetCore.Hosting.Diagnostics[2]
      Request finished HTTP/1.1 PUT https://127.0.0.1:40461/api/v1/terminals/7d6001a2-0bd3-4eb3-bd45-32ce7b2a9d54/billing/bills/bf9f0e4a-661d-4a11-893e-c4593e4c2c50/split-design/equal?terminalId=7d6001a2-0bd3-4eb3-bd45-32ce7b2a9d54 - 403 - application/json;+charset=utf-8 13.3399ms
info: Microsoft.AspNetCore.Hosting.Diagnostics[1]
      Request starting HTTP/1.1 PUT http://127.0.0.1:40461/api/v1/terminals/6a1a2530-cbae-4d40-8152-4de2e8447a0c/billing/bills/1ca405e5-83cd-4156-8844-0063cdb55342/split-design/items?terminalId=6a1a2530-cbae-4d40-8152-4de2e8447a0c - application/json;+charset=utf-8 2
info: Microsoft.AspNetCore.Routing.EndpointMiddleware[0]
      Executing endpoint 'HTTP: PUT /api/v1/terminals/{terminalId:guid}/billing/bills/{billId:guid}/split-design/items'
info: Microsoft.AspNetCore.Http.Result.JsonResult[1]
      Setting HTTP status code 403.
info: Microsoft.AspNetCore.Http.Result.JsonResult[3]
      Writing value of type 'BillingSplitErrorEnvelope' as Json.
info: Microsoft.AspNetCore.Routing.EndpointMiddleware[1]
      Executed endpoint 'HTTP: PUT /api/v1/terminals/{terminalId:guid}/billing/bills/{billId:guid}/split-design/items'
info: Microsoft.AspNetCore.Hosting.Diagnostics[2]
      Request finished HTTP/1.1 PUT https://127.0.0.1:40461/api/v1/terminals/6a1a2530-cbae-4d40-8152-4de2e8447a0c/billing/bills/1ca405e5-83cd-4156-8844-0063cdb55342/split-design/items?terminalId=6a1a2530-cbae-4d40-8152-4de2e8447a0c - 403 - application/json;+charset=utf-8 9.8930ms
info: Microsoft.AspNetCore.Hosting.Diagnostics[1]
      Request starting HTTP/1.1 POST http://127.0.0.1:40461/api/v1/terminals/b5ff2247-5ae4-4dc3-be94-774999b5fc52/billing/bills/afcd4f64-90fc-40f4-b525-fd4c01e21a4f/tenders/?terminalId=b5ff2247-5ae4-4dc3-be94-774999b5fc52 - application/json;+charset=utf-8 2
info: Microsoft.AspNetCore.Routing.EndpointMiddleware[0]
      Executing endpoint 'HTTP: POST /api/v1/terminals/{terminalId:guid}/billing/bills/{billId:guid}/tenders/'
info: Microsoft.AspNetCore.Http.Result.JsonResult[1]
      Setting HTTP status code 400.
info: Microsoft.AspNetCore.Http.Result.JsonResult[3]
      Writing value of type '<>f__AnonymousType5`1' as Json.
info: Microsoft.AspNetCore.Routing.EndpointMiddleware[1]
      Executed endpoint 'HTTP: POST /api/v1/terminals/{terminalId:guid}/billing/bills/{billId:guid}/tenders/'
info: Microsoft.AspNetCore.Hosting.Diagnostics[2]
      Request finished HTTP/1.1 POST https://127.0.0.1:40461/api/v1/terminals/b5ff2247-5ae4-4dc3-be94-774999b5fc52/billing/bills/afcd4f64-90fc-40f4-b525-fd4c01e21a4f/tenders/?terminalId=b5ff2247-5ae4-4dc3-be94-774999b5fc52 - 400 - application/json;+charset=utf-8 12.8819ms
info: Microsoft.AspNetCore.Hosting.Diagnostics[1]
      Request starting HTTP/1.1 POST http://127.0.0.1:40461/api/v1/terminals/f3fb0f10-bc86-418e-9590-1f9fd30c4f8f/billing/bills/5515593d-7edd-46be-a8e0-24f3bb4b24e1/tenders/confirmations/1f491912-ee2a-4d46-bbc7-99686fcd5a41/approve?terminalId=f3fb0f10-bc86-418e-9590-1f9fd30c4f8f - application/json;+charset=utf-8 2
info: Microsoft.AspNetCore.Routing.EndpointMiddleware[0]
      Executing endpoint 'HTTP: POST /api/v1/terminals/{terminalId:guid}/billing/bills/{billId:guid}/tenders/confirmations/{confirmationId:guid}/approve'
info: Microsoft.AspNetCore.Routing.EndpointMiddleware[1]
      Executed endpoint 'HTTP: POST /api/v1/terminals/{terminalId:guid}/billing/bills/{billId:guid}/tenders/confirmations/{confirmationId:guid}/approve'
info: Microsoft.AspNetCore.Hosting.Diagnostics[2]
      Request finished HTTP/1.1 POST https://127.0.0.1:40461/api/v1/terminals/f3fb0f10-bc86-418e-9590-1f9fd30c4f8f/billing/bills/5515593d-7edd-46be-a8e0-24f3bb4b24e1/tenders/confirmations/1f491912-ee2a-4d46-bbc7-99686fcd5a41/approve?terminalId=f3fb0f10-bc86-418e-9590-1f9fd30c4f8f - 403 - application/json;+charset=utf-8 11.8813ms
info: Microsoft.AspNetCore.Hosting.Diagnostics[1]
      Request starting HTTP/1.1 POST http://127.0.0.1:40461/api/v1/terminals/f11e1145-851d-4a3b-90d6-7e1e87f7397e/billing/bills/3c6b2f36-c2a8-44e4-8c2f-936262249482/tenders/confirmations/02a220ce-04d8-4af5-9223-f3f371f8ccd6/reject?terminalId=f11e1145-851d-4a3b-90d6-7e1e87f7397e - application/json;+charset=utf-8 2
info: Microsoft.AspNetCore.Routing.EndpointMiddleware[0]
      Executing endpoint 'HTTP: POST /api/v1/terminals/{terminalId:guid}/billing/bills/{billId:guid}/tenders/confirmations/{confirmationId:guid}/reject'
info: Microsoft.AspNetCore.Routing.EndpointMiddleware[1]
      Executed endpoint 'HTTP: POST /api/v1/terminals/{terminalId:guid}/billing/bills/{billId:guid}/tenders/confirmations/{confirmationId:guid}/reject'
info: Microsoft.AspNetCore.Hosting.Diagnostics[2]
      Request finished HTTP/1.1 POST https://127.0.0.1:40461/api/v1/terminals/f11e1145-851d-4a3b-90d6-7e1e87f7397e/billing/bills/3c6b2f36-c2a8-44e4-8c2f-936262249482/tenders/confirmations/02a220ce-04d8-4af5-9223-f3f371f8ccd6/reject?terminalId=f11e1145-851d-4a3b-90d6-7e1e87f7397e - 403 - application/json;+charset=utf-8 11.3525ms
info: Microsoft.AspNetCore.Hosting.Diagnostics[1]
      Request starting HTTP/1.1 POST http://127.0.0.1:40461/api/v1/terminals/58012608-45b8-4ded-be8a-ae181f383f5a/billing/bills/c90727c9-08bc-488b-ab6f-992f9905f9db/tenders/unsettled/425a9343-19e7-4fcf-94fe-fdf57457fba0/card-charged?terminalId=58012608-45b8-4ded-be8a-ae181f383f5a - application/json;+charset=utf-8 2
info: Microsoft.AspNetCore.Routing.EndpointMiddleware[0]
      Executing endpoint 'HTTP: POST /api/v1/terminals/{terminalId:guid}/billing/bills/{billId:guid}/tenders/unsettled/{paymentId:guid}/card-charged'
info: Microsoft.AspNetCore.Routing.EndpointMiddleware[1]
      Executed endpoint 'HTTP: POST /api/v1/terminals/{terminalId:guid}/billing/bills/{billId:guid}/tenders/unsettled/{paymentId:guid}/card-charged'
info: Microsoft.AspNetCore.Hosting.Diagnostics[2]
      Request finished HTTP/1.1 POST https://127.0.0.1:40461/api/v1/terminals/58012608-45b8-4ded-be8a-ae181f383f5a/billing/bills/c90727c9-08bc-488b-ab6f-992f9905f9db/tenders/unsettled/425a9343-19e7-4fcf-94fe-fdf57457fba0/card-charged?terminalId=58012608-45b8-4ded-be8a-ae181f383f5a - 403 - application/json;+charset=utf-8 9.5028ms
info: Microsoft.AspNetCore.Hosting.Diagnostics[1]
      Request starting HTTP/1.1 POST http://127.0.0.1:40461/api/v1/terminals/6c1fd985-c9cf-48cf-94b2-8c866df4549e/billing/bills/f12c82e1-a6bd-40c1-b248-2664e0d52adc/tenders/unsettled/b7fcb92e-111b-4bac-986e-31aef5d9df6a/not-charged?terminalId=6c1fd985-c9cf-48cf-94b2-8c866df4549e - application/json;+charset=utf-8 2
info: Microsoft.AspNetCore.Routing.EndpointMiddleware[0]
      Executing endpoint 'HTTP: POST /api/v1/terminals/{terminalId:guid}/billing/bills/{billId:guid}/tenders/unsettled/{paymentId:guid}/not-charged'
info: Microsoft.AspNetCore.Routing.EndpointMiddleware[1]
      Executed endpoint 'HTTP: POST /api/v1/terminals/{terminalId:guid}/billing/bills/{billId:guid}/tenders/unsettled/{paymentId:guid}/not-charged'
info: Microsoft.AspNetCore.Hosting.Diagnostics[2]
      Request finished HTTP/1.1 POST https://127.0.0.1:40461/api/v1/terminals/6c1fd985-c9cf-48cf-94b2-8c866df4549e/billing/bills/f12c82e1-a6bd-40c1-b248-2664e0d52adc/tenders/unsettled/b7fcb92e-111b-4bac-986e-31aef5d9df6a/not-charged?terminalId=6c1fd985-c9cf-48cf-94b2-8c866df4549e - 403 - application/json;+charset=utf-8 10.1453ms
info: Microsoft.AspNetCore.Hosting.Diagnostics[1]
      Request starting HTTP/1.1 POST http://127.0.0.1:40461/api/v1/terminals/f4069236-71de-4714-9668-f69d6f7175b6/billing/bills/87f87c75-2c7d-4967-960c-387aa840d484/tip?terminalId=f4069236-71de-4714-9668-f69d6f7175b6 - application/json;+charset=utf-8 2
info: Microsoft.AspNetCore.Routing.EndpointMiddleware[0]
      Executing endpoint 'HTTP: POST /api/v1/terminals/{terminalId:guid}/billing/bills/{billId:guid}/tip'
info: Microsoft.AspNetCore.Http.Result.JsonResult[1]
      Setting HTTP status code 403.
info: Microsoft.AspNetCore.Http.Result.JsonResult[3]
      Writing value of type 'BillingSplitErrorEnvelope' as Json.
info: Microsoft.AspNetCore.Routing.EndpointMiddleware[1]
      Executed endpoint 'HTTP: POST /api/v1/terminals/{terminalId:guid}/billing/bills/{billId:guid}/tip'
info: Microsoft.AspNetCore.Hosting.Diagnostics[2]
      Request finished HTTP/1.1 POST https://127.0.0.1:40461/api/v1/terminals/f4069236-71de-4714-9668-f69d6f7175b6/billing/bills/87f87c75-2c7d-4967-960c-387aa840d484/tip?terminalId=f4069236-71de-4714-9668-f69d6f7175b6 - 403 - application/json;+charset=utf-8 10.5276ms
info: Microsoft.AspNetCore.Hosting.Diagnostics[1]
      Request starting HTTP/1.1 POST http://127.0.0.1:40461/api/v1/terminals/af52613a-1f35-4626-abf6-8beb441c7133/cash-sessions/?terminalId=af52613a-1f35-4626-abf6-8beb441c7133 - application/json;+charset=utf-8 2
info: Microsoft.AspNetCore.Routing.EndpointMiddleware[0]
      Executing endpoint 'HTTP: POST /api/v1/terminals/{terminalId:guid}/cash-sessions/'
info: Microsoft.AspNetCore.Routing.EndpointMiddleware[1]
      Executed endpoint 'HTTP: POST /api/v1/terminals/{terminalId:guid}/cash-sessions/'
info: Microsoft.AspNetCore.Hosting.Diagnostics[2]
      Request finished HTTP/1.1 POST https://127.0.0.1:40461/api/v1/terminals/af52613a-1f35-4626-abf6-8beb441c7133/cash-sessions/?terminalId=af52613a-1f35-4626-abf6-8beb441c7133 - 403 - application/json;+charset=utf-8 8.9770ms
info: Microsoft.AspNetCore.Hosting.Diagnostics[1]
      Request starting HTTP/1.1 POST http://127.0.0.1:40461/api/v1/terminals/a23fd16b-3c81-4c80-a10e-ce201af41daa/cash-sessions/09b26a8e-ccfd-4660-a97c-5f42aeab4ef9/cash-movements?terminalId=a23fd16b-3c81-4c80-a10e-ce201af41daa - application/json;+charset=utf-8 2
info: Microsoft.AspNetCore.Routing.EndpointMiddleware[0]
      Executing endpoint 'HTTP: POST /api/v1/terminals/{terminalId:guid}/cash-sessions/{cashSessionId:guid}/cash-movements'
info: Microsoft.AspNetCore.Routing.EndpointMiddleware[1]
      Executed endpoint 'HTTP: POST /api/v1/terminals/{terminalId:guid}/cash-sessions/{cashSessionId:guid}/cash-movements'
info: Microsoft.AspNetCore.Hosting.Diagnostics[2]
      Request finished HTTP/1.1 POST https://127.0.0.1:40461/api/v1/terminals/a23fd16b-3c81-4c80-a10e-ce201af41daa/cash-sessions/09b26a8e-ccfd-4660-a97c-5f42aeab4ef9/cash-movements?terminalId=a23fd16b-3c81-4c80-a10e-ce201af41daa - 403 - application/json;+charset=utf-8 8.8519ms
info: Microsoft.AspNetCore.Hosting.Diagnostics[1]
      Request starting HTTP/1.1 POST http://127.0.0.1:40461/api/v1/terminals/8a309557-a472-4725-b9ff-60452fa649cc/cash-sessions/23ab9479-6d0a-4d63-aac0-c46adf09c345/cash-tender?terminalId=8a309557-a472-4725-b9ff-60452fa649cc - application/json;+charset=utf-8 2
info: Microsoft.AspNetCore.Routing.EndpointMiddleware[0]
      Executing endpoint 'HTTP: POST /api/v1/terminals/{terminalId:guid}/cash-sessions/{cashSessionId:guid}/cash-tender'
info: Microsoft.AspNetCore.Routing.EndpointMiddleware[1]
      Executed endpoint 'HTTP: POST /api/v1/terminals/{terminalId:guid}/cash-sessions/{cashSessionId:guid}/cash-tender'
info: Microsoft.AspNetCore.Hosting.Diagnostics[2]
      Request finished HTTP/1.1 POST https://127.0.0.1:40461/api/v1/terminals/8a309557-a472-4725-b9ff-60452fa649cc/cash-sessions/23ab9479-6d0a-4d63-aac0-c46adf09c345/cash-tender?terminalId=8a309557-a472-4725-b9ff-60452fa649cc - 403 - application/json;+charset=utf-8 11.5050ms
info: Microsoft.AspNetCore.Hosting.Diagnostics[1]
      Request starting HTTP/1.1 POST http://127.0.0.1:40461/api/v1/terminals/41379157-8750-431e-b95e-617f5f6028cf/cash-sessions/1092c720-2b68-436b-b25d-41ec3be77df7/close?terminalId=41379157-8750-431e-b95e-617f5f6028cf - application/json;+charset=utf-8 2
info: Microsoft.AspNetCore.Routing.EndpointMiddleware[0]
      Executing endpoint 'HTTP: POST /api/v1/terminals/{terminalId:guid}/cash-sessions/{cashSessionId:guid}/close'
info: Microsoft.AspNetCore.Routing.EndpointMiddleware[1]
      Executed endpoint 'HTTP: POST /api/v1/terminals/{terminalId:guid}/cash-sessions/{cashSessionId:guid}/close'
info: Microsoft.AspNetCore.Hosting.Diagnostics[2]
      Request finished HTTP/1.1 POST https://127.0.0.1:40461/api/v1/terminals/41379157-8750-431e-b95e-617f5f6028cf/cash-sessions/1092c720-2b68-436b-b25d-41ec3be77df7/close?terminalId=41379157-8750-431e-b95e-617f5f6028cf - 403 - application/json;+charset=utf-8 9.3439ms
info: Microsoft.AspNetCore.Hosting.Diagnostics[1]
      Request starting HTTP/1.1 POST http://127.0.0.1:40461/api/v1/terminals/1768043b-4686-48f8-826e-98040fe273f1/cash-sessions/a17db283-df00-4d15-a1be-efb7107059a7/counts?terminalId=1768043b-4686-48f8-826e-98040fe273f1 - application/json;+charset=utf-8 2
info: Microsoft.AspNetCore.Routing.EndpointMiddleware[0]
      Executing endpoint 'HTTP: POST /api/v1/terminals/{terminalId:guid}/cash-sessions/{cashSessionId:guid}/counts'
info: Microsoft.AspNetCore.Routing.EndpointMiddleware[1]
      Executed endpoint 'HTTP: POST /api/v1/terminals/{terminalId:guid}/cash-sessions/{cashSessionId:guid}/counts'
info: Microsoft.AspNetCore.Hosting.Diagnostics[2]
      Request finished HTTP/1.1 POST https://127.0.0.1:40461/api/v1/terminals/1768043b-4686-48f8-826e-98040fe273f1/cash-sessions/a17db283-df00-4d15-a1be-efb7107059a7/counts?terminalId=1768043b-4686-48f8-826e-98040fe273f1 - 403 - application/json;+charset=utf-8 8.7268ms
info: Microsoft.AspNetCore.Hosting.Diagnostics[1]
      Request starting HTTP/1.1 POST http://127.0.0.1:40461/api/v1/terminals/1c4180e4-91b9-4a3e-876f-5eceac602af8/cash-sessions/3d064b8f-638c-4b79-bc7c-4ecfd3458572/reconcile?terminalId=1c4180e4-91b9-4a3e-876f-5eceac602af8 - application/json;+charset=utf-8 2
info: Microsoft.AspNetCore.Routing.EndpointMiddleware[0]
      Executing endpoint 'HTTP: POST /api/v1/terminals/{terminalId:guid}/cash-sessions/{cashSessionId:guid}/reconcile'
info: Microsoft.AspNetCore.Routing.EndpointMiddleware[1]
      Executed endpoint 'HTTP: POST /api/v1/terminals/{terminalId:guid}/cash-sessions/{cashSessionId:guid}/reconcile'
info: Microsoft.AspNetCore.Hosting.Diagnostics[2]
      Request finished HTTP/1.1 POST https://127.0.0.1:40461/api/v1/terminals/1c4180e4-91b9-4a3e-876f-5eceac602af8/cash-sessions/3d064b8f-638c-4b79-bc7c-4ecfd3458572/reconcile?terminalId=1c4180e4-91b9-4a3e-876f-5eceac602af8 - 403 - application/json;+charset=utf-8 7.7745ms
info: Microsoft.AspNetCore.Hosting.Diagnostics[1]
      Request starting HTTP/1.1 POST http://127.0.0.1:40461/api/v1/terminals/28e0b582-aacd-41e6-a7f5-eb3c3ab29381/cash-sessions/1a16deca-ecd3-40ad-9a61-28c45efd7e00/start-count?terminalId=28e0b582-aacd-41e6-a7f5-eb3c3ab29381 - application/json;+charset=utf-8 2
info: Microsoft.AspNetCore.Routing.EndpointMiddleware[0]
      Executing endpoint 'HTTP: POST /api/v1/terminals/{terminalId:guid}/cash-sessions/{cashSessionId:guid}/start-count'
info: Microsoft.AspNetCore.Routing.EndpointMiddleware[1]
      Executed endpoint 'HTTP: POST /api/v1/terminals/{terminalId:guid}/cash-sessions/{cashSessionId:guid}/start-count'
info: Microsoft.AspNetCore.Hosting.Diagnostics[2]
      Request finished HTTP/1.1 POST https://127.0.0.1:40461/api/v1/terminals/28e0b582-aacd-41e6-a7f5-eb3c3ab29381/cash-sessions/1a16deca-ecd3-40ad-9a61-28c45efd7e00/start-count?terminalId=28e0b582-aacd-41e6-a7f5-eb3c3ab29381 - 403 - application/json;+charset=utf-8 8.9915ms
info: Microsoft.AspNetCore.Hosting.Diagnostics[1]
      Request starting HTTP/1.1 POST http://127.0.0.1:40461/api/v1/terminals/8920a935-e1f9-49ee-bb11-f7f998152253/display-sessions/revoke?terminalId=8920a935-e1f9-49ee-bb11-f7f998152253 - application/json;+charset=utf-8 2
info: Microsoft.AspNetCore.Routing.EndpointMiddleware[0]
      Executing endpoint 'HTTP: POST /api/v1/terminals/{terminalId:guid}/display-sessions/revoke'
info: Microsoft.AspNetCore.Http.Result.OkObjectResult[1]
      Setting HTTP status code 200.
info: Microsoft.AspNetCore.Http.Result.OkObjectResult[3]
      Writing value of type '<>f__AnonymousType13`1' as Json.
info: Microsoft.AspNetCore.Routing.EndpointMiddleware[1]
      Executed endpoint 'HTTP: POST /api/v1/terminals/{terminalId:guid}/display-sessions/revoke'
info: Microsoft.AspNetCore.Hosting.Diagnostics[2]
      Request finished HTTP/1.1 POST https://127.0.0.1:40461/api/v1/terminals/8920a935-e1f9-49ee-bb11-f7f998152253/display-sessions/revoke?terminalId=8920a935-e1f9-49ee-bb11-f7f998152253 - 200 - application/json;+charset=utf-8 7.7900ms
info: Microsoft.AspNetCore.Hosting.Diagnostics[1]
      Request starting HTTP/1.1 POST http://127.0.0.1:40461/api/v1/terminals/cfc32e4f-5427-4a72-9cd2-6cdb23379417/help-requests/?terminalId=cfc32e4f-5427-4a72-9cd2-6cdb23379417 - application/json;+charset=utf-8 2
info: Microsoft.AspNetCore.Routing.EndpointMiddleware[0]
      Executing endpoint 'HTTP: POST /api/v1/terminals/{terminalId:guid}/help-requests/'
info: Microsoft.AspNetCore.Http.Result.BadRequestObjectResult[1]
      Setting HTTP status code 400.
info: Microsoft.AspNetCore.Http.Result.BadRequestObjectResult[3]
      Writing value of type '<>f__AnonymousType5`1' as Json.
info: Microsoft.AspNetCore.Routing.EndpointMiddleware[1]
      Executed endpoint 'HTTP: POST /api/v1/terminals/{terminalId:guid}/help-requests/'
info: Microsoft.AspNetCore.Hosting.Diagnostics[2]
      Request finished HTTP/1.1 POST https://127.0.0.1:40461/api/v1/terminals/cfc32e4f-5427-4a72-9cd2-6cdb23379417/help-requests/?terminalId=cfc32e4f-5427-4a72-9cd2-6cdb23379417 - 400 - application/json;+charset=utf-8 5.6733ms
info: Microsoft.AspNetCore.Hosting.Diagnostics[1]
      Request starting HTTP/1.1 POST http://127.0.0.1:40461/api/v1/terminals/507309cd-57d0-404a-8887-258f00cca145/kitchen-operations/deliveries/b1efd40b-1268-45c3-96bf-b74e07118b81/reprint-approval?terminalId=507309cd-57d0-404a-8887-258f00cca145 - application/json;+charset=utf-8 2
info: Microsoft.AspNetCore.Routing.EndpointMiddleware[0]
      Executing endpoint 'HTTP: POST /api/v1/terminals/{terminalId:guid}/kitchen-operations/deliveries/{deliveryId:guid}/reprint-approval'
info: Microsoft.AspNetCore.Http.Result.JsonResult[1]
      Setting HTTP status code 403.
info: Microsoft.AspNetCore.Http.Result.JsonResult[3]
      Writing value of type 'KitchenOperationsErrorEnvelopeV1' as Json.
info: Microsoft.AspNetCore.Routing.EndpointMiddleware[1]
      Executed endpoint 'HTTP: POST /api/v1/terminals/{terminalId:guid}/kitchen-operations/deliveries/{deliveryId:guid}/reprint-approval'
info: Microsoft.AspNetCore.Hosting.Diagnostics[2]
      Request finished HTTP/1.1 POST https://127.0.0.1:40461/api/v1/terminals/507309cd-57d0-404a-8887-258f00cca145/kitchen-operations/deliveries/b1efd40b-1268-45c3-96bf-b74e07118b81/reprint-approval?terminalId=507309cd-57d0-404a-8887-258f00cca145 - 403 - application/json;+charset=utf-8 25.2667ms
info: Microsoft.AspNetCore.Hosting.Diagnostics[1]
      Request starting HTTP/1.1 POST http://127.0.0.1:40461/api/v1/terminals/e99735dd-74ab-4366-a1b7-239c066a5e85/kitchen-operations/deliveries/93d22f1d-0ec9-46bb-bd4b-42b1e5648ff2/reprint-rejection?terminalId=e99735dd-74ab-4366-a1b7-239c066a5e85 - application/json;+charset=utf-8 2
info: Microsoft.AspNetCore.Routing.EndpointMiddleware[0]
      Executing endpoint 'HTTP: POST /api/v1/terminals/{terminalId:guid}/kitchen-operations/deliveries/{deliveryId:guid}/reprint-rejection'
info: Microsoft.AspNetCore.Http.Result.JsonResult[1]
      Setting HTTP status code 403.
info: Microsoft.AspNetCore.Http.Result.JsonResult[3]
      Writing value of type 'KitchenOperationsErrorEnvelopeV1' as Json.
info: Microsoft.AspNetCore.Routing.EndpointMiddleware[1]
      Executed endpoint 'HTTP: POST /api/v1/terminals/{terminalId:guid}/kitchen-operations/deliveries/{deliveryId:guid}/reprint-rejection'
info: Microsoft.AspNetCore.Hosting.Diagnostics[2]
      Request finished HTTP/1.1 POST https://127.0.0.1:40461/api/v1/terminals/e99735dd-74ab-4366-a1b7-239c066a5e85/kitchen-operations/deliveries/93d22f1d-0ec9-46bb-bd4b-42b1e5648ff2/reprint-rejection?terminalId=e99735dd-74ab-4366-a1b7-239c066a5e85 - 403 - application/json;+charset=utf-8 11.7539ms
info: Microsoft.AspNetCore.Hosting.Diagnostics[1]
      Request starting HTTP/1.1 POST http://127.0.0.1:40461/api/v1/terminals/1faf54a9-8cf8-4b00-8793-47ff4d9e7189/kitchen-operations/operations/backups?terminalId=1faf54a9-8cf8-4b00-8793-47ff4d9e7189 - application/json;+charset=utf-8 2
info: Microsoft.AspNetCore.Routing.EndpointMiddleware[0]
      Executing endpoint 'HTTP: POST /api/v1/terminals/{terminalId:guid}/kitchen-operations/operations/backups'
info: Microsoft.AspNetCore.Http.Result.JsonResult[1]
      Setting HTTP status code 403.
info: Microsoft.AspNetCore.Http.Result.JsonResult[3]
      Writing value of type 'KitchenOperationsErrorEnvelopeV1' as Json.
info: Microsoft.AspNetCore.Routing.EndpointMiddleware[1]
      Executed endpoint 'HTTP: POST /api/v1/terminals/{terminalId:guid}/kitchen-operations/operations/backups'
info: Microsoft.AspNetCore.Hosting.Diagnostics[2]
      Request finished HTTP/1.1 POST https://127.0.0.1:40461/api/v1/terminals/1faf54a9-8cf8-4b00-8793-47ff4d9e7189/kitchen-operations/operations/backups?terminalId=1faf54a9-8cf8-4b00-8793-47ff4d9e7189 - 403 - application/json;+charset=utf-8 13.3155ms
info: Microsoft.AspNetCore.Hosting.Diagnostics[1]
      Request starting HTTP/1.1 PUT http://127.0.0.1:40461/api/v1/terminals/c81015b7-c006-426d-8f63-329c4afd4cf5/kitchen-operations/printers/961a2dc1-80a1-41dc-8b74-37456b7b1e63?terminalId=c81015b7-c006-426d-8f63-329c4afd4cf5 - application/json;+charset=utf-8 2
info: Microsoft.AspNetCore.Routing.EndpointMiddleware[0]
      Executing endpoint 'HTTP: PUT /api/v1/terminals/{terminalId:guid}/kitchen-operations/printers/{printerId:guid}'
info: Microsoft.AspNetCore.Http.Result.JsonResult[1]
      Setting HTTP status code 403.
info: Microsoft.AspNetCore.Http.Result.JsonResult[3]
      Writing value of type 'KitchenOperationsErrorEnvelopeV1' as Json.
info: Microsoft.AspNetCore.Routing.EndpointMiddleware[1]
      Executed endpoint 'HTTP: PUT /api/v1/terminals/{terminalId:guid}/kitchen-operations/printers/{printerId:guid}'
info: Microsoft.AspNetCore.Hosting.Diagnostics[2]
      Request finished HTTP/1.1 PUT https://127.0.0.1:40461/api/v1/terminals/c81015b7-c006-426d-8f63-329c4afd4cf5/kitchen-operations/printers/961a2dc1-80a1-41dc-8b74-37456b7b1e63?terminalId=c81015b7-c006-426d-8f63-329c4afd4cf5 - 403 - application/json;+charset=utf-8 9.3214ms
info: Microsoft.AspNetCore.Hosting.Diagnostics[1]
      Request starting HTTP/1.1 POST http://127.0.0.1:40461/api/v1/terminals/f864b7b8-188b-4a15-b20c-b9e0475fc8d0/kitchen-operations/products/4311789b-412d-40ce-89ce-c46e7e349f0d/suspend?terminalId=f864b7b8-188b-4a15-b20c-b9e0475fc8d0 - application/json;+charset=utf-8 2
info: Microsoft.AspNetCore.Routing.EndpointMiddleware[0]
      Executing endpoint 'HTTP: POST /api/v1/terminals/{terminalId:guid}/kitchen-operations/products/{productId:guid}/suspend'
info: Microsoft.AspNetCore.Http.Result.JsonResult[1]
      Setting HTTP status code 403.
info: Microsoft.AspNetCore.Http.Result.JsonResult[3]
      Writing value of type 'KitchenOperationsErrorEnvelopeV1' as Json.
info: Microsoft.AspNetCore.Routing.EndpointMiddleware[1]
      Executed endpoint 'HTTP: POST /api/v1/terminals/{terminalId:guid}/kitchen-operations/products/{productId:guid}/suspend'
info: Microsoft.AspNetCore.Hosting.Diagnostics[2]
      Request finished HTTP/1.1 POST https://127.0.0.1:40461/api/v1/terminals/f864b7b8-188b-4a15-b20c-b9e0475fc8d0/kitchen-operations/products/4311789b-412d-40ce-89ce-c46e7e349f0d/suspend?terminalId=f864b7b8-188b-4a15-b20c-b9e0475fc8d0 - 403 - application/json;+charset=utf-8 6.9106ms
info: Microsoft.AspNetCore.Hosting.Diagnostics[1]
      Request starting HTTP/1.1 POST http://127.0.0.1:40461/api/v1/terminals/fcab97d3-6201-45ed-a5d6-176fa2598a95/kitchen-operations/routes/361d1400-7050-42e8-8e76-67974ebca526?terminalId=fcab97d3-6201-45ed-a5d6-176fa2598a95 - application/json;+charset=utf-8 2
info: Microsoft.AspNetCore.Routing.EndpointMiddleware[0]
      Executing endpoint 'HTTP: POST /api/v1/terminals/{terminalId:guid}/kitchen-operations/routes/{routeId:guid}'
info: Microsoft.AspNetCore.Http.Result.JsonResult[1]
      Setting HTTP status code 403.
info: Microsoft.AspNetCore.Http.Result.JsonResult[3]
      Writing value of type 'KitchenOperationsErrorEnvelopeV1' as Json.
info: Microsoft.AspNetCore.Routing.EndpointMiddleware[1]
      Executed endpoint 'HTTP: POST /api/v1/terminals/{terminalId:guid}/kitchen-operations/routes/{routeId:guid}'
info: Microsoft.AspNetCore.Hosting.Diagnostics[2]
      Request finished HTTP/1.1 POST https://127.0.0.1:40461/api/v1/terminals/fcab97d3-6201-45ed-a5d6-176fa2598a95/kitchen-operations/routes/361d1400-7050-42e8-8e76-67974ebca526?terminalId=fcab97d3-6201-45ed-a5d6-176fa2598a95 - 403 - application/json;+charset=utf-8 10.3998ms
info: Microsoft.AspNetCore.Hosting.Diagnostics[1]
      Request starting HTTP/1.1 PUT http://127.0.0.1:40461/api/v1/terminals/9d336a61-153b-4cc8-b041-92ee0da9ada3/kitchen-operations/routes/35bed7ee-29a1-4d11-8b75-f282475f916a?terminalId=9d336a61-153b-4cc8-b041-92ee0da9ada3 - application/json;+charset=utf-8 2
info: Microsoft.AspNetCore.Routing.EndpointMiddleware[0]
      Executing endpoint 'HTTP: PUT /api/v1/terminals/{terminalId:guid}/kitchen-operations/routes/{routeId:guid}'
info: Microsoft.AspNetCore.Http.Result.JsonResult[1]
      Setting HTTP status code 403.
info: Microsoft.AspNetCore.Http.Result.JsonResult[3]
      Writing value of type 'KitchenOperationsErrorEnvelopeV1' as Json.
info: Microsoft.AspNetCore.Routing.EndpointMiddleware[1]
      Executed endpoint 'HTTP: PUT /api/v1/terminals/{terminalId:guid}/kitchen-operations/routes/{routeId:guid}'
info: Microsoft.AspNetCore.Hosting.Diagnostics[2]
      Request finished HTTP/1.1 PUT https://127.0.0.1:40461/api/v1/terminals/9d336a61-153b-4cc8-b041-92ee0da9ada3/kitchen-operations/routes/35bed7ee-29a1-4d11-8b75-f282475f916a?terminalId=9d336a61-153b-4cc8-b041-92ee0da9ada3 - 403 - application/json;+charset=utf-8 7.7742ms
info: Microsoft.AspNetCore.Hosting.Diagnostics[1]
      Request starting HTTP/1.1 POST http://127.0.0.1:40461/api/v1/terminals/f3418e7c-1c88-4f5f-80cb-51153b04d216/kitchen-operations/tickets/8c72c3c1-890d-4e26-bd45-5ac985b04a39/items/7515dab0-57a1-4862-b635-30b2dced1073/transition?terminalId=f3418e7c-1c88-4f5f-80cb-51153b04d216 - application/json;+charset=utf-8 2
info: Microsoft.AspNetCore.Routing.EndpointMiddleware[0]
      Executing endpoint 'HTTP: POST /api/v1/terminals/{terminalId:guid}/kitchen-operations/tickets/{ticketId:guid}/items/{itemId:guid}/transition'
info: Microsoft.AspNetCore.Http.Result.JsonResult[1]
      Setting HTTP status code 403.
info: Microsoft.AspNetCore.Http.Result.JsonResult[3]
      Writing value of type 'KitchenOperationsErrorEnvelopeV1' as Json.
info: Microsoft.AspNetCore.Routing.EndpointMiddleware[1]
      Executed endpoint 'HTTP: POST /api/v1/terminals/{terminalId:guid}/kitchen-operations/tickets/{ticketId:guid}/items/{itemId:guid}/transition'
info: Microsoft.AspNetCore.Hosting.Diagnostics[2]
      Request finished HTTP/1.1 POST https://127.0.0.1:40461/api/v1/terminals/f3418e7c-1c88-4f5f-80cb-51153b04d216/kitchen-operations/tickets/8c72c3c1-890d-4e26-bd45-5ac985b04a39/items/7515dab0-57a1-4862-b635-30b2dced1073/transition?terminalId=f3418e7c-1c88-4f5f-80cb-51153b04d216 - 403 - application/json;+charset=utf-8 9.5173ms
info: Microsoft.AspNetCore.Hosting.Diagnostics[1]
      Request starting HTTP/1.1 POST http://127.0.0.1:40461/api/v1/terminals/1444e112-757b-4ff3-95f3-2521b8217be4/kitchen-operations/tickets/4c207b00-185a-40ba-b865-3e1d712cbdcf/items/f4c852d6-aa4a-4695-a885-2e16b1546587/undo?terminalId=1444e112-757b-4ff3-95f3-2521b8217be4 - application/json;+charset=utf-8 2
info: Microsoft.AspNetCore.Routing.EndpointMiddleware[0]
      Executing endpoint 'HTTP: POST /api/v1/terminals/{terminalId:guid}/kitchen-operations/tickets/{ticketId:guid}/items/{itemId:guid}/undo'
info: Microsoft.AspNetCore.Http.Result.JsonResult[1]
      Setting HTTP status code 403.
info: Microsoft.AspNetCore.Http.Result.JsonResult[3]
      Writing value of type 'KitchenOperationsErrorEnvelopeV1' as Json.
info: Microsoft.AspNetCore.Routing.EndpointMiddleware[1]
      Executed endpoint 'HTTP: POST /api/v1/terminals/{terminalId:guid}/kitchen-operations/tickets/{ticketId:guid}/items/{itemId:guid}/undo'
info: Microsoft.AspNetCore.Hosting.Diagnostics[2]
      Request finished HTTP/1.1 POST https://127.0.0.1:40461/api/v1/terminals/1444e112-757b-4ff3-95f3-2521b8217be4/kitchen-operations/tickets/4c207b00-185a-40ba-b865-3e1d712cbdcf/items/f4c852d6-aa4a-4695-a885-2e16b1546587/undo?terminalId=1444e112-757b-4ff3-95f3-2521b8217be4 - 403 - application/json;+charset=utf-8 13.0458ms
info: Microsoft.AspNetCore.Hosting.Diagnostics[1]
      Request starting HTTP/1.1 POST http://127.0.0.1:40461/api/v1/terminals/7af52470-1a3c-4c80-b5c1-b898d5c684cd/kitchen-operations/tickets/6ed25546-10a4-4985-9bbe-bddae102ce96/transition?terminalId=7af52470-1a3c-4c80-b5c1-b898d5c684cd - application/json;+charset=utf-8 2
info: Microsoft.AspNetCore.Routing.EndpointMiddleware[0]
      Executing endpoint 'HTTP: POST /api/v1/terminals/{terminalId:guid}/kitchen-operations/tickets/{ticketId:guid}/transition'
info: Microsoft.AspNetCore.Http.Result.JsonResult[1]
      Setting HTTP status code 403.
info: Microsoft.AspNetCore.Http.Result.JsonResult[3]
      Writing value of type 'KitchenOperationsErrorEnvelopeV1' as Json.
info: Microsoft.AspNetCore.Routing.EndpointMiddleware[1]
      Executed endpoint 'HTTP: POST /api/v1/terminals/{terminalId:guid}/kitchen-operations/tickets/{ticketId:guid}/transition'
info: Microsoft.AspNetCore.Hosting.Diagnostics[2]
      Request finished HTTP/1.1 POST https://127.0.0.1:40461/api/v1/terminals/7af52470-1a3c-4c80-b5c1-b898d5c684cd/kitchen-operations/tickets/6ed25546-10a4-4985-9bbe-bddae102ce96/transition?terminalId=7af52470-1a3c-4c80-b5c1-b898d5c684cd - 403 - application/json;+charset=utf-8 8.4639ms
info: Microsoft.AspNetCore.Hosting.Diagnostics[1]
      Request starting HTTP/1.1 POST http://127.0.0.1:40461/api/v1/terminals/1af6f2ab-a6f4-4e29-8eca-e0e9c90e98f8/offline-reconciliation/?terminalId=1af6f2ab-a6f4-4e29-8eca-e0e9c90e98f8 - application/json;+charset=utf-8 2
info: Microsoft.AspNetCore.Routing.EndpointMiddleware[0]
      Executing endpoint 'HTTP: POST /api/v1/terminals/{terminalId:guid}/offline-reconciliation/'
info: Microsoft.AspNetCore.Http.Result.JsonResult[1]
      Setting HTTP status code 404.
info: Microsoft.AspNetCore.Http.Result.JsonResult[3]
      Writing value of type 'OfflineReconciliationErrorV1' as Json.
info: Microsoft.AspNetCore.Routing.EndpointMiddleware[1]
      Executed endpoint 'HTTP: POST /api/v1/terminals/{terminalId:guid}/offline-reconciliation/'
info: Microsoft.AspNetCore.Hosting.Diagnostics[2]
      Request finished HTTP/1.1 POST https://127.0.0.1:40461/api/v1/terminals/1af6f2ab-a6f4-4e29-8eca-e0e9c90e98f8/offline-reconciliation/?terminalId=1af6f2ab-a6f4-4e29-8eca-e0e9c90e98f8 - 404 - application/json;+charset=utf-8 20.4712ms
info: Microsoft.AspNetCore.Hosting.Diagnostics[1]
      Request starting HTTP/1.1 PUT http://127.0.0.1:40461/api/v1/terminals/7e2f7622-2847-4a88-9f17-d2b2516b6e59/online-menu/probe/mappings/157c68bf-fefa-4e88-ac30-7d0ca8d707ab?terminalId=7e2f7622-2847-4a88-9f17-d2b2516b6e59 - application/json;+charset=utf-8 2
info: Microsoft.AspNetCore.Routing.EndpointMiddleware[0]
      Executing endpoint 'HTTP: PUT /api/v1/terminals/{terminalId:guid}/online-menu/{provider}/mappings/{productId:guid}'
info: Microsoft.AspNetCore.Http.Result.JsonResult[1]
      Setting HTTP status code 403.
info: Microsoft.AspNetCore.Http.Result.JsonResult[3]
      Writing value of type '<>f__AnonymousType5`1' as Json.
info: Microsoft.AspNetCore.Routing.EndpointMiddleware[1]
      Executed endpoint 'HTTP: PUT /api/v1/terminals/{terminalId:guid}/online-menu/{provider}/mappings/{productId:guid}'
info: Microsoft.AspNetCore.Hosting.Diagnostics[2]
      Request finished HTTP/1.1 PUT https://127.0.0.1:40461/api/v1/terminals/7e2f7622-2847-4a88-9f17-d2b2516b6e59/online-menu/probe/mappings/157c68bf-fefa-4e88-ac30-7d0ca8d707ab?terminalId=7e2f7622-2847-4a88-9f17-d2b2516b6e59 - 403 - application/json;+charset=utf-8 13.1657ms
info: Microsoft.AspNetCore.Hosting.Diagnostics[1]
      Request starting HTTP/1.1 DELETE http://127.0.0.1:40461/api/v1/terminals/2089125d-2b9c-4b17-aecf-358eaef95a60/online-menu/probe/mappings/d741e616-d492-4777-9655-c3bbc84b8aed?terminalId=2089125d-2b9c-4b17-aecf-358eaef95a60 - application/json;+charset=utf-8 2
info: Microsoft.AspNetCore.Routing.EndpointMiddleware[0]
      Executing endpoint 'HTTP: DELETE /api/v1/terminals/{terminalId:guid}/online-menu/{provider}/mappings/{productId:guid}'
info: Microsoft.AspNetCore.Http.Result.JsonResult[1]
      Setting HTTP status code 403.
info: Microsoft.AspNetCore.Http.Result.JsonResult[3]
      Writing value of type '<>f__AnonymousType5`1' as Json.
info: Microsoft.AspNetCore.Routing.EndpointMiddleware[1]
      Executed endpoint 'HTTP: DELETE /api/v1/terminals/{terminalId:guid}/online-menu/{provider}/mappings/{productId:guid}'
info: Microsoft.AspNetCore.Hosting.Diagnostics[2]
      Request finished HTTP/1.1 DELETE https://127.0.0.1:40461/api/v1/terminals/2089125d-2b9c-4b17-aecf-358eaef95a60/online-menu/probe/mappings/d741e616-d492-4777-9655-c3bbc84b8aed?terminalId=2089125d-2b9c-4b17-aecf-358eaef95a60 - 403 - application/json;+charset=utf-8 8.7866ms
info: Microsoft.AspNetCore.Hosting.Diagnostics[1]
      Request starting HTTP/1.1 POST http://127.0.0.1:40461/api/v1/terminals/a7fa0070-f35f-4db9-9438-d397f3b4c2cc/online-operations/orders/11cadcf0-3fe2-4ae0-8f3b-70464754f53c/cancel?terminalId=a7fa0070-f35f-4db9-9438-d397f3b4c2cc - application/json;+charset=utf-8 2
info: Microsoft.AspNetCore.Routing.EndpointMiddleware[0]
      Executing endpoint 'HTTP: POST /api/v1/terminals/{terminalId:guid}/online-operations/orders/{orderId:guid}/cancel'
info: Microsoft.AspNetCore.Http.Result.JsonResult[1]
      Setting HTTP status code 403.
info: Microsoft.AspNetCore.Http.Result.JsonResult[3]
      Writing value of type '<>f__AnonymousType5`1' as Json.
info: Microsoft.AspNetCore.Routing.EndpointMiddleware[1]
      Executed endpoint 'HTTP: POST /api/v1/terminals/{terminalId:guid}/online-operations/orders/{orderId:guid}/cancel'
info: Microsoft.AspNetCore.Hosting.Diagnostics[2]
      Request finished HTTP/1.1 POST https://127.0.0.1:40461/api/v1/terminals/a7fa0070-f35f-4db9-9438-d397f3b4c2cc/online-operations/orders/11cadcf0-3fe2-4ae0-8f3b-70464754f53c/cancel?terminalId=a7fa0070-f35f-4db9-9438-d397f3b4c2cc - 403 - application/json;+charset=utf-8 12.8246ms
info: Microsoft.AspNetCore.Hosting.Diagnostics[1]
      Request starting HTTP/1.1 POST http://127.0.0.1:40461/api/v1/terminals/5f01c3ac-4eb7-494a-9f80-ed4fc8a4bba7/online-operations/orders/3b183e23-d1c5-4ba0-b665-42a9bafe41a2/hand-over?terminalId=5f01c3ac-4eb7-494a-9f80-ed4fc8a4bba7 - application/json;+charset=utf-8 2
info: Microsoft.AspNetCore.Routing.EndpointMiddleware[0]
      Executing endpoint 'HTTP: POST /api/v1/terminals/{terminalId:guid}/online-operations/orders/{orderId:guid}/hand-over'
info: Microsoft.AspNetCore.Http.Result.JsonResult[1]
      Setting HTTP status code 403.
info: Microsoft.AspNetCore.Http.Result.JsonResult[3]
      Writing value of type '<>f__AnonymousType5`1' as Json.
info: Microsoft.AspNetCore.Routing.EndpointMiddleware[1]
      Executed endpoint 'HTTP: POST /api/v1/terminals/{terminalId:guid}/online-operations/orders/{orderId:guid}/hand-over'
info: Microsoft.AspNetCore.Hosting.Diagnostics[2]
      Request finished HTTP/1.1 POST https://127.0.0.1:40461/api/v1/terminals/5f01c3ac-4eb7-494a-9f80-ed4fc8a4bba7/online-operations/orders/3b183e23-d1c5-4ba0-b665-42a9bafe41a2/hand-over?terminalId=5f01c3ac-4eb7-494a-9f80-ed4fc8a4bba7 - 403 - application/json;+charset=utf-8 8.0029ms
info: Microsoft.AspNetCore.Hosting.Diagnostics[1]
      Request starting HTTP/1.1 POST http://127.0.0.1:40461/api/v1/terminals/9740348e-bb7a-45e2-be66-ec7ade2ccdbf/online-ordering/catalog-publications/?terminalId=9740348e-bb7a-45e2-be66-ec7ade2ccdbf - application/json;+charset=utf-8 2
info: Microsoft.AspNetCore.Routing.EndpointMiddleware[0]
      Executing endpoint 'HTTP: POST /api/v1/terminals/{terminalId:guid}/online-ordering/catalog-publications/'
info: Microsoft.AspNetCore.Http.Result.JsonResult[1]
      Setting HTTP status code 403.
info: Microsoft.AspNetCore.Http.Result.JsonResult[3]
      Writing value of type '<>f__AnonymousType5`1' as Json.
info: Microsoft.AspNetCore.Routing.EndpointMiddleware[1]
      Executed endpoint 'HTTP: POST /api/v1/terminals/{terminalId:guid}/online-ordering/catalog-publications/'
info: Microsoft.AspNetCore.Hosting.Diagnostics[2]
      Request finished HTTP/1.1 POST https://127.0.0.1:40461/api/v1/terminals/9740348e-bb7a-45e2-be66-ec7ade2ccdbf/online-ordering/catalog-publications/?terminalId=9740348e-bb7a-45e2-be66-ec7ade2ccdbf - 403 - application/json;+charset=utf-8 14.1648ms
info: Microsoft.AspNetCore.Hosting.Diagnostics[1]
      Request starting HTTP/1.1 PUT http://127.0.0.1:40461/api/v1/terminals/4de36c00-d8db-4f36-b4e3-f2ed8d5b91e4/online-platform-credentials/probe?terminalId=4de36c00-d8db-4f36-b4e3-f2ed8d5b91e4 - application/json;+charset=utf-8 2
info: Microsoft.AspNetCore.Routing.EndpointMiddleware[0]
      Executing endpoint 'HTTP: PUT /api/v1/terminals/{terminalId:guid}/online-platform-credentials/{provider}'
info: Microsoft.AspNetCore.Http.Result.JsonResult[1]
      Setting HTTP status code 403.
info: Microsoft.AspNetCore.Http.Result.JsonResult[3]
      Writing value of type '<>f__AnonymousType5`1' as Json.
info: Microsoft.AspNetCore.Routing.EndpointMiddleware[1]
      Executed endpoint 'HTTP: PUT /api/v1/terminals/{terminalId:guid}/online-platform-credentials/{provider}'
info: Microsoft.AspNetCore.Hosting.Diagnostics[2]
      Request finished HTTP/1.1 PUT https://127.0.0.1:40461/api/v1/terminals/4de36c00-d8db-4f36-b4e3-f2ed8d5b91e4/online-platform-credentials/probe?terminalId=4de36c00-d8db-4f36-b4e3-f2ed8d5b91e4 - 403 - application/json;+charset=utf-8 15.0348ms
info: Microsoft.AspNetCore.Hosting.Diagnostics[1]
      Request starting HTTP/1.1 POST http://127.0.0.1:40461/api/v1/terminals/3febed45-9f6d-408d-a408-a622127a6586/online-problems/bf5ca439-4111-4f35-9130-e7ba87086ca0/resolve?terminalId=3febed45-9f6d-408d-a408-a622127a6586 - application/json;+charset=utf-8 2
info: Microsoft.AspNetCore.Routing.EndpointMiddleware[0]
      Executing endpoint 'HTTP: POST /api/v1/terminals/{terminalId:guid}/online-problems/{caseId:guid}/resolve'
info: Microsoft.AspNetCore.Http.Result.JsonResult[1]
      Setting HTTP status code 403.
info: Microsoft.AspNetCore.Http.Result.JsonResult[3]
      Writing value of type '<>f__AnonymousType5`1' as Json.
info: Microsoft.AspNetCore.Routing.EndpointMiddleware[1]
      Executed endpoint 'HTTP: POST /api/v1/terminals/{terminalId:guid}/online-problems/{caseId:guid}/resolve'
info: Microsoft.AspNetCore.Hosting.Diagnostics[2]
      Request finished HTTP/1.1 POST https://127.0.0.1:40461/api/v1/terminals/3febed45-9f6d-408d-a408-a622127a6586/online-problems/bf5ca439-4111-4f35-9130-e7ba87086ca0/resolve?terminalId=3febed45-9f6d-408d-a408-a622127a6586 - 403 - application/json;+charset=utf-8 11.3392ms
info: Microsoft.AspNetCore.Hosting.Diagnostics[1]
      Request starting HTTP/1.1 POST http://127.0.0.1:40461/api/v1/terminals/2c785124-c9c3-4ce1-a496-7e807935b82a/online-problems/50d365c1-6726-4ba0-9703-d833cffe9933/retry?terminalId=2c785124-c9c3-4ce1-a496-7e807935b82a - application/json;+charset=utf-8 2
info: Microsoft.AspNetCore.Routing.EndpointMiddleware[0]
      Executing endpoint 'HTTP: POST /api/v1/terminals/{terminalId:guid}/online-problems/{caseId:guid}/retry'
info: Microsoft.AspNetCore.Http.Result.JsonResult[1]
      Setting HTTP status code 403.
info: Microsoft.AspNetCore.Http.Result.JsonResult[3]
      Writing value of type '<>f__AnonymousType5`1' as Json.
info: Microsoft.AspNetCore.Routing.EndpointMiddleware[1]
      Executed endpoint 'HTTP: POST /api/v1/terminals/{terminalId:guid}/online-problems/{caseId:guid}/retry'
info: Microsoft.AspNetCore.Hosting.Diagnostics[2]
      Request finished HTTP/1.1 POST https://127.0.0.1:40461/api/v1/terminals/2c785124-c9c3-4ce1-a496-7e807935b82a/online-problems/50d365c1-6726-4ba0-9703-d833cffe9933/retry?terminalId=2c785124-c9c3-4ce1-a496-7e807935b82a - 403 - application/json;+charset=utf-8 9.2688ms
info: Microsoft.AspNetCore.Hosting.Diagnostics[1]
      Request starting HTTP/1.1 PUT http://127.0.0.1:40461/api/v1/terminals/2e7f910c-d061-49ff-bd79-51770ed0c440/online-store-status/probe?terminalId=2e7f910c-d061-49ff-bd79-51770ed0c440 - application/json;+charset=utf-8 2
info: Microsoft.AspNetCore.Routing.EndpointMiddleware[0]
      Executing endpoint 'HTTP: PUT /api/v1/terminals/{terminalId:guid}/online-store-status/{provider}'
info: Microsoft.AspNetCore.Http.Result.JsonResult[1]
      Setting HTTP status code 403.
info: Microsoft.AspNetCore.Http.Result.JsonResult[3]
      Writing value of type '<>f__AnonymousType5`1' as Json.
info: Microsoft.AspNetCore.Routing.EndpointMiddleware[1]
      Executed endpoint 'HTTP: PUT /api/v1/terminals/{terminalId:guid}/online-store-status/{provider}'
info: Microsoft.AspNetCore.Hosting.Diagnostics[2]
      Request finished HTTP/1.1 PUT https://127.0.0.1:40461/api/v1/terminals/2e7f910c-d061-49ff-bd79-51770ed0c440/online-store-status/probe?terminalId=2e7f910c-d061-49ff-bd79-51770ed0c440 - 403 - application/json;+charset=utf-8 13.5027ms
info: Microsoft.AspNetCore.Hosting.Diagnostics[1]
      Request starting HTTP/1.1 POST http://127.0.0.1:40461/api/v1/terminals/45dcfabd-58b2-4290-b2df-10f8cc6a6a6c/orders?terminalId=45dcfabd-58b2-4290-b2df-10f8cc6a6a6c - application/json;+charset=utf-8 2
info: Microsoft.AspNetCore.Routing.EndpointMiddleware[0]
      Executing endpoint 'HTTP: POST /api/v1/terminals/{terminalId:guid}/orders'
info: Microsoft.AspNetCore.Routing.EndpointMiddleware[1]
      Executed endpoint 'HTTP: POST /api/v1/terminals/{terminalId:guid}/orders'
info: Microsoft.AspNetCore.Hosting.Diagnostics[2]
      Request finished HTTP/1.1 POST https://127.0.0.1:40461/api/v1/terminals/45dcfabd-58b2-4290-b2df-10f8cc6a6a6c/orders?terminalId=45dcfabd-58b2-4290-b2df-10f8cc6a6a6c - 403 - application/json;+charset=utf-8 8.2156ms
info: Microsoft.AspNetCore.Hosting.Diagnostics[1]
      Request starting HTTP/1.1 POST http://127.0.0.1:40461/api/v1/terminals/59b4341a-a38b-4c1b-9f25-544ae493c3aa/orders/handoff-note/pop?terminalId=59b4341a-a38b-4c1b-9f25-544ae493c3aa - application/json;+charset=utf-8 2
info: Microsoft.AspNetCore.Routing.EndpointMiddleware[0]
      Executing endpoint 'HTTP: POST /api/v1/terminals/{terminalId:guid}/orders/handoff-note/pop'
info: Microsoft.AspNetCore.Http.Result.NoContentResult[1]
      Setting HTTP status code 204.
info: Microsoft.AspNetCore.Routing.EndpointMiddleware[1]
      Executed endpoint 'HTTP: POST /api/v1/terminals/{terminalId:guid}/orders/handoff-note/pop'
info: Microsoft.AspNetCore.Hosting.Diagnostics[2]
      Request finished HTTP/1.1 POST https://127.0.0.1:40461/api/v1/terminals/59b4341a-a38b-4c1b-9f25-544ae493c3aa/orders/handoff-note/pop?terminalId=59b4341a-a38b-4c1b-9f25-544ae493c3aa - 204 - - 41.0491ms
info: Microsoft.AspNetCore.Hosting.Diagnostics[1]
      Request starting HTTP/1.1 POST http://127.0.0.1:40461/api/v1/terminals/cae115a7-d99f-485a-873e-60263b1cc23d/orders/table?terminalId=cae115a7-d99f-485a-873e-60263b1cc23d - application/json;+charset=utf-8 2
info: Microsoft.AspNetCore.Routing.EndpointMiddleware[0]
      Executing endpoint 'HTTP: POST /api/v1/terminals/{terminalId:guid}/orders/table'
info: Microsoft.AspNetCore.Routing.EndpointMiddleware[1]
      Executed endpoint 'HTTP: POST /api/v1/terminals/{terminalId:guid}/orders/table'
info: Microsoft.AspNetCore.Hosting.Diagnostics[2]
      Request finished HTTP/1.1 POST https://127.0.0.1:40461/api/v1/terminals/cae115a7-d99f-485a-873e-60263b1cc23d/orders/table?terminalId=cae115a7-d99f-485a-873e-60263b1cc23d - 403 - application/json;+charset=utf-8 14.4598ms
info: Microsoft.AspNetCore.Hosting.Diagnostics[1]
      Request starting HTTP/1.1 POST http://127.0.0.1:40461/api/v1/terminals/128a70d2-f1f0-4e33-8b0f-3dabdf481390/orders/table-draft?terminalId=128a70d2-f1f0-4e33-8b0f-3dabdf481390 - application/json;+charset=utf-8 2
info: Microsoft.AspNetCore.Routing.EndpointMiddleware[0]
      Executing endpoint 'HTTP: POST /api/v1/terminals/{terminalId:guid}/orders/table-draft'
info: Microsoft.AspNetCore.Http.Result.JsonResult[1]
      Setting HTTP status code 403.
info: Microsoft.AspNetCore.Http.Result.JsonResult[3]
      Writing value of type '<>f__AnonymousType5`1' as Json.
info: Microsoft.AspNetCore.Routing.EndpointMiddleware[1]
      Executed endpoint 'HTTP: POST /api/v1/terminals/{terminalId:guid}/orders/table-draft'
info: Microsoft.AspNetCore.Hosting.Diagnostics[2]
      Request finished HTTP/1.1 POST https://127.0.0.1:40461/api/v1/terminals/128a70d2-f1f0-4e33-8b0f-3dabdf481390/orders/table-draft?terminalId=128a70d2-f1f0-4e33-8b0f-3dabdf481390 - 403 - application/json;+charset=utf-8 12.8694ms
info: Microsoft.AspNetCore.Hosting.Diagnostics[1]
      Request starting HTTP/1.1 POST http://127.0.0.1:40461/api/v1/terminals/16590779-9aa8-45b3-885d-2580ba036112/orders/transfer-server?terminalId=16590779-9aa8-45b3-885d-2580ba036112 - application/json;+charset=utf-8 2
info: Microsoft.AspNetCore.Routing.EndpointMiddleware[0]
      Executing endpoint 'HTTP: POST /api/v1/terminals/{terminalId:guid}/orders/transfer-server'
info: Microsoft.AspNetCore.Http.Result.JsonResult[1]
      Setting HTTP status code 403.
info: Microsoft.AspNetCore.Http.Result.JsonResult[3]
      Writing value of type '<>f__AnonymousType5`1' as Json.
info: Microsoft.AspNetCore.Routing.EndpointMiddleware[1]
      Executed endpoint 'HTTP: POST /api/v1/terminals/{terminalId:guid}/orders/transfer-server'
info: Microsoft.AspNetCore.Hosting.Diagnostics[2]
      Request finished HTTP/1.1 POST https://127.0.0.1:40461/api/v1/terminals/16590779-9aa8-45b3-885d-2580ba036112/orders/transfer-server?terminalId=16590779-9aa8-45b3-885d-2580ba036112 - 403 - application/json;+charset=utf-8 9.6926ms
info: Microsoft.AspNetCore.Hosting.Diagnostics[1]
      Request starting HTTP/1.1 POST http://127.0.0.1:40461/api/v1/terminals/b75df268-50bd-4ee3-81ed-803bb085a6bd/orders/5ff5b965-c6d1-4b8c-be7c-2f9c334064d7/accept?terminalId=b75df268-50bd-4ee3-81ed-803bb085a6bd - application/json;+charset=utf-8 2
info: Microsoft.AspNetCore.Routing.EndpointMiddleware[0]
      Executing endpoint 'HTTP: POST /api/v1/terminals/{terminalId:guid}/orders/{orderId:guid}/accept'
info: Microsoft.AspNetCore.Http.Result.JsonResult[1]
      Setting HTTP status code 403.
info: Microsoft.AspNetCore.Http.Result.JsonResult[3]
      Writing value of type '<>f__AnonymousType5`1' as Json.
info: Microsoft.AspNetCore.Routing.EndpointMiddleware[1]
      Executed endpoint 'HTTP: POST /api/v1/terminals/{terminalId:guid}/orders/{orderId:guid}/accept'
info: Microsoft.AspNetCore.Hosting.Diagnostics[2]
      Request finished HTTP/1.1 POST https://127.0.0.1:40461/api/v1/terminals/b75df268-50bd-4ee3-81ed-803bb085a6bd/orders/5ff5b965-c6d1-4b8c-be7c-2f9c334064d7/accept?terminalId=b75df268-50bd-4ee3-81ed-803bb085a6bd - 403 - application/json;+charset=utf-8 9.5736ms
info: Microsoft.AspNetCore.Hosting.Diagnostics[1]
      Request starting HTTP/1.1 POST http://127.0.0.1:40461/api/v1/terminals/7126fdc2-f676-4bc8-8456-55b3edd48b9f/orders/393b7615-dd52-413a-91f3-7739f97d51a3/fire-course?terminalId=7126fdc2-f676-4bc8-8456-55b3edd48b9f - application/json;+charset=utf-8 2
info: Microsoft.AspNetCore.Routing.EndpointMiddleware[0]
      Executing endpoint 'HTTP: POST /api/v1/terminals/{terminalId:guid}/orders/{orderId:guid}/fire-course'
info: Microsoft.AspNetCore.Http.Result.JsonResult[1]
      Setting HTTP status code 403.
info: Microsoft.AspNetCore.Http.Result.JsonResult[3]
      Writing value of type '<>f__AnonymousType5`1' as Json.
info: Microsoft.AspNetCore.Routing.EndpointMiddleware[1]
      Executed endpoint 'HTTP: POST /api/v1/terminals/{terminalId:guid}/orders/{orderId:guid}/fire-course'
info: Microsoft.AspNetCore.Hosting.Diagnostics[2]
      Request finished HTTP/1.1 POST https://127.0.0.1:40461/api/v1/terminals/7126fdc2-f676-4bc8-8456-55b3edd48b9f/orders/393b7615-dd52-413a-91f3-7739f97d51a3/fire-course?terminalId=7126fdc2-f676-4bc8-8456-55b3edd48b9f - 403 - application/json;+charset=utf-8 18.9631ms
info: Microsoft.AspNetCore.Hosting.Diagnostics[1]
      Request starting HTTP/1.1 POST http://127.0.0.1:40461/api/v1/terminals/c1242e3e-f46d-4c95-8757-6d143f031a1e/orders/849f1389-d9ae-4b12-8752-a9d02594549e/items?terminalId=c1242e3e-f46d-4c95-8757-6d143f031a1e - application/json;+charset=utf-8 2
info: Microsoft.AspNetCore.Routing.EndpointMiddleware[0]
      Executing endpoint 'HTTP: POST /api/v1/terminals/{terminalId:guid}/orders/{orderId:guid}/items'
info: Microsoft.AspNetCore.Routing.EndpointMiddleware[1]
      Executed endpoint 'HTTP: POST /api/v1/terminals/{terminalId:guid}/orders/{orderId:guid}/items'
info: Microsoft.AspNetCore.Hosting.Diagnostics[2]
      Request finished HTTP/1.1 POST https://127.0.0.1:40461/api/v1/terminals/c1242e3e-f46d-4c95-8757-6d143f031a1e/orders/849f1389-d9ae-4b12-8752-a9d02594549e/items?terminalId=c1242e3e-f46d-4c95-8757-6d143f031a1e - 403 - application/json;+charset=utf-8 10.2620ms
info: Microsoft.AspNetCore.Hosting.Diagnostics[1]
      Request starting HTTP/1.1 PATCH http://127.0.0.1:40461/api/v1/terminals/fdcfc005-c7d9-4835-b240-47df1a34c83c/orders/97c77e97-47fc-4ce6-9e6e-c70064d8b9fd/items/efaccae0-da17-41a2-9bb7-832f4ed8dab5?terminalId=fdcfc005-c7d9-4835-b240-47df1a34c83c - application/json;+charset=utf-8 2
info: Microsoft.AspNetCore.Routing.EndpointMiddleware[0]
      Executing endpoint 'HTTP: PATCH /api/v1/terminals/{terminalId:guid}/orders/{orderId:guid}/items/{itemId:guid}'
info: Microsoft.AspNetCore.Routing.EndpointMiddleware[1]
      Executed endpoint 'HTTP: PATCH /api/v1/terminals/{terminalId:guid}/orders/{orderId:guid}/items/{itemId:guid}'
info: Microsoft.AspNetCore.Hosting.Diagnostics[2]
      Request finished HTTP/1.1 PATCH https://127.0.0.1:40461/api/v1/terminals/fdcfc005-c7d9-4835-b240-47df1a34c83c/orders/97c77e97-47fc-4ce6-9e6e-c70064d8b9fd/items/efaccae0-da17-41a2-9bb7-832f4ed8dab5?terminalId=fdcfc005-c7d9-4835-b240-47df1a34c83c - 403 - application/json;+charset=utf-8 10.6561ms
info: Microsoft.AspNetCore.Hosting.Diagnostics[1]
      Request starting HTTP/1.1 DELETE http://127.0.0.1:40461/api/v1/terminals/98294431-784d-44e8-be79-d57a26f6540b/orders/30f23b7b-189e-4e60-b644-0934222fe0c0/items/7984e49b-a457-45be-a159-631e71b327a8?terminalId=98294431-784d-44e8-be79-d57a26f6540b - application/json;+charset=utf-8 2
info: Microsoft.AspNetCore.Routing.EndpointMiddleware[0]
      Executing endpoint 'HTTP: DELETE /api/v1/terminals/{terminalId:guid}/orders/{orderId:guid}/items/{itemId:guid}'
info: Microsoft.AspNetCore.Routing.EndpointMiddleware[1]
      Executed endpoint 'HTTP: DELETE /api/v1/terminals/{terminalId:guid}/orders/{orderId:guid}/items/{itemId:guid}'
info: Microsoft.AspNetCore.Hosting.Diagnostics[2]
      Request finished HTTP/1.1 DELETE https://127.0.0.1:40461/api/v1/terminals/98294431-784d-44e8-be79-d57a26f6540b/orders/30f23b7b-189e-4e60-b644-0934222fe0c0/items/7984e49b-a457-45be-a159-631e71b327a8?terminalId=98294431-784d-44e8-be79-d57a26f6540b - 400 0 - 0.9247ms
info: Microsoft.AspNetCore.Hosting.Diagnostics[1]
      Request starting HTTP/1.1 POST http://127.0.0.1:40461/api/v1/terminals/f9988497-1b01-4874-8150-8511a875cc35/orders/da314702-ea38-4cf8-9334-ec676369df24/items/e43a0823-c4da-49de-906f-df680ac8228c/comp?terminalId=f9988497-1b01-4874-8150-8511a875cc35 - application/json;+charset=utf-8 2
info: Microsoft.AspNetCore.Routing.EndpointMiddleware[0]
      Executing endpoint 'HTTP: POST /api/v1/terminals/{terminalId:guid}/orders/{orderId:guid}/items/{itemId:guid}/comp'
info: Microsoft.AspNetCore.Http.Result.JsonResult[1]
      Setting HTTP status code 400.
info: Microsoft.AspNetCore.Http.Result.JsonResult[3]
      Writing value of type '<>f__AnonymousType5`1' as Json.
info: Microsoft.AspNetCore.Routing.EndpointMiddleware[1]
      Executed endpoint 'HTTP: POST /api/v1/terminals/{terminalId:guid}/orders/{orderId:guid}/items/{itemId:guid}/comp'
info: Microsoft.AspNetCore.Hosting.Diagnostics[2]
      Request finished HTTP/1.1 POST https://127.0.0.1:40461/api/v1/terminals/f9988497-1b01-4874-8150-8511a875cc35/orders/da314702-ea38-4cf8-9334-ec676369df24/items/e43a0823-c4da-49de-906f-df680ac8228c/comp?terminalId=f9988497-1b01-4874-8150-8511a875cc35 - 400 - application/json;+charset=utf-8 9.6603ms
info: Microsoft.AspNetCore.Hosting.Diagnostics[1]
      Request starting HTTP/1.1 POST http://127.0.0.1:40461/api/v1/terminals/c598e827-a86f-4efd-8eb2-20b6a5c438c5/orders/a0aa57cf-31b8-4ad7-a1ab-316f06ee01be/items/396d7ef7-4530-4fe4-9c31-835a63dc5f70/void?terminalId=c598e827-a86f-4efd-8eb2-20b6a5c438c5 - application/json;+charset=utf-8 2
info: Microsoft.AspNetCore.Routing.EndpointMiddleware[0]
      Executing endpoint 'HTTP: POST /api/v1/terminals/{terminalId:guid}/orders/{orderId:guid}/items/{itemId:guid}/void'
info: Microsoft.AspNetCore.Http.Result.JsonResult[1]
      Setting HTTP status code 403.
info: Microsoft.AspNetCore.Http.Result.JsonResult[3]
      Writing value of type '<>f__AnonymousType5`1' as Json.
info: Microsoft.AspNetCore.Routing.EndpointMiddleware[1]
      Executed endpoint 'HTTP: POST /api/v1/terminals/{terminalId:guid}/orders/{orderId:guid}/items/{itemId:guid}/void'
info: Microsoft.AspNetCore.Hosting.Diagnostics[2]
      Request finished HTTP/1.1 POST https://127.0.0.1:40461/api/v1/terminals/c598e827-a86f-4efd-8eb2-20b6a5c438c5/orders/a0aa57cf-31b8-4ad7-a1ab-316f06ee01be/items/396d7ef7-4530-4fe4-9c31-835a63dc5f70/void?terminalId=c598e827-a86f-4efd-8eb2-20b6a5c438c5 - 403 - application/json;+charset=utf-8 17.8087ms
info: Microsoft.AspNetCore.Hosting.Diagnostics[1]
      Request starting HTTP/1.1 POST http://127.0.0.1:40461/api/v1/terminals/f385e47c-0956-4009-9d59-c1386a64b566/orders/730a7146-97f5-48ab-af03-6dfec0f29cae/items/702f2feb-785a-47fe-9518-9a294338983a/void-sent?terminalId=f385e47c-0956-4009-9d59-c1386a64b566 - application/json;+charset=utf-8 2
info: Microsoft.AspNetCore.Routing.EndpointMiddleware[0]
      Executing endpoint 'HTTP: POST /api/v1/terminals/{terminalId:guid}/orders/{orderId:guid}/items/{itemId:guid}/void-sent'
info: Microsoft.AspNetCore.Http.Result.JsonResult[1]
      Setting HTTP status code 400.
info: Microsoft.AspNetCore.Http.Result.JsonResult[3]
      Writing value of type '<>f__AnonymousType5`1' as Json.
info: Microsoft.AspNetCore.Routing.EndpointMiddleware[1]
      Executed endpoint 'HTTP: POST /api/v1/terminals/{terminalId:guid}/orders/{orderId:guid}/items/{itemId:guid}/void-sent'
info: Microsoft.AspNetCore.Hosting.Diagnostics[2]
      Request finished HTTP/1.1 POST https://127.0.0.1:40461/api/v1/terminals/f385e47c-0956-4009-9d59-c1386a64b566/orders/730a7146-97f5-48ab-af03-6dfec0f29cae/items/702f2feb-785a-47fe-9518-9a294338983a/void-sent?terminalId=f385e47c-0956-4009-9d59-c1386a64b566 - 400 - application/json;+charset=utf-8 11.8838ms
info: Microsoft.AspNetCore.Hosting.Diagnostics[1]
      Request starting HTTP/1.1 POST http://127.0.0.1:40461/api/v1/terminals/fea82eb0-0972-4d99-987d-68aac8969e8f/orders/54b28884-a846-4667-80c1-3f9e324d44ff/recall-from-cashier?terminalId=fea82eb0-0972-4d99-987d-68aac8969e8f - application/json;+charset=utf-8 2
info: Microsoft.AspNetCore.Routing.EndpointMiddleware[0]
      Executing endpoint 'HTTP: POST /api/v1/terminals/{terminalId:guid}/orders/{orderId:guid}/recall-from-cashier'
info: Microsoft.AspNetCore.Http.Result.JsonResult[1]
      Setting HTTP status code 403.
info: Microsoft.AspNetCore.Http.Result.JsonResult[3]
      Writing value of type '<>f__AnonymousType5`1' as Json.
info: Microsoft.AspNetCore.Routing.EndpointMiddleware[1]
      Executed endpoint 'HTTP: POST /api/v1/terminals/{terminalId:guid}/orders/{orderId:guid}/recall-from-cashier'
info: Microsoft.AspNetCore.Hosting.Diagnostics[2]
      Request finished HTTP/1.1 POST https://127.0.0.1:40461/api/v1/terminals/fea82eb0-0972-4d99-987d-68aac8969e8f/orders/54b28884-a846-4667-80c1-3f9e324d44ff/recall-from-cashier?terminalId=fea82eb0-0972-4d99-987d-68aac8969e8f - 403 - application/json;+charset=utf-8 13.9127ms
info: Microsoft.AspNetCore.Hosting.Diagnostics[1]
      Request starting HTTP/1.1 POST http://127.0.0.1:40461/api/v1/terminals/9c26ffd6-874c-410d-b4da-9d73fc578997/orders/5c02296b-d5fc-40f1-9de8-9f46468e3063/reject?terminalId=9c26ffd6-874c-410d-b4da-9d73fc578997 - application/json;+charset=utf-8 2
info: Microsoft.AspNetCore.Routing.EndpointMiddleware[0]
      Executing endpoint 'HTTP: POST /api/v1/terminals/{terminalId:guid}/orders/{orderId:guid}/reject'
info: Microsoft.AspNetCore.Http.Result.JsonResult[1]
      Setting HTTP status code 403.
info: Microsoft.AspNetCore.Http.Result.JsonResult[3]
      Writing value of type '<>f__AnonymousType5`1' as Json.
info: Microsoft.AspNetCore.Routing.EndpointMiddleware[1]
      Executed endpoint 'HTTP: POST /api/v1/terminals/{terminalId:guid}/orders/{orderId:guid}/reject'
info: Microsoft.AspNetCore.Hosting.Diagnostics[2]
      Request finished HTTP/1.1 POST https://127.0.0.1:40461/api/v1/terminals/9c26ffd6-874c-410d-b4da-9d73fc578997/orders/5c02296b-d5fc-40f1-9de8-9f46468e3063/reject?terminalId=9c26ffd6-874c-410d-b4da-9d73fc578997 - 403 - application/json;+charset=utf-8 7.5479ms
info: Microsoft.AspNetCore.Hosting.Diagnostics[1]
      Request starting HTTP/1.1 POST http://127.0.0.1:40461/api/v1/terminals/c1e1d05c-542f-41d5-9d36-fd38388c8ced/orders/7f285c2c-c3bf-41c3-8eea-8b2e1a6586af/send-to-cashier?terminalId=c1e1d05c-542f-41d5-9d36-fd38388c8ced - application/json;+charset=utf-8 2
info: Microsoft.AspNetCore.Routing.EndpointMiddleware[0]
      Executing endpoint 'HTTP: POST /api/v1/terminals/{terminalId:guid}/orders/{orderId:guid}/send-to-cashier'
info: Microsoft.AspNetCore.Http.Result.JsonResult[1]
      Setting HTTP status code 403.
info: Microsoft.AspNetCore.Http.Result.JsonResult[3]
      Writing value of type '<>f__AnonymousType5`1' as Json.
info: Microsoft.AspNetCore.Routing.EndpointMiddleware[1]
      Executed endpoint 'HTTP: POST /api/v1/terminals/{terminalId:guid}/orders/{orderId:guid}/send-to-cashier'
info: Microsoft.AspNetCore.Hosting.Diagnostics[2]
      Request finished HTTP/1.1 POST https://127.0.0.1:40461/api/v1/terminals/c1e1d05c-542f-41d5-9d36-fd38388c8ced/orders/7f285c2c-c3bf-41c3-8eea-8b2e1a6586af/send-to-cashier?terminalId=c1e1d05c-542f-41d5-9d36-fd38388c8ced - 403 - application/json;+charset=utf-8 10.2345ms
info: Microsoft.AspNetCore.Hosting.Diagnostics[1]
      Request starting HTTP/1.1 POST http://127.0.0.1:40461/api/v1/terminals/ea23bdf6-d828-49ff-bfed-dafbc70cec1b/orders/a592b49a-3ddb-4073-ba46-e290c2e71ded/submit?terminalId=ea23bdf6-d828-49ff-bfed-dafbc70cec1b - application/json;+charset=utf-8 2
info: Microsoft.AspNetCore.Routing.EndpointMiddleware[0]
      Executing endpoint 'HTTP: POST /api/v1/terminals/{terminalId:guid}/orders/{orderId:guid}/submit'
info: Microsoft.AspNetCore.Routing.EndpointMiddleware[1]
      Executed endpoint 'HTTP: POST /api/v1/terminals/{terminalId:guid}/orders/{orderId:guid}/submit'
info: Microsoft.AspNetCore.Hosting.Diagnostics[2]
      Request finished HTTP/1.1 POST https://127.0.0.1:40461/api/v1/terminals/ea23bdf6-d828-49ff-bfed-dafbc70cec1b/orders/a592b49a-3ddb-4073-ba46-e290c2e71ded/submit?terminalId=ea23bdf6-d828-49ff-bfed-dafbc70cec1b - 403 - application/json;+charset=utf-8 9.5885ms
info: Microsoft.AspNetCore.Hosting.Diagnostics[1]
      Request starting HTTP/1.1 POST http://127.0.0.1:40461/api/v1/terminals/fda88a77-d16a-4451-8196-4e2ac164638a/orders/78cbd13c-3f3f-4da3-904f-b0435f0422ad/submit-draft?terminalId=fda88a77-d16a-4451-8196-4e2ac164638a - application/json;+charset=utf-8 2
info: Microsoft.AspNetCore.Routing.EndpointMiddleware[0]
      Executing endpoint 'HTTP: POST /api/v1/terminals/{terminalId:guid}/orders/{orderId:guid}/submit-draft'
info: Microsoft.AspNetCore.Http.Result.JsonResult[1]
      Setting HTTP status code 403.
info: Microsoft.AspNetCore.Http.Result.JsonResult[3]
      Writing value of type '<>f__AnonymousType5`1' as Json.
info: Microsoft.AspNetCore.Routing.EndpointMiddleware[1]
      Executed endpoint 'HTTP: POST /api/v1/terminals/{terminalId:guid}/orders/{orderId:guid}/submit-draft'
info: Microsoft.AspNetCore.Hosting.Diagnostics[2]
      Request finished HTTP/1.1 POST https://127.0.0.1:40461/api/v1/terminals/fda88a77-d16a-4451-8196-4e2ac164638a/orders/78cbd13c-3f3f-4da3-904f-b0435f0422ad/submit-draft?terminalId=fda88a77-d16a-4451-8196-4e2ac164638a - 403 - application/json;+charset=utf-8 9.8660ms
info: Microsoft.AspNetCore.Hosting.Diagnostics[1]
      Request starting HTTP/1.1 POST http://127.0.0.1:40461/api/v1/terminals/e7330cca-d495-4748-9cfe-90e84a47d44a/pairings/approve?terminalId=e7330cca-d495-4748-9cfe-90e84a47d44a - application/json;+charset=utf-8 2
info: Microsoft.AspNetCore.Routing.EndpointMiddleware[0]
      Executing endpoint 'HTTP: POST /api/v1/terminals/{terminalId:guid}/pairings/approve'
info: Microsoft.AspNetCore.Routing.EndpointMiddleware[1]
      Executed endpoint 'HTTP: POST /api/v1/terminals/{terminalId:guid}/pairings/approve'
info: Microsoft.AspNetCore.Hosting.Diagnostics[2]
      Request finished HTTP/1.1 POST https://127.0.0.1:40461/api/v1/terminals/e7330cca-d495-4748-9cfe-90e84a47d44a/pairings/approve?terminalId=e7330cca-d495-4748-9cfe-90e84a47d44a - 400 - application/json;+charset=utf-8 7.5307ms
info: Microsoft.AspNetCore.Hosting.Diagnostics[1]
      Request starting HTTP/1.1 POST http://127.0.0.1:40461/api/v1/terminals/56471545-660f-4972-a037-a92520c92dc4/push/subscriptions?terminalId=56471545-660f-4972-a037-a92520c92dc4 - application/json;+charset=utf-8 2
info: Microsoft.AspNetCore.Routing.EndpointMiddleware[0]
      Executing endpoint 'HTTP: POST /api/v1/terminals/{terminalId:guid}/push/subscriptions'
info: Microsoft.AspNetCore.Http.Result.BadRequestObjectResult[1]
      Setting HTTP status code 400.
info: Microsoft.AspNetCore.Http.Result.BadRequestObjectResult[3]
      Writing value of type '<>f__AnonymousType5`1' as Json.
info: Microsoft.AspNetCore.Routing.EndpointMiddleware[1]
      Executed endpoint 'HTTP: POST /api/v1/terminals/{terminalId:guid}/push/subscriptions'
info: Microsoft.AspNetCore.Hosting.Diagnostics[2]
      Request finished HTTP/1.1 POST https://127.0.0.1:40461/api/v1/terminals/56471545-660f-4972-a037-a92520c92dc4/push/subscriptions?terminalId=56471545-660f-4972-a037-a92520c92dc4 - 400 - application/json;+charset=utf-8 12.4831ms
info: Microsoft.AspNetCore.Hosting.Diagnostics[1]
      Request starting HTTP/1.1 DELETE http://127.0.0.1:40461/api/v1/terminals/1f18f9c1-0d90-4f67-84f4-068c9d62400e/push/subscriptions?terminalId=1f18f9c1-0d90-4f67-84f4-068c9d62400e - application/json;+charset=utf-8 2
info: Microsoft.AspNetCore.Routing.EndpointMiddleware[0]
      Executing endpoint 'HTTP: DELETE /api/v1/terminals/{terminalId:guid}/push/subscriptions'
info: Microsoft.AspNetCore.Routing.EndpointMiddleware[1]
      Executed endpoint 'HTTP: DELETE /api/v1/terminals/{terminalId:guid}/push/subscriptions'
info: Microsoft.AspNetCore.Hosting.Diagnostics[2]
      Request finished HTTP/1.1 DELETE https://127.0.0.1:40461/api/v1/terminals/1f18f9c1-0d90-4f67-84f4-068c9d62400e/push/subscriptions?terminalId=1f18f9c1-0d90-4f67-84f4-068c9d62400e - 400 0 - 1.9072ms
info: Microsoft.AspNetCore.Hosting.Diagnostics[1]
      Request starting HTTP/1.1 POST http://127.0.0.1:40461/api/v1/terminals/2201911b-eba9-4eb3-906f-acb3545ccae1/qnb-credential/?terminalId=2201911b-eba9-4eb3-906f-acb3545ccae1 - application/json;+charset=utf-8 2
info: Microsoft.AspNetCore.Routing.EndpointMiddleware[0]
      Executing endpoint 'HTTP: POST /api/v1/terminals/{terminalId:guid}/qnb-credential/'
info: Microsoft.AspNetCore.Http.Result.JsonResult[1]
      Setting HTTP status code 403.
info: Microsoft.AspNetCore.Http.Result.JsonResult[3]
      Writing value of type '<>f__AnonymousType5`1' as Json.
info: Microsoft.AspNetCore.Routing.EndpointMiddleware[1]
      Executed endpoint 'HTTP: POST /api/v1/terminals/{terminalId:guid}/qnb-credential/'
info: Microsoft.AspNetCore.Hosting.Diagnostics[2]
      Request finished HTTP/1.1 POST https://127.0.0.1:40461/api/v1/terminals/2201911b-eba9-4eb3-906f-acb3545ccae1/qnb-credential/?terminalId=2201911b-eba9-4eb3-906f-acb3545ccae1 - 403 - application/json;+charset=utf-8 17.4485ms
info: Microsoft.AspNetCore.Hosting.Diagnostics[1]
      Request starting HTTP/1.1 POST http://127.0.0.1:40461/api/v1/terminals/cde6609c-0c0e-484d-966a-1a0acca110bb/qnb-credential/test-connection?terminalId=cde6609c-0c0e-484d-966a-1a0acca110bb - application/json;+charset=utf-8 2
info: Microsoft.AspNetCore.Routing.EndpointMiddleware[0]
      Executing endpoint 'HTTP: POST /api/v1/terminals/{terminalId:guid}/qnb-credential/test-connection'
info: Microsoft.AspNetCore.Http.Result.JsonResult[1]
      Setting HTTP status code 403.
info: Microsoft.AspNetCore.Http.Result.JsonResult[3]
      Writing value of type '<>f__AnonymousType5`1' as Json.
info: Microsoft.AspNetCore.Routing.EndpointMiddleware[1]
      Executed endpoint 'HTTP: POST /api/v1/terminals/{terminalId:guid}/qnb-credential/test-connection'
info: Microsoft.AspNetCore.Hosting.Diagnostics[2]
      Request finished HTTP/1.1 POST https://127.0.0.1:40461/api/v1/terminals/cde6609c-0c0e-484d-966a-1a0acca110bb/qnb-credential/test-connection?terminalId=cde6609c-0c0e-484d-966a-1a0acca110bb - 403 - application/json;+charset=utf-8 13.4486ms
info: Microsoft.AspNetCore.Hosting.Diagnostics[1]
      Request starting HTTP/1.1 POST http://127.0.0.1:40461/api/v1/terminals/067400b7-89a0-4e06-a559-4af1817cd09b/relay-credential/?terminalId=067400b7-89a0-4e06-a559-4af1817cd09b - application/json;+charset=utf-8 2
info: Microsoft.AspNetCore.Routing.EndpointMiddleware[0]
      Executing endpoint 'HTTP: POST /api/v1/terminals/{terminalId:guid}/relay-credential/'
info: Microsoft.AspNetCore.Http.Result.JsonResult[1]
      Setting HTTP status code 403.
info: Microsoft.AspNetCore.Http.Result.JsonResult[3]
      Writing value of type '<>f__AnonymousType5`1' as Json.
info: Microsoft.AspNetCore.Routing.EndpointMiddleware[1]
      Executed endpoint 'HTTP: POST /api/v1/terminals/{terminalId:guid}/relay-credential/'
info: Microsoft.AspNetCore.Hosting.Diagnostics[2]
      Request finished HTTP/1.1 POST https://127.0.0.1:40461/api/v1/terminals/067400b7-89a0-4e06-a559-4af1817cd09b/relay-credential/?terminalId=067400b7-89a0-4e06-a559-4af1817cd09b - 403 - application/json;+charset=utf-8 22.3894ms
info: Microsoft.AspNetCore.Hosting.Diagnostics[1]
      Request starting HTTP/1.1 POST http://127.0.0.1:40461/api/v1/terminals/8f05343d-6215-4848-9659-eb2125f62ec0/relay-credential/provision?terminalId=8f05343d-6215-4848-9659-eb2125f62ec0 - application/json;+charset=utf-8 2
info: Microsoft.AspNetCore.Routing.EndpointMiddleware[0]
      Executing endpoint 'HTTP: POST /api/v1/terminals/{terminalId:guid}/relay-credential/provision'
info: Microsoft.AspNetCore.Http.Result.JsonResult[1]
      Setting HTTP status code 403.
info: Microsoft.AspNetCore.Http.Result.JsonResult[3]
      Writing value of type '<>f__AnonymousType5`1' as Json.
info: Microsoft.AspNetCore.Routing.EndpointMiddleware[1]
      Executed endpoint 'HTTP: POST /api/v1/terminals/{terminalId:guid}/relay-credential/provision'
info: Microsoft.AspNetCore.Hosting.Diagnostics[2]
      Request finished HTTP/1.1 POST https://127.0.0.1:40461/api/v1/terminals/8f05343d-6215-4848-9659-eb2125f62ec0/relay-credential/provision?terminalId=8f05343d-6215-4848-9659-eb2125f62ec0 - 403 - application/json;+charset=utf-8 14.6738ms
info: Microsoft.AspNetCore.Hosting.Diagnostics[1]
      Request starting HTTP/1.1 PUT http://127.0.0.1:40461/api/v1/terminals/d4302ac6-a63f-47bc-a548-69337048653e/table-management/floor-plans/9eb27b33-ee10-4906-b1b0-18db59a778bc?terminalId=d4302ac6-a63f-47bc-a548-69337048653e - application/json;+charset=utf-8 2
info: Microsoft.AspNetCore.Routing.EndpointMiddleware[0]
      Executing endpoint 'HTTP: PUT /api/v1/terminals/{terminalId:guid}/table-management/floor-plans/{zoneId:guid}'
info: Microsoft.AspNetCore.Http.Result.JsonResult[1]
      Setting HTTP status code 403.
info: Microsoft.AspNetCore.Http.Result.JsonResult[3]
      Writing value of type 'TableManagementErrorEnvelope' as Json.
info: Microsoft.AspNetCore.Routing.EndpointMiddleware[1]
      Executed endpoint 'HTTP: PUT /api/v1/terminals/{terminalId:guid}/table-management/floor-plans/{zoneId:guid}'
info: Microsoft.AspNetCore.Hosting.Diagnostics[2]
      Request finished HTTP/1.1 PUT https://127.0.0.1:40461/api/v1/terminals/d4302ac6-a63f-47bc-a548-69337048653e/table-management/floor-plans/9eb27b33-ee10-4906-b1b0-18db59a778bc?terminalId=d4302ac6-a63f-47bc-a548-69337048653e - 403 - application/json;+charset=utf-8 21.3572ms
info: Microsoft.AspNetCore.Hosting.Diagnostics[1]
      Request starting HTTP/1.1 POST http://127.0.0.1:40461/api/v1/terminals/c31ec314-79df-49ed-a6a8-e94e9ffb6c8e/table-management/merges?terminalId=c31ec314-79df-49ed-a6a8-e94e9ffb6c8e - application/json;+charset=utf-8 2
info: Microsoft.AspNetCore.Routing.EndpointMiddleware[0]
      Executing endpoint 'HTTP: POST /api/v1/terminals/{terminalId:guid}/table-management/merges'
info: Microsoft.AspNetCore.Http.Result.JsonResult[1]
      Setting HTTP status code 403.
info: Microsoft.AspNetCore.Http.Result.JsonResult[3]
      Writing value of type 'TableManagementErrorEnvelope' as Json.
info: Microsoft.AspNetCore.Routing.EndpointMiddleware[1]
      Executed endpoint 'HTTP: POST /api/v1/terminals/{terminalId:guid}/table-management/merges'
info: Microsoft.AspNetCore.Hosting.Diagnostics[2]
      Request finished HTTP/1.1 POST https://127.0.0.1:40461/api/v1/terminals/c31ec314-79df-49ed-a6a8-e94e9ffb6c8e/table-management/merges?terminalId=c31ec314-79df-49ed-a6a8-e94e9ffb6c8e - 403 - application/json;+charset=utf-8 13.9918ms
info: Microsoft.AspNetCore.Hosting.Diagnostics[1]
      Request starting HTTP/1.1 POST http://127.0.0.1:40461/api/v1/terminals/6546ac40-e9bb-459e-b0cb-4c8668caa4ef/table-management/merges/0833d746-5de3-4f56-8a4a-a22ca94ac53b/unmerge?terminalId=6546ac40-e9bb-459e-b0cb-4c8668caa4ef - application/json;+charset=utf-8 2
info: Microsoft.AspNetCore.Routing.EndpointMiddleware[0]
      Executing endpoint 'HTTP: POST /api/v1/terminals/{terminalId:guid}/table-management/merges/{mergeGroupId:guid}/unmerge'
info: Microsoft.AspNetCore.Http.Result.JsonResult[1]
      Setting HTTP status code 403.
info: Microsoft.AspNetCore.Http.Result.JsonResult[3]
      Writing value of type 'TableManagementErrorEnvelope' as Json.
info: Microsoft.AspNetCore.Routing.EndpointMiddleware[1]
      Executed endpoint 'HTTP: POST /api/v1/terminals/{terminalId:guid}/table-management/merges/{mergeGroupId:guid}/unmerge'
info: Microsoft.AspNetCore.Hosting.Diagnostics[2]
      Request finished HTTP/1.1 POST https://127.0.0.1:40461/api/v1/terminals/6546ac40-e9bb-459e-b0cb-4c8668caa4ef/table-management/merges/0833d746-5de3-4f56-8a4a-a22ca94ac53b/unmerge?terminalId=6546ac40-e9bb-459e-b0cb-4c8668caa4ef - 403 - application/json;+charset=utf-8 15.8840ms
info: Microsoft.AspNetCore.Hosting.Diagnostics[1]
      Request starting HTTP/1.1 POST http://127.0.0.1:40461/api/v1/terminals/5d39eb1c-e90b-4737-8b61-783e28f6ff00/table-management/reservations?terminalId=5d39eb1c-e90b-4737-8b61-783e28f6ff00 - application/json;+charset=utf-8 2
info: Microsoft.AspNetCore.Routing.EndpointMiddleware[0]
      Executing endpoint 'HTTP: POST /api/v1/terminals/{terminalId:guid}/table-management/reservations'
info: Microsoft.AspNetCore.Http.Result.JsonResult[1]
      Setting HTTP status code 403.
info: Microsoft.AspNetCore.Http.Result.JsonResult[3]
      Writing value of type 'TableManagementErrorEnvelope' as Json.
info: Microsoft.AspNetCore.Routing.EndpointMiddleware[1]
      Executed endpoint 'HTTP: POST /api/v1/terminals/{terminalId:guid}/table-management/reservations'
info: Microsoft.AspNetCore.Hosting.Diagnostics[2]
      Request finished HTTP/1.1 POST https://127.0.0.1:40461/api/v1/terminals/5d39eb1c-e90b-4737-8b61-783e28f6ff00/table-management/reservations?terminalId=5d39eb1c-e90b-4737-8b61-783e28f6ff00 - 403 - application/json;+charset=utf-8 14.5260ms
info: Microsoft.AspNetCore.Hosting.Diagnostics[1]
      Request starting HTTP/1.1 POST http://127.0.0.1:40461/api/v1/terminals/6d118556-c712-49f2-966a-e694714a6766/table-management/reservations/63deb277-e2c3-4af0-b9d1-84f89ee0a45d/cancel?terminalId=6d118556-c712-49f2-966a-e694714a6766 - application/json;+charset=utf-8 2
info: Microsoft.AspNetCore.Routing.EndpointMiddleware[0]
      Executing endpoint 'HTTP: POST /api/v1/terminals/{terminalId:guid}/table-management/reservations/{reservationId:guid}/cancel'
info: Microsoft.AspNetCore.Http.Result.JsonResult[1]
      Setting HTTP status code 403.
info: Microsoft.AspNetCore.Http.Result.JsonResult[3]
      Writing value of type 'TableManagementErrorEnvelope' as Json.
info: Microsoft.AspNetCore.Routing.EndpointMiddleware[1]
      Executed endpoint 'HTTP: POST /api/v1/terminals/{terminalId:guid}/table-management/reservations/{reservationId:guid}/cancel'
info: Microsoft.AspNetCore.Hosting.Diagnostics[2]
      Request finished HTTP/1.1 POST https://127.0.0.1:40461/api/v1/terminals/6d118556-c712-49f2-966a-e694714a6766/table-management/reservations/63deb277-e2c3-4af0-b9d1-84f89ee0a45d/cancel?terminalId=6d118556-c712-49f2-966a-e694714a6766 - 403 - application/json;+charset=utf-8 11.8742ms
info: Microsoft.AspNetCore.Hosting.Diagnostics[1]
      Request starting HTTP/1.1 POST http://127.0.0.1:40461/api/v1/terminals/11f39fc4-d9ed-4422-8fa6-544e95974041/table-management/reservations/2121bce0-50ba-4e1b-aedb-037361b2f7d3/claim?terminalId=11f39fc4-d9ed-4422-8fa6-544e95974041 - application/json;+charset=utf-8 2
info: Microsoft.AspNetCore.Routing.EndpointMiddleware[0]
      Executing endpoint 'HTTP: POST /api/v1/terminals/{terminalId:guid}/table-management/reservations/{reservationId:guid}/claim'
info: Microsoft.AspNetCore.Http.Result.JsonResult[1]
      Setting HTTP status code 403.
info: Microsoft.AspNetCore.Http.Result.JsonResult[3]
      Writing value of type 'TableManagementErrorEnvelope' as Json.
info: Microsoft.AspNetCore.Routing.EndpointMiddleware[1]
      Executed endpoint 'HTTP: POST /api/v1/terminals/{terminalId:guid}/table-management/reservations/{reservationId:guid}/claim'
info: Microsoft.AspNetCore.Hosting.Diagnostics[2]
      Request finished HTTP/1.1 POST https://127.0.0.1:40461/api/v1/terminals/11f39fc4-d9ed-4422-8fa6-544e95974041/table-management/reservations/2121bce0-50ba-4e1b-aedb-037361b2f7d3/claim?terminalId=11f39fc4-d9ed-4422-8fa6-544e95974041 - 403 - application/json;+charset=utf-8 14.2060ms
info: Microsoft.AspNetCore.Hosting.Diagnostics[1]
      Request starting HTTP/1.1 POST http://127.0.0.1:40461/api/v1/terminals/d727895c-fbff-4c22-a76a-2939233df62e/table-management/reservations/27d31b42-b011-4c57-a9de-f294aa3eca26/expire?terminalId=d727895c-fbff-4c22-a76a-2939233df62e - application/json;+charset=utf-8 2
info: Microsoft.AspNetCore.Routing.EndpointMiddleware[0]
      Executing endpoint 'HTTP: POST /api/v1/terminals/{terminalId:guid}/table-management/reservations/{reservationId:guid}/expire'
info: Microsoft.AspNetCore.Http.Result.JsonResult[1]
      Setting HTTP status code 403.
info: Microsoft.AspNetCore.Http.Result.JsonResult[3]
      Writing value of type 'TableManagementErrorEnvelope' as Json.
info: Microsoft.AspNetCore.Routing.EndpointMiddleware[1]
      Executed endpoint 'HTTP: POST /api/v1/terminals/{terminalId:guid}/table-management/reservations/{reservationId:guid}/expire'
info: Microsoft.AspNetCore.Hosting.Diagnostics[2]
      Request finished HTTP/1.1 POST https://127.0.0.1:40461/api/v1/terminals/d727895c-fbff-4c22-a76a-2939233df62e/table-management/reservations/27d31b42-b011-4c57-a9de-f294aa3eca26/expire?terminalId=d727895c-fbff-4c22-a76a-2939233df62e - 403 - application/json;+charset=utf-8 12.6566ms
info: Microsoft.AspNetCore.Hosting.Diagnostics[1]
      Request starting HTTP/1.1 POST http://127.0.0.1:40461/api/v1/terminals/64d85b2d-ceee-4637-8d3c-cd610197ef92/table-management/tables?terminalId=64d85b2d-ceee-4637-8d3c-cd610197ef92 - application/json;+charset=utf-8 2
info: Microsoft.AspNetCore.Routing.EndpointMiddleware[0]
      Executing endpoint 'HTTP: POST /api/v1/terminals/{terminalId:guid}/table-management/tables'
info: Microsoft.AspNetCore.Http.Result.JsonResult[1]
      Setting HTTP status code 403.
info: Microsoft.AspNetCore.Http.Result.JsonResult[3]
      Writing value of type 'TableManagementErrorEnvelope' as Json.
info: Microsoft.AspNetCore.Routing.EndpointMiddleware[1]
      Executed endpoint 'HTTP: POST /api/v1/terminals/{terminalId:guid}/table-management/tables'
info: Microsoft.AspNetCore.Hosting.Diagnostics[2]
      Request finished HTTP/1.1 POST https://127.0.0.1:40461/api/v1/terminals/64d85b2d-ceee-4637-8d3c-cd610197ef92/table-management/tables?terminalId=64d85b2d-ceee-4637-8d3c-cd610197ef92 - 403 - application/json;+charset=utf-8 12.9053ms
info: Microsoft.AspNetCore.Hosting.Diagnostics[1]
      Request starting HTTP/1.1 PUT http://127.0.0.1:40461/api/v1/terminals/16f41c59-cbbd-463c-ba95-15be7c56b19a/table-management/tables/22b924c5-5280-46a3-9f6c-575c69189f53?terminalId=16f41c59-cbbd-463c-ba95-15be7c56b19a - application/json;+charset=utf-8 2
info: Microsoft.AspNetCore.Routing.EndpointMiddleware[0]
      Executing endpoint 'HTTP: PUT /api/v1/terminals/{terminalId:guid}/table-management/tables/{tableId:guid}'
info: Microsoft.AspNetCore.Http.Result.JsonResult[1]
      Setting HTTP status code 403.
info: Microsoft.AspNetCore.Http.Result.JsonResult[3]
      Writing value of type 'TableManagementErrorEnvelope' as Json.
info: Microsoft.AspNetCore.Routing.EndpointMiddleware[1]
      Executed endpoint 'HTTP: PUT /api/v1/terminals/{terminalId:guid}/table-management/tables/{tableId:guid}'
info: Microsoft.AspNetCore.Hosting.Diagnostics[2]
      Request finished HTTP/1.1 PUT https://127.0.0.1:40461/api/v1/terminals/16f41c59-cbbd-463c-ba95-15be7c56b19a/table-management/tables/22b924c5-5280-46a3-9f6c-575c69189f53?terminalId=16f41c59-cbbd-463c-ba95-15be7c56b19a - 403 - application/json;+charset=utf-8 11.9059ms
info: Microsoft.AspNetCore.Hosting.Diagnostics[1]
      Request starting HTTP/1.1 POST http://127.0.0.1:40461/api/v1/terminals/5d83db56-cde4-40c2-9405-7f508dc3a4e5/table-management/tables/45caa481-3e2f-4331-bf90-804ebeec91eb/status?terminalId=5d83db56-cde4-40c2-9405-7f508dc3a4e5 - application/json;+charset=utf-8 2
info: Microsoft.AspNetCore.Routing.EndpointMiddleware[0]
      Executing endpoint 'HTTP: POST /api/v1/terminals/{terminalId:guid}/table-management/tables/{tableId:guid}/status'
info: Microsoft.AspNetCore.Http.Result.JsonResult[1]
      Setting HTTP status code 403.
info: Microsoft.AspNetCore.Http.Result.JsonResult[3]
      Writing value of type 'TableManagementErrorEnvelope' as Json.
info: Microsoft.AspNetCore.Routing.EndpointMiddleware[1]
      Executed endpoint 'HTTP: POST /api/v1/terminals/{terminalId:guid}/table-management/tables/{tableId:guid}/status'
info: Microsoft.AspNetCore.Hosting.Diagnostics[2]
      Request finished HTTP/1.1 POST https://127.0.0.1:40461/api/v1/terminals/5d83db56-cde4-40c2-9405-7f508dc3a4e5/table-management/tables/45caa481-3e2f-4331-bf90-804ebeec91eb/status?terminalId=5d83db56-cde4-40c2-9405-7f508dc3a4e5 - 403 - application/json;+charset=utf-8 9.3304ms
info: Microsoft.AspNetCore.Hosting.Diagnostics[1]
      Request starting HTTP/1.1 POST http://127.0.0.1:40461/api/v1/terminals/79cfe924-d101-46fb-b8e3-f2cce69ff50d/table-management/transfers?terminalId=79cfe924-d101-46fb-b8e3-f2cce69ff50d - application/json;+charset=utf-8 2
info: Microsoft.AspNetCore.Routing.EndpointMiddleware[0]
      Executing endpoint 'HTTP: POST /api/v1/terminals/{terminalId:guid}/table-management/transfers'
info: Microsoft.AspNetCore.Http.Result.JsonResult[1]
      Setting HTTP status code 403.
info: Microsoft.AspNetCore.Http.Result.JsonResult[3]
      Writing value of type 'TableManagementErrorEnvelope' as Json.
info: Microsoft.AspNetCore.Routing.EndpointMiddleware[1]
      Executed endpoint 'HTTP: POST /api/v1/terminals/{terminalId:guid}/table-management/transfers'
info: Microsoft.AspNetCore.Hosting.Diagnostics[2]
      Request finished HTTP/1.1 POST https://127.0.0.1:40461/api/v1/terminals/79cfe924-d101-46fb-b8e3-f2cce69ff50d/table-management/transfers?terminalId=79cfe924-d101-46fb-b8e3-f2cce69ff50d - 403 - application/json;+charset=utf-8 12.9582ms
info: Microsoft.AspNetCore.Hosting.Diagnostics[1]
      Request starting HTTP/1.1 POST http://127.0.0.1:40461/api/v1/terminals/187d4bb9-a596-4f01-b6ea-b369a745c3bc/table-management/zones?terminalId=187d4bb9-a596-4f01-b6ea-b369a745c3bc - application/json;+charset=utf-8 2
info: Microsoft.AspNetCore.Routing.EndpointMiddleware[0]
      Executing endpoint 'HTTP: POST /api/v1/terminals/{terminalId:guid}/table-management/zones'
info: Microsoft.AspNetCore.Http.Result.JsonResult[1]
      Setting HTTP status code 403.
info: Microsoft.AspNetCore.Http.Result.JsonResult[3]
      Writing value of type 'TableManagementErrorEnvelope' as Json.
info: Microsoft.AspNetCore.Routing.EndpointMiddleware[1]
      Executed endpoint 'HTTP: POST /api/v1/terminals/{terminalId:guid}/table-management/zones'
info: Microsoft.AspNetCore.Hosting.Diagnostics[2]
      Request finished HTTP/1.1 POST https://127.0.0.1:40461/api/v1/terminals/187d4bb9-a596-4f01-b6ea-b369a745c3bc/table-management/zones?terminalId=187d4bb9-a596-4f01-b6ea-b369a745c3bc - 403 - application/json;+charset=utf-8 15.4173ms
info: Microsoft.AspNetCore.Hosting.Diagnostics[1]
      Request starting HTTP/1.1 PUT http://127.0.0.1:40461/api/v1/terminals/49201f87-14f1-44d2-beb0-0eb1291ab8ac/table-management/zones/52c6a0b3-1706-4e8f-9a91-fe047479be4e?terminalId=49201f87-14f1-44d2-beb0-0eb1291ab8ac - application/json;+charset=utf-8 2
info: Microsoft.AspNetCore.Routing.EndpointMiddleware[0]
      Executing endpoint 'HTTP: PUT /api/v1/terminals/{terminalId:guid}/table-management/zones/{zoneId:guid}'
info: Microsoft.AspNetCore.Http.Result.JsonResult[1]
      Setting HTTP status code 403.
info: Microsoft.AspNetCore.Http.Result.JsonResult[3]
      Writing value of type 'TableManagementErrorEnvelope' as Json.
info: Microsoft.AspNetCore.Routing.EndpointMiddleware[1]
      Executed endpoint 'HTTP: PUT /api/v1/terminals/{terminalId:guid}/table-management/zones/{zoneId:guid}'
info: Microsoft.AspNetCore.Hosting.Diagnostics[2]
      Request finished HTTP/1.1 PUT https://127.0.0.1:40461/api/v1/terminals/49201f87-14f1-44d2-beb0-0eb1291ab8ac/table-management/zones/52c6a0b3-1706-4e8f-9a91-fe047479be4e?terminalId=49201f87-14f1-44d2-beb0-0eb1291ab8ac - 403 - application/json;+charset=utf-8 11.1867ms
info: Microsoft.AspNetCore.Hosting.Diagnostics[1]
      Request starting HTTP/1.1 DELETE http://127.0.0.1:40461/api/v1/terminals/465c6654-584a-40e1-9552-1c9f3775142f/table-management/zones/7f70854a-15ee-49df-9297-a58041e74039?terminalId=465c6654-584a-40e1-9552-1c9f3775142f - application/json;+charset=utf-8 2
info: Microsoft.AspNetCore.Routing.EndpointMiddleware[0]
      Executing endpoint 'HTTP: DELETE /api/v1/terminals/{terminalId:guid}/table-management/zones/{zoneId:guid}'
info: Microsoft.AspNetCore.Http.Result.JsonResult[1]
      Setting HTTP status code 403.
info: Microsoft.AspNetCore.Http.Result.JsonResult[3]
      Writing value of type 'TableManagementErrorEnvelope' as Json.
info: Microsoft.AspNetCore.Routing.EndpointMiddleware[1]
      Executed endpoint 'HTTP: DELETE /api/v1/terminals/{terminalId:guid}/table-management/zones/{zoneId:guid}'
info: Microsoft.AspNetCore.Hosting.Diagnostics[2]
      Request finished HTTP/1.1 DELETE https://127.0.0.1:40461/api/v1/terminals/465c6654-584a-40e1-9552-1c9f3775142f/table-management/zones/7f70854a-15ee-49df-9297-a58041e74039?terminalId=465c6654-584a-40e1-9552-1c9f3775142f - 403 - application/json;+charset=utf-8 12.5617ms
info: Microsoft.AspNetCore.Hosting.Diagnostics[1]
      Request starting HTTP/1.1 POST http://127.0.0.1:40461/api/v1/terminals/d60c271c-f720-4a7c-af94-7f68bc6284d4/token-credential/?terminalId=d60c271c-f720-4a7c-af94-7f68bc6284d4 - application/json;+charset=utf-8 2
info: Microsoft.AspNetCore.Routing.EndpointMiddleware[0]
      Executing endpoint 'HTTP: POST /api/v1/terminals/{terminalId:guid}/token-credential/'
info: Microsoft.AspNetCore.Http.Result.JsonResult[1]
      Setting HTTP status code 403.
info: Microsoft.AspNetCore.Http.Result.JsonResult[3]
      Writing value of type '<>f__AnonymousType5`1' as Json.
info: Microsoft.AspNetCore.Routing.EndpointMiddleware[1]
      Executed endpoint 'HTTP: POST /api/v1/terminals/{terminalId:guid}/token-credential/'
info: Microsoft.AspNetCore.Hosting.Diagnostics[2]
      Request finished HTTP/1.1 POST https://127.0.0.1:40461/api/v1/terminals/d60c271c-f720-4a7c-af94-7f68bc6284d4/token-credential/?terminalId=d60c271c-f720-4a7c-af94-7f68bc6284d4 - 403 - application/json;+charset=utf-8 25.1017ms
[xUnit.net 00:00:15.50]     ALKAROS.Audit.AuthorizationProbes.AuthorizationProbes.D2EveryMutationRouteRejectsPermissionlessSession [FAIL]
[xUnit.net 00:00:15.50]       Assert.Empty() Failure: Collection was not empty
[xUnit.net 00:00:15.50]       Collection: ["POST /api/v1/terminals/{terminalId:guid}/billing/b"···]
[xUnit.net 00:00:15.50]       Stack Trace:
[xUnit.net 00:00:15.50]         /fix/evidence/V1-RMD-399/probes/AuthorizationProbes/AuthorizationProbes.cs(426,0): at ALKAROS.Audit.AuthorizationProbes.AuthorizationProbes.D2EveryMutationRouteRejectsPermissionlessSession()
[xUnit.net 00:00:15.50]         --- End of stack trace from previous location ---
[xUnit.net 00:00:15.50]       Output:
[xUnit.net 00:00:15.51]         D2	POST	/api/v1/auth/logout	204	session-only-by-design
[xUnit.net 00:00:15.51]         D2	POST	/api/v1/auth/pin	400	session-only-by-design
[xUnit.net 00:00:15.51]         D2	POST	/api/v1/auth/unlock	400	session-only-by-design
[xUnit.net 00:00:15.51]         D2	POST	/api/v1/management/authorization/behavioural-tightenings/{tighteningId:guid}/clear	403	must-need-permission
[xUnit.net 00:00:15.51]         D2	POST	/api/v1/management/authorization/delegations/{delegationId:guid}/revoke	403	must-need-permission
[xUnit.net 00:00:15.51]         D2	POST	/api/v1/management/authorization/grants/{grantId:guid}/approve	403	must-need-permission
[xUnit.net 00:00:15.51]         D2	POST	/api/v1/management/authorization/grants/{grantId:guid}/deny	403	must-need-permission
[xUnit.net 00:00:15.51]         D2	PUT	/api/v1/management/business-identity/logo	404	second-pass
[xUnit.net 00:00:15.51]         D2	DELETE	/api/v1/management/business-identity/logo	403	must-need-permission
[xUnit.net 00:00:15.51]         D2	POST	/api/v1/management/catalog/categories	403	must-need-permission
[xUnit.net 00:00:15.51]         D2	POST	/api/v1/management/catalog/modifier-groups	403	must-need-permission
[xUnit.net 00:00:15.51]         D2	POST	/api/v1/management/catalog/modifiers	403	must-need-permission
[xUnit.net 00:00:15.51]         D2	POST	/api/v1/management/catalog/prices	403	must-need-permission
[xUnit.net 00:00:15.51]         D2	POST	/api/v1/management/catalog/product-modifier-assignments	403	must-need-permission
[xUnit.net 00:00:15.51]         D2	POST	/api/v1/management/catalog/products	403	must-need-permission
[xUnit.net 00:00:15.51]         D2	POST	/api/v1/management/catalog/products/{productId:guid}/availability	403	must-need-permission
[xUnit.net 00:00:15.51]         D2	POST	/api/v1/management/catalog/products/{productId:guid}/prep-time	403	must-need-permission
[xUnit.net 00:00:15.51]         D2	POST	/api/v1/management/catalog/tax-profiles	403	must-need-permission
[xUnit.net 00:00:15.51]         D2	PUT	/api/v1/management/customer-display/screensaver	404	second-pass
[xUnit.net 00:00:15.51]         D2	DELETE	/api/v1/management/customer-display/screensaver	403	must-need-permission
[xUnit.net 00:00:15.51]         D2	POST	/api/v1/management/inventory/modifiers/{modifierId:guid}/stock-mappings	403	must-need-permission
[xUnit.net 00:00:15.51]         D2	DELETE	/api/v1/management/inventory/modifiers/{modifierId:guid}/stock-mappings/{stockItemId:guid}	403	must-need-permission
[xUnit.net 00:00:15.51]         D2	POST	/api/v1/management/inventory/products/{productId:guid}/stock-mappings	403	must-need-permission
[xUnit.net 00:00:15.51]         D2	DELETE	/api/v1/management/inventory/products/{productId:guid}/stock-mappings/{stockItemId:guid}	403	must-need-permission
[xUnit.net 00:00:15.51]         D2	POST	/api/v1/management/inventory/stock-items	403	must-need-permission
[xUnit.net 00:00:15.51]         D2	POST	/api/v1/management/inventory/stock-items/{stockItemId:guid}/physical-counts	403	must-need-permission
[xUnit.net 00:00:15.51]         D2	PUT	/api/v1/management/inventory/stock-items/{stockItemId:guid}/reorder-point	403	must-need-permission
[xUnit.net 00:00:15.51]         D2	POST	/api/v1/management/inventory/stock-items/{stockItemId:guid}/waste	403	must-need-permission
[xUnit.net 00:00:15.51]         D2	POST	/api/v1/management/inventory/stock-locations	403	must-need-permission
[xUnit.net 00:00:15.51]         D2	POST	/api/v1/management/menus-and-specials/daily-menus	403	must-need-permission
[xUnit.net 00:00:15.51]         D2	PUT	/api/v1/management/menus-and-specials/daily-menus/items/{dailyMenuItemId:guid}/planned-portions	403	must-need-permission
[xUnit.net 00:00:15.51]         D2	PUT	/api/v1/management/menus-and-specials/daily-menus/items/{dailyMenuItemId:guid}/price	403	must-need-permission
[xUnit.net 00:00:15.51]         D2	PUT	/api/v1/management/menus-and-specials/daily-menus/items/{dailyMenuItemId:guid}/status	403	must-need-permission
[xUnit.net 00:00:15.51]         D2	POST	/api/v1/management/menus-and-specials/daily-menus/{dailyMenuId:guid}/close	403	must-need-permission
[xUnit.net 00:00:15.51]         D2	POST	/api/v1/management/menus-and-specials/daily-menus/{dailyMenuId:guid}/items	403	must-need-permission
[xUnit.net 00:00:15.51]         D2	POST	/api/v1/management/menus-and-specials/daily-menus/{dailyMenuId:guid}/open	403	must-need-permission
[xUnit.net 00:00:15.51]         D2	POST	/api/v1/management/menus-and-specials/menus	403	must-need-permission
[xUnit.net 00:00:15.51]         D2	PUT	/api/v1/management/menus-and-specials/menus/{menuId:guid}	403	must-need-permission
[xUnit.net 00:00:15.51]         D2	POST	/api/v1/management/menus-and-specials/menus/{menuId:guid}/items	403	must-need-permission
[xUnit.net 00:00:15.51]         D2	POST	/api/v1/management/menus-and-specials/menus/{menuId:guid}/items/reorder	403	must-need-permission
[xUnit.net 00:00:15.51]         D2	PUT	/api/v1/management/menus-and-specials/menus/{menuId:guid}/items/{menuItemId:guid}	403	must-need-permission
[xUnit.net 00:00:15.51]         D2	POST	/api/v1/management/observability/alerts/raise	403	must-need-permission
[xUnit.net 00:00:15.51]         D2	POST	/api/v1/management/observability/alerts/{alertId:guid}/acknowledge	403	must-need-permission
[xUnit.net 00:00:15.51]         D2	POST	/api/v1/management/observability/alerts/{alertId:guid}/escalate	403	must-need-permission
[xUnit.net 00:00:15.51]         D2	POST	/api/v1/management/observability/alerts/{alertId:guid}/resolve	403	must-need-permission
[xUnit.net 00:00:15.51]         D2	POST	/api/v1/management/observability/alerts/{alertId:guid}/suppress	403	must-need-permission
[xUnit.net 00:00:15.51]         D2	POST	/api/v1/management/observability/health-checks	403	must-need-permission
[xUnit.net 00:00:15.51]         D2	POST	/api/v1/management/payments/reconciliation-scan	403	must-need-permission
[xUnit.net 00:00:15.51]         D2	POST	/api/v1/management/production/batches	403	must-need-permission
[xUnit.net 00:00:15.51]         D2	POST	/api/v1/management/production/batches/{batchId:guid}/cancel	403	must-need-permission
[xUnit.net 00:00:15.51]         D2	POST	/api/v1/management/production/batches/{batchId:guid}/complete	403	must-need-permission
[xUnit.net 00:00:15.51]         D2	PUT	/api/v1/management/production/batches/{batchId:guid}/recipe-version	403	must-need-permission
[xUnit.net 00:00:15.51]         D2	POST	/api/v1/management/production/batches/{batchId:guid}/start	403	must-need-permission
[xUnit.net 00:00:15.51]         D2	POST	/api/v1/management/purchasing/purchase-orders	403	must-need-permission
[xUnit.net 00:00:15.51]         D2	POST	/api/v1/management/purchasing/purchase-orders/{orderId:guid}/cancel	403	must-need-permission
[xUnit.net 00:00:15.51]         D2	POST	/api/v1/management/purchasing/purchase-orders/{orderId:guid}/receipts	403	must-need-permission
[xUnit.net 00:00:15.51]         D2	POST	/api/v1/management/purchasing/purchase-orders/{orderId:guid}/submit	403	must-need-permission
[xUnit.net 00:00:15.51]         D2	POST	/api/v1/management/purchasing/suppliers	403	must-need-permission
[xUnit.net 00:00:15.51]         D2	PUT	/api/v1/management/purchasing/suppliers/{supplierId:guid}	403	must-need-permission
[xUnit.net 00:00:15.51]         D2	POST	/api/v1/management/purchasing/suppliers/{supplierId:guid}/activate	403	must-need-permission
[xUnit.net 00:00:15.51]         D2	POST	/api/v1/management/purchasing/suppliers/{supplierId:guid}/deactivate	403	must-need-permission
[xUnit.net 00:00:15.51]         D2	POST	/api/v1/management/recipes/	403	must-need-permission
[xUnit.net 00:00:15.51]         D2	POST	/api/v1/management/recipes/products/{productId:guid}/mapping	403	must-need-permission
[xUnit.net 00:00:15.51]         D2	DELETE	/api/v1/management/recipes/products/{productId:guid}/mapping	403	must-need-permission
[xUnit.net 00:00:15.51]         D2	POST	/api/v1/management/recipes/unit-conversions	403	must-need-permission
[xUnit.net 00:00:15.51]         D2	POST	/api/v1/management/recipes/versions/{versionId:guid}/ingredients	403	must-need-permission
[xUnit.net 00:00:15.53]         D2	DELETE	/api/v1/management/recipes/versions/{versionId:guid}/ingredients/{ingredientItemId:guid}	403	must-need-permission
[xUnit.net 00:00:15.53]         D2	POST	/api/v1/management/recipes/versions/{versionId:guid}/lock	403	must-need-permission
[xUnit.net 00:00:15.53]         D2	POST	/api/v1/management/recipes/{recipeId:guid}/versions	403	must-need-permission
[xUnit.net 00:00:15.53]         D2	POST	/api/v1/management/recipes/{recipeId:guid}/versions/next	403	must-need-permission
[xUnit.net 00:00:15.53]         D2	POST	/api/v1/management/recipes/{recipeId:guid}/versions/{versionNumber:int}/activate	403	must-need-permission
[xUnit.net 00:00:15.53]         D2	POST	/api/v1/management/recipes/{recipeVersionId:guid}/cost-snapshots/	403	must-need-permission
[xUnit.net 00:00:15.53]         D2	POST	/api/v1/management/reconciliation/cases/	403	must-need-permission
[xUnit.net 00:00:15.53]         D2	POST	/api/v1/management/reconciliation/cases/{caseId:guid}/notes	403	must-need-permission
[xUnit.net 00:00:15.53]         D2	POST	/api/v1/management/reconciliation/cases/{caseId:guid}/transition	403	must-need-permission
[xUnit.net 00:00:15.53]         D2	POST	/api/v1/management/reconciliation/online-orders/cases/{caseId:guid}/resolve	403	must-need-permission
[xUnit.net 00:00:15.53]         D2	POST	/api/v1/management/reconciliation/online-orders/cases/{caseId:guid}/retry	403	must-need-permission
[xUnit.net 00:00:15.53]         D2	POST	/api/v1/management/reconciliation/online-orders/scan	403	must-need-permission
[xUnit.net 00:00:15.53]         D2	POST	/api/v1/management/reporting/business-day/open	403	must-need-permission
[xUnit.net 00:00:15.53]         D2	POST	/api/v1/management/reporting/business-day/{businessDate}/close	403	must-need-permission
[xUnit.net 00:00:15.53]         D2	POST	/api/v1/management/roles/permissions	400	second-pass
[xUnit.net 00:00:15.53]         D2	POST	/api/v1/management/roles/roles	400	second-pass
[xUnit.net 00:00:15.53]         D2	POST	/api/v1/management/roles/roles/{roleId:guid}/permissions	400	second-pass
[xUnit.net 00:00:15.53]         D2	DELETE	/api/v1/management/roles/roles/{roleId:guid}/permissions/{permissionCode}	403	must-need-permission
[xUnit.net 00:00:15.53]         D2	POST	/api/v1/management/roles/roles/{roleId:guid}/users/{userId:guid}	403	must-need-permission
[xUnit.net 00:00:15.53]         D2	DELETE	/api/v1/management/roles/roles/{roleId:guid}/users/{userId:guid}	403	must-need-permission
[xUnit.net 00:00:15.53]         D2	POST	/api/v1/management/security/diagnostic-bundle	403	must-need-permission
[xUnit.net 00:00:15.53]         D2	POST	/api/v1/management/security/maintenance/jobs/{name}/run	403	must-need-permission
[xUnit.net 00:00:15.53]         D2	POST	/api/v1/management/security/orders/close-settled	403	must-need-permission
[xUnit.net 00:00:15.53]         D2	POST	/api/v1/management/security/outbox/dead-letters/{id:guid}/requeue	403	must-need-permission
[xUnit.net 00:00:15.53]         D2	POST	/api/v1/management/security/secrets/{name}/rotation/initialize	403	must-need-permission
[xUnit.net 00:00:15.53]         D2	POST	/api/v1/management/security/secrets/{name}/rotation/revoke	403	must-need-permission
[xUnit.net 00:00:15.53]         D2	POST	/api/v1/management/security/secrets/{name}/rotation/rollback	403	must-need-permission
[xUnit.net 00:00:15.53]         D2	POST	/api/v1/management/security/secrets/{name}/rotation/rotate	403	must-need-permission
[xUnit.net 00:00:15.53]         D2	POST	/api/v1/management/security/users/{userId:guid}/force-unlock	403	must-need-permission
[xUnit.net 00:00:15.53]         D2	POST	/api/v1/management/security/users/{userId:guid}/revoke-sessions	403	must-need-permission
[xUnit.net 00:00:15.53]         D2	PUT	/api/v1/management/settings/{key}	403	must-need-permission
[xUnit.net 00:00:15.53]         D2	DELETE	/api/v1/management/settings/{key}	403	must-need-permission
[xUnit.net 00:00:15.53]         D2	POST	/api/v1/management/users/	400	second-pass
[xUnit.net 00:00:15.53]         D2	POST	/api/v1/terminals/{terminalId:guid}/billing/bills/from-order/{orderId:guid}	403	must-need-permission
[xUnit.net 00:00:15.53]         D2	POST	/api/v1/terminals/{terminalId:guid}/billing/bills/{billId:guid}/discount	400	session-only-by-design
[xUnit.net 00:00:15.53]         D2	PUT	/api/v1/terminals/{terminalId:guid}/billing/bills/{billId:guid}/split-design/amounts	403	must-need-permission
[xUnit.net 00:00:15.53]         D2	POST	/api/v1/terminals/{terminalId:guid}/billing/bills/{billId:guid}/split-design/clear	403	must-need-permission
[xUnit.net 00:00:15.53]         D2	PUT	/api/v1/terminals/{terminalId:guid}/billing/bills/{billId:guid}/split-design/custom	403	must-need-permission
[xUnit.net 00:00:15.53]         D2	PUT	/api/v1/terminals/{terminalId:guid}/billing/bills/{billId:guid}/split-design/equal	403	must-need-permission
[xUnit.net 00:00:15.53]         D2	PUT	/api/v1/terminals/{terminalId:guid}/billing/bills/{billId:guid}/split-design/items	403	must-need-permission
[xUnit.net 00:00:15.53]         D2	POST	/api/v1/terminals/{terminalId:guid}/billing/bills/{billId:guid}/tenders/	400	must-need-permission
[xUnit.net 00:00:15.53]         D2	POST	/api/v1/terminals/{terminalId:guid}/billing/bills/{billId:guid}/tenders/confirmations/{confirmationId:guid}/approve	403	must-need-permission
[xUnit.net 00:00:15.53]         D2	POST	/api/v1/terminals/{terminalId:guid}/billing/bills/{billId:guid}/tenders/confirmations/{confirmationId:guid}/reject	403	must-need-permission
[xUnit.net 00:00:15.53]         D2	POST	/api/v1/terminals/{terminalId:guid}/billing/bills/{billId:guid}/tenders/unsettled/{paymentId:guid}/card-charged	403	must-need-permission
[xUnit.net 00:00:15.53]         D2	POST	/api/v1/terminals/{terminalId:guid}/billing/bills/{billId:guid}/tenders/unsettled/{paymentId:guid}/not-charged	403	must-need-permission
[xUnit.net 00:00:15.53]         D2	POST	/api/v1/terminals/{terminalId:guid}/billing/bills/{billId:guid}/tip	403	must-need-permission
[xUnit.net 00:00:15.53]         D2	POST	/api/v1/terminals/{terminalId:guid}/cash-sessions/	403	must-need-permission
[xUnit.net 00:00:15.53]         D2	POST	/api/v1/terminals/{terminalId:guid}/cash-sessions/{cashSessionId:guid}/cash-movements	403	must-need-permission
[xUnit.net 00:00:15.53]         D2	POST	/api/v1/terminals/{terminalId:guid}/cash-sessions/{cashSessionId:guid}/cash-tender	403	must-need-permission
[xUnit.net 00:00:15.53]         D2	POST	/api/v1/terminals/{terminalId:guid}/cash-sessions/{cashSessionId:guid}/close	403	must-need-permission
[xUnit.net 00:00:15.53]         D2	POST	/api/v1/terminals/{terminalId:guid}/cash-sessions/{cashSessionId:guid}/counts	403	must-need-permission
[xUnit.net 00:00:15.53]         D2	POST	/api/v1/terminals/{terminalId:guid}/cash-sessions/{cashSessionId:guid}/reconcile	403	must-need-permission
[xUnit.net 00:00:15.53]         D2	POST	/api/v1/terminals/{terminalId:guid}/cash-sessions/{cashSessionId:guid}/start-count	403	must-need-permission
[xUnit.net 00:00:15.53]         D2	POST	/api/v1/terminals/{terminalId:guid}/display-sessions/revoke	200	session-only-by-design
[xUnit.net 00:00:15.53]         D2	POST	/api/v1/terminals/{terminalId:guid}/help-requests/	400	session-only-by-design
[xUnit.net 00:00:15.53]         D2	POST	/api/v1/terminals/{terminalId:guid}/kitchen-operations/deliveries/{deliveryId:guid}/reprint-approval	403	must-need-permission
[xUnit.net 00:00:15.53]         D2	POST	/api/v1/terminals/{terminalId:guid}/kitchen-operations/deliveries/{deliveryId:guid}/reprint-rejection	403	must-need-permission
[xUnit.net 00:00:15.53]         D2	POST	/api/v1/terminals/{terminalId:guid}/kitchen-operations/operations/backups	403	must-need-permission
[xUnit.net 00:00:15.53]         D2	PUT	/api/v1/terminals/{terminalId:guid}/kitchen-operations/printers/{printerId:guid}	403	must-need-permission
[xUnit.net 00:00:15.53]         D2	POST	/api/v1/terminals/{terminalId:guid}/kitchen-operations/products/{productId:guid}/suspend	403	must-need-permission
[xUnit.net 00:00:15.54]         D2	POST	/api/v1/terminals/{terminalId:guid}/kitchen-operations/routes/{routeId:guid}	403	must-need-permission
[xUnit.net 00:00:15.54]         D2	PUT	/api/v1/terminals/{terminalId:guid}/kitchen-operations/routes/{routeId:guid}	403	must-need-permission
[xUnit.net 00:00:15.54]         D2	POST	/api/v1/terminals/{terminalId:guid}/kitchen-operations/tickets/{ticketId:guid}/items/{itemId:guid}/transition	403	must-need-permission
[xUnit.net 00:00:15.54]         D2	POST	/api/v1/terminals/{terminalId:guid}/kitchen-operations/tickets/{ticketId:guid}/items/{itemId:guid}/undo	403	must-need-permission
[xUnit.net 00:00:15.54]         D2	POST	/api/v1/terminals/{terminalId:guid}/kitchen-operations/tickets/{ticketId:guid}/transition	403	must-need-permission
[xUnit.net 00:00:15.54]         D2	POST	/api/v1/terminals/{terminalId:guid}/offline-reconciliation/	404	session-only-by-design
[xUnit.net 00:00:15.54]         D2	PUT	/api/v1/terminals/{terminalId:guid}/online-menu/{provider}/mappings/{productId:guid}	403	must-need-permission
[xUnit.net 00:00:15.54]         D2	DELETE	/api/v1/terminals/{terminalId:guid}/online-menu/{provider}/mappings/{productId:guid}	403	must-need-permission
[xUnit.net 00:00:15.54]         D2	POST	/api/v1/terminals/{terminalId:guid}/online-operations/orders/{orderId:guid}/cancel	403	must-need-permission
[xUnit.net 00:00:15.54]         D2	POST	/api/v1/terminals/{terminalId:guid}/online-operations/orders/{orderId:guid}/hand-over	403	must-need-permission
[xUnit.net 00:00:15.54]         D2	POST	/api/v1/terminals/{terminalId:guid}/online-ordering/catalog-publications/	403	must-need-permission
[xUnit.net 00:00:15.54]         D2	PUT	/api/v1/terminals/{terminalId:guid}/online-platform-credentials/{provider}	403	must-need-permission
[xUnit.net 00:00:15.54]         D2	POST	/api/v1/terminals/{terminalId:guid}/online-problems/{caseId:guid}/resolve	403	must-need-permission
[xUnit.net 00:00:15.54]         D2	POST	/api/v1/terminals/{terminalId:guid}/online-problems/{caseId:guid}/retry	403	must-need-permission
[xUnit.net 00:00:15.54]         D2	PUT	/api/v1/terminals/{terminalId:guid}/online-store-status/{provider}	403	must-need-permission
[xUnit.net 00:00:15.54]         D2	POST	/api/v1/terminals/{terminalId:guid}/orders	403	must-need-permission
[xUnit.net 00:00:15.54]         D2	POST	/api/v1/terminals/{terminalId:guid}/orders/handoff-note/pop	204	session-only-by-design
[xUnit.net 00:00:15.54]         D2	POST	/api/v1/terminals/{terminalId:guid}/orders/table	403	must-need-permission
[xUnit.net 00:00:15.54]         D2	POST	/api/v1/terminals/{terminalId:guid}/orders/table-draft	403	must-need-permission
[xUnit.net 00:00:15.54]         D2	POST	/api/v1/terminals/{terminalId:guid}/orders/transfer-server	403	must-need-permission
[xUnit.net 00:00:15.54]         D2	POST	/api/v1/terminals/{terminalId:guid}/orders/{orderId:guid}/accept	403	must-need-permission
[xUnit.net 00:00:15.54]         D2	POST	/api/v1/terminals/{terminalId:guid}/orders/{orderId:guid}/fire-course	403	must-need-permission
[xUnit.net 00:00:15.54]         D2	POST	/api/v1/terminals/{terminalId:guid}/orders/{orderId:guid}/items	403	must-need-permission
[xUnit.net 00:00:15.54]         D2	PATCH	/api/v1/terminals/{terminalId:guid}/orders/{orderId:guid}/items/{itemId:guid}	403	must-need-permission
[xUnit.net 00:00:15.54]         D2	DELETE	/api/v1/terminals/{terminalId:guid}/orders/{orderId:guid}/items/{itemId:guid}	400	second-pass
[xUnit.net 00:00:15.54]         D2	POST	/api/v1/terminals/{terminalId:guid}/orders/{orderId:guid}/items/{itemId:guid}/comp	400	session-only-by-design
[xUnit.net 00:00:15.54]         D2	POST	/api/v1/terminals/{terminalId:guid}/orders/{orderId:guid}/items/{itemId:guid}/void	403	must-need-permission
[xUnit.net 00:00:15.54]         D2	POST	/api/v1/terminals/{terminalId:guid}/orders/{orderId:guid}/items/{itemId:guid}/void-sent	400	session-only-by-design
[xUnit.net 00:00:15.54]         D2	POST	/api/v1/terminals/{terminalId:guid}/orders/{orderId:guid}/recall-from-cashier	403	must-need-permission
[xUnit.net 00:00:15.54]         D2	POST	/api/v1/terminals/{terminalId:guid}/orders/{orderId:guid}/reject	403	must-need-permission
[xUnit.net 00:00:15.54]         D2	POST	/api/v1/terminals/{terminalId:guid}/orders/{orderId:guid}/send-to-cashier	403	must-need-permission
[xUnit.net 00:00:15.54]         D2	POST	/api/v1/terminals/{terminalId:guid}/orders/{orderId:guid}/submit	403	must-need-permission
[xUnit.net 00:00:15.54]         D2	POST	/api/v1/terminals/{terminalId:guid}/orders/{orderId:guid}/submit-draft	403	must-need-permission
[xUnit.net 00:00:15.54]         D2	POST	/api/v1/terminals/{terminalId:guid}/pairings/approve	400	session-only-by-design
[xUnit.net 00:00:15.54]         D2	POST	/api/v1/terminals/{terminalId:guid}/push/subscriptions	400	session-only-by-design
[xUnit.net 00:00:15.54]         D2	DELETE	/api/v1/terminals/{terminalId:guid}/push/subscriptions	400	session-only-by-design
[xUnit.net 00:00:15.54]         D2	POST	/api/v1/terminals/{terminalId:guid}/qnb-credential/	403	must-need-permission
[xUnit.net 00:00:15.54]         D2	POST	/api/v1/terminals/{terminalId:guid}/qnb-credential/test-connection	403	must-need-permission
[xUnit.net 00:00:15.54]         D2	POST	/api/v1/terminals/{terminalId:guid}/relay-credential/	403	must-need-permission
[xUnit.net 00:00:15.54]         D2	POST	/api/v1/terminals/{terminalId:guid}/relay-credential/provision	403	must-need-permission
[xUnit.net 00:00:15.54]         D2	PUT	/api/v1/terminals/{terminalId:guid}/table-management/floor-plans/{zoneId:guid}	403	must-need-permission
[xUnit.net 00:00:15.54]         D2	POST	/api/v1/terminals/{terminalId:guid}/table-management/merges	403	must-need-permission
[xUnit.net 00:00:15.54]         D2	POST	/api/v1/terminals/{terminalId:guid}/table-management/merges/{mergeGroupId:guid}/unmerge	403	must-need-permission
[xUnit.net 00:00:15.54]         D2	POST	/api/v1/terminals/{terminalId:guid}/table-management/reservations	403	must-need-permission
[xUnit.net 00:00:15.54]         D2	POST	/api/v1/terminals/{terminalId:guid}/table-management/reservations/{reservationId:guid}/cancel	403	must-need-permission
[xUnit.net 00:00:15.54]         D2	POST	/api/v1/terminals/{terminalId:guid}/table-management/reservations/{reservationId:guid}/claim	403	must-need-permission
[xUnit.net 00:00:15.54]         D2	POST	/api/v1/terminals/{terminalId:guid}/table-management/reservations/{reservationId:guid}/expire	403	must-need-permission
[xUnit.net 00:00:15.54]         D2	POST	/api/v1/terminals/{terminalId:guid}/table-management/tables	403	must-need-permission
[xUnit.net 00:00:15.54]         D2	PUT	/api/v1/terminals/{terminalId:guid}/table-management/tables/{tableId:guid}	403	must-need-permission
[xUnit.net 00:00:15.54]         D2	POST	/api/v1/terminals/{terminalId:guid}/table-management/tables/{tableId:guid}/status	403	must-need-permission
[xUnit.net 00:00:15.54]         D2	POST	/api/v1/terminals/{terminalId:guid}/table-management/transfers	403	must-need-permission
[xUnit.net 00:00:15.54]         D2	POST	/api/v1/terminals/{terminalId:guid}/table-management/zones	403	must-need-permission
[xUnit.net 00:00:15.54]         D2	PUT	/api/v1/terminals/{terminalId:guid}/table-management/zones/{zoneId:guid}	403	must-need-permission
[xUnit.net 00:00:15.54]         D2	DELETE	/api/v1/terminals/{terminalId:guid}/table-management/zones/{zoneId:guid}	403	must-need-permission
[xUnit.net 00:00:15.54]         D2	POST	/api/v1/terminals/{terminalId:guid}/token-credential/	403	must-need-permission
[xUnit.net 00:00:15.54]         D2-PASSED-GUARD	POST /api/v1/terminals/{terminalId:guid}/billing/bills/{billId:guid}/tenders/ -> 400
info: Microsoft.AspNetCore.Hosting.Diagnostics[1]
      Request starting HTTP/1.1 POST http://127.0.0.1:40461/api/v1/auth/login - application/json;+charset=utf-8 116
  Failed ALKAROS.Audit.AuthorizationProbes.AuthorizationProbes.D2EveryMutationRouteRejectsPermissionlessSession [4 s]
  Error Message:
   Assert.Empty() Failure: Collection was not empty
Collection: ["POST /api/v1/terminals/{terminalId:guid}/billing/b"···]
  Stack Trace:
     at ALKAROS.Audit.AuthorizationProbes.AuthorizationProbes.D2EveryMutationRouteRejectsPermissionlessSession() in /fix/evidence/V1-RMD-399/probes/AuthorizationProbes/AuthorizationProbes.cs:line 426
--- End of stack trace from previous location ---
  Standard Output Messages:
 D2	POST	/api/v1/auth/logout	204	session-only-by-design
 D2	POST	/api/v1/auth/pin	400	session-only-by-design
 D2	POST	/api/v1/auth/unlock	400	session-only-by-design
 D2	POST	/api/v1/management/authorization/behavioural-tightenings/{tighteningId:guid}/clear	403	must-need-permission
 D2	POST	/api/v1/management/authorization/delegations/{delegationId:guid}/revoke	403	must-need-permission
 D2	POST	/api/v1/management/authorization/grants/{grantId:guid}/approve	403	must-need-permission
 D2	POST	/api/v1/management/authorization/grants/{grantId:guid}/deny	403	must-need-permission
 D2	PUT	/api/v1/management/business-identity/logo	404	second-pass
 D2	DELETE	/api/v1/management/business-identity/logo	403	must-need-permission
 D2	POST	/api/v1/management/catalog/categories	403	must-need-permission
 D2	POST	/api/v1/management/catalog/modifier-groups	403	must-need-permission
 D2	POST	/api/v1/management/catalog/modifiers	403	must-need-permission
 D2	POST	/api/v1/management/catalog/prices	403	must-need-permission
 D2	POST	/api/v1/management/catalog/product-modifier-assignments	403	must-need-permission
 D2	POST	/api/v1/management/catalog/products	403	must-need-permission
 D2	POST	/api/v1/management/catalog/products/{productId:guid}/availability	403	must-need-permission
 D2	POST	/api/v1/management/catalog/products/{productId:guid}/prep-time	403	must-need-permission
 D2	POST	/api/v1/management/catalog/tax-profiles	403	must-need-permission
 D2	PUT	/api/v1/management/customer-display/screensaver	404	second-pass
 D2	DELETE	/api/v1/management/customer-display/screensaver	403	must-need-permission
 D2	POST	/api/v1/management/inventory/modifiers/{modifierId:guid}/stock-mappings	403	must-need-permission
 D2	DELETE	/api/v1/management/inventory/modifiers/{modifierId:guid}/stock-mappings/{stockItemId:guid}	403	must-need-permission
 D2	POST	/api/v1/management/inventory/products/{productId:guid}/stock-mappings	403	must-need-permission
 D2	DELETE	/api/v1/management/inventory/products/{productId:guid}/stock-mappings/{stockItemId:guid}	403	must-need-permission
 D2	POST	/api/v1/management/inventory/stock-items	403	must-need-permission
 D2	POST	/api/v1/management/inventory/stock-items/{stockItemId:guid}/physical-counts	403	must-need-permission
 D2	PUT	/api/v1/management/inventory/stock-items/{stockItemId:guid}/reorder-point	403	must-need-permission
 D2	POST	/api/v1/management/inventory/stock-items/{stockItemId:guid}/waste	403	must-need-permission
 D2	POST	/api/v1/management/inventory/stock-locations	403	must-need-permission
 D2	POST	/api/v1/management/menus-and-specials/daily-menus	403	must-need-permission
 D2	PUT	/api/v1/management/menus-and-specials/daily-menus/items/{dailyMenuItemId:guid}/planned-portions	403	must-need-permission
 D2	PUT	/api/v1/management/menus-and-specials/daily-menus/items/{dailyMenuItemId:guid}/price	403	must-need-permission
 D2	PUT	/api/v1/management/menus-and-specials/daily-menus/items/{dailyMenuItemId:guid}/status	403	must-need-permission
 D2	POST	/api/v1/management/menus-and-specials/daily-menus/{dailyMenuId:guid}/close	403	must-need-permission
 D2	POST	/api/v1/management/menus-and-specials/daily-menus/{dailyMenuId:guid}/items	403	must-need-permission
 D2	POST	/api/v1/management/menus-and-specials/daily-menus/{dailyMenuId:guid}/open	403	must-need-permission
 D2	POST	/api/v1/management/menus-and-specials/menus	403	must-need-permission
 D2	PUT	/api/v1/management/menus-and-specials/menus/{menuId:guid}	403	must-need-permission
 D2	POST	/api/v1/management/menus-and-specials/menus/{menuId:guid}/items	403	must-need-permission
 D2	POST	/api/v1/management/menus-and-specials/menus/{menuId:guid}/items/reorder	403	must-need-permission
 D2	PUT	/api/v1/management/menus-and-specials/menus/{menuId:guid}/items/{menuItemId:guid}	403	must-need-permission
 D2	POST	/api/v1/management/observability/alerts/raise	403	must-need-permission
 D2	POST	/api/v1/management/observability/alerts/{alertId:guid}/acknowledge	403	must-need-permission
 D2	POST	/api/v1/management/observability/alerts/{alertId:guid}/escalate	403	must-need-permission
 D2	POST	/api/v1/management/observability/alerts/{alertId:guid}/resolve	403	must-need-permission
 D2	POST	/api/v1/management/observability/alerts/{alertId:guid}/suppress	403	must-need-permission
 D2	POST	/api/v1/management/observability/health-checks	403	must-need-permission
 D2	POST	/api/v1/management/payments/reconciliation-scan	403	must-need-permission
 D2	POST	/api/v1/management/production/batches	403	must-need-permission
 D2	POST	/api/v1/management/production/batches/{batchId:guid}/cancel	403	must-need-permission
 D2	POST	/api/v1/management/production/batches/{batchId:guid}/complete	403	must-need-permission
 D2	PUT	/api/v1/management/production/batches/{batchId:guid}/recipe-version	403	must-need-permission
 D2	POST	/api/v1/management/production/batches/{batchId:guid}/start	403	must-need-permission
 D2	POST	/api/v1/management/purchasing/purchase-orders	403	must-need-permission
 D2	POST	/api/v1/management/purchasing/purchase-orders/{orderId:guid}/cancel	403	must-need-permission
 D2	POST	/api/v1/management/purchasing/purchase-orders/{orderId:guid}/receipts	403	must-need-permission
 D2	POST	/api/v1/management/purchasing/purchase-orders/{orderId:guid}/submit	403	must-need-permission
 D2	POST	/api/v1/management/purchasing/suppliers	403	must-need-permission
 D2	PUT	/api/v1/management/purchasing/suppliers/{supplierId:guid}	403	must-need-permission
 D2	POST	/api/v1/management/purchasing/suppliers/{supplierId:guid}/activate	403	must-need-permission
 D2	POST	/api/v1/management/purchasing/suppliers/{supplierId:guid}/deactivate	403	must-need-permission
 D2	POST	/api/v1/management/recipes/	403	must-need-permission
 D2	POST	/api/v1/management/recipes/products/{productId:guid}/mapping	403	must-need-permission
 D2	DELETE	/api/v1/management/recipes/products/{productId:guid}/mapping	403	must-need-permission
 D2	POST	/api/v1/management/recipes/unit-conversions	403	must-need-permission
 D2	POST	/api/v1/management/recipes/versions/{versionId:guid}/ingredients	403	must-need-permission
 D2	DELETE	/api/v1/management/recipes/versions/{versionId:guid}/ingredients/{ingredientItemId:guid}	403	must-need-permission
 D2	POST	/api/v1/management/recipes/versions/{versionId:guid}/lock	403	must-need-permission
 D2	POST	/api/v1/management/recipes/{recipeId:guid}/versions	403	must-need-permission
 D2	POST	/api/v1/management/recipes/{recipeId:guid}/versions/next	403	must-need-permission
 D2	POST	/api/v1/management/recipes/{recipeId:guid}/versions/{versionNumber:int}/activate	403	must-need-permission
 D2	POST	/api/v1/management/recipes/{recipeVersionId:guid}/cost-snapshots/	403	must-need-permission
 D2	POST	/api/v1/management/reconciliation/cases/	403	must-need-permission
 D2	POST	/api/v1/management/reconciliation/cases/{caseId:guid}/notes	403	must-need-permission
 D2	POST	/api/v1/management/reconciliation/cases/{caseId:guid}/transition	403	must-need-permission
 D2	POST	/api/v1/management/reconciliation/online-orders/cases/{caseId:guid}/resolve	403	must-need-permission
 D2	POST	/api/v1/management/reconciliation/online-orders/cases/{caseId:guid}/retry	403	must-need-permission
 D2	POST	/api/v1/management/reconciliation/online-orders/scan	403	must-need-permission
 D2	POST	/api/v1/management/reporting/business-day/open	403	must-need-permission
 D2	POST	/api/v1/management/reporting/business-day/{businessDate}/close	403	must-need-permission
 D2	POST	/api/v1/management/roles/permissions	400	second-pass
 D2	POST	/api/v1/management/roles/roles	400	second-pass
 D2	POST	/api/v1/management/roles/roles/{roleId:guid}/permissions	400	second-pass
 D2	DELETE	/api/v1/management/roles/roles/{roleId:guid}/permissions/{permissionCode}	403	must-need-permission
 D2	POST	/api/v1/management/roles/roles/{roleId:guid}/users/{userId:guid}	403	must-need-permission
 D2	DELETE	/api/v1/management/roles/roles/{roleId:guid}/users/{userId:guid}	403	must-need-permission
 D2	POST	/api/v1/management/security/diagnostic-bundle	403	must-need-permission
 D2	POST	/api/v1/management/security/maintenance/jobs/{name}/run	403	must-need-permission
 D2	POST	/api/v1/management/security/orders/close-settled	403	must-need-permission
 D2	POST	/api/v1/management/security/outbox/dead-letters/{id:guid}/requeue	403	must-need-permission
 D2	POST	/api/v1/management/security/secrets/{name}/rotation/initialize	403	must-need-permission
 D2	POST	/api/v1/management/security/secrets/{name}/rotation/revoke	403	must-need-permission
 D2	POST	/api/v1/management/security/secrets/{name}/rotation/rollback	403	must-need-permission
 D2	POST	/api/v1/management/security/secrets/{name}/rotation/rotate	403	must-need-permission
 D2	POST	/api/v1/management/security/users/{userId:guid}/force-unlock	403	must-need-permission
 D2	POST	/api/v1/management/security/users/{userId:guid}/revoke-sessions	403	must-need-permission
 D2	PUT	/api/v1/management/settings/{key}	403	must-need-permission
 D2	DELETE	/api/v1/management/settings/{key}	403	must-need-permission
 D2	POST	/api/v1/management/users/	400	second-pass
 D2	POST	/api/v1/terminals/{terminalId:guid}/billing/bills/from-order/{orderId:guid}	403	must-need-permission
 D2	POST	/api/v1/terminals/{terminalId:guid}/billing/bills/{billId:guid}/discount	400	session-only-by-design
 D2	PUT	/api/v1/terminals/{terminalId:guid}/billing/bills/{billId:guid}/split-design/amounts	403	must-need-permission
 D2	POST	/api/v1/terminals/{terminalId:guid}/billing/bills/{billId:guid}/split-design/clear	403	must-need-permission
 D2	PUT	/api/v1/terminals/{terminalId:guid}/billing/bills/{billId:guid}/split-design/custom	403	must-need-permission
 D2	PUT	/api/v1/terminals/{terminalId:guid}/billing/bills/{billId:guid}/split-design/equal	403	must-need-permission
 D2	PUT	/api/v1/terminals/{terminalId:guid}/billing/bills/{billId:guid}/split-design/items	403	must-need-permission
 D2	POST	/api/v1/terminals/{terminalId:guid}/billing/bills/{billId:guid}/tenders/	400	must-need-permission
 D2	POST	/api/v1/terminals/{terminalId:guid}/billing/bills/{billId:guid}/tenders/confirmations/{confirmationId:guid}/approve	403	must-need-permission
 D2	POST	/api/v1/terminals/{terminalId:guid}/billing/bills/{billId:guid}/tenders/confirmations/{confirmationId:guid}/reject	403	must-need-permission
 D2	POST	/api/v1/terminals/{terminalId:guid}/billing/bills/{billId:guid}/tenders/unsettled/{paymentId:guid}/card-charged	403	must-need-permission
 D2	POST	/api/v1/terminals/{terminalId:guid}/billing/bills/{billId:guid}/tenders/unsettled/{paymentId:guid}/not-charged	403	must-need-permission
 D2	POST	/api/v1/terminals/{terminalId:guid}/billing/bills/{billId:guid}/tip	403	must-need-permission
 D2	POST	/api/v1/terminals/{terminalId:guid}/cash-sessions/	403	must-need-permission
 D2	POST	/api/v1/terminals/{terminalId:guid}/cash-sessions/{cashSessionId:guid}/cash-movements	403	must-need-permission
 D2	POST	/api/v1/terminals/{terminalId:guid}/cash-sessions/{cashSessionId:guid}/cash-tender	403	must-need-permission
 D2	POST	/api/v1/terminals/{terminalId:guid}/cash-sessions/{cashSessionId:guid}/close	403	must-need-permission
 D2	POST	/api/v1/terminals/{terminalId:guid}/cash-sessions/{cashSessionId:guid}/counts	403	must-need-permission
 D2	POST	/api/v1/terminals/{terminalId:guid}/cash-sessions/{cashSessionId:guid}/reconcile	403	must-need-permission
 D2	POST	/api/v1/terminals/{terminalId:guid}/cash-sessions/{cashSessionId:guid}/start-count	403	must-need-permission
 D2	POST	/api/v1/terminals/{terminalId:guid}/display-sessions/revoke	200	session-only-by-design
 D2	POST	/api/v1/terminals/{terminalId:guid}/help-requests/	400	session-only-by-design
 D2	POST	/api/v1/terminals/{terminalId:guid}/kitchen-operations/deliveries/{deliveryId:guid}/reprint-approval	403	must-need-permission
 D2	POST	/api/v1/terminals/{terminalId:guid}/kitchen-operations/deliveries/{deliveryId:guid}/reprint-rejection	403	must-need-permission
 D2	POST	/api/v1/terminals/{terminalId:guid}/kitchen-operations/operations/backups	403	must-need-permission
 D2	PUT	/api/v1/terminals/{terminalId:guid}/kitchen-operations/printers/{printerId:guid}	403	must-need-permission
 D2	POST	/api/v1/terminals/{terminalId:guid}/kitchen-operations/products/{productId:guid}/suspend	403	must-need-permission
 D2	POST	/api/v1/terminals/{terminalId:guid}/kitchen-operations/routes/{routeId:guid}	403	must-need-permission
 D2	PUT	/api/v1/terminals/{terminalId:guid}/kitchen-operations/routes/{routeId:guid}	403	must-need-permission
 D2	POST	/api/v1/terminals/{terminalId:guid}/kitchen-operations/tickets/{ticketId:guid}/items/{itemId:guid}/transition	403	must-need-permission
 D2	POST	/api/v1/terminals/{terminalId:guid}/kitchen-operations/tickets/{ticketId:guid}/items/{itemId:guid}/undo	403	must-need-permission
 D2	POST	/api/v1/terminals/{terminalId:guid}/kitchen-operations/tickets/{ticketId:guid}/transition	403	must-need-permission
 D2	POST	/api/v1/terminals/{terminalId:guid}/offline-reconciliation/	404	session-only-by-design
 D2	PUT	/api/v1/terminals/{terminalId:guid}/online-menu/{provider}/mappings/{productId:guid}	403	must-need-permission
 D2	DELETE	/api/v1/terminals/{terminalId:guid}/online-menu/{provider}/mappings/{productId:guid}	403	must-need-permission
 D2	POST	/api/v1/terminals/{terminalId:guid}/online-operations/orders/{orderId:guid}/cancel	403	must-need-permission
 D2	POST	/api/v1/terminals/{terminalId:guid}/online-operations/orders/{orderId:guid}/hand-over	403	must-need-permission
 D2	POST	/api/v1/terminals/{terminalId:guid}/online-ordering/catalog-publications/	403	must-need-permission
 D2	PUT	/api/v1/terminals/{terminalId:guid}/online-platform-credentials/{provider}	403	must-need-permission
 D2	POST	/api/v1/terminals/{terminalId:guid}/online-problems/{caseId:guid}/resolve	403	must-need-permission
 D2	POST	/api/v1/terminals/{terminalId:guid}/online-problems/{caseId:guid}/retry	403	must-need-permission
 D2	PUT	/api/v1/terminals/{terminalId:guid}/online-store-status/{provider}	403	must-need-permission
 D2	POST	/api/v1/terminals/{terminalId:guid}/orders	403	must-need-permission
 D2	POST	/api/v1/terminals/{terminalId:guid}/orders/handoff-note/pop	204	session-only-by-design
 D2	POST	/api/v1/terminals/{terminalId:guid}/orders/table	403	must-need-permission
 D2	POST	/api/v1/terminals/{terminalId:guid}/orders/table-draft	403	must-need-permission
 D2	POST	/api/v1/terminals/{terminalId:guid}/orders/transfer-server	403	must-need-permission
 D2	POST	/api/v1/terminals/{terminalId:guid}/orders/{orderId:guid}/accept	403	must-need-permission
 D2	POST	/api/v1/terminals/{terminalId:guid}/orders/{orderId:guid}/fire-course	403	must-need-permission
 D2	POST	/api/v1/terminals/{terminalId:guid}/orders/{orderId:guid}/items	403	must-need-permission
 D2	PATCH	/api/v1/terminals/{terminalId:guid}/orders/{orderId:guid}/items/{itemId:guid}	403	must-need-permission
 D2	DELETE	/api/v1/terminals/{terminalId:guid}/orders/{orderId:guid}/items/{itemId:guid}	400	second-pass
 D2	POST	/api/v1/terminals/{terminalId:guid}/orders/{orderId:guid}/items/{itemId:guid}/comp	400	session-only-by-design
 D2	POST	/api/v1/terminals/{terminalId:guid}/orders/{orderId:guid}/items/{itemId:guid}/void	403	must-need-permission
 D2	POST	/api/v1/terminals/{terminalId:guid}/orders/{orderId:guid}/items/{itemId:guid}/void-sent	400	session-only-by-design
 D2	POST	/api/v1/terminals/{terminalId:guid}/orders/{orderId:guid}/recall-from-cashier	403	must-need-permission
 D2	POST	/api/v1/terminals/{terminalId:guid}/orders/{orderId:guid}/reject	403	must-need-permission
 D2	POST	/api/v1/terminals/{terminalId:guid}/orders/{orderId:guid}/send-to-cashier	403	must-need-permission
 D2	POST	/api/v1/terminals/{terminalId:guid}/orders/{orderId:guid}/submit	403	must-need-permission
 D2	POST	/api/v1/terminals/{terminalId:guid}/orders/{orderId:guid}/submit-draft	403	must-need-permission
 D2	POST	/api/v1/terminals/{terminalId:guid}/pairings/approve	400	session-only-by-design
 D2	POST	/api/v1/terminals/{terminalId:guid}/push/subscriptions	400	session-only-by-design
 D2	DELETE	/api/v1/terminals/{terminalId:guid}/push/subscriptions	400	session-only-by-design
 D2	POST	/api/v1/terminals/{terminalId:guid}/qnb-credential/	403	must-need-permission
 D2	POST	/api/v1/terminals/{terminalId:guid}/qnb-credential/test-connection	403	must-need-permission
 D2	POST	/api/v1/terminals/{terminalId:guid}/relay-credential/	403	must-need-permission
 D2	POST	/api/v1/terminals/{terminalId:guid}/relay-credential/provision	403	must-need-permission
 D2	PUT	/api/v1/terminals/{terminalId:guid}/table-management/floor-plans/{zoneId:guid}	403	must-need-permission
 D2	POST	/api/v1/terminals/{terminalId:guid}/table-management/merges	403	must-need-permission
 D2	POST	/api/v1/terminals/{terminalId:guid}/table-management/merges/{mergeGroupId:guid}/unmerge	403	must-need-permission
 D2	POST	/api/v1/terminals/{terminalId:guid}/table-management/reservations	403	must-need-permission
 D2	POST	/api/v1/terminals/{terminalId:guid}/table-management/reservations/{reservationId:guid}/cancel	403	must-need-permission
 D2	POST	/api/v1/terminals/{terminalId:guid}/table-management/reservations/{reservationId:guid}/claim	403	must-need-permission
 D2	POST	/api/v1/terminals/{terminalId:guid}/table-management/reservations/{reservationId:guid}/expire	403	must-need-permission
 D2	POST	/api/v1/terminals/{terminalId:guid}/table-management/tables	403	must-need-permission
 D2	PUT	/api/v1/terminals/{terminalId:guid}/table-management/tables/{tableId:guid}	403	must-need-permission
 D2	POST	/api/v1/terminals/{terminalId:guid}/table-management/tables/{tableId:guid}/status	403	must-need-permission
 D2	POST	/api/v1/terminals/{terminalId:guid}/table-management/transfers	403	must-need-permission
 D2	POST	/api/v1/terminals/{terminalId:guid}/table-management/zones	403	must-need-permission
 D2	PUT	/api/v1/terminals/{terminalId:guid}/table-management/zones/{zoneId:guid}	403	must-need-permission
 D2	DELETE	/api/v1/terminals/{terminalId:guid}/table-management/zones/{zoneId:guid}	403	must-need-permission
 D2	POST	/api/v1/terminals/{terminalId:guid}/token-credential/	403	must-need-permission
 D2-PASSED-GUARD	POST /api/v1/terminals/{terminalId:guid}/billing/bills/{billId:guid}/tenders/ -> 400


info: Microsoft.AspNetCore.Routing.EndpointMiddleware[0]
      Executing endpoint 'HTTP: POST /api/v1/auth/login'
info: Microsoft.AspNetCore.Http.Result.OkObjectResult[1]
      Setting HTTP status code 200.
info: Microsoft.AspNetCore.Http.Result.OkObjectResult[3]
      Writing value of type '<>f__AnonymousType3`6' as Json.
info: Microsoft.AspNetCore.Routing.EndpointMiddleware[1]
      Executed endpoint 'HTTP: POST /api/v1/auth/login'
info: Microsoft.AspNetCore.Hosting.Diagnostics[2]
      Request finished HTTP/1.1 POST https://127.0.0.1:40461/api/v1/auth/login - 200 - application/json;+charset=utf-8 494.3064ms
info: Microsoft.AspNetCore.Hosting.Diagnostics[1]
      Request starting HTTP/1.1 POST http://127.0.0.1:40461/api/v1/terminals/0df3bb6f-bd36-4c23-8e8d-c914d69f4444/offline-reconciliation - application/json;+charset=utf-8 493
info: Microsoft.AspNetCore.Routing.EndpointMiddleware[0]
      Executing endpoint 'HTTP: POST /api/v1/terminals/{terminalId:guid}/offline-reconciliation/'
info: Microsoft.AspNetCore.Http.Result.OkObjectResult[1]
      Setting HTTP status code 200.
info: Microsoft.AspNetCore.Http.Result.OkObjectResult[3]
      Writing value of type 'OfflineReconciliationResponseV1' as Json.
info: Microsoft.AspNetCore.Routing.EndpointMiddleware[1]
      Executed endpoint 'HTTP: POST /api/v1/terminals/{terminalId:guid}/offline-reconciliation/'
info: Microsoft.AspNetCore.Hosting.Diagnostics[2]
      Request finished HTTP/1.1 POST https://127.0.0.1:40461/api/v1/terminals/0df3bb6f-bd36-4c23-8e8d-c914d69f4444/offline-reconciliation - 200 - application/json;+charset=utf-8 64.4618ms
[xUnit.net 00:00:16.14]     ALKAROS.Audit.AuthorizationProbes.AuthorizationProbes.C7OfflineReconciliationAppliesOwnCheck [FAIL]
[xUnit.net 00:00:16.14]       Assert.Equal() Failure: Strings differ
[xUnit.net 00:00:16.14]                  ↓ (pos 0)
[xUnit.net 00:00:16.14]       Expected: "Denied"
[xUnit.net 00:00:16.14]       Actual:   "Pending"
[xUnit.net 00:00:16.14]                  ↑ (pos 0)
[xUnit.net 00:00:16.14]       Stack Trace:
[xUnit.net 00:00:16.14]         /fix/evidence/V1-RMD-399/probes/AuthorizationProbes/AuthorizationProbes.cs(325,0): at ALKAROS.Audit.AuthorizationProbes.AuthorizationProbes.C7OfflineReconciliationAppliesOwnCheck()
[xUnit.net 00:00:16.14]         --- End of stack trace from previous location ---
[xUnit.net 00:00:16.14]       Output:
[xUnit.net 00:00:16.14]         offline comp on another waiter's check -> Pending
info: Microsoft.AspNetCore.Hosting.Diagnostics[1]
      Request starting HTTP/1.1 POST http://127.0.0.1:40461/api/v1/management/authorization/behavioural-tightenings/38f92cd3-d044-44a6-b388-ae89da012e85/clear - application/json;+charset=utf-8 2
info: Microsoft.AspNetCore.Routing.EndpointMiddleware[0]
      Executing endpoint 'HTTP: POST /api/v1/management/authorization/behavioural-tightenings/{tighteningId:guid}/clear'
info: Microsoft.AspNetCore.Http.Result.JsonResult[1]
      Setting HTTP status code 403.
info: Microsoft.AspNetCore.Http.Result.JsonResult[3]
      Writing value of type 'AuthorizationDecisionErrorEnvelopeV1' as Json.
info: Microsoft.AspNetCore.Routing.EndpointMiddleware[1]
      Executed endpoint 'HTTP: POST /api/v1/management/authorization/behavioural-tightenings/{tighteningId:guid}/clear'
info: Microsoft.AspNetCore.Hosting.Diagnostics[2]
      Request finished HTTP/1.1 POST https://127.0.0.1:40461/api/v1/management/authorization/behavioural-tightenings/38f92cd3-d044-44a6-b388-ae89da012e85/clear - 403 - application/json;+charset=utf-8 13.2896ms
info: Microsoft.AspNetCore.Hosting.Diagnostics[1]
      Request starting HTTP/1.1 POST http://127.0.0.1:40461/api/v1/auth/login - application/json;+charset=utf-8 116
info: Microsoft.AspNetCore.Routing.EndpointMiddleware[0]
      Executing endpoint 'HTTP: POST /api/v1/auth/login'
info: Microsoft.AspNetCore.Http.Result.OkObjectResult[1]
      Setting HTTP status code 200.
info: Microsoft.AspNetCore.Http.Result.OkObjectResult[3]
      Writing value of type '<>f__AnonymousType3`6' as Json.
info: Microsoft.AspNetCore.Routing.EndpointMiddleware[1]
      Executed endpoint 'HTTP: POST /api/v1/auth/login'
info: Microsoft.AspNetCore.Hosting.Diagnostics[2]
      Request finished HTTP/1.1 POST https://127.0.0.1:40461/api/v1/auth/login - 200 - application/json;+charset=utf-8 536.0814ms
info: Microsoft.AspNetCore.Hosting.Diagnostics[1]
      Request starting HTTP/1.1 POST http://127.0.0.1:40461/api/v1/terminals/9db352a5-4f2a-408e-bcc9-d31cfb4e534c/cash-sessions - application/json;+charset=utf-8 22
info: Microsoft.AspNetCore.Routing.EndpointMiddleware[0]
      Executing endpoint 'HTTP: POST /api/v1/terminals/{terminalId:guid}/cash-sessions/'
info: Microsoft.AspNetCore.Routing.EndpointMiddleware[1]
      Executed endpoint 'HTTP: POST /api/v1/terminals/{terminalId:guid}/cash-sessions/'
info: Microsoft.AspNetCore.Hosting.Diagnostics[2]
      Request finished HTTP/1.1 POST https://127.0.0.1:40461/api/v1/terminals/9db352a5-4f2a-408e-bcc9-d31cfb4e534c/cash-sessions - 403 - application/json;+charset=utf-8 11.0781ms
info: Microsoft.AspNetCore.Hosting.Diagnostics[1]
      Request starting HTTP/1.1 POST http://127.0.0.1:40461/api/v1/auth/login - application/json;+charset=utf-8 116
info: Microsoft.AspNetCore.Routing.EndpointMiddleware[0]
      Executing endpoint 'HTTP: POST /api/v1/auth/login'
  Failed ALKAROS.Audit.AuthorizationProbes.AuthorizationProbes.C7OfflineReconciliationAppliesOwnCheck [633 ms]
  Error Message:
   Assert.Equal() Failure: Strings differ
           ↓ (pos 0)
Expected: "Denied"
Actual:   "Pending"
           ↑ (pos 0)
  Stack Trace:
     at ALKAROS.Audit.AuthorizationProbes.AuthorizationProbes.C7OfflineReconciliationAppliesOwnCheck() in /fix/evidence/V1-RMD-399/probes/AuthorizationProbes/AuthorizationProbes.cs:line 325
--- End of stack trace from previous location ---
  Standard Output Messages:
 offline comp on another waiter's check -> Pending


  Passed ALKAROS.Audit.AuthorizationProbes.AuthorizationProbes.C5UserCannotClearOwnTightening [29 ms]
  Passed ALKAROS.Audit.AuthorizationProbes.AuthorizationProbes.D3RoleWithoutCashDrawerCannotOperateTheDrawer(roleCode: "kitchen-staff") [562 ms]
  Standard Output Messages:
 kitchen-staff opens a cash session: 403


info: Microsoft.AspNetCore.Http.Result.OkObjectResult[1]
      Setting HTTP status code 200.
info: Microsoft.AspNetCore.Http.Result.OkObjectResult[3]
      Writing value of type '<>f__AnonymousType3`6' as Json.
info: Microsoft.AspNetCore.Routing.EndpointMiddleware[1]
      Executed endpoint 'HTTP: POST /api/v1/auth/login'
info: Microsoft.AspNetCore.Hosting.Diagnostics[2]
      Request finished HTTP/1.1 POST https://127.0.0.1:40461/api/v1/auth/login - 200 - application/json;+charset=utf-8 460.1641ms
info: Microsoft.AspNetCore.Hosting.Diagnostics[1]
      Request starting HTTP/1.1 POST http://127.0.0.1:40461/api/v1/terminals/d3449561-2c21-4ce1-9d0c-dc866abb5c97/cash-sessions - application/json;+charset=utf-8 22
info: Microsoft.AspNetCore.Routing.EndpointMiddleware[0]
      Executing endpoint 'HTTP: POST /api/v1/terminals/{terminalId:guid}/cash-sessions/'
info: Microsoft.AspNetCore.Routing.EndpointMiddleware[1]
      Executed endpoint 'HTTP: POST /api/v1/terminals/{terminalId:guid}/cash-sessions/'
info: Microsoft.AspNetCore.Hosting.Diagnostics[2]
      Request finished HTTP/1.1 POST https://127.0.0.1:40461/api/v1/terminals/d3449561-2c21-4ce1-9d0c-dc866abb5c97/cash-sessions - 403 - application/json;+charset=utf-8 5.8616ms
info: Microsoft.AspNetCore.Hosting.Diagnostics[1]
      Request starting HTTP/1.1 PUT http://127.0.0.1:40461/api/v1/management/business-identity/logo - multipart/form-data;+boundary="63fabb5b-bc3b-4710-9d9d-a0567674a1f2" 210
info: Microsoft.AspNetCore.Routing.EndpointMiddleware[0]
      Executing endpoint 'HTTP: PUT /api/v1/management/business-identity/logo'
info: Microsoft.AspNetCore.Http.Result.JsonResult[1]
      Setting HTTP status code 401.
info: Microsoft.AspNetCore.Http.Result.JsonResult[3]
      Writing value of type 'SettingsApiErrorEnvelopeV1' as Json.
info: Microsoft.AspNetCore.Routing.EndpointMiddleware[1]
      Executed endpoint 'HTTP: PUT /api/v1/management/business-identity/logo'
info: Microsoft.AspNetCore.Hosting.Diagnostics[2]
      Request finished HTTP/1.1 PUT https://127.0.0.1:40461/api/v1/management/business-identity/logo - 401 - application/json;+charset=utf-8 13.3132ms
info: Microsoft.AspNetCore.Hosting.Diagnostics[1]
      Request starting HTTP/1.1 PUT http://127.0.0.1:40461/api/v1/management/customer-display/screensaver - multipart/form-data;+boundary="9142234a-ad2a-4b99-8f7f-0a8c43780fe4" 210
info: Microsoft.AspNetCore.Routing.EndpointMiddleware[0]
      Executing endpoint 'HTTP: PUT /api/v1/management/customer-display/screensaver'
info: Microsoft.AspNetCore.Http.Result.JsonResult[1]
      Setting HTTP status code 401.
info: Microsoft.AspNetCore.Http.Result.JsonResult[3]
      Writing value of type 'CatalogApiErrorEnvelopeV1' as Json.
info: Microsoft.AspNetCore.Routing.EndpointMiddleware[1]
      Executed endpoint 'HTTP: PUT /api/v1/management/customer-display/screensaver'
info: Microsoft.AspNetCore.Hosting.Diagnostics[2]
      Request finished HTTP/1.1 PUT https://127.0.0.1:40461/api/v1/management/customer-display/screensaver - 401 - application/json;+charset=utf-8 1.4092ms
info: Microsoft.AspNetCore.Hosting.Diagnostics[1]
      Request starting HTTP/1.1 DELETE http://127.0.0.1:40461/api/v1/terminals/d3b74175-4d63-41b6-abb7-ef0fde71043d/orders/23d2ddb5-6452-4fab-ab30-4f862e5d8c1e/items/42227102-c5e8-4c40-af8b-49ea749278f2?expectedRevision=1 - - -
info: Microsoft.AspNetCore.Routing.EndpointMiddleware[0]
      Executing endpoint 'HTTP: DELETE /api/v1/terminals/{terminalId:guid}/orders/{orderId:guid}/items/{itemId:guid}'
info: Microsoft.AspNetCore.Routing.EndpointMiddleware[1]
      Executed endpoint 'HTTP: DELETE /api/v1/terminals/{terminalId:guid}/orders/{orderId:guid}/items/{itemId:guid}'
info: Microsoft.AspNetCore.Hosting.Diagnostics[2]
      Request finished HTTP/1.1 DELETE https://127.0.0.1:40461/api/v1/terminals/d3b74175-4d63-41b6-abb7-ef0fde71043d/orders/23d2ddb5-6452-4fab-ab30-4f862e5d8c1e/items/42227102-c5e8-4c40-af8b-49ea749278f2?expectedRevision=1 - 401 - application/json;+charset=utf-8 1.9648ms
info: Microsoft.AspNetCore.Hosting.Diagnostics[1]
      Request starting HTTP/1.1 DELETE http://127.0.0.1:40461/api/v1/terminals/d3b74175-4d63-41b6-abb7-ef0fde71043d/push/subscriptions?endpoint=https%3A%2F%2Fpush.example%2Fx - - -
info: Microsoft.AspNetCore.Routing.EndpointMiddleware[0]
      Executing endpoint 'HTTP: DELETE /api/v1/terminals/{terminalId:guid}/push/subscriptions'
info: Microsoft.AspNetCore.Routing.EndpointMiddleware[1]
      Executed endpoint 'HTTP: DELETE /api/v1/terminals/{terminalId:guid}/push/subscriptions'
info: Microsoft.AspNetCore.Hosting.Diagnostics[2]
      Request finished HTTP/1.1 DELETE https://127.0.0.1:40461/api/v1/terminals/d3b74175-4d63-41b6-abb7-ef0fde71043d/push/subscriptions?endpoint=https%3A%2F%2Fpush.example%2Fx - 401 - application/json;+charset=utf-8 1.7358ms
info: Microsoft.AspNetCore.Hosting.Diagnostics[1]
      Request starting HTTP/1.1 POST http://127.0.0.1:40461/api/v1/auth/login - application/json;+charset=utf-8 116
info: Microsoft.AspNetCore.Routing.EndpointMiddleware[0]
      Executing endpoint 'HTTP: POST /api/v1/auth/login'
info: Microsoft.AspNetCore.Http.Result.OkObjectResult[1]
      Setting HTTP status code 200.
info: Microsoft.AspNetCore.Http.Result.OkObjectResult[3]
      Writing value of type '<>f__AnonymousType3`6' as Json.
info: Microsoft.AspNetCore.Routing.EndpointMiddleware[1]
      Executed endpoint 'HTTP: POST /api/v1/auth/login'
info: Microsoft.AspNetCore.Hosting.Diagnostics[2]
      Request finished HTTP/1.1 POST https://127.0.0.1:40461/api/v1/auth/login - 200 - application/json;+charset=utf-8 566.2592ms
info: Microsoft.AspNetCore.Hosting.Diagnostics[1]
      Request starting HTTP/1.1 POST http://127.0.0.1:40461/api/v1/auth/login - application/json;+charset=utf-8 116
info: Microsoft.AspNetCore.Routing.EndpointMiddleware[0]
      Executing endpoint 'HTTP: POST /api/v1/auth/login'
info: Microsoft.AspNetCore.Http.Result.OkObjectResult[1]
      Setting HTTP status code 200.
info: Microsoft.AspNetCore.Http.Result.OkObjectResult[3]
      Writing value of type '<>f__AnonymousType3`6' as Json.
info: Microsoft.AspNetCore.Routing.EndpointMiddleware[1]
      Executed endpoint 'HTTP: POST /api/v1/auth/login'
info: Microsoft.AspNetCore.Hosting.Diagnostics[2]
      Request finished HTTP/1.1 POST https://127.0.0.1:40461/api/v1/auth/login - 200 - application/json;+charset=utf-8 483.3710ms
info: Microsoft.AspNetCore.Hosting.Diagnostics[1]
      Request starting HTTP/1.1 POST http://127.0.0.1:40461/api/v1/terminals/7ca07b25-ef89-474c-8b7e-af74824fee9d/offline-reconciliation - application/json;+charset=utf-8 493
info: Microsoft.AspNetCore.Routing.EndpointMiddleware[0]
      Executing endpoint 'HTTP: POST /api/v1/terminals/{terminalId:guid}/offline-reconciliation/'
info: Microsoft.AspNetCore.Http.Result.JsonResult[1]
      Setting HTTP status code 403.
info: Microsoft.AspNetCore.Http.Result.JsonResult[3]
      Writing value of type 'OfflineReconciliationErrorV1' as Json.
info: Microsoft.AspNetCore.Routing.EndpointMiddleware[1]
      Executed endpoint 'HTTP: POST /api/v1/terminals/{terminalId:guid}/offline-reconciliation/'
info: Microsoft.AspNetCore.Hosting.Diagnostics[2]
      Request finished HTTP/1.1 POST https://127.0.0.1:40461/api/v1/terminals/7ca07b25-ef89-474c-8b7e-af74824fee9d/offline-reconciliation - 403 - application/json;+charset=utf-8 5.1049ms
info: Microsoft.AspNetCore.Hosting.Diagnostics[1]
      Request starting HTTP/1.1 POST http://127.0.0.1:40461/api/v1/management/roles/permissions - application/json;+charset=utf-8 38
info: Microsoft.AspNetCore.Routing.EndpointMiddleware[0]
      Executing endpoint 'HTTP: POST /api/v1/management/roles/permissions'
info: Microsoft.AspNetCore.Http.Result.JsonResult[1]
      Setting HTTP status code 403.
info: Microsoft.AspNetCore.Http.Result.JsonResult[3]
      Writing value of type 'RoleManagementErrorEnvelopeV1' as Json.
info: Microsoft.AspNetCore.Routing.EndpointMiddleware[1]
      Executed endpoint 'HTTP: POST /api/v1/management/roles/permissions'
info: Microsoft.AspNetCore.Hosting.Diagnostics[2]
      Request finished HTTP/1.1 POST https://127.0.0.1:40461/api/v1/management/roles/permissions - 403 - application/json;+charset=utf-8 6.0108ms
info: Microsoft.AspNetCore.Hosting.Diagnostics[1]
      Request starting HTTP/1.1 POST http://127.0.0.1:40461/api/v1/management/roles/roles - application/json;+charset=utf-8 38
info: Microsoft.AspNetCore.Routing.EndpointMiddleware[0]
      Executing endpoint 'HTTP: POST /api/v1/management/roles/roles'
info: Microsoft.AspNetCore.Http.Result.JsonResult[1]
      Setting HTTP status code 403.
info: Microsoft.AspNetCore.Http.Result.JsonResult[3]
      Writing value of type 'RoleManagementErrorEnvelopeV1' as Json.
info: Microsoft.AspNetCore.Routing.EndpointMiddleware[1]
      Executed endpoint 'HTTP: POST /api/v1/management/roles/roles'
info: Microsoft.AspNetCore.Hosting.Diagnostics[2]
      Request finished HTTP/1.1 POST https://127.0.0.1:40461/api/v1/management/roles/roles - 403 - application/json;+charset=utf-8 5.8477ms
info: Microsoft.AspNetCore.Hosting.Diagnostics[1]
      Request starting HTTP/1.1 POST http://127.0.0.1:40461/api/v1/management/roles/roles/2b000000-0000-0000-0000-000000000003/permissions - application/json;+charset=utf-8 35
info: Microsoft.AspNetCore.Routing.EndpointMiddleware[0]
      Executing endpoint 'HTTP: POST /api/v1/management/roles/roles/{roleId:guid}/permissions'
info: Microsoft.AspNetCore.Http.Result.JsonResult[1]
      Setting HTTP status code 403.
info: Microsoft.AspNetCore.Http.Result.JsonResult[3]
      Writing value of type 'RoleManagementErrorEnvelopeV1' as Json.
info: Microsoft.AspNetCore.Routing.EndpointMiddleware[1]
      Executed endpoint 'HTTP: POST /api/v1/management/roles/roles/{roleId:guid}/permissions'
info: Microsoft.AspNetCore.Hosting.Diagnostics[2]
      Request finished HTTP/1.1 POST https://127.0.0.1:40461/api/v1/management/roles/roles/2b000000-0000-0000-0000-000000000003/permissions - 403 - application/json;+charset=utf-8 9.0877ms
info: Microsoft.AspNetCore.Hosting.Diagnostics[1]
      Request starting HTTP/1.1 POST http://127.0.0.1:40461/api/v1/management/roles/roles/2b000000-0000-0000-0000-000000000003/users/2e74ceec-6189-4aab-ad00-53c216b94ca8 - application/json;+charset=utf-8 2
info: Microsoft.AspNetCore.Routing.EndpointMiddleware[0]
      Executing endpoint 'HTTP: POST /api/v1/management/roles/roles/{roleId:guid}/users/{userId:guid}'
info: Microsoft.AspNetCore.Http.Result.JsonResult[1]
      Setting HTTP status code 403.
info: Microsoft.AspNetCore.Http.Result.JsonResult[3]
      Writing value of type 'RoleManagementErrorEnvelopeV1' as Json.
info: Microsoft.AspNetCore.Routing.EndpointMiddleware[1]
      Executed endpoint 'HTTP: POST /api/v1/management/roles/roles/{roleId:guid}/users/{userId:guid}'
info: Microsoft.AspNetCore.Hosting.Diagnostics[2]
      Request finished HTTP/1.1 POST https://127.0.0.1:40461/api/v1/management/roles/roles/2b000000-0000-0000-0000-000000000003/users/2e74ceec-6189-4aab-ad00-53c216b94ca8 - 403 - application/json;+charset=utf-8 4.7951ms
info: Microsoft.AspNetCore.Hosting.Diagnostics[1]
      Request starting HTTP/1.1 POST http://127.0.0.1:40461/api/v1/management/users - application/json;+charset=utf-8 79
info: Microsoft.AspNetCore.Routing.EndpointMiddleware[0]
      Executing endpoint 'HTTP: POST /api/v1/management/users/'
info: Microsoft.AspNetCore.Http.Result.JsonResult[1]
      Setting HTTP status code 403.
info: Microsoft.AspNetCore.Http.Result.JsonResult[3]
      Writing value of type 'RoleManagementErrorEnvelopeV1' as Json.
info: Microsoft.AspNetCore.Routing.EndpointMiddleware[1]
      Executed endpoint 'HTTP: POST /api/v1/management/users/'
info: Microsoft.AspNetCore.Hosting.Diagnostics[2]
      Request finished HTTP/1.1 POST https://127.0.0.1:40461/api/v1/management/users - 403 - application/json;+charset=utf-8 6.4815ms
info: Microsoft.AspNetCore.Hosting.Diagnostics[1]
      Request starting HTTP/1.1 DELETE http://127.0.0.1:40461/api/v1/terminals/fa0d7fef-1493-496c-8add-5739cf2bac04/orders/e2a5fe10-3597-427d-b5ea-76a902b73b38/items/052d7953-4ef2-4b34-af17-a5a07a851a23?expectedRevision=1 - - -
info: Microsoft.AspNetCore.Routing.EndpointMiddleware[0]
      Executing endpoint 'HTTP: DELETE /api/v1/terminals/{terminalId:guid}/orders/{orderId:guid}/items/{itemId:guid}'
info: Microsoft.AspNetCore.Routing.EndpointMiddleware[1]
      Executed endpoint 'HTTP: DELETE /api/v1/terminals/{terminalId:guid}/orders/{orderId:guid}/items/{itemId:guid}'
info: Microsoft.AspNetCore.Hosting.Diagnostics[2]
      Request finished HTTP/1.1 DELETE https://127.0.0.1:40461/api/v1/terminals/fa0d7fef-1493-496c-8add-5739cf2bac04/orders/e2a5fe10-3597-427d-b5ea-76a902b73b38/items/052d7953-4ef2-4b34-af17-a5a07a851a23?expectedRevision=1 - 403 - application/json;+charset=utf-8 7.8205ms
info: Microsoft.AspNetCore.Hosting.Diagnostics[1]
      Request starting HTTP/1.1 PUT http://127.0.0.1:40461/api/v1/management/business-identity/logo - multipart/form-data;+boundary="f1cdae71-858c-4d18-a2c0-6499991344c5" 210
info: Microsoft.AspNetCore.Routing.EndpointMiddleware[0]
      Executing endpoint 'HTTP: PUT /api/v1/management/business-identity/logo'
info: Microsoft.AspNetCore.Http.Result.JsonResult[1]
      Setting HTTP status code 403.
info: Microsoft.AspNetCore.Http.Result.JsonResult[3]
      Writing value of type 'SettingsApiErrorEnvelopeV1' as Json.
info: Microsoft.AspNetCore.Routing.EndpointMiddleware[1]
      Executed endpoint 'HTTP: PUT /api/v1/management/business-identity/logo'
info: Microsoft.AspNetCore.Hosting.Diagnostics[2]
      Request finished HTTP/1.1 PUT https://127.0.0.1:40461/api/v1/management/business-identity/logo - 403 - application/json;+charset=utf-8 6.5720ms
info: Microsoft.AspNetCore.Hosting.Diagnostics[1]
      Request starting HTTP/1.1 PUT http://127.0.0.1:40461/api/v1/management/customer-display/screensaver - multipart/form-data;+boundary="1bef43f1-8081-4edc-b5d4-628619eda92a" 210
info: Microsoft.AspNetCore.Routing.EndpointMiddleware[0]
      Executing endpoint 'HTTP: PUT /api/v1/management/customer-display/screensaver'
info: Microsoft.AspNetCore.Http.Result.JsonResult[1]
      Setting HTTP status code 403.
info: Microsoft.AspNetCore.Http.Result.JsonResult[3]
      Writing value of type 'CatalogApiErrorEnvelopeV1' as Json.
info: Microsoft.AspNetCore.Routing.EndpointMiddleware[1]
      Executed endpoint 'HTTP: PUT /api/v1/management/customer-display/screensaver'
info: Microsoft.AspNetCore.Hosting.Diagnostics[2]
      Request finished HTTP/1.1 PUT https://127.0.0.1:40461/api/v1/management/customer-display/screensaver - 403 - application/json;+charset=utf-8 5.1666ms
info: Microsoft.AspNetCore.Hosting.Diagnostics[1]
      Request starting HTTP/1.1 POST http://127.0.0.1:40461/api/v1/auth/login - application/json;+charset=utf-8 116
info: Microsoft.AspNetCore.Routing.EndpointMiddleware[0]
      Executing endpoint 'HTTP: POST /api/v1/auth/login'
  Passed ALKAROS.Audit.AuthorizationProbes.AuthorizationProbes.D3RoleWithoutCashDrawerCannotOperateTheDrawer(roleCode: "waiter") [473 ms]
  Standard Output Messages:
 waiter opens a cash session: 403


  Passed ALKAROS.Audit.AuthorizationProbes.AuthorizationProbes.D1SecondPassBindingArtifactsAreGuarded [35 ms]
  Standard Output Messages:
 PUT /api/v1/management/business-identity/logo -> 401
 PUT /api/v1/management/customer-display/screensaver -> 401
 DELETE item -> 401
 DELETE push -> 401


  Passed ALKAROS.Audit.AuthorizationProbes.AuthorizationProbes.C7OfflineBudgetOfAnotherUserIsRejected [1 s]
  Passed ALKAROS.Audit.AuthorizationProbes.AuthorizationProbes.D2SecondPassPermissionlessSessionIsRefused [76 ms]
  Standard Output Messages:
 /api/v1/management/roles/permissions -> 403
 /api/v1/management/roles/roles -> 403
 /api/v1/management/roles/roles/2b000000-0000-0000-0000-000000000003/permissions -> 403
 /api/v1/management/roles/roles/2b000000-0000-0000-0000-000000000003/users/2e74ceec-6189-4aab-ad00-53c216b94ca8 -> 403
 /api/v1/management/users -> 403
 DELETE item -> 403
 PUT /api/v1/management/business-identity/logo -> 403
 PUT /api/v1/management/customer-display/screensaver -> 403


info: Microsoft.AspNetCore.Http.Result.OkObjectResult[1]
      Setting HTTP status code 200.
info: Microsoft.AspNetCore.Http.Result.OkObjectResult[3]
      Writing value of type '<>f__AnonymousType3`6' as Json.
info: Microsoft.AspNetCore.Routing.EndpointMiddleware[1]
      Executed endpoint 'HTTP: POST /api/v1/auth/login'
info: Microsoft.AspNetCore.Hosting.Diagnostics[2]
      Request finished HTTP/1.1 POST https://127.0.0.1:40461/api/v1/auth/login - 200 - application/json;+charset=utf-8 477.5388ms
info: Microsoft.AspNetCore.Hosting.Diagnostics[1]
      Request starting HTTP/1.1 GET http://127.0.0.1:40461/api/v1/auth/session?terminalId=7db18836-eb16-4f39-977f-defce170f9c9 - - -
info: Microsoft.AspNetCore.Routing.EndpointMiddleware[0]
      Executing endpoint 'HTTP: GET /api/v1/auth/session'
info: Microsoft.AspNetCore.Http.Result.OkObjectResult[1]
      Setting HTTP status code 200.
info: Microsoft.AspNetCore.Http.Result.OkObjectResult[3]
      Writing value of type '<>f__AnonymousType4`5' as Json.
info: Microsoft.AspNetCore.Routing.EndpointMiddleware[1]
      Executed endpoint 'HTTP: GET /api/v1/auth/session'
info: Microsoft.AspNetCore.Hosting.Diagnostics[2]
      Request finished HTTP/1.1 GET https://127.0.0.1:40461/api/v1/auth/session?terminalId=7db18836-eb16-4f39-977f-defce170f9c9 - 200 - application/json;+charset=utf-8 8.9516ms
info: Microsoft.AspNetCore.Hosting.Diagnostics[1]
      Request starting HTTP/1.1 POST http://127.0.0.1:40461/api/v1/auth/logout?terminalId=7db18836-eb16-4f39-977f-defce170f9c9 - application/json;+charset=utf-8 2
info: Microsoft.AspNetCore.Routing.EndpointMiddleware[0]
      Executing endpoint 'HTTP: POST /api/v1/auth/logout'
info: Microsoft.AspNetCore.Http.Result.NoContentResult[1]
      Setting HTTP status code 204.
info: Microsoft.AspNetCore.Routing.EndpointMiddleware[1]
      Executed endpoint 'HTTP: POST /api/v1/auth/logout'
info: Microsoft.AspNetCore.Hosting.Diagnostics[2]
      Request finished HTTP/1.1 POST https://127.0.0.1:40461/api/v1/auth/logout?terminalId=7db18836-eb16-4f39-977f-defce170f9c9 - 204 - - 4.0557ms
info: Microsoft.AspNetCore.Hosting.Diagnostics[1]
      Request starting HTTP/1.1 GET http://127.0.0.1:40461/api/v1/auth/session?terminalId=7db18836-eb16-4f39-977f-defce170f9c9 - - -
info: Microsoft.AspNetCore.Routing.EndpointMiddleware[0]
      Executing endpoint 'HTTP: GET /api/v1/auth/session'
info: Microsoft.AspNetCore.Routing.EndpointMiddleware[1]
      Executed endpoint 'HTTP: GET /api/v1/auth/session'
info: Microsoft.AspNetCore.Hosting.Diagnostics[2]
      Request finished HTTP/1.1 GET https://127.0.0.1:40461/api/v1/auth/session?terminalId=7db18836-eb16-4f39-977f-defce170f9c9 - 401 - application/json;+charset=utf-8 2.7665ms
info: Microsoft.AspNetCore.Hosting.Diagnostics[1]
      Request starting HTTP/1.1 POST http://127.0.0.1:40461/api/v1/auth/login - application/json;+charset=utf-8 116
info: Microsoft.AspNetCore.Routing.EndpointMiddleware[0]
      Executing endpoint 'HTTP: POST /api/v1/auth/login'
info: Microsoft.AspNetCore.Http.Result.OkObjectResult[1]
      Setting HTTP status code 200.
info: Microsoft.AspNetCore.Http.Result.OkObjectResult[3]
      Writing value of type '<>f__AnonymousType3`6' as Json.
info: Microsoft.AspNetCore.Routing.EndpointMiddleware[1]
      Executed endpoint 'HTTP: POST /api/v1/auth/login'
info: Microsoft.AspNetCore.Hosting.Diagnostics[2]
      Request finished HTTP/1.1 POST https://127.0.0.1:40461/api/v1/auth/login - 200 - application/json;+charset=utf-8 419.3191ms
[xUnit.net 00:00:19.33]     ALKAROS.Audit.AuthorizationProbes.AuthorizationProbes.A3LoginSessionLivesAtMostEightHours [FAIL]
[xUnit.net 00:00:19.33]       Session issued by /api/v1/auth/login lives 12.00 h; V1-IAM-031 decided 8 h.
[xUnit.net 00:00:19.33]       Stack Trace:
[xUnit.net 00:00:19.33]         /fix/evidence/V1-RMD-399/probes/AuthorizationProbes/AuthorizationProbes.cs(78,0): at ALKAROS.Audit.AuthorizationProbes.AuthorizationProbes.A3LoginSessionLivesAtMostEightHours()
[xUnit.net 00:00:19.33]         --- End of stack trace from previous location ---
[xUnit.net 00:00:19.33]       Output:
[xUnit.net 00:00:19.33]         cashier-device session lifetime after real login: 12.00 h
info: Microsoft.AspNetCore.Hosting.Diagnostics[1]
      Request starting HTTP/1.1 POST http://127.0.0.1:40461/api/v1/auth/login - application/json;+charset=utf-8 116
info: Microsoft.AspNetCore.Routing.EndpointMiddleware[0]
      Executing endpoint 'HTTP: POST /api/v1/auth/login'
info: Microsoft.AspNetCore.Http.Result.OkObjectResult[1]
      Setting HTTP status code 200.
info: Microsoft.AspNetCore.Http.Result.OkObjectResult[3]
      Writing value of type '<>f__AnonymousType3`6' as Json.
info: Microsoft.AspNetCore.Routing.EndpointMiddleware[1]
      Executed endpoint 'HTTP: POST /api/v1/auth/login'
info: Microsoft.AspNetCore.Hosting.Diagnostics[2]
      Request finished HTTP/1.1 POST https://127.0.0.1:40461/api/v1/auth/login - 200 - application/json;+charset=utf-8 443.8142ms
info: Microsoft.AspNetCore.Hosting.Diagnostics[1]
      Request starting HTTP/1.1 POST http://127.0.0.1:40461/api/v1/terminals/6496c0a7-e493-4dee-80fe-83ca19944a81/offline-reconciliation - application/json;+charset=utf-8 493
info: Microsoft.AspNetCore.Routing.EndpointMiddleware[0]
      Executing endpoint 'HTTP: POST /api/v1/terminals/{terminalId:guid}/offline-reconciliation/'
info: Microsoft.AspNetCore.Http.Result.OkObjectResult[1]
      Setting HTTP status code 200.
info: Microsoft.AspNetCore.Http.Result.OkObjectResult[3]
      Writing value of type 'OfflineReconciliationResponseV1' as Json.
info: Microsoft.AspNetCore.Routing.EndpointMiddleware[1]
      Executed endpoint 'HTTP: POST /api/v1/terminals/{terminalId:guid}/offline-reconciliation/'
info: Microsoft.AspNetCore.Hosting.Diagnostics[2]
      Request finished HTTP/1.1 POST https://127.0.0.1:40461/api/v1/terminals/6496c0a7-e493-4dee-80fe-83ca19944a81/offline-reconciliation - 200 - application/json;+charset=utf-8 17.1309ms
info: Microsoft.AspNetCore.Hosting.Diagnostics[1]
      Request starting HTTP/1.1 POST http://127.0.0.1:40461/api/v1/terminals/6496c0a7-e493-4dee-80fe-83ca19944a81/offline-reconciliation - application/json;+charset=utf-8 494
info: Microsoft.AspNetCore.Routing.EndpointMiddleware[0]
      Executing endpoint 'HTTP: POST /api/v1/terminals/{terminalId:guid}/offline-reconciliation/'
info: Microsoft.AspNetCore.Http.Result.OkObjectResult[1]
      Setting HTTP status code 200.
info: Microsoft.AspNetCore.Http.Result.OkObjectResult[3]
      Writing value of type 'OfflineReconciliationResponseV1' as Json.
info: Microsoft.AspNetCore.Routing.EndpointMiddleware[1]
      Executed endpoint 'HTTP: POST /api/v1/terminals/{terminalId:guid}/offline-reconciliation/'
info: Microsoft.AspNetCore.Hosting.Diagnostics[2]
      Request finished HTTP/1.1 POST https://127.0.0.1:40461/api/v1/terminals/6496c0a7-e493-4dee-80fe-83ca19944a81/offline-reconciliation - 200 - application/json;+charset=utf-8 12.9051ms
[xUnit.net 00:00:19.83]     ALKAROS.Audit.AuthorizationProbes.AuthorizationProbes.C7OfflineReconciliationUsesTheCallersRealRole [FAIL]
[xUnit.net 00:00:19.83]       Assert.Equal() Failure: Strings differ
[xUnit.net 00:00:19.83]                  ↓ (pos 0)
[xUnit.net 00:00:19.83]       Expected: "Denied"
[xUnit.net 00:00:19.83]       Actual:   "Pending"
[xUnit.net 00:00:19.83]                  ↑ (pos 0)
[xUnit.net 00:00:19.83]       Stack Trace:
[xUnit.net 00:00:19.83]         /fix/evidence/V1-RMD-399/probes/AuthorizationProbes/AuthorizationProbes.cs(304,0): at ALKAROS.Audit.AuthorizationProbes.AuthorizationProbes.C7OfflineReconciliationUsesTheCallersRealRole()
[xUnit.net 00:00:19.83]         --- End of stack trace from previous location ---
[xUnit.net 00:00:19.83]       Output:
[xUnit.net 00:00:19.83]         honest role -> Denied; forged role 'manager' -> Pending
info: Microsoft.AspNetCore.Hosting.Diagnostics[1]
      Request starting HTTP/1.1 POST http://127.0.0.1:40461/api/v1/auth/login - application/json;+charset=utf-8 116
info: Microsoft.AspNetCore.Routing.EndpointMiddleware[0]
      Executing endpoint 'HTTP: POST /api/v1/auth/login'
  Passed ALKAROS.Audit.AuthorizationProbes.AuthorizationProbes.A2LogoutEndsSessionOnNextRequest [501 ms]
  Failed ALKAROS.Audit.AuthorizationProbes.AuthorizationProbes.A3LoginSessionLivesAtMostEightHours [432 ms]
  Error Message:
   Session issued by /api/v1/auth/login lives 12.00 h; V1-IAM-031 decided 8 h.
  Stack Trace:
     at ALKAROS.Audit.AuthorizationProbes.AuthorizationProbes.A3LoginSessionLivesAtMostEightHours() in /fix/evidence/V1-RMD-399/probes/AuthorizationProbes/AuthorizationProbes.cs:line 78
--- End of stack trace from previous location ---
  Standard Output Messages:
 cashier-device session lifetime after real login: 12.00 h


  Passed ALKAROS.Audit.AuthorizationProbes.AuthorizationProbes.B1SeededRoleMatrixMatchesDecisionRecord [12 ms]
  Failed ALKAROS.Audit.AuthorizationProbes.AuthorizationProbes.C7OfflineReconciliationUsesTheCallersRealRole [485 ms]
  Error Message:
   Assert.Equal() Failure: Strings differ
           ↓ (pos 0)
Expected: "Denied"
Actual:   "Pending"
           ↑ (pos 0)
  Stack Trace:
     at ALKAROS.Audit.AuthorizationProbes.AuthorizationProbes.C7OfflineReconciliationUsesTheCallersRealRole() in /fix/evidence/V1-RMD-399/probes/AuthorizationProbes/AuthorizationProbes.cs:line 304
--- End of stack trace from previous location ---
  Standard Output Messages:
 honest role -> Denied; forged role 'manager' -> Pending


info: Microsoft.AspNetCore.Http.Result.OkObjectResult[1]
      Setting HTTP status code 200.
info: Microsoft.AspNetCore.Http.Result.OkObjectResult[3]
      Writing value of type '<>f__AnonymousType3`6' as Json.
info: Microsoft.AspNetCore.Routing.EndpointMiddleware[1]
      Executed endpoint 'HTTP: POST /api/v1/auth/login'
info: Microsoft.AspNetCore.Hosting.Diagnostics[2]
      Request finished HTTP/1.1 POST https://127.0.0.1:40461/api/v1/auth/login - 200 - application/json;+charset=utf-8 455.4766ms
info: Microsoft.AspNetCore.Hosting.Diagnostics[1]
      Request starting HTTP/1.1 POST http://127.0.0.1:40461/api/v1/terminals/bf57dac8-6fd7-49ad-9786-6a9e0668f6c5/table-management/reservations - application/json;+charset=utf-8 2
info: Microsoft.AspNetCore.Routing.EndpointMiddleware[0]
      Executing endpoint 'HTTP: POST /api/v1/terminals/{terminalId:guid}/table-management/reservations'
info: Microsoft.AspNetCore.Http.Result.JsonResult[1]
      Setting HTTP status code 403.
info: Microsoft.AspNetCore.Http.Result.JsonResult[3]
      Writing value of type 'TableManagementErrorEnvelope' as Json.
info: Microsoft.AspNetCore.Routing.EndpointMiddleware[1]
      Executed endpoint 'HTTP: POST /api/v1/terminals/{terminalId:guid}/table-management/reservations'
info: Microsoft.AspNetCore.Hosting.Diagnostics[2]
      Request finished HTTP/1.1 POST https://127.0.0.1:40461/api/v1/terminals/bf57dac8-6fd7-49ad-9786-6a9e0668f6c5/table-management/reservations - 403 - application/json;+charset=utf-8 9.0696ms
info: Microsoft.AspNetCore.Hosting.Diagnostics[1]
      Request starting HTTP/1.1 PUT http://127.0.0.1:40461/api/v1/terminals/bf57dac8-6fd7-49ad-9786-6a9e0668f6c5/billing/bills/0a96fab0-14a6-43fd-84d5-85f5d3dedff6/split-design/equal - application/json;+charset=utf-8 2
info: Microsoft.AspNetCore.Routing.EndpointMiddleware[0]
      Executing endpoint 'HTTP: PUT /api/v1/terminals/{terminalId:guid}/billing/bills/{billId:guid}/split-design/equal'
info: Microsoft.AspNetCore.Http.Result.JsonResult[1]
      Setting HTTP status code 403.
info: Microsoft.AspNetCore.Http.Result.JsonResult[3]
      Writing value of type 'BillingSplitErrorEnvelope' as Json.
info: Microsoft.AspNetCore.Routing.EndpointMiddleware[1]
      Executed endpoint 'HTTP: PUT /api/v1/terminals/{terminalId:guid}/billing/bills/{billId:guid}/split-design/equal'
info: Microsoft.AspNetCore.Hosting.Diagnostics[2]
      Request finished HTTP/1.1 PUT https://127.0.0.1:40461/api/v1/terminals/bf57dac8-6fd7-49ad-9786-6a9e0668f6c5/billing/bills/0a96fab0-14a6-43fd-84d5-85f5d3dedff6/split-design/equal - 403 - application/json;+charset=utf-8 8.7127ms
info: Microsoft.AspNetCore.Hosting.Diagnostics[1]
      Request starting HTTP/1.1 POST http://127.0.0.1:40461/api/v1/auth/login - application/json;+charset=utf-8 116
info: Microsoft.AspNetCore.Routing.EndpointMiddleware[0]
      Executing endpoint 'HTTP: POST /api/v1/auth/login'
info: Microsoft.AspNetCore.Http.Result.OkObjectResult[1]
      Setting HTTP status code 200.
info: Microsoft.AspNetCore.Http.Result.OkObjectResult[3]
      Writing value of type '<>f__AnonymousType3`6' as Json.
info: Microsoft.AspNetCore.Routing.EndpointMiddleware[1]
      Executed endpoint 'HTTP: POST /api/v1/auth/login'
info: Microsoft.AspNetCore.Hosting.Diagnostics[2]
      Request finished HTTP/1.1 POST https://127.0.0.1:40461/api/v1/auth/login - 200 - application/json;+charset=utf-8 505.3500ms
info: Microsoft.AspNetCore.Hosting.Diagnostics[1]
      Request starting HTTP/1.1 POST http://127.0.0.1:40461/api/v1/terminals/da52fb79-8011-4361-9b58-e85da683b75f/orders/cd7479ad-9151-4cf9-8291-c9e73e9ba565/items/148f8b9d-868c-41e3-af35-cf24bb732951/comp - application/json;+charset=utf-8 119
info: Microsoft.AspNetCore.Routing.EndpointMiddleware[0]
      Executing endpoint 'HTTP: POST /api/v1/terminals/{terminalId:guid}/orders/{orderId:guid}/items/{itemId:guid}/comp'
info: Microsoft.AspNetCore.Http.Result.JsonResult[1]
      Setting HTTP status code 403.
info: Microsoft.AspNetCore.Http.Result.JsonResult[3]
      Writing value of type '<>f__AnonymousType5`1' as Json.
info: Microsoft.AspNetCore.Routing.EndpointMiddleware[1]
      Executed endpoint 'HTTP: POST /api/v1/terminals/{terminalId:guid}/orders/{orderId:guid}/items/{itemId:guid}/comp'
info: Microsoft.AspNetCore.Hosting.Diagnostics[2]
      Request finished HTTP/1.1 POST https://127.0.0.1:40461/api/v1/terminals/da52fb79-8011-4361-9b58-e85da683b75f/orders/cd7479ad-9151-4cf9-8291-c9e73e9ba565/items/148f8b9d-868c-41e3-af35-cf24bb732951/comp - 403 - application/json;+charset=utf-8 69.7092ms
  Passed ALKAROS.Audit.AuthorizationProbes.AuthorizationProbes.D3WaiterCannotReserveOrSplit [482 ms]
  Passed ALKAROS.Audit.AuthorizationProbes.AuthorizationProbes.C3WaiterCompOnAnotherWaitersCheckIsRefused [613 ms]
info: Microsoft.AspNetCore.Hosting.Diagnostics[1]
      Request starting HTTP/1.1 POST http://127.0.0.1:40461/api/v1/auth/login?terminalId=54323b82-c514-43be-aaea-e990ed418f4d - application/json;+charset=utf-8 2
info: Microsoft.AspNetCore.Routing.EndpointMiddleware[0]
      Executing endpoint 'HTTP: POST /api/v1/auth/login'
info: Microsoft.AspNetCore.Http.Result.JsonResult[1]
      Setting HTTP status code 400.
info: Microsoft.AspNetCore.Http.Result.JsonResult[3]
      Writing value of type 'ApiErrorEnvelope' as Json.
info: Microsoft.AspNetCore.Routing.EndpointMiddleware[1]
      Executed endpoint 'HTTP: POST /api/v1/auth/login'
info: Microsoft.AspNetCore.Hosting.Diagnostics[2]
      Request finished HTTP/1.1 POST https://127.0.0.1:40461/api/v1/auth/login?terminalId=54323b82-c514-43be-aaea-e990ed418f4d - 400 - application/json;+charset=utf-8 0.9200ms
info: Microsoft.AspNetCore.Hosting.Diagnostics[1]
      Request starting HTTP/1.1 POST http://127.0.0.1:40461/api/v1/auth/logout?terminalId=b96caff8-24e6-4f1a-bbe2-1e4b50649608 - application/json;+charset=utf-8 2
info: Microsoft.AspNetCore.Routing.EndpointMiddleware[0]
      Executing endpoint 'HTTP: POST /api/v1/auth/logout'
info: Microsoft.AspNetCore.Routing.EndpointMiddleware[1]
      Executed endpoint 'HTTP: POST /api/v1/auth/logout'
info: Microsoft.AspNetCore.Hosting.Diagnostics[2]
      Request finished HTTP/1.1 POST https://127.0.0.1:40461/api/v1/auth/logout?terminalId=b96caff8-24e6-4f1a-bbe2-1e4b50649608 - 401 - application/json;+charset=utf-8 0.8468ms
info: Microsoft.AspNetCore.Hosting.Diagnostics[1]
      Request starting HTTP/1.1 POST http://127.0.0.1:40461/api/v1/auth/pin?terminalId=c25673a6-e2ac-43bf-84a3-6ef8cf37446d - application/json;+charset=utf-8 2
info: Microsoft.AspNetCore.Routing.EndpointMiddleware[0]
      Executing endpoint 'HTTP: POST /api/v1/auth/pin'
info: Microsoft.AspNetCore.Routing.EndpointMiddleware[1]
      Executed endpoint 'HTTP: POST /api/v1/auth/pin'
info: Microsoft.AspNetCore.Hosting.Diagnostics[2]
      Request finished HTTP/1.1 POST https://127.0.0.1:40461/api/v1/auth/pin?terminalId=c25673a6-e2ac-43bf-84a3-6ef8cf37446d - 401 - application/json;+charset=utf-8 1.3020ms
info: Microsoft.AspNetCore.Hosting.Diagnostics[1]
      Request starting HTTP/1.1 GET http://127.0.0.1:40461/api/v1/auth/session?terminalId=906748ca-192f-4111-abf4-b58dfaf3a78f - - -
info: Microsoft.AspNetCore.Routing.EndpointMiddleware[0]
      Executing endpoint 'HTTP: GET /api/v1/auth/session'
info: Microsoft.AspNetCore.Routing.EndpointMiddleware[1]
      Executed endpoint 'HTTP: GET /api/v1/auth/session'
info: Microsoft.AspNetCore.Hosting.Diagnostics[2]
      Request finished HTTP/1.1 GET https://127.0.0.1:40461/api/v1/auth/session?terminalId=906748ca-192f-4111-abf4-b58dfaf3a78f - 401 - application/json;+charset=utf-8 0.5186ms
info: Microsoft.AspNetCore.Hosting.Diagnostics[1]
      Request starting HTTP/1.1 GET http://127.0.0.1:40461/api/v1/auth/session/current?terminalId=870394db-e6c1-4b15-a2f3-7387c36e96cb - - -
info: Microsoft.AspNetCore.Routing.EndpointMiddleware[0]
      Executing endpoint 'HTTP: GET /api/v1/auth/session/current'
info: Microsoft.AspNetCore.Routing.EndpointMiddleware[1]
      Executed endpoint 'HTTP: GET /api/v1/auth/session/current'
info: Microsoft.AspNetCore.Hosting.Diagnostics[2]
      Request finished HTTP/1.1 GET https://127.0.0.1:40461/api/v1/auth/session/current?terminalId=870394db-e6c1-4b15-a2f3-7387c36e96cb - 401 - application/json;+charset=utf-8 4.4112ms
info: Microsoft.AspNetCore.Hosting.Diagnostics[1]
      Request starting HTTP/1.1 POST http://127.0.0.1:40461/api/v1/auth/unlock?terminalId=5fb54303-c60b-4bb9-ac7e-021fbd730362 - application/json;+charset=utf-8 2
info: Microsoft.AspNetCore.Routing.EndpointMiddleware[0]
      Executing endpoint 'HTTP: POST /api/v1/auth/unlock'
info: Microsoft.AspNetCore.Routing.EndpointMiddleware[1]
      Executed endpoint 'HTTP: POST /api/v1/auth/unlock'
info: Microsoft.AspNetCore.Hosting.Diagnostics[2]
      Request finished HTTP/1.1 POST https://127.0.0.1:40461/api/v1/auth/unlock?terminalId=5fb54303-c60b-4bb9-ac7e-021fbd730362 - 401 - application/json;+charset=utf-8 1.5058ms
info: Microsoft.AspNetCore.Hosting.Diagnostics[1]
      Request starting HTTP/1.1 POST http://127.0.0.1:40461/api/v1/customer-displays/pairing-requests?terminalId=0d8e264c-b341-4505-be6f-299aed06f35c - application/json;+charset=utf-8 2
info: Microsoft.AspNetCore.Routing.EndpointMiddleware[0]
      Executing endpoint 'HTTP: POST /api/v1/customer-displays/pairing-requests'
info: Microsoft.AspNetCore.Routing.EndpointMiddleware[1]
      Executed endpoint 'HTTP: POST /api/v1/customer-displays/pairing-requests'
info: Microsoft.AspNetCore.Hosting.Diagnostics[2]
      Request finished HTTP/1.1 POST https://127.0.0.1:40461/api/v1/customer-displays/pairing-requests?terminalId=0d8e264c-b341-4505-be6f-299aed06f35c - 400 - application/json;+charset=utf-8 5.3676ms
info: Microsoft.AspNetCore.Hosting.Diagnostics[1]
      Request starting HTTP/1.1 POST http://127.0.0.1:40461/api/v1/customer-displays/pairing-requests/d3f1c787-b2ce-4ebe-900e-1bb7342cfdf0/complete?terminalId=2b3c59fc-b607-4f43-9598-4cfc79cc3ac5 - application/json;+charset=utf-8 2
info: Microsoft.AspNetCore.Routing.EndpointMiddleware[0]
      Executing endpoint 'HTTP: POST /api/v1/customer-displays/pairing-requests/{requestId:guid}/complete'
info: Microsoft.AspNetCore.Routing.EndpointMiddleware[1]
      Executed endpoint 'HTTP: POST /api/v1/customer-displays/pairing-requests/{requestId:guid}/complete'
info: Microsoft.AspNetCore.Hosting.Diagnostics[2]
      Request finished HTTP/1.1 POST https://127.0.0.1:40461/api/v1/customer-displays/pairing-requests/d3f1c787-b2ce-4ebe-900e-1bb7342cfdf0/complete?terminalId=2b3c59fc-b607-4f43-9598-4cfc79cc3ac5 - 404 - application/json;+charset=utf-8 14.4677ms
info: Microsoft.AspNetCore.Hosting.Diagnostics[1]
      Request starting HTTP/1.1 GET http://127.0.0.1:40461/api/v1/customer-displays/4e60ce6f-b05d-41bc-b1dd-5da785b25951/screensaver?terminalId=61b19707-634a-4f23-9aad-3d94dcd4c6ba - - -
info: Microsoft.AspNetCore.Routing.EndpointMiddleware[0]
      Executing endpoint 'HTTP: GET /api/v1/customer-displays/{displayId:guid}/screensaver'
info: Microsoft.AspNetCore.Routing.EndpointMiddleware[1]
      Executed endpoint 'HTTP: GET /api/v1/customer-displays/{displayId:guid}/screensaver'
info: Microsoft.AspNetCore.Hosting.Diagnostics[2]
      Request finished HTTP/1.1 GET https://127.0.0.1:40461/api/v1/customer-displays/4e60ce6f-b05d-41bc-b1dd-5da785b25951/screensaver?terminalId=61b19707-634a-4f23-9aad-3d94dcd4c6ba - 401 - application/json;+charset=utf-8 4.7683ms
info: Microsoft.AspNetCore.Hosting.Diagnostics[1]
      Request starting HTTP/1.1 GET http://127.0.0.1:40461/api/v1/customer-displays/2fd5a24c-793b-4978-9b42-d858cf3060a3/snapshot?terminalId=16cb911e-3b6f-427b-8b79-e7b4a3764923 - - -
info: Microsoft.AspNetCore.Routing.EndpointMiddleware[0]
      Executing endpoint 'HTTP: GET /api/v1/customer-displays/{displayId:guid}/snapshot'
info: Microsoft.AspNetCore.Routing.EndpointMiddleware[1]
      Executed endpoint 'HTTP: GET /api/v1/customer-displays/{displayId:guid}/snapshot'
info: Microsoft.AspNetCore.Hosting.Diagnostics[2]
      Request finished HTTP/1.1 GET https://127.0.0.1:40461/api/v1/customer-displays/2fd5a24c-793b-4978-9b42-d858cf3060a3/snapshot?terminalId=16cb911e-3b6f-427b-8b79-e7b4a3764923 - 401 - application/json;+charset=utf-8 2.4700ms
info: Microsoft.AspNetCore.Hosting.Diagnostics[1]
      Request starting HTTP/1.1 POST http://127.0.0.1:40461/api/v1/integrations/trendyol-go/orders/webhook/probe?terminalId=f9a04844-2883-4a88-93d6-e0189ac4e220 - application/json;+charset=utf-8 2
info: Microsoft.AspNetCore.Routing.EndpointMiddleware[0]
      Executing endpoint 'HTTP: POST /api/v1/integrations/trendyol-go/orders/webhook/{eventType}'
info: Microsoft.AspNetCore.Http.Result.JsonResult[1]
      Setting HTTP status code 503.
info: Microsoft.AspNetCore.Http.Result.JsonResult[3]
      Writing value of type '<>f__AnonymousType25`1' as Json.
info: Microsoft.AspNetCore.Routing.EndpointMiddleware[1]
      Executed endpoint 'HTTP: POST /api/v1/integrations/trendyol-go/orders/webhook/{eventType}'
info: Microsoft.AspNetCore.Hosting.Diagnostics[2]
      Request finished HTTP/1.1 POST https://127.0.0.1:40461/api/v1/integrations/trendyol-go/orders/webhook/probe?terminalId=f9a04844-2883-4a88-93d6-e0189ac4e220 - 503 - application/json;+charset=utf-8 6.1477ms
info: Microsoft.AspNetCore.Hosting.Diagnostics[1]
      Request starting HTTP/1.1 POST http://127.0.0.1:40461/api/v1/integrations/yemeksepeti/orders/webhook?terminalId=bd667906-7f5c-4bed-8ef3-770f5fb11c53 - application/json;+charset=utf-8 2
info: Microsoft.AspNetCore.Routing.EndpointMiddleware[0]
      Executing endpoint 'HTTP: POST /api/v1/integrations/yemeksepeti/orders/webhook'
info: Microsoft.AspNetCore.Http.Result.JsonResult[1]
      Setting HTTP status code 503.
info: Microsoft.AspNetCore.Http.Result.JsonResult[3]
      Writing value of type '<>f__AnonymousType25`1' as Json.
info: Microsoft.AspNetCore.Routing.EndpointMiddleware[1]
      Executed endpoint 'HTTP: POST /api/v1/integrations/yemeksepeti/orders/webhook'
info: Microsoft.AspNetCore.Hosting.Diagnostics[2]
      Request finished HTTP/1.1 POST https://127.0.0.1:40461/api/v1/integrations/yemeksepeti/orders/webhook?terminalId=bd667906-7f5c-4bed-8ef3-770f5fb11c53 - 503 - application/json;+charset=utf-8 4.2896ms
info: Microsoft.AspNetCore.Hosting.Diagnostics[1]
      Request starting HTTP/1.1 GET http://127.0.0.1:40461/api/v1/management/authorization/behavioural-tightenings?terminalId=fdf06dc5-81b1-4411-9d98-20909f738a85 - - -
info: Microsoft.AspNetCore.Routing.EndpointMiddleware[0]
      Executing endpoint 'HTTP: GET /api/v1/management/authorization/behavioural-tightenings'
info: Microsoft.AspNetCore.Http.Result.JsonResult[1]
      Setting HTTP status code 401.
info: Microsoft.AspNetCore.Http.Result.JsonResult[3]
      Writing value of type 'AuthorizationDecisionErrorEnvelopeV1' as Json.
info: Microsoft.AspNetCore.Routing.EndpointMiddleware[1]
      Executed endpoint 'HTTP: GET /api/v1/management/authorization/behavioural-tightenings'
info: Microsoft.AspNetCore.Hosting.Diagnostics[2]
      Request finished HTTP/1.1 GET https://127.0.0.1:40461/api/v1/management/authorization/behavioural-tightenings?terminalId=fdf06dc5-81b1-4411-9d98-20909f738a85 - 401 - application/json;+charset=utf-8 0.5266ms
info: Microsoft.AspNetCore.Hosting.Diagnostics[1]
      Request starting HTTP/1.1 POST http://127.0.0.1:40461/api/v1/management/authorization/behavioural-tightenings/45543895-f89a-4bab-9c0b-d718b24dfbdd/clear?terminalId=a7dee06f-a555-49f0-a37b-4971e71607f0 - application/json;+charset=utf-8 2
info: Microsoft.AspNetCore.Routing.EndpointMiddleware[0]
      Executing endpoint 'HTTP: POST /api/v1/management/authorization/behavioural-tightenings/{tighteningId:guid}/clear'
info: Microsoft.AspNetCore.Http.Result.JsonResult[1]
      Setting HTTP status code 401.
info: Microsoft.AspNetCore.Http.Result.JsonResult[3]
      Writing value of type 'AuthorizationDecisionErrorEnvelopeV1' as Json.
info: Microsoft.AspNetCore.Routing.EndpointMiddleware[1]
      Executed endpoint 'HTTP: POST /api/v1/management/authorization/behavioural-tightenings/{tighteningId:guid}/clear'
info: Microsoft.AspNetCore.Hosting.Diagnostics[2]
      Request finished HTTP/1.1 POST https://127.0.0.1:40461/api/v1/management/authorization/behavioural-tightenings/45543895-f89a-4bab-9c0b-d718b24dfbdd/clear?terminalId=a7dee06f-a555-49f0-a37b-4971e71607f0 - 401 - application/json;+charset=utf-8 0.3188ms
info: Microsoft.AspNetCore.Hosting.Diagnostics[1]
      Request starting HTTP/1.1 GET http://127.0.0.1:40461/api/v1/management/authorization/delegations?terminalId=4ebca5fa-b0dd-47aa-b0c7-e975f9c9da01 - - -
info: Microsoft.AspNetCore.Routing.EndpointMiddleware[0]
      Executing endpoint 'HTTP: GET /api/v1/management/authorization/delegations'
info: Microsoft.AspNetCore.Http.Result.JsonResult[1]
      Setting HTTP status code 401.
info: Microsoft.AspNetCore.Http.Result.JsonResult[3]
      Writing value of type 'AuthorizationDecisionErrorEnvelopeV1' as Json.
info: Microsoft.AspNetCore.Routing.EndpointMiddleware[1]
      Executed endpoint 'HTTP: GET /api/v1/management/authorization/delegations'
info: Microsoft.AspNetCore.Hosting.Diagnostics[2]
      Request finished HTTP/1.1 GET https://127.0.0.1:40461/api/v1/management/authorization/delegations?terminalId=4ebca5fa-b0dd-47aa-b0c7-e975f9c9da01 - 401 - application/json;+charset=utf-8 0.2767ms
info: Microsoft.AspNetCore.Hosting.Diagnostics[1]
      Request starting HTTP/1.1 POST http://127.0.0.1:40461/api/v1/management/authorization/delegations/fe96ea93-ed36-408c-a6ff-b201e738f1e9/revoke?terminalId=2d831739-06a4-4294-b6ce-201010843160 - application/json;+charset=utf-8 2
info: Microsoft.AspNetCore.Routing.EndpointMiddleware[0]
      Executing endpoint 'HTTP: POST /api/v1/management/authorization/delegations/{delegationId:guid}/revoke'
info: Microsoft.AspNetCore.Http.Result.JsonResult[1]
      Setting HTTP status code 401.
info: Microsoft.AspNetCore.Http.Result.JsonResult[3]
      Writing value of type 'AuthorizationDecisionErrorEnvelopeV1' as Json.
info: Microsoft.AspNetCore.Routing.EndpointMiddleware[1]
      Executed endpoint 'HTTP: POST /api/v1/management/authorization/delegations/{delegationId:guid}/revoke'
info: Microsoft.AspNetCore.Hosting.Diagnostics[2]
      Request finished HTTP/1.1 POST https://127.0.0.1:40461/api/v1/management/authorization/delegations/fe96ea93-ed36-408c-a6ff-b201e738f1e9/revoke?terminalId=2d831739-06a4-4294-b6ce-201010843160 - 401 - application/json;+charset=utf-8 0.2986ms
info: Microsoft.AspNetCore.Hosting.Diagnostics[1]
      Request starting HTTP/1.1 POST http://127.0.0.1:40461/api/v1/management/authorization/grants/fd70a03d-0724-4803-b6a3-b1acb9f0324d/approve?terminalId=b1071491-ac8d-4478-b415-3aa74c89e90e - application/json;+charset=utf-8 2
info: Microsoft.AspNetCore.Routing.EndpointMiddleware[0]
      Executing endpoint 'HTTP: POST /api/v1/management/authorization/grants/{grantId:guid}/approve'
info: Microsoft.AspNetCore.Http.Result.JsonResult[1]
      Setting HTTP status code 401.
info: Microsoft.AspNetCore.Http.Result.JsonResult[3]
      Writing value of type 'AuthorizationDecisionErrorEnvelopeV1' as Json.
info: Microsoft.AspNetCore.Routing.EndpointMiddleware[1]
      Executed endpoint 'HTTP: POST /api/v1/management/authorization/grants/{grantId:guid}/approve'
info: Microsoft.AspNetCore.Hosting.Diagnostics[2]
      Request finished HTTP/1.1 POST https://127.0.0.1:40461/api/v1/management/authorization/grants/fd70a03d-0724-4803-b6a3-b1acb9f0324d/approve?terminalId=b1071491-ac8d-4478-b415-3aa74c89e90e - 401 - application/json;+charset=utf-8 0.2742ms
info: Microsoft.AspNetCore.Hosting.Diagnostics[1]
      Request starting HTTP/1.1 POST http://127.0.0.1:40461/api/v1/management/authorization/grants/6f99ea12-de1e-468c-a459-13aece53ca67/deny?terminalId=bd53be81-2a8b-426f-812d-d0b64e3c2528 - application/json;+charset=utf-8 2
info: Microsoft.AspNetCore.Routing.EndpointMiddleware[0]
      Executing endpoint 'HTTP: POST /api/v1/management/authorization/grants/{grantId:guid}/deny'
info: Microsoft.AspNetCore.Http.Result.JsonResult[1]
      Setting HTTP status code 401.
info: Microsoft.AspNetCore.Http.Result.JsonResult[3]
      Writing value of type 'AuthorizationDecisionErrorEnvelopeV1' as Json.
info: Microsoft.AspNetCore.Routing.EndpointMiddleware[1]
      Executed endpoint 'HTTP: POST /api/v1/management/authorization/grants/{grantId:guid}/deny'
info: Microsoft.AspNetCore.Hosting.Diagnostics[2]
      Request finished HTTP/1.1 POST https://127.0.0.1:40461/api/v1/management/authorization/grants/6f99ea12-de1e-468c-a459-13aece53ca67/deny?terminalId=bd53be81-2a8b-426f-812d-d0b64e3c2528 - 401 - application/json;+charset=utf-8 0.7135ms
info: Microsoft.AspNetCore.Hosting.Diagnostics[1]
      Request starting HTTP/1.1 GET http://127.0.0.1:40461/api/v1/management/authorization/pending-grants?terminalId=121988d3-b179-430e-98e3-e118b7b79e4e - - -
info: Microsoft.AspNetCore.Routing.EndpointMiddleware[0]
      Executing endpoint 'HTTP: GET /api/v1/management/authorization/pending-grants'
info: Microsoft.AspNetCore.Http.Result.JsonResult[1]
      Setting HTTP status code 401.
info: Microsoft.AspNetCore.Http.Result.JsonResult[3]
      Writing value of type 'AuthorizationDecisionErrorEnvelopeV1' as Json.
info: Microsoft.AspNetCore.Routing.EndpointMiddleware[1]
      Executed endpoint 'HTTP: GET /api/v1/management/authorization/pending-grants'
info: Microsoft.AspNetCore.Hosting.Diagnostics[2]
      Request finished HTTP/1.1 GET https://127.0.0.1:40461/api/v1/management/authorization/pending-grants?terminalId=121988d3-b179-430e-98e3-e118b7b79e4e - 401 - application/json;+charset=utf-8 0.3894ms
info: Microsoft.AspNetCore.Hosting.Diagnostics[1]
      Request starting HTTP/1.1 GET http://127.0.0.1:40461/api/v1/management/business-identity/accent-palette?terminalId=1fb820b6-57ec-404d-aa10-ca5dfab5a977 - - -
info: Microsoft.AspNetCore.Routing.EndpointMiddleware[0]
      Executing endpoint 'HTTP: GET /api/v1/management/business-identity/accent-palette'
info: Microsoft.AspNetCore.Http.Result.JsonResult[1]
      Setting HTTP status code 401.
info: Microsoft.AspNetCore.Http.Result.JsonResult[3]
      Writing value of type 'SettingsApiErrorEnvelopeV1' as Json.
info: Microsoft.AspNetCore.Routing.EndpointMiddleware[1]
      Executed endpoint 'HTTP: GET /api/v1/management/business-identity/accent-palette'
info: Microsoft.AspNetCore.Hosting.Diagnostics[2]
      Request finished HTTP/1.1 GET https://127.0.0.1:40461/api/v1/management/business-identity/accent-palette?terminalId=1fb820b6-57ec-404d-aa10-ca5dfab5a977 - 401 - application/json;+charset=utf-8 0.3450ms
info: Microsoft.AspNetCore.Hosting.Diagnostics[1]
      Request starting HTTP/1.1 PUT http://127.0.0.1:40461/api/v1/management/business-identity/logo?terminalId=a20ee804-d389-4aa0-9e08-1d3a0228f59a - application/json;+charset=utf-8 2
info: Microsoft.AspNetCore.Routing.EndpointMiddleware[0]
      Executing endpoint 'HTTP: GET, POST, PUT, PATCH, DELETE, OPTIONS /api/{**path}'
info: Microsoft.AspNetCore.Http.Result.JsonResult[1]
      Setting HTTP status code 404.
info: Microsoft.AspNetCore.Http.Result.JsonResult[3]
      Writing value of type 'ApiErrorEnvelope' as Json.
info: Microsoft.AspNetCore.Routing.EndpointMiddleware[1]
      Executed endpoint 'HTTP: GET, POST, PUT, PATCH, DELETE, OPTIONS /api/{**path}'
info: Microsoft.AspNetCore.Hosting.Diagnostics[2]
      Request finished HTTP/1.1 PUT https://127.0.0.1:40461/api/v1/management/business-identity/logo?terminalId=a20ee804-d389-4aa0-9e08-1d3a0228f59a - 404 - application/json;+charset=utf-8 0.2688ms
info: Microsoft.AspNetCore.Hosting.Diagnostics[1]
      Request starting HTTP/1.1 DELETE http://127.0.0.1:40461/api/v1/management/business-identity/logo?terminalId=4f451825-31af-4ab3-87cd-2553794d64a5 - application/json;+charset=utf-8 2
info: Microsoft.AspNetCore.Routing.EndpointMiddleware[0]
      Executing endpoint 'HTTP: DELETE /api/v1/management/business-identity/logo'
info: Microsoft.AspNetCore.Http.Result.JsonResult[1]
      Setting HTTP status code 401.
info: Microsoft.AspNetCore.Http.Result.JsonResult[3]
      Writing value of type 'SettingsApiErrorEnvelopeV1' as Json.
info: Microsoft.AspNetCore.Routing.EndpointMiddleware[1]
      Executed endpoint 'HTTP: DELETE /api/v1/management/business-identity/logo'
info: Microsoft.AspNetCore.Hosting.Diagnostics[2]
      Request finished HTTP/1.1 DELETE https://127.0.0.1:40461/api/v1/management/business-identity/logo?terminalId=4f451825-31af-4ab3-87cd-2553794d64a5 - 401 - application/json;+charset=utf-8 0.2949ms
info: Microsoft.AspNetCore.Hosting.Diagnostics[1]
      Request starting HTTP/1.1 GET http://127.0.0.1:40461/api/v1/management/catalog/categories?terminalId=eac0a1ef-a475-40f0-9811-2cf83cfe038a - - -
info: Microsoft.AspNetCore.Routing.EndpointMiddleware[0]
      Executing endpoint 'HTTP: GET /api/v1/management/catalog/categories'
info: Microsoft.AspNetCore.Http.Result.JsonResult[1]
      Setting HTTP status code 401.
info: Microsoft.AspNetCore.Http.Result.JsonResult[3]
      Writing value of type 'CatalogApiErrorEnvelopeV1' as Json.
info: Microsoft.AspNetCore.Routing.EndpointMiddleware[1]
      Executed endpoint 'HTTP: GET /api/v1/management/catalog/categories'
info: Microsoft.AspNetCore.Hosting.Diagnostics[2]
      Request finished HTTP/1.1 GET https://127.0.0.1:40461/api/v1/management/catalog/categories?terminalId=eac0a1ef-a475-40f0-9811-2cf83cfe038a - 401 - application/json;+charset=utf-8 0.4611ms
info: Microsoft.AspNetCore.Hosting.Diagnostics[1]
      Request starting HTTP/1.1 POST http://127.0.0.1:40461/api/v1/management/catalog/categories?terminalId=d999e270-db47-437b-b096-6f3c77706791 - application/json;+charset=utf-8 2
info: Microsoft.AspNetCore.Routing.EndpointMiddleware[0]
      Executing endpoint 'HTTP: POST /api/v1/management/catalog/categories'
info: Microsoft.AspNetCore.Http.Result.JsonResult[1]
      Setting HTTP status code 401.
info: Microsoft.AspNetCore.Http.Result.JsonResult[3]
      Writing value of type 'CatalogApiErrorEnvelopeV1' as Json.
info: Microsoft.AspNetCore.Routing.EndpointMiddleware[1]
      Executed endpoint 'HTTP: POST /api/v1/management/catalog/categories'
info: Microsoft.AspNetCore.Hosting.Diagnostics[2]
      Request finished HTTP/1.1 POST https://127.0.0.1:40461/api/v1/management/catalog/categories?terminalId=d999e270-db47-437b-b096-6f3c77706791 - 401 - application/json;+charset=utf-8 0.3405ms
info: Microsoft.AspNetCore.Hosting.Diagnostics[1]
      Request starting HTTP/1.1 GET http://127.0.0.1:40461/api/v1/management/catalog/effective-price?terminalId=ede967d8-ba23-46a0-9c50-d38e95f593cf - - -
info: Microsoft.AspNetCore.Routing.EndpointMiddleware[0]
      Executing endpoint 'HTTP: GET /api/v1/management/catalog/effective-price'
info: Microsoft.AspNetCore.Http.Result.JsonResult[1]
      Setting HTTP status code 401.
info: Microsoft.AspNetCore.Http.Result.JsonResult[3]
      Writing value of type 'CatalogApiErrorEnvelopeV1' as Json.
info: Microsoft.AspNetCore.Routing.EndpointMiddleware[1]
      Executed endpoint 'HTTP: GET /api/v1/management/catalog/effective-price'
info: Microsoft.AspNetCore.Hosting.Diagnostics[2]
      Request finished HTTP/1.1 GET https://127.0.0.1:40461/api/v1/management/catalog/effective-price?terminalId=ede967d8-ba23-46a0-9c50-d38e95f593cf - 401 - application/json;+charset=utf-8 0.6650ms
info: Microsoft.AspNetCore.Hosting.Diagnostics[1]
      Request starting HTTP/1.1 GET http://127.0.0.1:40461/api/v1/management/catalog/modifier-groups?terminalId=dac06953-c509-46ff-a0ed-b555e8ba5a0a - - -
info: Microsoft.AspNetCore.Routing.EndpointMiddleware[0]
      Executing endpoint 'HTTP: GET /api/v1/management/catalog/modifier-groups'
info: Microsoft.AspNetCore.Http.Result.JsonResult[1]
      Setting HTTP status code 401.
info: Microsoft.AspNetCore.Http.Result.JsonResult[3]
      Writing value of type 'CatalogApiErrorEnvelopeV1' as Json.
info: Microsoft.AspNetCore.Routing.EndpointMiddleware[1]
      Executed endpoint 'HTTP: GET /api/v1/management/catalog/modifier-groups'
info: Microsoft.AspNetCore.Hosting.Diagnostics[2]
      Request finished HTTP/1.1 GET https://127.0.0.1:40461/api/v1/management/catalog/modifier-groups?terminalId=dac06953-c509-46ff-a0ed-b555e8ba5a0a - 401 - application/json;+charset=utf-8 0.3127ms
info: Microsoft.AspNetCore.Hosting.Diagnostics[1]
      Request starting HTTP/1.1 POST http://127.0.0.1:40461/api/v1/management/catalog/modifier-groups?terminalId=55ba6a38-1dd2-41d7-b8c9-9db86288a8a3 - application/json;+charset=utf-8 2
info: Microsoft.AspNetCore.Routing.EndpointMiddleware[0]
      Executing endpoint 'HTTP: POST /api/v1/management/catalog/modifier-groups'
info: Microsoft.AspNetCore.Http.Result.JsonResult[1]
      Setting HTTP status code 401.
info: Microsoft.AspNetCore.Http.Result.JsonResult[3]
      Writing value of type 'CatalogApiErrorEnvelopeV1' as Json.
info: Microsoft.AspNetCore.Routing.EndpointMiddleware[1]
      Executed endpoint 'HTTP: POST /api/v1/management/catalog/modifier-groups'
info: Microsoft.AspNetCore.Hosting.Diagnostics[2]
      Request finished HTTP/1.1 POST https://127.0.0.1:40461/api/v1/management/catalog/modifier-groups?terminalId=55ba6a38-1dd2-41d7-b8c9-9db86288a8a3 - 401 - application/json;+charset=utf-8 0.6556ms
info: Microsoft.AspNetCore.Hosting.Diagnostics[1]
      Request starting HTTP/1.1 GET http://127.0.0.1:40461/api/v1/management/catalog/modifiers?terminalId=ed584139-c79b-48f3-a28c-941a5c4d366f - - -
info: Microsoft.AspNetCore.Routing.EndpointMiddleware[0]
      Executing endpoint 'HTTP: GET /api/v1/management/catalog/modifiers'
info: Microsoft.AspNetCore.Http.Result.JsonResult[1]
      Setting HTTP status code 401.
info: Microsoft.AspNetCore.Http.Result.JsonResult[3]
      Writing value of type 'CatalogApiErrorEnvelopeV1' as Json.
info: Microsoft.AspNetCore.Routing.EndpointMiddleware[1]
      Executed endpoint 'HTTP: GET /api/v1/management/catalog/modifiers'
info: Microsoft.AspNetCore.Hosting.Diagnostics[2]
      Request finished HTTP/1.1 GET https://127.0.0.1:40461/api/v1/management/catalog/modifiers?terminalId=ed584139-c79b-48f3-a28c-941a5c4d366f - 401 - application/json;+charset=utf-8 0.7016ms
info: Microsoft.AspNetCore.Hosting.Diagnostics[1]
      Request starting HTTP/1.1 POST http://127.0.0.1:40461/api/v1/management/catalog/modifiers?terminalId=2ea08bfe-166d-49a7-8a59-27743efde27b - application/json;+charset=utf-8 2
info: Microsoft.AspNetCore.Routing.EndpointMiddleware[0]
      Executing endpoint 'HTTP: POST /api/v1/management/catalog/modifiers'
info: Microsoft.AspNetCore.Http.Result.JsonResult[1]
      Setting HTTP status code 401.
info: Microsoft.AspNetCore.Http.Result.JsonResult[3]
      Writing value of type 'CatalogApiErrorEnvelopeV1' as Json.
info: Microsoft.AspNetCore.Routing.EndpointMiddleware[1]
      Executed endpoint 'HTTP: POST /api/v1/management/catalog/modifiers'
info: Microsoft.AspNetCore.Hosting.Diagnostics[2]
      Request finished HTTP/1.1 POST https://127.0.0.1:40461/api/v1/management/catalog/modifiers?terminalId=2ea08bfe-166d-49a7-8a59-27743efde27b - 401 - application/json;+charset=utf-8 0.8707ms
info: Microsoft.AspNetCore.Hosting.Diagnostics[1]
      Request starting HTTP/1.1 GET http://127.0.0.1:40461/api/v1/management/catalog/prices?terminalId=acf749f3-0322-4be5-bbd5-10dd2a71e541 - - -
info: Microsoft.AspNetCore.Routing.EndpointMiddleware[0]
      Executing endpoint 'HTTP: GET /api/v1/management/catalog/prices'
info: Microsoft.AspNetCore.Http.Result.JsonResult[1]
      Setting HTTP status code 401.
info: Microsoft.AspNetCore.Http.Result.JsonResult[3]
      Writing value of type 'CatalogApiErrorEnvelopeV1' as Json.
info: Microsoft.AspNetCore.Routing.EndpointMiddleware[1]
      Executed endpoint 'HTTP: GET /api/v1/management/catalog/prices'
info: Microsoft.AspNetCore.Hosting.Diagnostics[2]
      Request finished HTTP/1.1 GET https://127.0.0.1:40461/api/v1/management/catalog/prices?terminalId=acf749f3-0322-4be5-bbd5-10dd2a71e541 - 401 - application/json;+charset=utf-8 0.4701ms
info: Microsoft.AspNetCore.Hosting.Diagnostics[1]
      Request starting HTTP/1.1 POST http://127.0.0.1:40461/api/v1/management/catalog/prices?terminalId=518634a1-30f2-4b13-8e06-eb6801d58019 - application/json;+charset=utf-8 2
info: Microsoft.AspNetCore.Routing.EndpointMiddleware[0]
      Executing endpoint 'HTTP: POST /api/v1/management/catalog/prices'
info: Microsoft.AspNetCore.Http.Result.JsonResult[1]
      Setting HTTP status code 401.
info: Microsoft.AspNetCore.Http.Result.JsonResult[3]
      Writing value of type 'CatalogApiErrorEnvelopeV1' as Json.
info: Microsoft.AspNetCore.Routing.EndpointMiddleware[1]
      Executed endpoint 'HTTP: POST /api/v1/management/catalog/prices'
info: Microsoft.AspNetCore.Hosting.Diagnostics[2]
      Request finished HTTP/1.1 POST https://127.0.0.1:40461/api/v1/management/catalog/prices?terminalId=518634a1-30f2-4b13-8e06-eb6801d58019 - 401 - application/json;+charset=utf-8 0.3980ms
info: Microsoft.AspNetCore.Hosting.Diagnostics[1]
      Request starting HTTP/1.1 GET http://127.0.0.1:40461/api/v1/management/catalog/product-modifier-assignments?terminalId=7dbb233a-b6c5-4857-8fa8-fa36715a435e - - -
info: Microsoft.AspNetCore.Routing.EndpointMiddleware[0]
      Executing endpoint 'HTTP: GET /api/v1/management/catalog/product-modifier-assignments'
info: Microsoft.AspNetCore.Http.Result.JsonResult[1]
      Setting HTTP status code 401.
info: Microsoft.AspNetCore.Http.Result.JsonResult[3]
      Writing value of type 'CatalogApiErrorEnvelopeV1' as Json.
info: Microsoft.AspNetCore.Routing.EndpointMiddleware[1]
      Executed endpoint 'HTTP: GET /api/v1/management/catalog/product-modifier-assignments'
info: Microsoft.AspNetCore.Hosting.Diagnostics[2]
      Request finished HTTP/1.1 GET https://127.0.0.1:40461/api/v1/management/catalog/product-modifier-assignments?terminalId=7dbb233a-b6c5-4857-8fa8-fa36715a435e - 401 - application/json;+charset=utf-8 0.2374ms
info: Microsoft.AspNetCore.Hosting.Diagnostics[1]
      Request starting HTTP/1.1 POST http://127.0.0.1:40461/api/v1/management/catalog/product-modifier-assignments?terminalId=7928835f-2c7e-4143-ba43-a2002606af19 - application/json;+charset=utf-8 2
info: Microsoft.AspNetCore.Routing.EndpointMiddleware[0]
      Executing endpoint 'HTTP: POST /api/v1/management/catalog/product-modifier-assignments'
info: Microsoft.AspNetCore.Http.Result.JsonResult[1]
      Setting HTTP status code 401.
info: Microsoft.AspNetCore.Http.Result.JsonResult[3]
      Writing value of type 'CatalogApiErrorEnvelopeV1' as Json.
info: Microsoft.AspNetCore.Routing.EndpointMiddleware[1]
      Executed endpoint 'HTTP: POST /api/v1/management/catalog/product-modifier-assignments'
info: Microsoft.AspNetCore.Hosting.Diagnostics[2]
      Request finished HTTP/1.1 POST https://127.0.0.1:40461/api/v1/management/catalog/product-modifier-assignments?terminalId=7928835f-2c7e-4143-ba43-a2002606af19 - 401 - application/json;+charset=utf-8 0.2674ms
info: Microsoft.AspNetCore.Hosting.Diagnostics[1]
      Request starting HTTP/1.1 GET http://127.0.0.1:40461/api/v1/management/catalog/products?terminalId=599522a6-2b6a-47b9-8bed-a1c482fbc37c - - -
info: Microsoft.AspNetCore.Routing.EndpointMiddleware[0]
      Executing endpoint 'HTTP: GET /api/v1/management/catalog/products'
info: Microsoft.AspNetCore.Http.Result.JsonResult[1]
      Setting HTTP status code 401.
info: Microsoft.AspNetCore.Http.Result.JsonResult[3]
      Writing value of type 'CatalogApiErrorEnvelopeV1' as Json.
info: Microsoft.AspNetCore.Routing.EndpointMiddleware[1]
      Executed endpoint 'HTTP: GET /api/v1/management/catalog/products'
info: Microsoft.AspNetCore.Hosting.Diagnostics[2]
      Request finished HTTP/1.1 GET https://127.0.0.1:40461/api/v1/management/catalog/products?terminalId=599522a6-2b6a-47b9-8bed-a1c482fbc37c - 401 - application/json;+charset=utf-8 0.2572ms
info: Microsoft.AspNetCore.Hosting.Diagnostics[1]
      Request starting HTTP/1.1 POST http://127.0.0.1:40461/api/v1/management/catalog/products?terminalId=d78f9737-2df3-4095-82e6-a168466abe11 - application/json;+charset=utf-8 2
info: Microsoft.AspNetCore.Routing.EndpointMiddleware[0]
      Executing endpoint 'HTTP: POST /api/v1/management/catalog/products'
info: Microsoft.AspNetCore.Http.Result.JsonResult[1]
      Setting HTTP status code 401.
info: Microsoft.AspNetCore.Http.Result.JsonResult[3]
      Writing value of type 'CatalogApiErrorEnvelopeV1' as Json.
info: Microsoft.AspNetCore.Routing.EndpointMiddleware[1]
      Executed endpoint 'HTTP: POST /api/v1/management/catalog/products'
info: Microsoft.AspNetCore.Hosting.Diagnostics[2]
      Request finished HTTP/1.1 POST https://127.0.0.1:40461/api/v1/management/catalog/products?terminalId=d78f9737-2df3-4095-82e6-a168466abe11 - 401 - application/json;+charset=utf-8 0.3351ms
info: Microsoft.AspNetCore.Hosting.Diagnostics[1]
      Request starting HTTP/1.1 POST http://127.0.0.1:40461/api/v1/management/catalog/products/eb7b3d2d-0f95-4994-a239-d5ba865d4561/availability?terminalId=05a7dd04-2372-4983-a910-f0742ea27d29 - application/json;+charset=utf-8 2
info: Microsoft.AspNetCore.Routing.EndpointMiddleware[0]
      Executing endpoint 'HTTP: POST /api/v1/management/catalog/products/{productId:guid}/availability'
info: Microsoft.AspNetCore.Http.Result.JsonResult[1]
      Setting HTTP status code 401.
info: Microsoft.AspNetCore.Http.Result.JsonResult[3]
      Writing value of type 'CatalogApiErrorEnvelopeV1' as Json.
info: Microsoft.AspNetCore.Routing.EndpointMiddleware[1]
      Executed endpoint 'HTTP: POST /api/v1/management/catalog/products/{productId:guid}/availability'
info: Microsoft.AspNetCore.Hosting.Diagnostics[2]
      Request finished HTTP/1.1 POST https://127.0.0.1:40461/api/v1/management/catalog/products/eb7b3d2d-0f95-4994-a239-d5ba865d4561/availability?terminalId=05a7dd04-2372-4983-a910-f0742ea27d29 - 401 - application/json;+charset=utf-8 0.3674ms
info: Microsoft.AspNetCore.Hosting.Diagnostics[1]
      Request starting HTTP/1.1 POST http://127.0.0.1:40461/api/v1/management/catalog/products/f4c02985-7a00-4252-8e9f-ac4b29892599/prep-time?terminalId=86240ca6-c9bb-499d-9ade-0a639268aaca - application/json;+charset=utf-8 2
info: Microsoft.AspNetCore.Routing.EndpointMiddleware[0]
      Executing endpoint 'HTTP: POST /api/v1/management/catalog/products/{productId:guid}/prep-time'
info: Microsoft.AspNetCore.Http.Result.JsonResult[1]
      Setting HTTP status code 401.
info: Microsoft.AspNetCore.Http.Result.JsonResult[3]
      Writing value of type 'CatalogApiErrorEnvelopeV1' as Json.
info: Microsoft.AspNetCore.Routing.EndpointMiddleware[1]
      Executed endpoint 'HTTP: POST /api/v1/management/catalog/products/{productId:guid}/prep-time'
info: Microsoft.AspNetCore.Hosting.Diagnostics[2]
      Request finished HTTP/1.1 POST https://127.0.0.1:40461/api/v1/management/catalog/products/f4c02985-7a00-4252-8e9f-ac4b29892599/prep-time?terminalId=86240ca6-c9bb-499d-9ade-0a639268aaca - 401 - application/json;+charset=utf-8 0.4535ms
info: Microsoft.AspNetCore.Hosting.Diagnostics[1]
      Request starting HTTP/1.1 GET http://127.0.0.1:40461/api/v1/management/catalog/tax-profiles?terminalId=0ed30889-2898-4469-8d2e-273965c74d60 - - -
info: Microsoft.AspNetCore.Routing.EndpointMiddleware[0]
      Executing endpoint 'HTTP: GET /api/v1/management/catalog/tax-profiles'
info: Microsoft.AspNetCore.Http.Result.JsonResult[1]
      Setting HTTP status code 401.
info: Microsoft.AspNetCore.Http.Result.JsonResult[3]
      Writing value of type 'CatalogApiErrorEnvelopeV1' as Json.
info: Microsoft.AspNetCore.Routing.EndpointMiddleware[1]
      Executed endpoint 'HTTP: GET /api/v1/management/catalog/tax-profiles'
info: Microsoft.AspNetCore.Hosting.Diagnostics[2]
      Request finished HTTP/1.1 GET https://127.0.0.1:40461/api/v1/management/catalog/tax-profiles?terminalId=0ed30889-2898-4469-8d2e-273965c74d60 - 401 - application/json;+charset=utf-8 0.2737ms
info: Microsoft.AspNetCore.Hosting.Diagnostics[1]
      Request starting HTTP/1.1 POST http://127.0.0.1:40461/api/v1/management/catalog/tax-profiles?terminalId=1baaf258-cd8b-463d-9d1d-f682363e39a6 - application/json;+charset=utf-8 2
info: Microsoft.AspNetCore.Routing.EndpointMiddleware[0]
      Executing endpoint 'HTTP: POST /api/v1/management/catalog/tax-profiles'
info: Microsoft.AspNetCore.Http.Result.JsonResult[1]
      Setting HTTP status code 401.
info: Microsoft.AspNetCore.Http.Result.JsonResult[3]
      Writing value of type 'CatalogApiErrorEnvelopeV1' as Json.
info: Microsoft.AspNetCore.Routing.EndpointMiddleware[1]
      Executed endpoint 'HTTP: POST /api/v1/management/catalog/tax-profiles'
info: Microsoft.AspNetCore.Hosting.Diagnostics[2]
      Request finished HTTP/1.1 POST https://127.0.0.1:40461/api/v1/management/catalog/tax-profiles?terminalId=1baaf258-cd8b-463d-9d1d-f682363e39a6 - 401 - application/json;+charset=utf-8 0.2843ms
info: Microsoft.AspNetCore.Hosting.Diagnostics[1]
      Request starting HTTP/1.1 PUT http://127.0.0.1:40461/api/v1/management/customer-display/screensaver?terminalId=a79a4de0-b2b8-4bff-8ab9-b2ee41e7a98d - application/json;+charset=utf-8 2
info: Microsoft.AspNetCore.Routing.EndpointMiddleware[0]
      Executing endpoint 'HTTP: GET, POST, PUT, PATCH, DELETE, OPTIONS /api/{**path}'
info: Microsoft.AspNetCore.Http.Result.JsonResult[1]
      Setting HTTP status code 404.
info: Microsoft.AspNetCore.Http.Result.JsonResult[3]
      Writing value of type 'ApiErrorEnvelope' as Json.
info: Microsoft.AspNetCore.Routing.EndpointMiddleware[1]
      Executed endpoint 'HTTP: GET, POST, PUT, PATCH, DELETE, OPTIONS /api/{**path}'
info: Microsoft.AspNetCore.Hosting.Diagnostics[2]
      Request finished HTTP/1.1 PUT https://127.0.0.1:40461/api/v1/management/customer-display/screensaver?terminalId=a79a4de0-b2b8-4bff-8ab9-b2ee41e7a98d - 404 - application/json;+charset=utf-8 0.1076ms
info: Microsoft.AspNetCore.Hosting.Diagnostics[1]
      Request starting HTTP/1.1 DELETE http://127.0.0.1:40461/api/v1/management/customer-display/screensaver?terminalId=ce0f5bd5-6738-4a73-a979-834df499668b - application/json;+charset=utf-8 2
info: Microsoft.AspNetCore.Routing.EndpointMiddleware[0]
      Executing endpoint 'HTTP: DELETE /api/v1/management/customer-display/screensaver'
info: Microsoft.AspNetCore.Http.Result.JsonResult[1]
      Setting HTTP status code 401.
info: Microsoft.AspNetCore.Http.Result.JsonResult[3]
      Writing value of type 'CatalogApiErrorEnvelopeV1' as Json.
info: Microsoft.AspNetCore.Routing.EndpointMiddleware[1]
      Executed endpoint 'HTTP: DELETE /api/v1/management/customer-display/screensaver'
info: Microsoft.AspNetCore.Hosting.Diagnostics[2]
      Request finished HTTP/1.1 DELETE https://127.0.0.1:40461/api/v1/management/customer-display/screensaver?terminalId=ce0f5bd5-6738-4a73-a979-834df499668b - 401 - application/json;+charset=utf-8 0.3032ms
info: Microsoft.AspNetCore.Hosting.Diagnostics[1]
      Request starting HTTP/1.1 POST http://127.0.0.1:40461/api/v1/management/inventory/modifiers/5237a61a-b40b-427f-b754-168c16783267/stock-mappings?terminalId=7e2307ae-7986-4b94-885d-b4677884fcfd - application/json;+charset=utf-8 2
info: Microsoft.AspNetCore.Routing.EndpointMiddleware[0]
      Executing endpoint 'HTTP: POST /api/v1/management/inventory/modifiers/{modifierId:guid}/stock-mappings'
info: Microsoft.AspNetCore.Http.Result.JsonResult[1]
      Setting HTTP status code 401.
info: Microsoft.AspNetCore.Http.Result.JsonResult[3]
      Writing value of type 'StockMasterApiErrorEnvelopeV1' as Json.
info: Microsoft.AspNetCore.Routing.EndpointMiddleware[1]
      Executed endpoint 'HTTP: POST /api/v1/management/inventory/modifiers/{modifierId:guid}/stock-mappings'
info: Microsoft.AspNetCore.Hosting.Diagnostics[2]
      Request finished HTTP/1.1 POST https://127.0.0.1:40461/api/v1/management/inventory/modifiers/5237a61a-b40b-427f-b754-168c16783267/stock-mappings?terminalId=7e2307ae-7986-4b94-885d-b4677884fcfd - 401 - application/json;+charset=utf-8 0.7436ms
info: Microsoft.AspNetCore.Hosting.Diagnostics[1]
      Request starting HTTP/1.1 GET http://127.0.0.1:40461/api/v1/management/inventory/modifiers/f135c12e-8e16-43c0-84af-176ccf6c2b28/stock-mappings?terminalId=fa9de4f8-0752-479d-b75a-8aa91e7e210f - - -
info: Microsoft.AspNetCore.Routing.EndpointMiddleware[0]
      Executing endpoint 'HTTP: GET /api/v1/management/inventory/modifiers/{modifierId:guid}/stock-mappings'
info: Microsoft.AspNetCore.Http.Result.JsonResult[1]
      Setting HTTP status code 401.
info: Microsoft.AspNetCore.Http.Result.JsonResult[3]
      Writing value of type 'StockMasterApiErrorEnvelopeV1' as Json.
info: Microsoft.AspNetCore.Routing.EndpointMiddleware[1]
      Executed endpoint 'HTTP: GET /api/v1/management/inventory/modifiers/{modifierId:guid}/stock-mappings'
info: Microsoft.AspNetCore.Hosting.Diagnostics[2]
      Request finished HTTP/1.1 GET https://127.0.0.1:40461/api/v1/management/inventory/modifiers/f135c12e-8e16-43c0-84af-176ccf6c2b28/stock-mappings?terminalId=fa9de4f8-0752-479d-b75a-8aa91e7e210f - 401 - application/json;+charset=utf-8 0.9077ms
info: Microsoft.AspNetCore.Hosting.Diagnostics[1]
      Request starting HTTP/1.1 DELETE http://127.0.0.1:40461/api/v1/management/inventory/modifiers/7125f451-b277-4588-adf5-4d0ca18308cb/stock-mappings/ed28d059-22d8-47f7-b073-b5fb7fc75f60?terminalId=b1e349f2-b993-4fdb-ac22-913704587ec2 - application/json;+charset=utf-8 2
info: Microsoft.AspNetCore.Routing.EndpointMiddleware[0]
      Executing endpoint 'HTTP: DELETE /api/v1/management/inventory/modifiers/{modifierId:guid}/stock-mappings/{stockItemId:guid}'
info: Microsoft.AspNetCore.Http.Result.JsonResult[1]
      Setting HTTP status code 401.
info: Microsoft.AspNetCore.Http.Result.JsonResult[3]
      Writing value of type 'StockMasterApiErrorEnvelopeV1' as Json.
info: Microsoft.AspNetCore.Routing.EndpointMiddleware[1]
      Executed endpoint 'HTTP: DELETE /api/v1/management/inventory/modifiers/{modifierId:guid}/stock-mappings/{stockItemId:guid}'
info: Microsoft.AspNetCore.Hosting.Diagnostics[2]
      Request finished HTTP/1.1 DELETE https://127.0.0.1:40461/api/v1/management/inventory/modifiers/7125f451-b277-4588-adf5-4d0ca18308cb/stock-mappings/ed28d059-22d8-47f7-b073-b5fb7fc75f60?terminalId=b1e349f2-b993-4fdb-ac22-913704587ec2 - 401 - application/json;+charset=utf-8 0.1920ms
info: Microsoft.AspNetCore.Hosting.Diagnostics[1]
      Request starting HTTP/1.1 POST http://127.0.0.1:40461/api/v1/management/inventory/products/3e50b728-d8de-475f-a173-d20dd70a0337/stock-mappings?terminalId=1fe47b2c-2221-4724-9f9f-64d117f023a2 - application/json;+charset=utf-8 2
info: Microsoft.AspNetCore.Routing.EndpointMiddleware[0]
      Executing endpoint 'HTTP: POST /api/v1/management/inventory/products/{productId:guid}/stock-mappings'
info: Microsoft.AspNetCore.Http.Result.JsonResult[1]
      Setting HTTP status code 401.
info: Microsoft.AspNetCore.Http.Result.JsonResult[3]
      Writing value of type 'StockMasterApiErrorEnvelopeV1' as Json.
info: Microsoft.AspNetCore.Routing.EndpointMiddleware[1]
      Executed endpoint 'HTTP: POST /api/v1/management/inventory/products/{productId:guid}/stock-mappings'
info: Microsoft.AspNetCore.Hosting.Diagnostics[2]
      Request finished HTTP/1.1 POST https://127.0.0.1:40461/api/v1/management/inventory/products/3e50b728-d8de-475f-a173-d20dd70a0337/stock-mappings?terminalId=1fe47b2c-2221-4724-9f9f-64d117f023a2 - 401 - application/json;+charset=utf-8 0.2648ms
info: Microsoft.AspNetCore.Hosting.Diagnostics[1]
      Request starting HTTP/1.1 GET http://127.0.0.1:40461/api/v1/management/inventory/products/6574c944-8ddc-409a-ab35-4971d7a1dac6/stock-mappings?terminalId=7c37f9dd-5a23-48e6-b0d1-e9c6d55f8f57 - - -
info: Microsoft.AspNetCore.Routing.EndpointMiddleware[0]
      Executing endpoint 'HTTP: GET /api/v1/management/inventory/products/{productId:guid}/stock-mappings'
info: Microsoft.AspNetCore.Http.Result.JsonResult[1]
      Setting HTTP status code 401.
info: Microsoft.AspNetCore.Http.Result.JsonResult[3]
      Writing value of type 'StockMasterApiErrorEnvelopeV1' as Json.
info: Microsoft.AspNetCore.Routing.EndpointMiddleware[1]
      Executed endpoint 'HTTP: GET /api/v1/management/inventory/products/{productId:guid}/stock-mappings'
info: Microsoft.AspNetCore.Hosting.Diagnostics[2]
      Request finished HTTP/1.1 GET https://127.0.0.1:40461/api/v1/management/inventory/products/6574c944-8ddc-409a-ab35-4971d7a1dac6/stock-mappings?terminalId=7c37f9dd-5a23-48e6-b0d1-e9c6d55f8f57 - 401 - application/json;+charset=utf-8 0.5535ms
info: Microsoft.AspNetCore.Hosting.Diagnostics[1]
      Request starting HTTP/1.1 DELETE http://127.0.0.1:40461/api/v1/management/inventory/products/c8e61404-e70c-4e63-880a-b8058be864d1/stock-mappings/8beedad2-0870-40d2-acb4-80fded392fc1?terminalId=e4adb2c3-2a04-4aee-9283-1f8ea59d3010 - application/json;+charset=utf-8 2
info: Microsoft.AspNetCore.Routing.EndpointMiddleware[0]
      Executing endpoint 'HTTP: DELETE /api/v1/management/inventory/products/{productId:guid}/stock-mappings/{stockItemId:guid}'
info: Microsoft.AspNetCore.Http.Result.JsonResult[1]
      Setting HTTP status code 401.
info: Microsoft.AspNetCore.Http.Result.JsonResult[3]
      Writing value of type 'StockMasterApiErrorEnvelopeV1' as Json.
info: Microsoft.AspNetCore.Routing.EndpointMiddleware[1]
      Executed endpoint 'HTTP: DELETE /api/v1/management/inventory/products/{productId:guid}/stock-mappings/{stockItemId:guid}'
info: Microsoft.AspNetCore.Hosting.Diagnostics[2]
      Request finished HTTP/1.1 DELETE https://127.0.0.1:40461/api/v1/management/inventory/products/c8e61404-e70c-4e63-880a-b8058be864d1/stock-mappings/8beedad2-0870-40d2-acb4-80fded392fc1?terminalId=e4adb2c3-2a04-4aee-9283-1f8ea59d3010 - 401 - application/json;+charset=utf-8 0.6585ms
info: Microsoft.AspNetCore.Hosting.Diagnostics[1]
      Request starting HTTP/1.1 GET http://127.0.0.1:40461/api/v1/management/inventory/reports/actual-vs-theoretical?terminalId=905173bc-f37a-48ae-a4d5-83e708673d7f - - -
info: Microsoft.AspNetCore.Routing.EndpointMiddleware[0]
      Executing endpoint 'HTTP: GET /api/v1/management/inventory/reports/actual-vs-theoretical'
info: Microsoft.AspNetCore.Http.Result.JsonResult[1]
      Setting HTTP status code 401.
info: Microsoft.AspNetCore.Http.Result.JsonResult[3]
      Writing value of type '<>f__AnonymousType5`1' as Json.
info: Microsoft.AspNetCore.Routing.EndpointMiddleware[1]
      Executed endpoint 'HTTP: GET /api/v1/management/inventory/reports/actual-vs-theoretical'
info: Microsoft.AspNetCore.Hosting.Diagnostics[2]
      Request finished HTTP/1.1 GET https://127.0.0.1:40461/api/v1/management/inventory/reports/actual-vs-theoretical?terminalId=905173bc-f37a-48ae-a4d5-83e708673d7f - 401 - application/json;+charset=utf-8 4.1048ms
info: Microsoft.AspNetCore.Hosting.Diagnostics[1]
      Request starting HTTP/1.1 GET http://127.0.0.1:40461/api/v1/management/inventory/reports/critical-stock?terminalId=18bbc1aa-7a6b-45cd-a4fc-a115cc0e7c64 - - -
info: Microsoft.AspNetCore.Routing.EndpointMiddleware[0]
      Executing endpoint 'HTTP: GET /api/v1/management/inventory/reports/critical-stock'
info: Microsoft.AspNetCore.Http.Result.JsonResult[1]
      Setting HTTP status code 401.
info: Microsoft.AspNetCore.Http.Result.JsonResult[3]
      Writing value of type '<>f__AnonymousType5`1' as Json.
info: Microsoft.AspNetCore.Routing.EndpointMiddleware[1]
      Executed endpoint 'HTTP: GET /api/v1/management/inventory/reports/critical-stock'
info: Microsoft.AspNetCore.Hosting.Diagnostics[2]
      Request finished HTTP/1.1 GET https://127.0.0.1:40461/api/v1/management/inventory/reports/critical-stock?terminalId=18bbc1aa-7a6b-45cd-a4fc-a115cc0e7c64 - 401 - application/json;+charset=utf-8 1.8307ms
info: Microsoft.AspNetCore.Hosting.Diagnostics[1]
      Request starting HTTP/1.1 GET http://127.0.0.1:40461/api/v1/management/inventory/stock-items?terminalId=48a82fe0-5d1c-4b46-8cf7-27ea940c4600 - - -
info: Microsoft.AspNetCore.Routing.EndpointMiddleware[0]
      Executing endpoint 'HTTP: GET /api/v1/management/inventory/stock-items'
info: Microsoft.AspNetCore.Http.Result.JsonResult[1]
      Setting HTTP status code 401.
info: Microsoft.AspNetCore.Http.Result.JsonResult[3]
      Writing value of type 'StockMasterApiErrorEnvelopeV1' as Json.
info: Microsoft.AspNetCore.Routing.EndpointMiddleware[1]
      Executed endpoint 'HTTP: GET /api/v1/management/inventory/stock-items'
info: Microsoft.AspNetCore.Hosting.Diagnostics[2]
      Request finished HTTP/1.1 GET https://127.0.0.1:40461/api/v1/management/inventory/stock-items?terminalId=48a82fe0-5d1c-4b46-8cf7-27ea940c4600 - 401 - application/json;+charset=utf-8 0.4633ms
info: Microsoft.AspNetCore.Hosting.Diagnostics[1]
      Request starting HTTP/1.1 POST http://127.0.0.1:40461/api/v1/management/inventory/stock-items?terminalId=6a899eb1-6a29-4bf8-876f-e703e322410b - application/json;+charset=utf-8 2
info: Microsoft.AspNetCore.Routing.EndpointMiddleware[0]
      Executing endpoint 'HTTP: POST /api/v1/management/inventory/stock-items'
info: Microsoft.AspNetCore.Http.Result.JsonResult[1]
      Setting HTTP status code 401.
info: Microsoft.AspNetCore.Http.Result.JsonResult[3]
      Writing value of type 'StockMasterApiErrorEnvelopeV1' as Json.
info: Microsoft.AspNetCore.Routing.EndpointMiddleware[1]
      Executed endpoint 'HTTP: POST /api/v1/management/inventory/stock-items'
info: Microsoft.AspNetCore.Hosting.Diagnostics[2]
      Request finished HTTP/1.1 POST https://127.0.0.1:40461/api/v1/management/inventory/stock-items?terminalId=6a899eb1-6a29-4bf8-876f-e703e322410b - 401 - application/json;+charset=utf-8 0.3201ms
info: Microsoft.AspNetCore.Hosting.Diagnostics[1]
      Request starting HTTP/1.1 POST http://127.0.0.1:40461/api/v1/management/inventory/stock-items/cdddf8a6-4322-4e15-8f3e-d1b435ff38f9/physical-counts?terminalId=5717a9a2-d787-4673-a24b-8a1238d1356e - application/json;+charset=utf-8 2
info: Microsoft.AspNetCore.Routing.EndpointMiddleware[0]
      Executing endpoint 'HTTP: POST /api/v1/management/inventory/stock-items/{stockItemId:guid}/physical-counts'
info: Microsoft.AspNetCore.Http.Result.JsonResult[1]
      Setting HTTP status code 401.
info: Microsoft.AspNetCore.Http.Result.JsonResult[3]
      Writing value of type 'StockMasterApiErrorEnvelopeV1' as Json.
info: Microsoft.AspNetCore.Routing.EndpointMiddleware[1]
      Executed endpoint 'HTTP: POST /api/v1/management/inventory/stock-items/{stockItemId:guid}/physical-counts'
info: Microsoft.AspNetCore.Hosting.Diagnostics[2]
      Request finished HTTP/1.1 POST https://127.0.0.1:40461/api/v1/management/inventory/stock-items/cdddf8a6-4322-4e15-8f3e-d1b435ff38f9/physical-counts?terminalId=5717a9a2-d787-4673-a24b-8a1238d1356e - 401 - application/json;+charset=utf-8 0.6785ms
info: Microsoft.AspNetCore.Hosting.Diagnostics[1]
      Request starting HTTP/1.1 PUT http://127.0.0.1:40461/api/v1/management/inventory/stock-items/684fae5b-8be9-403d-8c10-a01213968445/reorder-point?terminalId=32ab9b00-f2e7-43e6-a89b-e3b3a1cbf50f - application/json;+charset=utf-8 2
info: Microsoft.AspNetCore.Routing.EndpointMiddleware[0]
      Executing endpoint 'HTTP: PUT /api/v1/management/inventory/stock-items/{stockItemId:guid}/reorder-point'
info: Microsoft.AspNetCore.Http.Result.JsonResult[1]
      Setting HTTP status code 401.
info: Microsoft.AspNetCore.Http.Result.JsonResult[3]
      Writing value of type 'StockMasterApiErrorEnvelopeV1' as Json.
info: Microsoft.AspNetCore.Routing.EndpointMiddleware[1]
      Executed endpoint 'HTTP: PUT /api/v1/management/inventory/stock-items/{stockItemId:guid}/reorder-point'
info: Microsoft.AspNetCore.Hosting.Diagnostics[2]
      Request finished HTTP/1.1 PUT https://127.0.0.1:40461/api/v1/management/inventory/stock-items/684fae5b-8be9-403d-8c10-a01213968445/reorder-point?terminalId=32ab9b00-f2e7-43e6-a89b-e3b3a1cbf50f - 401 - application/json;+charset=utf-8 0.3044ms
info: Microsoft.AspNetCore.Hosting.Diagnostics[1]
      Request starting HTTP/1.1 POST http://127.0.0.1:40461/api/v1/management/inventory/stock-items/2a2fe47d-14a8-4f3b-9bc5-9e760ffaca19/waste?terminalId=31f28968-255c-4502-b4c8-2ea66e765851 - application/json;+charset=utf-8 2
info: Microsoft.AspNetCore.Routing.EndpointMiddleware[0]
      Executing endpoint 'HTTP: POST /api/v1/management/inventory/stock-items/{stockItemId:guid}/waste'
info: Microsoft.AspNetCore.Http.Result.JsonResult[1]
      Setting HTTP status code 401.
info: Microsoft.AspNetCore.Http.Result.JsonResult[3]
      Writing value of type 'StockMasterApiErrorEnvelopeV1' as Json.
info: Microsoft.AspNetCore.Routing.EndpointMiddleware[1]
      Executed endpoint 'HTTP: POST /api/v1/management/inventory/stock-items/{stockItemId:guid}/waste'
info: Microsoft.AspNetCore.Hosting.Diagnostics[2]
      Request finished HTTP/1.1 POST https://127.0.0.1:40461/api/v1/management/inventory/stock-items/2a2fe47d-14a8-4f3b-9bc5-9e760ffaca19/waste?terminalId=31f28968-255c-4502-b4c8-2ea66e765851 - 401 - application/json;+charset=utf-8 0.2420ms
info: Microsoft.AspNetCore.Hosting.Diagnostics[1]
      Request starting HTTP/1.1 GET http://127.0.0.1:40461/api/v1/management/inventory/stock-locations?terminalId=8f6f351f-12b2-4bfd-a0cf-bd1f51521d92 - - -
info: Microsoft.AspNetCore.Routing.EndpointMiddleware[0]
      Executing endpoint 'HTTP: GET /api/v1/management/inventory/stock-locations'
info: Microsoft.AspNetCore.Http.Result.JsonResult[1]
      Setting HTTP status code 401.
info: Microsoft.AspNetCore.Http.Result.JsonResult[3]
      Writing value of type 'StockMasterApiErrorEnvelopeV1' as Json.
info: Microsoft.AspNetCore.Routing.EndpointMiddleware[1]
      Executed endpoint 'HTTP: GET /api/v1/management/inventory/stock-locations'
info: Microsoft.AspNetCore.Hosting.Diagnostics[2]
      Request finished HTTP/1.1 GET https://127.0.0.1:40461/api/v1/management/inventory/stock-locations?terminalId=8f6f351f-12b2-4bfd-a0cf-bd1f51521d92 - 401 - application/json;+charset=utf-8 0.5043ms
info: Microsoft.AspNetCore.Hosting.Diagnostics[1]
      Request starting HTTP/1.1 POST http://127.0.0.1:40461/api/v1/management/inventory/stock-locations?terminalId=07b6cf98-3e12-427c-9603-9c0eae968dd5 - application/json;+charset=utf-8 2
info: Microsoft.AspNetCore.Routing.EndpointMiddleware[0]
      Executing endpoint 'HTTP: POST /api/v1/management/inventory/stock-locations'
info: Microsoft.AspNetCore.Http.Result.JsonResult[1]
      Setting HTTP status code 401.
info: Microsoft.AspNetCore.Http.Result.JsonResult[3]
      Writing value of type 'StockMasterApiErrorEnvelopeV1' as Json.
info: Microsoft.AspNetCore.Routing.EndpointMiddleware[1]
      Executed endpoint 'HTTP: POST /api/v1/management/inventory/stock-locations'
info: Microsoft.AspNetCore.Hosting.Diagnostics[2]
      Request finished HTTP/1.1 POST https://127.0.0.1:40461/api/v1/management/inventory/stock-locations?terminalId=07b6cf98-3e12-427c-9603-9c0eae968dd5 - 401 - application/json;+charset=utf-8 1.1878ms
info: Microsoft.AspNetCore.Hosting.Diagnostics[1]
      Request starting HTTP/1.1 GET http://127.0.0.1:40461/api/v1/management/inventory/waste?terminalId=571cc381-dfec-44bf-8be7-10b98deef192 - - -
info: Microsoft.AspNetCore.Routing.EndpointMiddleware[0]
      Executing endpoint 'HTTP: GET /api/v1/management/inventory/waste'
info: Microsoft.AspNetCore.Http.Result.JsonResult[1]
      Setting HTTP status code 401.
info: Microsoft.AspNetCore.Http.Result.JsonResult[3]
      Writing value of type 'StockMasterApiErrorEnvelopeV1' as Json.
info: Microsoft.AspNetCore.Routing.EndpointMiddleware[1]
      Executed endpoint 'HTTP: GET /api/v1/management/inventory/waste'
info: Microsoft.AspNetCore.Hosting.Diagnostics[2]
      Request finished HTTP/1.1 GET https://127.0.0.1:40461/api/v1/management/inventory/waste?terminalId=571cc381-dfec-44bf-8be7-10b98deef192 - 401 - application/json;+charset=utf-8 1.4323ms
info: Microsoft.AspNetCore.Hosting.Diagnostics[1]
      Request starting HTTP/1.1 POST http://127.0.0.1:40461/api/v1/management/menus-and-specials/daily-menus?terminalId=72d6ed9c-6b3f-4d17-ad8e-7e2d1787c67a - application/json;+charset=utf-8 2
info: Microsoft.AspNetCore.Routing.EndpointMiddleware[0]
      Executing endpoint 'HTTP: POST /api/v1/management/menus-and-specials/daily-menus'
info: Microsoft.AspNetCore.Http.Result.JsonResult[1]
      Setting HTTP status code 401.
info: Microsoft.AspNetCore.Http.Result.JsonResult[3]
      Writing value of type 'MenuApiErrorEnvelopeV1' as Json.
info: Microsoft.AspNetCore.Routing.EndpointMiddleware[1]
      Executed endpoint 'HTTP: POST /api/v1/management/menus-and-specials/daily-menus'
info: Microsoft.AspNetCore.Hosting.Diagnostics[2]
      Request finished HTTP/1.1 POST https://127.0.0.1:40461/api/v1/management/menus-and-specials/daily-menus?terminalId=72d6ed9c-6b3f-4d17-ad8e-7e2d1787c67a - 401 - application/json;+charset=utf-8 0.4417ms
info: Microsoft.AspNetCore.Hosting.Diagnostics[1]
      Request starting HTTP/1.1 GET http://127.0.0.1:40461/api/v1/management/menus-and-specials/daily-menus/by-date/2026-09-28?terminalId=26d0f37e-135a-437e-933b-f1e7466a1ba3 - - -
info: Microsoft.AspNetCore.Routing.EndpointMiddleware[0]
      Executing endpoint 'HTTP: GET /api/v1/management/menus-and-specials/daily-menus/by-date/{businessDate}'
info: Microsoft.AspNetCore.Http.Result.JsonResult[1]
      Setting HTTP status code 401.
info: Microsoft.AspNetCore.Http.Result.JsonResult[3]
      Writing value of type 'MenuApiErrorEnvelopeV1' as Json.
info: Microsoft.AspNetCore.Routing.EndpointMiddleware[1]
      Executed endpoint 'HTTP: GET /api/v1/management/menus-and-specials/daily-menus/by-date/{businessDate}'
info: Microsoft.AspNetCore.Hosting.Diagnostics[2]
      Request finished HTTP/1.1 GET https://127.0.0.1:40461/api/v1/management/menus-and-specials/daily-menus/by-date/2026-09-28?terminalId=26d0f37e-135a-437e-933b-f1e7466a1ba3 - 401 - application/json;+charset=utf-8 0.3099ms
info: Microsoft.AspNetCore.Hosting.Diagnostics[1]
      Request starting HTTP/1.1 PUT http://127.0.0.1:40461/api/v1/management/menus-and-specials/daily-menus/items/f08f85f5-f1dc-4c7b-80ae-a8b33fd1b208/planned-portions?terminalId=30fd4729-aa52-4148-9824-79dde7e810ec - application/json;+charset=utf-8 2
info: Microsoft.AspNetCore.Routing.EndpointMiddleware[0]
      Executing endpoint 'HTTP: PUT /api/v1/management/menus-and-specials/daily-menus/items/{dailyMenuItemId:guid}/planned-portions'
info: Microsoft.AspNetCore.Http.Result.JsonResult[1]
      Setting HTTP status code 401.
info: Microsoft.AspNetCore.Http.Result.JsonResult[3]
      Writing value of type 'MenuApiErrorEnvelopeV1' as Json.
info: Microsoft.AspNetCore.Routing.EndpointMiddleware[1]
      Executed endpoint 'HTTP: PUT /api/v1/management/menus-and-specials/daily-menus/items/{dailyMenuItemId:guid}/planned-portions'
info: Microsoft.AspNetCore.Hosting.Diagnostics[2]
      Request finished HTTP/1.1 PUT https://127.0.0.1:40461/api/v1/management/menus-and-specials/daily-menus/items/f08f85f5-f1dc-4c7b-80ae-a8b33fd1b208/planned-portions?terminalId=30fd4729-aa52-4148-9824-79dde7e810ec - 401 - application/json;+charset=utf-8 0.3352ms
info: Microsoft.AspNetCore.Hosting.Diagnostics[1]
      Request starting HTTP/1.1 PUT http://127.0.0.1:40461/api/v1/management/menus-and-specials/daily-menus/items/68d45bee-5991-4bc5-b18e-c718d45ba199/price?terminalId=19d023c2-c05c-4fa2-9a56-177e76d142c3 - application/json;+charset=utf-8 2
info: Microsoft.AspNetCore.Routing.EndpointMiddleware[0]
      Executing endpoint 'HTTP: PUT /api/v1/management/menus-and-specials/daily-menus/items/{dailyMenuItemId:guid}/price'
info: Microsoft.AspNetCore.Http.Result.JsonResult[1]
      Setting HTTP status code 401.
info: Microsoft.AspNetCore.Http.Result.JsonResult[3]
      Writing value of type 'MenuApiErrorEnvelopeV1' as Json.
info: Microsoft.AspNetCore.Routing.EndpointMiddleware[1]
      Executed endpoint 'HTTP: PUT /api/v1/management/menus-and-specials/daily-menus/items/{dailyMenuItemId:guid}/price'
info: Microsoft.AspNetCore.Hosting.Diagnostics[2]
      Request finished HTTP/1.1 PUT https://127.0.0.1:40461/api/v1/management/menus-and-specials/daily-menus/items/68d45bee-5991-4bc5-b18e-c718d45ba199/price?terminalId=19d023c2-c05c-4fa2-9a56-177e76d142c3 - 401 - application/json;+charset=utf-8 0.3748ms
info: Microsoft.AspNetCore.Hosting.Diagnostics[1]
      Request starting HTTP/1.1 PUT http://127.0.0.1:40461/api/v1/management/menus-and-specials/daily-menus/items/2e972614-7e29-4c3c-a1c2-0810200dd802/status?terminalId=fd73c6d1-831c-4641-ba00-f6baf17fa424 - application/json;+charset=utf-8 2
info: Microsoft.AspNetCore.Routing.EndpointMiddleware[0]
      Executing endpoint 'HTTP: PUT /api/v1/management/menus-and-specials/daily-menus/items/{dailyMenuItemId:guid}/status'
info: Microsoft.AspNetCore.Http.Result.JsonResult[1]
      Setting HTTP status code 401.
info: Microsoft.AspNetCore.Http.Result.JsonResult[3]
      Writing value of type 'MenuApiErrorEnvelopeV1' as Json.
info: Microsoft.AspNetCore.Routing.EndpointMiddleware[1]
      Executed endpoint 'HTTP: PUT /api/v1/management/menus-and-specials/daily-menus/items/{dailyMenuItemId:guid}/status'
info: Microsoft.AspNetCore.Hosting.Diagnostics[2]
      Request finished HTTP/1.1 PUT https://127.0.0.1:40461/api/v1/management/menus-and-specials/daily-menus/items/2e972614-7e29-4c3c-a1c2-0810200dd802/status?terminalId=fd73c6d1-831c-4641-ba00-f6baf17fa424 - 401 - application/json;+charset=utf-8 0.3998ms
info: Microsoft.AspNetCore.Hosting.Diagnostics[1]
      Request starting HTTP/1.1 GET http://127.0.0.1:40461/api/v1/management/menus-and-specials/daily-menus/159a2439-b4a7-47c3-a9c5-58697df55c85?terminalId=7697c0b0-cbaa-474d-8268-e33800cb7c52 - - -
info: Microsoft.AspNetCore.Routing.EndpointMiddleware[0]
      Executing endpoint 'HTTP: GET /api/v1/management/menus-and-specials/daily-menus/{dailyMenuId:guid}'
info: Microsoft.AspNetCore.Http.Result.JsonResult[1]
      Setting HTTP status code 401.
info: Microsoft.AspNetCore.Http.Result.JsonResult[3]
      Writing value of type 'MenuApiErrorEnvelopeV1' as Json.
info: Microsoft.AspNetCore.Routing.EndpointMiddleware[1]
      Executed endpoint 'HTTP: GET /api/v1/management/menus-and-specials/daily-menus/{dailyMenuId:guid}'
info: Microsoft.AspNetCore.Hosting.Diagnostics[2]
      Request finished HTTP/1.1 GET https://127.0.0.1:40461/api/v1/management/menus-and-specials/daily-menus/159a2439-b4a7-47c3-a9c5-58697df55c85?terminalId=7697c0b0-cbaa-474d-8268-e33800cb7c52 - 401 - application/json;+charset=utf-8 0.4157ms
info: Microsoft.AspNetCore.Hosting.Diagnostics[1]
      Request starting HTTP/1.1 POST http://127.0.0.1:40461/api/v1/management/menus-and-specials/daily-menus/a693e409-e715-4410-8c56-77f898f2bc95/close?terminalId=844cd9aa-f54e-4997-9979-26179185ccc6 - application/json;+charset=utf-8 2
info: Microsoft.AspNetCore.Routing.EndpointMiddleware[0]
      Executing endpoint 'HTTP: POST /api/v1/management/menus-and-specials/daily-menus/{dailyMenuId:guid}/close'
info: Microsoft.AspNetCore.Http.Result.JsonResult[1]
      Setting HTTP status code 401.
info: Microsoft.AspNetCore.Http.Result.JsonResult[3]
      Writing value of type 'MenuApiErrorEnvelopeV1' as Json.
info: Microsoft.AspNetCore.Routing.EndpointMiddleware[1]
      Executed endpoint 'HTTP: POST /api/v1/management/menus-and-specials/daily-menus/{dailyMenuId:guid}/close'
info: Microsoft.AspNetCore.Hosting.Diagnostics[2]
      Request finished HTTP/1.1 POST https://127.0.0.1:40461/api/v1/management/menus-and-specials/daily-menus/a693e409-e715-4410-8c56-77f898f2bc95/close?terminalId=844cd9aa-f54e-4997-9979-26179185ccc6 - 401 - application/json;+charset=utf-8 0.3595ms
info: Microsoft.AspNetCore.Hosting.Diagnostics[1]
      Request starting HTTP/1.1 POST http://127.0.0.1:40461/api/v1/management/menus-and-specials/daily-menus/e960d981-0cd4-45fb-a2a4-6ff8b8d60f30/items?terminalId=d1e58a98-d849-4353-b9c1-6d5666a727b4 - application/json;+charset=utf-8 2
info: Microsoft.AspNetCore.Routing.EndpointMiddleware[0]
      Executing endpoint 'HTTP: POST /api/v1/management/menus-and-specials/daily-menus/{dailyMenuId:guid}/items'
info: Microsoft.AspNetCore.Http.Result.JsonResult[1]
      Setting HTTP status code 401.
info: Microsoft.AspNetCore.Http.Result.JsonResult[3]
      Writing value of type 'MenuApiErrorEnvelopeV1' as Json.
info: Microsoft.AspNetCore.Routing.EndpointMiddleware[1]
      Executed endpoint 'HTTP: POST /api/v1/management/menus-and-specials/daily-menus/{dailyMenuId:guid}/items'
info: Microsoft.AspNetCore.Hosting.Diagnostics[2]
      Request finished HTTP/1.1 POST https://127.0.0.1:40461/api/v1/management/menus-and-specials/daily-menus/e960d981-0cd4-45fb-a2a4-6ff8b8d60f30/items?terminalId=d1e58a98-d849-4353-b9c1-6d5666a727b4 - 401 - application/json;+charset=utf-8 0.3053ms
info: Microsoft.AspNetCore.Hosting.Diagnostics[1]
      Request starting HTTP/1.1 POST http://127.0.0.1:40461/api/v1/management/menus-and-specials/daily-menus/a2e69b79-7ebb-4070-9491-8abce05d9137/open?terminalId=eaab4deb-5c8f-41ec-a50a-f7fad8462c4c - application/json;+charset=utf-8 2
info: Microsoft.AspNetCore.Routing.EndpointMiddleware[0]
      Executing endpoint 'HTTP: POST /api/v1/management/menus-and-specials/daily-menus/{dailyMenuId:guid}/open'
info: Microsoft.AspNetCore.Http.Result.JsonResult[1]
      Setting HTTP status code 401.
info: Microsoft.AspNetCore.Http.Result.JsonResult[3]
      Writing value of type 'MenuApiErrorEnvelopeV1' as Json.
info: Microsoft.AspNetCore.Routing.EndpointMiddleware[1]
      Executed endpoint 'HTTP: POST /api/v1/management/menus-and-specials/daily-menus/{dailyMenuId:guid}/open'
info: Microsoft.AspNetCore.Hosting.Diagnostics[2]
      Request finished HTTP/1.1 POST https://127.0.0.1:40461/api/v1/management/menus-and-specials/daily-menus/a2e69b79-7ebb-4070-9491-8abce05d9137/open?terminalId=eaab4deb-5c8f-41ec-a50a-f7fad8462c4c - 401 - application/json;+charset=utf-8 0.3241ms
info: Microsoft.AspNetCore.Hosting.Diagnostics[1]
      Request starting HTTP/1.1 GET http://127.0.0.1:40461/api/v1/management/menus-and-specials/menus?terminalId=686bde37-70d7-4bde-ae38-ff740d5768ef - - -
info: Microsoft.AspNetCore.Routing.EndpointMiddleware[0]
      Executing endpoint 'HTTP: GET /api/v1/management/menus-and-specials/menus'
info: Microsoft.AspNetCore.Http.Result.JsonResult[1]
      Setting HTTP status code 401.
info: Microsoft.AspNetCore.Http.Result.JsonResult[3]
      Writing value of type 'MenuApiErrorEnvelopeV1' as Json.
info: Microsoft.AspNetCore.Routing.EndpointMiddleware[1]
      Executed endpoint 'HTTP: GET /api/v1/management/menus-and-specials/menus'
info: Microsoft.AspNetCore.Hosting.Diagnostics[2]
      Request finished HTTP/1.1 GET https://127.0.0.1:40461/api/v1/management/menus-and-specials/menus?terminalId=686bde37-70d7-4bde-ae38-ff740d5768ef - 401 - application/json;+charset=utf-8 0.3220ms
info: Microsoft.AspNetCore.Hosting.Diagnostics[1]
      Request starting HTTP/1.1 POST http://127.0.0.1:40461/api/v1/management/menus-and-specials/menus?terminalId=9b53d5ab-0ee8-4053-8aff-655186a30764 - application/json;+charset=utf-8 2
info: Microsoft.AspNetCore.Routing.EndpointMiddleware[0]
      Executing endpoint 'HTTP: POST /api/v1/management/menus-and-specials/menus'
info: Microsoft.AspNetCore.Http.Result.JsonResult[1]
      Setting HTTP status code 401.
info: Microsoft.AspNetCore.Http.Result.JsonResult[3]
      Writing value of type 'MenuApiErrorEnvelopeV1' as Json.
info: Microsoft.AspNetCore.Routing.EndpointMiddleware[1]
      Executed endpoint 'HTTP: POST /api/v1/management/menus-and-specials/menus'
info: Microsoft.AspNetCore.Hosting.Diagnostics[2]
      Request finished HTTP/1.1 POST https://127.0.0.1:40461/api/v1/management/menus-and-specials/menus?terminalId=9b53d5ab-0ee8-4053-8aff-655186a30764 - 401 - application/json;+charset=utf-8 0.2187ms
info: Microsoft.AspNetCore.Hosting.Diagnostics[1]
      Request starting HTTP/1.1 GET http://127.0.0.1:40461/api/v1/management/menus-and-specials/menus/1aa3ac64-66a3-4a1e-a7ef-6e33f12625f7?terminalId=0be1597e-be99-49e3-ae01-d6f5cfd92c71 - - -
info: Microsoft.AspNetCore.Routing.EndpointMiddleware[0]
      Executing endpoint 'HTTP: GET /api/v1/management/menus-and-specials/menus/{menuId:guid}'
info: Microsoft.AspNetCore.Http.Result.JsonResult[1]
      Setting HTTP status code 401.
info: Microsoft.AspNetCore.Http.Result.JsonResult[3]
      Writing value of type 'MenuApiErrorEnvelopeV1' as Json.
info: Microsoft.AspNetCore.Routing.EndpointMiddleware[1]
      Executed endpoint 'HTTP: GET /api/v1/management/menus-and-specials/menus/{menuId:guid}'
info: Microsoft.AspNetCore.Hosting.Diagnostics[2]
      Request finished HTTP/1.1 GET https://127.0.0.1:40461/api/v1/management/menus-and-specials/menus/1aa3ac64-66a3-4a1e-a7ef-6e33f12625f7?terminalId=0be1597e-be99-49e3-ae01-d6f5cfd92c71 - 401 - application/json;+charset=utf-8 0.3512ms
info: Microsoft.AspNetCore.Hosting.Diagnostics[1]
      Request starting HTTP/1.1 PUT http://127.0.0.1:40461/api/v1/management/menus-and-specials/menus/3e504248-4def-43db-8091-2fc119f43cad?terminalId=62fde2a9-b211-4bbc-9713-6b5b55f2e384 - application/json;+charset=utf-8 2
info: Microsoft.AspNetCore.Routing.EndpointMiddleware[0]
      Executing endpoint 'HTTP: PUT /api/v1/management/menus-and-specials/menus/{menuId:guid}'
info: Microsoft.AspNetCore.Http.Result.JsonResult[1]
      Setting HTTP status code 401.
info: Microsoft.AspNetCore.Http.Result.JsonResult[3]
      Writing value of type 'MenuApiErrorEnvelopeV1' as Json.
info: Microsoft.AspNetCore.Routing.EndpointMiddleware[1]
      Executed endpoint 'HTTP: PUT /api/v1/management/menus-and-specials/menus/{menuId:guid}'
info: Microsoft.AspNetCore.Hosting.Diagnostics[2]
      Request finished HTTP/1.1 PUT https://127.0.0.1:40461/api/v1/management/menus-and-specials/menus/3e504248-4def-43db-8091-2fc119f43cad?terminalId=62fde2a9-b211-4bbc-9713-6b5b55f2e384 - 401 - application/json;+charset=utf-8 0.7132ms
info: Microsoft.AspNetCore.Hosting.Diagnostics[1]
      Request starting HTTP/1.1 POST http://127.0.0.1:40461/api/v1/management/menus-and-specials/menus/fb11b28e-b2e6-49d4-9f40-db6fa0c55b7e/items?terminalId=3aa3e8c7-b873-4e7d-8fbd-408d917c6f34 - application/json;+charset=utf-8 2
info: Microsoft.AspNetCore.Routing.EndpointMiddleware[0]
      Executing endpoint 'HTTP: POST /api/v1/management/menus-and-specials/menus/{menuId:guid}/items'
info: Microsoft.AspNetCore.Http.Result.JsonResult[1]
      Setting HTTP status code 401.
info: Microsoft.AspNetCore.Http.Result.JsonResult[3]
      Writing value of type 'MenuApiErrorEnvelopeV1' as Json.
info: Microsoft.AspNetCore.Routing.EndpointMiddleware[1]
      Executed endpoint 'HTTP: POST /api/v1/management/menus-and-specials/menus/{menuId:guid}/items'
info: Microsoft.AspNetCore.Hosting.Diagnostics[2]
      Request finished HTTP/1.1 POST https://127.0.0.1:40461/api/v1/management/menus-and-specials/menus/fb11b28e-b2e6-49d4-9f40-db6fa0c55b7e/items?terminalId=3aa3e8c7-b873-4e7d-8fbd-408d917c6f34 - 401 - application/json;+charset=utf-8 0.3001ms
info: Microsoft.AspNetCore.Hosting.Diagnostics[1]
      Request starting HTTP/1.1 POST http://127.0.0.1:40461/api/v1/management/menus-and-specials/menus/93a2c9dd-e540-4a57-8b2f-64bb347c52b4/items/reorder?terminalId=850a1322-65b8-4445-aed0-fbb41326cb38 - application/json;+charset=utf-8 2
info: Microsoft.AspNetCore.Routing.EndpointMiddleware[0]
      Executing endpoint 'HTTP: POST /api/v1/management/menus-and-specials/menus/{menuId:guid}/items/reorder'
info: Microsoft.AspNetCore.Http.Result.JsonResult[1]
      Setting HTTP status code 401.
info: Microsoft.AspNetCore.Http.Result.JsonResult[3]
      Writing value of type 'MenuApiErrorEnvelopeV1' as Json.
info: Microsoft.AspNetCore.Routing.EndpointMiddleware[1]
      Executed endpoint 'HTTP: POST /api/v1/management/menus-and-specials/menus/{menuId:guid}/items/reorder'
info: Microsoft.AspNetCore.Hosting.Diagnostics[2]
      Request finished HTTP/1.1 POST https://127.0.0.1:40461/api/v1/management/menus-and-specials/menus/93a2c9dd-e540-4a57-8b2f-64bb347c52b4/items/reorder?terminalId=850a1322-65b8-4445-aed0-fbb41326cb38 - 401 - application/json;+charset=utf-8 0.3367ms
info: Microsoft.AspNetCore.Hosting.Diagnostics[1]
      Request starting HTTP/1.1 PUT http://127.0.0.1:40461/api/v1/management/menus-and-specials/menus/e7e1e22a-c54e-4e94-b1f1-e0df1fe74589/items/be375742-1a17-4627-a66f-70e4814470b1?terminalId=78977a3e-08d0-4e28-8f95-a159abdd291d - application/json;+charset=utf-8 2
info: Microsoft.AspNetCore.Routing.EndpointMiddleware[0]
      Executing endpoint 'HTTP: PUT /api/v1/management/menus-and-specials/menus/{menuId:guid}/items/{menuItemId:guid}'
info: Microsoft.AspNetCore.Http.Result.JsonResult[1]
      Setting HTTP status code 401.
info: Microsoft.AspNetCore.Http.Result.JsonResult[3]
      Writing value of type 'MenuApiErrorEnvelopeV1' as Json.
info: Microsoft.AspNetCore.Routing.EndpointMiddleware[1]
      Executed endpoint 'HTTP: PUT /api/v1/management/menus-and-specials/menus/{menuId:guid}/items/{menuItemId:guid}'
info: Microsoft.AspNetCore.Hosting.Diagnostics[2]
      Request finished HTTP/1.1 PUT https://127.0.0.1:40461/api/v1/management/menus-and-specials/menus/e7e1e22a-c54e-4e94-b1f1-e0df1fe74589/items/be375742-1a17-4627-a66f-70e4814470b1?terminalId=78977a3e-08d0-4e28-8f95-a159abdd291d - 401 - application/json;+charset=utf-8 0.2896ms
info: Microsoft.AspNetCore.Hosting.Diagnostics[1]
      Request starting HTTP/1.1 GET http://127.0.0.1:40461/api/v1/management/observability/alerts/active?terminalId=9c3089ed-85eb-4cff-8e14-93d0bdab8a30 - - -
info: Microsoft.AspNetCore.Routing.EndpointMiddleware[0]
      Executing endpoint 'HTTP: GET /api/v1/management/observability/alerts/active'
info: Microsoft.AspNetCore.Http.Result.JsonResult[1]
      Setting HTTP status code 401.
info: Microsoft.AspNetCore.Http.Result.JsonResult[3]
      Writing value of type 'ObservabilityApiErrorEnvelopeV1' as Json.
info: Microsoft.AspNetCore.Routing.EndpointMiddleware[1]
      Executed endpoint 'HTTP: GET /api/v1/management/observability/alerts/active'
info: Microsoft.AspNetCore.Hosting.Diagnostics[2]
      Request finished HTTP/1.1 GET https://127.0.0.1:40461/api/v1/management/observability/alerts/active?terminalId=9c3089ed-85eb-4cff-8e14-93d0bdab8a30 - 401 - application/json;+charset=utf-8 0.3914ms
info: Microsoft.AspNetCore.Hosting.Diagnostics[1]
      Request starting HTTP/1.1 GET http://127.0.0.1:40461/api/v1/management/observability/alerts/by-source?terminalId=137a5e75-28df-43b8-b0ed-b635456d0dd2 - - -
info: Microsoft.AspNetCore.Routing.EndpointMiddleware[0]
      Executing endpoint 'HTTP: GET /api/v1/management/observability/alerts/by-source'
info: Microsoft.AspNetCore.Http.Result.JsonResult[1]
      Setting HTTP status code 401.
info: Microsoft.AspNetCore.Http.Result.JsonResult[3]
      Writing value of type 'ObservabilityApiErrorEnvelopeV1' as Json.
info: Microsoft.AspNetCore.Routing.EndpointMiddleware[1]
      Executed endpoint 'HTTP: GET /api/v1/management/observability/alerts/by-source'
info: Microsoft.AspNetCore.Hosting.Diagnostics[2]
      Request finished HTTP/1.1 GET https://127.0.0.1:40461/api/v1/management/observability/alerts/by-source?terminalId=137a5e75-28df-43b8-b0ed-b635456d0dd2 - 401 - application/json;+charset=utf-8 0.4982ms
info: Microsoft.AspNetCore.Hosting.Diagnostics[1]
      Request starting HTTP/1.1 POST http://127.0.0.1:40461/api/v1/management/observability/alerts/raise?terminalId=99b44a23-e051-45ce-9f92-ebd308206382 - application/json;+charset=utf-8 2
info: Microsoft.AspNetCore.Routing.EndpointMiddleware[0]
      Executing endpoint 'HTTP: POST /api/v1/management/observability/alerts/raise'
info: Microsoft.AspNetCore.Http.Result.JsonResult[1]
      Setting HTTP status code 401.
info: Microsoft.AspNetCore.Http.Result.JsonResult[3]
      Writing value of type 'ObservabilityApiErrorEnvelopeV1' as Json.
info: Microsoft.AspNetCore.Routing.EndpointMiddleware[1]
      Executed endpoint 'HTTP: POST /api/v1/management/observability/alerts/raise'
info: Microsoft.AspNetCore.Hosting.Diagnostics[2]
      Request finished HTTP/1.1 POST https://127.0.0.1:40461/api/v1/management/observability/alerts/raise?terminalId=99b44a23-e051-45ce-9f92-ebd308206382 - 401 - application/json;+charset=utf-8 0.2895ms
info: Microsoft.AspNetCore.Hosting.Diagnostics[1]
      Request starting HTTP/1.1 GET http://127.0.0.1:40461/api/v1/management/observability/alerts/1862e386-b3f4-4e78-999e-1fafafcd76a6?terminalId=0b5ec4cf-a5ad-40d9-8a01-4e015e7f1034 - - -
info: Microsoft.AspNetCore.Routing.EndpointMiddleware[0]
      Executing endpoint 'HTTP: GET /api/v1/management/observability/alerts/{alertId:guid}'
info: Microsoft.AspNetCore.Http.Result.JsonResult[1]
      Setting HTTP status code 401.
info: Microsoft.AspNetCore.Http.Result.JsonResult[3]
      Writing value of type 'ObservabilityApiErrorEnvelopeV1' as Json.
info: Microsoft.AspNetCore.Routing.EndpointMiddleware[1]
      Executed endpoint 'HTTP: GET /api/v1/management/observability/alerts/{alertId:guid}'
info: Microsoft.AspNetCore.Hosting.Diagnostics[2]
      Request finished HTTP/1.1 GET https://127.0.0.1:40461/api/v1/management/observability/alerts/1862e386-b3f4-4e78-999e-1fafafcd76a6?terminalId=0b5ec4cf-a5ad-40d9-8a01-4e015e7f1034 - 401 - application/json;+charset=utf-8 0.2141ms
info: Microsoft.AspNetCore.Hosting.Diagnostics[1]
      Request starting HTTP/1.1 POST http://127.0.0.1:40461/api/v1/management/observability/alerts/ce003ac4-d515-4d7f-9d37-e91d3072c8a0/acknowledge?terminalId=f732f380-599e-41b0-a0c1-6af57616788b - application/json;+charset=utf-8 2
info: Microsoft.AspNetCore.Routing.EndpointMiddleware[0]
      Executing endpoint 'HTTP: POST /api/v1/management/observability/alerts/{alertId:guid}/acknowledge'
info: Microsoft.AspNetCore.Http.Result.JsonResult[1]
      Setting HTTP status code 401.
info: Microsoft.AspNetCore.Http.Result.JsonResult[3]
      Writing value of type 'ObservabilityApiErrorEnvelopeV1' as Json.
info: Microsoft.AspNetCore.Routing.EndpointMiddleware[1]
      Executed endpoint 'HTTP: POST /api/v1/management/observability/alerts/{alertId:guid}/acknowledge'
info: Microsoft.AspNetCore.Hosting.Diagnostics[2]
      Request finished HTTP/1.1 POST https://127.0.0.1:40461/api/v1/management/observability/alerts/ce003ac4-d515-4d7f-9d37-e91d3072c8a0/acknowledge?terminalId=f732f380-599e-41b0-a0c1-6af57616788b - 401 - application/json;+charset=utf-8 0.2717ms
info: Microsoft.AspNetCore.Hosting.Diagnostics[1]
      Request starting HTTP/1.1 POST http://127.0.0.1:40461/api/v1/management/observability/alerts/35f9befa-169c-4d2e-973a-04837f4cbfc3/escalate?terminalId=43c85e24-ca1f-4aad-85d1-9239f9631b55 - application/json;+charset=utf-8 2
info: Microsoft.AspNetCore.Routing.EndpointMiddleware[0]
      Executing endpoint 'HTTP: POST /api/v1/management/observability/alerts/{alertId:guid}/escalate'
info: Microsoft.AspNetCore.Http.Result.JsonResult[1]
      Setting HTTP status code 401.
info: Microsoft.AspNetCore.Http.Result.JsonResult[3]
      Writing value of type 'ObservabilityApiErrorEnvelopeV1' as Json.
info: Microsoft.AspNetCore.Routing.EndpointMiddleware[1]
      Executed endpoint 'HTTP: POST /api/v1/management/observability/alerts/{alertId:guid}/escalate'
info: Microsoft.AspNetCore.Hosting.Diagnostics[2]
      Request finished HTTP/1.1 POST https://127.0.0.1:40461/api/v1/management/observability/alerts/35f9befa-169c-4d2e-973a-04837f4cbfc3/escalate?terminalId=43c85e24-ca1f-4aad-85d1-9239f9631b55 - 401 - application/json;+charset=utf-8 0.1971ms
info: Microsoft.AspNetCore.Hosting.Diagnostics[1]
      Request starting HTTP/1.1 GET http://127.0.0.1:40461/api/v1/management/observability/alerts/1fe5d98c-c40d-47de-be5c-4c8159055c72/events?terminalId=c720b399-58a8-43d0-8c47-b3e9ee3c2f68 - - -
info: Microsoft.AspNetCore.Routing.EndpointMiddleware[0]
      Executing endpoint 'HTTP: GET /api/v1/management/observability/alerts/{alertId:guid}/events'
info: Microsoft.AspNetCore.Http.Result.JsonResult[1]
      Setting HTTP status code 401.
info: Microsoft.AspNetCore.Http.Result.JsonResult[3]
      Writing value of type 'ObservabilityApiErrorEnvelopeV1' as Json.
info: Microsoft.AspNetCore.Routing.EndpointMiddleware[1]
      Executed endpoint 'HTTP: GET /api/v1/management/observability/alerts/{alertId:guid}/events'
info: Microsoft.AspNetCore.Hosting.Diagnostics[2]
      Request finished HTTP/1.1 GET https://127.0.0.1:40461/api/v1/management/observability/alerts/1fe5d98c-c40d-47de-be5c-4c8159055c72/events?terminalId=c720b399-58a8-43d0-8c47-b3e9ee3c2f68 - 401 - application/json;+charset=utf-8 0.1626ms
info: Microsoft.AspNetCore.Hosting.Diagnostics[1]
      Request starting HTTP/1.1 POST http://127.0.0.1:40461/api/v1/management/observability/alerts/9404d00b-ec28-4238-82d5-ac8ad90e518b/resolve?terminalId=4a5bf059-36ef-4660-839c-6689284588bd - application/json;+charset=utf-8 2
info: Microsoft.AspNetCore.Routing.EndpointMiddleware[0]
      Executing endpoint 'HTTP: POST /api/v1/management/observability/alerts/{alertId:guid}/resolve'
info: Microsoft.AspNetCore.Http.Result.JsonResult[1]
      Setting HTTP status code 401.
info: Microsoft.AspNetCore.Http.Result.JsonResult[3]
      Writing value of type 'ObservabilityApiErrorEnvelopeV1' as Json.
info: Microsoft.AspNetCore.Routing.EndpointMiddleware[1]
      Executed endpoint 'HTTP: POST /api/v1/management/observability/alerts/{alertId:guid}/resolve'
info: Microsoft.AspNetCore.Hosting.Diagnostics[2]
      Request finished HTTP/1.1 POST https://127.0.0.1:40461/api/v1/management/observability/alerts/9404d00b-ec28-4238-82d5-ac8ad90e518b/resolve?terminalId=4a5bf059-36ef-4660-839c-6689284588bd - 401 - application/json;+charset=utf-8 0.2012ms
info: Microsoft.AspNetCore.Hosting.Diagnostics[1]
      Request starting HTTP/1.1 POST http://127.0.0.1:40461/api/v1/management/observability/alerts/7d3b0c59-7bd6-404e-b080-5fe0fa47ba11/suppress?terminalId=8943cd33-2362-4d2c-862d-eb3ee536fad0 - application/json;+charset=utf-8 2
info: Microsoft.AspNetCore.Routing.EndpointMiddleware[0]
      Executing endpoint 'HTTP: POST /api/v1/management/observability/alerts/{alertId:guid}/suppress'
info: Microsoft.AspNetCore.Http.Result.JsonResult[1]
      Setting HTTP status code 401.
info: Microsoft.AspNetCore.Http.Result.JsonResult[3]
      Writing value of type 'ObservabilityApiErrorEnvelopeV1' as Json.
info: Microsoft.AspNetCore.Routing.EndpointMiddleware[1]
      Executed endpoint 'HTTP: POST /api/v1/management/observability/alerts/{alertId:guid}/suppress'
info: Microsoft.AspNetCore.Hosting.Diagnostics[2]
      Request finished HTTP/1.1 POST https://127.0.0.1:40461/api/v1/management/observability/alerts/7d3b0c59-7bd6-404e-b080-5fe0fa47ba11/suppress?terminalId=8943cd33-2362-4d2c-862d-eb3ee536fad0 - 401 - application/json;+charset=utf-8 0.2825ms
info: Microsoft.AspNetCore.Hosting.Diagnostics[1]
      Request starting HTTP/1.1 POST http://127.0.0.1:40461/api/v1/management/observability/health-checks?terminalId=4b20aefd-d0f5-40fa-958d-9579670507b3 - application/json;+charset=utf-8 2
info: Microsoft.AspNetCore.Routing.EndpointMiddleware[0]
      Executing endpoint 'HTTP: POST /api/v1/management/observability/health-checks'
info: Microsoft.AspNetCore.Http.Result.JsonResult[1]
      Setting HTTP status code 401.
info: Microsoft.AspNetCore.Http.Result.JsonResult[3]
      Writing value of type 'ObservabilityApiErrorEnvelopeV1' as Json.
info: Microsoft.AspNetCore.Routing.EndpointMiddleware[1]
      Executed endpoint 'HTTP: POST /api/v1/management/observability/health-checks'
info: Microsoft.AspNetCore.Hosting.Diagnostics[2]
      Request finished HTTP/1.1 POST https://127.0.0.1:40461/api/v1/management/observability/health-checks?terminalId=4b20aefd-d0f5-40fa-958d-9579670507b3 - 401 - application/json;+charset=utf-8 0.8117ms
info: Microsoft.AspNetCore.Hosting.Diagnostics[1]
      Request starting HTTP/1.1 GET http://127.0.0.1:40461/api/v1/management/observability/health-checks/by-target?terminalId=8dce132d-6dc3-4ccc-b1b7-7aa80d61b242 - - -
info: Microsoft.AspNetCore.Routing.EndpointMiddleware[0]
      Executing endpoint 'HTTP: GET /api/v1/management/observability/health-checks/by-target'
info: Microsoft.AspNetCore.Http.Result.JsonResult[1]
      Setting HTTP status code 401.
info: Microsoft.AspNetCore.Http.Result.JsonResult[3]
      Writing value of type 'ObservabilityApiErrorEnvelopeV1' as Json.
info: Microsoft.AspNetCore.Routing.EndpointMiddleware[1]
      Executed endpoint 'HTTP: GET /api/v1/management/observability/health-checks/by-target'
info: Microsoft.AspNetCore.Hosting.Diagnostics[2]
      Request finished HTTP/1.1 GET https://127.0.0.1:40461/api/v1/management/observability/health-checks/by-target?terminalId=8dce132d-6dc3-4ccc-b1b7-7aa80d61b242 - 401 - application/json;+charset=utf-8 0.4353ms
info: Microsoft.AspNetCore.Hosting.Diagnostics[1]
      Request starting HTTP/1.1 GET http://127.0.0.1:40461/api/v1/management/observability/health-checks/unhealthy?terminalId=9727e169-b9ed-4756-aed9-abc7d7a33b0d - - -
info: Microsoft.AspNetCore.Routing.EndpointMiddleware[0]
      Executing endpoint 'HTTP: GET /api/v1/management/observability/health-checks/unhealthy'
info: Microsoft.AspNetCore.Http.Result.JsonResult[1]
      Setting HTTP status code 401.
info: Microsoft.AspNetCore.Http.Result.JsonResult[3]
      Writing value of type 'ObservabilityApiErrorEnvelopeV1' as Json.
info: Microsoft.AspNetCore.Routing.EndpointMiddleware[1]
      Executed endpoint 'HTTP: GET /api/v1/management/observability/health-checks/unhealthy'
info: Microsoft.AspNetCore.Hosting.Diagnostics[2]
      Request finished HTTP/1.1 GET https://127.0.0.1:40461/api/v1/management/observability/health-checks/unhealthy?terminalId=9727e169-b9ed-4756-aed9-abc7d7a33b0d - 401 - application/json;+charset=utf-8 0.9108ms
info: Microsoft.AspNetCore.Hosting.Diagnostics[1]
      Request starting HTTP/1.1 GET http://127.0.0.1:40461/api/v1/management/observability/health-checks/5723c430-5708-4770-a33f-c125215c54d0?terminalId=be5b793e-0400-4d8e-a650-7c6910e427da - - -
info: Microsoft.AspNetCore.Routing.EndpointMiddleware[0]
      Executing endpoint 'HTTP: GET /api/v1/management/observability/health-checks/{healthCheckId:guid}'
info: Microsoft.AspNetCore.Http.Result.JsonResult[1]
      Setting HTTP status code 401.
info: Microsoft.AspNetCore.Http.Result.JsonResult[3]
      Writing value of type 'ObservabilityApiErrorEnvelopeV1' as Json.
info: Microsoft.AspNetCore.Routing.EndpointMiddleware[1]
      Executed endpoint 'HTTP: GET /api/v1/management/observability/health-checks/{healthCheckId:guid}'
info: Microsoft.AspNetCore.Hosting.Diagnostics[2]
      Request finished HTTP/1.1 GET https://127.0.0.1:40461/api/v1/management/observability/health-checks/5723c430-5708-4770-a33f-c125215c54d0?terminalId=be5b793e-0400-4d8e-a650-7c6910e427da - 401 - application/json;+charset=utf-8 0.3460ms
info: Microsoft.AspNetCore.Hosting.Diagnostics[1]
      Request starting HTTP/1.1 GET http://127.0.0.1:40461/api/v1/management/payments/manual-confirmations?terminalId=e9996108-8bdf-400c-85a8-e381d24c1df2 - - -
info: Microsoft.AspNetCore.Routing.EndpointMiddleware[0]
      Executing endpoint 'HTTP: GET /api/v1/management/payments/manual-confirmations'
info: Microsoft.AspNetCore.Http.Result.JsonResult[1]
      Setting HTTP status code 401.
info: Microsoft.AspNetCore.Http.Result.JsonResult[3]
      Writing value of type 'ReconciliationCaseApiErrorEnvelopeV1' as Json.
info: Microsoft.AspNetCore.Routing.EndpointMiddleware[1]
      Executed endpoint 'HTTP: GET /api/v1/management/payments/manual-confirmations'
info: Microsoft.AspNetCore.Hosting.Diagnostics[2]
      Request finished HTTP/1.1 GET https://127.0.0.1:40461/api/v1/management/payments/manual-confirmations?terminalId=e9996108-8bdf-400c-85a8-e381d24c1df2 - 401 - application/json;+charset=utf-8 1.4148ms
info: Microsoft.AspNetCore.Hosting.Diagnostics[1]
      Request starting HTTP/1.1 POST http://127.0.0.1:40461/api/v1/management/payments/reconciliation-scan?terminalId=74672dc3-1833-47d0-b76f-426e30d0493e - application/json;+charset=utf-8 2
info: Microsoft.AspNetCore.Routing.EndpointMiddleware[0]
      Executing endpoint 'HTTP: POST /api/v1/management/payments/reconciliation-scan'
info: Microsoft.AspNetCore.Http.Result.JsonResult[1]
      Setting HTTP status code 401.
info: Microsoft.AspNetCore.Http.Result.JsonResult[3]
      Writing value of type 'ReconciliationCaseApiErrorEnvelopeV1' as Json.
info: Microsoft.AspNetCore.Routing.EndpointMiddleware[1]
      Executed endpoint 'HTTP: POST /api/v1/management/payments/reconciliation-scan'
info: Microsoft.AspNetCore.Hosting.Diagnostics[2]
      Request finished HTTP/1.1 POST https://127.0.0.1:40461/api/v1/management/payments/reconciliation-scan?terminalId=74672dc3-1833-47d0-b76f-426e30d0493e - 401 - application/json;+charset=utf-8 0.5535ms
info: Microsoft.AspNetCore.Hosting.Diagnostics[1]
      Request starting HTTP/1.1 GET http://127.0.0.1:40461/api/v1/management/payments/settlement-report?terminalId=2a41f85b-0977-4be8-b863-e632fc7bee0f - - -
info: Microsoft.AspNetCore.Routing.EndpointMiddleware[0]
      Executing endpoint 'HTTP: GET /api/v1/management/payments/settlement-report'
info: Microsoft.AspNetCore.Http.Result.JsonResult[1]
      Setting HTTP status code 401.
info: Microsoft.AspNetCore.Http.Result.JsonResult[3]
      Writing value of type 'ReconciliationCaseApiErrorEnvelopeV1' as Json.
info: Microsoft.AspNetCore.Routing.EndpointMiddleware[1]
      Executed endpoint 'HTTP: GET /api/v1/management/payments/settlement-report'
info: Microsoft.AspNetCore.Hosting.Diagnostics[2]
      Request finished HTTP/1.1 GET https://127.0.0.1:40461/api/v1/management/payments/settlement-report?terminalId=2a41f85b-0977-4be8-b863-e632fc7bee0f - 401 - application/json;+charset=utf-8 1.3330ms
info: Microsoft.AspNetCore.Hosting.Diagnostics[1]
      Request starting HTTP/1.1 GET http://127.0.0.1:40461/api/v1/management/production/batches?terminalId=482ea1de-a76e-4fbb-ba91-d123c589458a - - -
info: Microsoft.AspNetCore.Routing.EndpointMiddleware[0]
      Executing endpoint 'HTTP: GET /api/v1/management/production/batches'
info: Microsoft.AspNetCore.Http.Result.JsonResult[1]
      Setting HTTP status code 401.
info: Microsoft.AspNetCore.Http.Result.JsonResult[3]
      Writing value of type 'ProductionApiErrorEnvelopeV1' as Json.
info: Microsoft.AspNetCore.Routing.EndpointMiddleware[1]
      Executed endpoint 'HTTP: GET /api/v1/management/production/batches'
info: Microsoft.AspNetCore.Hosting.Diagnostics[2]
      Request finished HTTP/1.1 GET https://127.0.0.1:40461/api/v1/management/production/batches?terminalId=482ea1de-a76e-4fbb-ba91-d123c589458a - 401 - application/json;+charset=utf-8 0.6802ms
info: Microsoft.AspNetCore.Hosting.Diagnostics[1]
      Request starting HTTP/1.1 POST http://127.0.0.1:40461/api/v1/management/production/batches?terminalId=ba08ef6b-5418-4e32-bd0c-29f42d51b1f5 - application/json;+charset=utf-8 2
info: Microsoft.AspNetCore.Routing.EndpointMiddleware[0]
      Executing endpoint 'HTTP: POST /api/v1/management/production/batches'
info: Microsoft.AspNetCore.Http.Result.JsonResult[1]
      Setting HTTP status code 401.
info: Microsoft.AspNetCore.Http.Result.JsonResult[3]
      Writing value of type 'ProductionApiErrorEnvelopeV1' as Json.
info: Microsoft.AspNetCore.Routing.EndpointMiddleware[1]
      Executed endpoint 'HTTP: POST /api/v1/management/production/batches'
info: Microsoft.AspNetCore.Hosting.Diagnostics[2]
      Request finished HTTP/1.1 POST https://127.0.0.1:40461/api/v1/management/production/batches?terminalId=ba08ef6b-5418-4e32-bd0c-29f42d51b1f5 - 401 - application/json;+charset=utf-8 0.5625ms
info: Microsoft.AspNetCore.Hosting.Diagnostics[1]
      Request starting HTTP/1.1 GET http://127.0.0.1:40461/api/v1/management/production/batches/by-number/probe?terminalId=e34a7f2f-bee0-49a7-a2a0-662a87292537 - - -
info: Microsoft.AspNetCore.Routing.EndpointMiddleware[0]
      Executing endpoint 'HTTP: GET /api/v1/management/production/batches/by-number/{batchNumber}'
info: Microsoft.AspNetCore.Http.Result.JsonResult[1]
      Setting HTTP status code 401.
info: Microsoft.AspNetCore.Http.Result.JsonResult[3]
      Writing value of type 'ProductionApiErrorEnvelopeV1' as Json.
info: Microsoft.AspNetCore.Routing.EndpointMiddleware[1]
      Executed endpoint 'HTTP: GET /api/v1/management/production/batches/by-number/{batchNumber}'
info: Microsoft.AspNetCore.Hosting.Diagnostics[2]
      Request finished HTTP/1.1 GET https://127.0.0.1:40461/api/v1/management/production/batches/by-number/probe?terminalId=e34a7f2f-bee0-49a7-a2a0-662a87292537 - 401 - application/json;+charset=utf-8 0.8370ms
info: Microsoft.AspNetCore.Hosting.Diagnostics[1]
      Request starting HTTP/1.1 GET http://127.0.0.1:40461/api/v1/management/production/batches/71076ee0-1576-4e53-8732-dbcb2be196b9?terminalId=a6380fcb-ec0a-4ba9-8619-e4b1e7876e0d - - -
info: Microsoft.AspNetCore.Routing.EndpointMiddleware[0]
      Executing endpoint 'HTTP: GET /api/v1/management/production/batches/{batchId:guid}'
info: Microsoft.AspNetCore.Http.Result.JsonResult[1]
      Setting HTTP status code 401.
info: Microsoft.AspNetCore.Http.Result.JsonResult[3]
      Writing value of type 'ProductionApiErrorEnvelopeV1' as Json.
info: Microsoft.AspNetCore.Routing.EndpointMiddleware[1]
      Executed endpoint 'HTTP: GET /api/v1/management/production/batches/{batchId:guid}'
info: Microsoft.AspNetCore.Hosting.Diagnostics[2]
      Request finished HTTP/1.1 GET https://127.0.0.1:40461/api/v1/management/production/batches/71076ee0-1576-4e53-8732-dbcb2be196b9?terminalId=a6380fcb-ec0a-4ba9-8619-e4b1e7876e0d - 401 - application/json;+charset=utf-8 1.0853ms
info: Microsoft.AspNetCore.Hosting.Diagnostics[1]
      Request starting HTTP/1.1 POST http://127.0.0.1:40461/api/v1/management/production/batches/ebfa7ff8-14d9-49c0-b93f-4c4077986c46/cancel?terminalId=c5dcb58f-656b-4548-a264-a6862bd51fcb - application/json;+charset=utf-8 2
info: Microsoft.AspNetCore.Routing.EndpointMiddleware[0]
      Executing endpoint 'HTTP: POST /api/v1/management/production/batches/{batchId:guid}/cancel'
info: Microsoft.AspNetCore.Http.Result.JsonResult[1]
      Setting HTTP status code 401.
info: Microsoft.AspNetCore.Http.Result.JsonResult[3]
      Writing value of type 'ProductionApiErrorEnvelopeV1' as Json.
info: Microsoft.AspNetCore.Routing.EndpointMiddleware[1]
      Executed endpoint 'HTTP: POST /api/v1/management/production/batches/{batchId:guid}/cancel'
info: Microsoft.AspNetCore.Hosting.Diagnostics[2]
      Request finished HTTP/1.1 POST https://127.0.0.1:40461/api/v1/management/production/batches/ebfa7ff8-14d9-49c0-b93f-4c4077986c46/cancel?terminalId=c5dcb58f-656b-4548-a264-a6862bd51fcb - 401 - application/json;+charset=utf-8 0.5834ms
info: Microsoft.AspNetCore.Hosting.Diagnostics[1]
      Request starting HTTP/1.1 POST http://127.0.0.1:40461/api/v1/management/production/batches/cfeba69a-981b-4e99-a427-0bfc84d4acb6/complete?terminalId=a501e42e-bf42-4990-8fa6-134c798cd56d - application/json;+charset=utf-8 2
info: Microsoft.AspNetCore.Routing.EndpointMiddleware[0]
      Executing endpoint 'HTTP: POST /api/v1/management/production/batches/{batchId:guid}/complete'
info: Microsoft.AspNetCore.Http.Result.JsonResult[1]
      Setting HTTP status code 401.
info: Microsoft.AspNetCore.Http.Result.JsonResult[3]
      Writing value of type 'ProductionApiErrorEnvelopeV1' as Json.
info: Microsoft.AspNetCore.Routing.EndpointMiddleware[1]
      Executed endpoint 'HTTP: POST /api/v1/management/production/batches/{batchId:guid}/complete'
info: Microsoft.AspNetCore.Hosting.Diagnostics[2]
      Request finished HTTP/1.1 POST https://127.0.0.1:40461/api/v1/management/production/batches/cfeba69a-981b-4e99-a427-0bfc84d4acb6/complete?terminalId=a501e42e-bf42-4990-8fa6-134c798cd56d - 401 - application/json;+charset=utf-8 1.3965ms
info: Microsoft.AspNetCore.Hosting.Diagnostics[1]
      Request starting HTTP/1.1 GET http://127.0.0.1:40461/api/v1/management/production/batches/565e45cc-c828-4d32-b7fe-b55b4b95aad6/consumptions?terminalId=fc07802c-2d9f-455f-80e0-bfa7cad92f95 - - -
info: Microsoft.AspNetCore.Routing.EndpointMiddleware[0]
      Executing endpoint 'HTTP: GET /api/v1/management/production/batches/{batchId:guid}/consumptions'
info: Microsoft.AspNetCore.Http.Result.JsonResult[1]
      Setting HTTP status code 401.
info: Microsoft.AspNetCore.Http.Result.JsonResult[3]
      Writing value of type 'ProductionApiErrorEnvelopeV1' as Json.
info: Microsoft.AspNetCore.Routing.EndpointMiddleware[1]
      Executed endpoint 'HTTP: GET /api/v1/management/production/batches/{batchId:guid}/consumptions'
info: Microsoft.AspNetCore.Hosting.Diagnostics[2]
      Request finished HTTP/1.1 GET https://127.0.0.1:40461/api/v1/management/production/batches/565e45cc-c828-4d32-b7fe-b55b4b95aad6/consumptions?terminalId=fc07802c-2d9f-455f-80e0-bfa7cad92f95 - 401 - application/json;+charset=utf-8 1.6238ms
info: Microsoft.AspNetCore.Hosting.Diagnostics[1]
      Request starting HTTP/1.1 GET http://127.0.0.1:40461/api/v1/management/production/batches/5d08b088-0bab-422c-9af7-2cb668b2c91f/outputs?terminalId=11773205-9f36-4f96-bc6a-fabcf8dd9b37 - - -
info: Microsoft.AspNetCore.Routing.EndpointMiddleware[0]
      Executing endpoint 'HTTP: GET /api/v1/management/production/batches/{batchId:guid}/outputs'
info: Microsoft.AspNetCore.Http.Result.JsonResult[1]
      Setting HTTP status code 401.
info: Microsoft.AspNetCore.Http.Result.JsonResult[3]
      Writing value of type 'ProductionApiErrorEnvelopeV1' as Json.
info: Microsoft.AspNetCore.Routing.EndpointMiddleware[1]
      Executed endpoint 'HTTP: GET /api/v1/management/production/batches/{batchId:guid}/outputs'
info: Microsoft.AspNetCore.Hosting.Diagnostics[2]
      Request finished HTTP/1.1 GET https://127.0.0.1:40461/api/v1/management/production/batches/5d08b088-0bab-422c-9af7-2cb668b2c91f/outputs?terminalId=11773205-9f36-4f96-bc6a-fabcf8dd9b37 - 401 - application/json;+charset=utf-8 0.5728ms
info: Microsoft.AspNetCore.Hosting.Diagnostics[1]
      Request starting HTTP/1.1 PUT http://127.0.0.1:40461/api/v1/management/production/batches/9bd91965-aa61-4d91-bc2d-f95f2a93ca9b/recipe-version?terminalId=22c79b8e-1229-4a7c-b803-4d1d31308127 - application/json;+charset=utf-8 2
info: Microsoft.AspNetCore.Routing.EndpointMiddleware[0]
      Executing endpoint 'HTTP: PUT /api/v1/management/production/batches/{batchId:guid}/recipe-version'
info: Microsoft.AspNetCore.Http.Result.JsonResult[1]
      Setting HTTP status code 401.
info: Microsoft.AspNetCore.Http.Result.JsonResult[3]
      Writing value of type 'ProductionApiErrorEnvelopeV1' as Json.
info: Microsoft.AspNetCore.Routing.EndpointMiddleware[1]
      Executed endpoint 'HTTP: PUT /api/v1/management/production/batches/{batchId:guid}/recipe-version'
info: Microsoft.AspNetCore.Hosting.Diagnostics[2]
      Request finished HTTP/1.1 PUT https://127.0.0.1:40461/api/v1/management/production/batches/9bd91965-aa61-4d91-bc2d-f95f2a93ca9b/recipe-version?terminalId=22c79b8e-1229-4a7c-b803-4d1d31308127 - 401 - application/json;+charset=utf-8 0.7588ms
info: Microsoft.AspNetCore.Hosting.Diagnostics[1]
      Request starting HTTP/1.1 POST http://127.0.0.1:40461/api/v1/management/production/batches/05bbd835-b3e4-4cb6-bdc7-4149ff5c61e6/start?terminalId=8c1563d5-2070-410d-906b-c2ec7eb34b25 - application/json;+charset=utf-8 2
info: Microsoft.AspNetCore.Routing.EndpointMiddleware[0]
      Executing endpoint 'HTTP: POST /api/v1/management/production/batches/{batchId:guid}/start'
info: Microsoft.AspNetCore.Http.Result.JsonResult[1]
      Setting HTTP status code 401.
info: Microsoft.AspNetCore.Http.Result.JsonResult[3]
      Writing value of type 'ProductionApiErrorEnvelopeV1' as Json.
info: Microsoft.AspNetCore.Routing.EndpointMiddleware[1]
      Executed endpoint 'HTTP: POST /api/v1/management/production/batches/{batchId:guid}/start'
info: Microsoft.AspNetCore.Hosting.Diagnostics[2]
      Request finished HTTP/1.1 POST https://127.0.0.1:40461/api/v1/management/production/batches/05bbd835-b3e4-4cb6-bdc7-4149ff5c61e6/start?terminalId=8c1563d5-2070-410d-906b-c2ec7eb34b25 - 401 - application/json;+charset=utf-8 0.4667ms
info: Microsoft.AspNetCore.Hosting.Diagnostics[1]
      Request starting HTTP/1.1 GET http://127.0.0.1:40461/api/v1/management/purchasing/purchase-orders?terminalId=292ed113-dc2f-4e40-84b4-abcdc94728a0 - - -
info: Microsoft.AspNetCore.Routing.EndpointMiddleware[0]
      Executing endpoint 'HTTP: GET /api/v1/management/purchasing/purchase-orders'
info: Microsoft.AspNetCore.Http.Result.JsonResult[1]
      Setting HTTP status code 401.
info: Microsoft.AspNetCore.Http.Result.JsonResult[3]
      Writing value of type 'PurchasingApiErrorEnvelopeV1' as Json.
info: Microsoft.AspNetCore.Routing.EndpointMiddleware[1]
      Executed endpoint 'HTTP: GET /api/v1/management/purchasing/purchase-orders'
info: Microsoft.AspNetCore.Hosting.Diagnostics[2]
      Request finished HTTP/1.1 GET https://127.0.0.1:40461/api/v1/management/purchasing/purchase-orders?terminalId=292ed113-dc2f-4e40-84b4-abcdc94728a0 - 401 - application/json;+charset=utf-8 1.2941ms
info: Microsoft.AspNetCore.Hosting.Diagnostics[1]
      Request starting HTTP/1.1 POST http://127.0.0.1:40461/api/v1/management/purchasing/purchase-orders?terminalId=0a83e9ba-592a-4d6e-aeb3-2cd1ebb150b4 - application/json;+charset=utf-8 2
info: Microsoft.AspNetCore.Routing.EndpointMiddleware[0]
      Executing endpoint 'HTTP: POST /api/v1/management/purchasing/purchase-orders'
info: Microsoft.AspNetCore.Http.Result.JsonResult[1]
      Setting HTTP status code 401.
info: Microsoft.AspNetCore.Http.Result.JsonResult[3]
      Writing value of type 'PurchasingApiErrorEnvelopeV1' as Json.
info: Microsoft.AspNetCore.Routing.EndpointMiddleware[1]
      Executed endpoint 'HTTP: POST /api/v1/management/purchasing/purchase-orders'
info: Microsoft.AspNetCore.Hosting.Diagnostics[2]
      Request finished HTTP/1.1 POST https://127.0.0.1:40461/api/v1/management/purchasing/purchase-orders?terminalId=0a83e9ba-592a-4d6e-aeb3-2cd1ebb150b4 - 401 - application/json;+charset=utf-8 0.5456ms
info: Microsoft.AspNetCore.Hosting.Diagnostics[1]
      Request starting HTTP/1.1 GET http://127.0.0.1:40461/api/v1/management/purchasing/purchase-orders/e1312748-291d-4141-aeb7-c50c0aaabce8?terminalId=59a54125-214b-47ff-8d3a-8f78d070fe9c - - -
info: Microsoft.AspNetCore.Routing.EndpointMiddleware[0]
      Executing endpoint 'HTTP: GET /api/v1/management/purchasing/purchase-orders/{orderId:guid}'
info: Microsoft.AspNetCore.Http.Result.JsonResult[1]
      Setting HTTP status code 401.
info: Microsoft.AspNetCore.Http.Result.JsonResult[3]
      Writing value of type 'PurchasingApiErrorEnvelopeV1' as Json.
info: Microsoft.AspNetCore.Routing.EndpointMiddleware[1]
      Executed endpoint 'HTTP: GET /api/v1/management/purchasing/purchase-orders/{orderId:guid}'
info: Microsoft.AspNetCore.Hosting.Diagnostics[2]
      Request finished HTTP/1.1 GET https://127.0.0.1:40461/api/v1/management/purchasing/purchase-orders/e1312748-291d-4141-aeb7-c50c0aaabce8?terminalId=59a54125-214b-47ff-8d3a-8f78d070fe9c - 401 - application/json;+charset=utf-8 0.1990ms
info: Microsoft.AspNetCore.Hosting.Diagnostics[1]
      Request starting HTTP/1.1 POST http://127.0.0.1:40461/api/v1/management/purchasing/purchase-orders/bcba4fb9-23e4-435f-9567-3488de8ccdf7/cancel?terminalId=cd3c2df6-015d-4249-b416-8ff69770ed53 - application/json;+charset=utf-8 2
info: Microsoft.AspNetCore.Routing.EndpointMiddleware[0]
      Executing endpoint 'HTTP: POST /api/v1/management/purchasing/purchase-orders/{orderId:guid}/cancel'
info: Microsoft.AspNetCore.Http.Result.JsonResult[1]
      Setting HTTP status code 401.
info: Microsoft.AspNetCore.Http.Result.JsonResult[3]
      Writing value of type 'PurchasingApiErrorEnvelopeV1' as Json.
info: Microsoft.AspNetCore.Routing.EndpointMiddleware[1]
      Executed endpoint 'HTTP: POST /api/v1/management/purchasing/purchase-orders/{orderId:guid}/cancel'
info: Microsoft.AspNetCore.Hosting.Diagnostics[2]
      Request finished HTTP/1.1 POST https://127.0.0.1:40461/api/v1/management/purchasing/purchase-orders/bcba4fb9-23e4-435f-9567-3488de8ccdf7/cancel?terminalId=cd3c2df6-015d-4249-b416-8ff69770ed53 - 401 - application/json;+charset=utf-8 0.2073ms
info: Microsoft.AspNetCore.Hosting.Diagnostics[1]
      Request starting HTTP/1.1 POST http://127.0.0.1:40461/api/v1/management/purchasing/purchase-orders/a2d28fe4-6142-4bfc-a11a-9feea9386d1e/receipts?terminalId=ac9b245d-0f62-407c-96b7-dbe40d5d82d3 - application/json;+charset=utf-8 2
info: Microsoft.AspNetCore.Routing.EndpointMiddleware[0]
      Executing endpoint 'HTTP: POST /api/v1/management/purchasing/purchase-orders/{orderId:guid}/receipts'
info: Microsoft.AspNetCore.Http.Result.JsonResult[1]
      Setting HTTP status code 401.
info: Microsoft.AspNetCore.Http.Result.JsonResult[3]
      Writing value of type 'PurchasingApiErrorEnvelopeV1' as Json.
info: Microsoft.AspNetCore.Routing.EndpointMiddleware[1]
      Executed endpoint 'HTTP: POST /api/v1/management/purchasing/purchase-orders/{orderId:guid}/receipts'
info: Microsoft.AspNetCore.Hosting.Diagnostics[2]
      Request finished HTTP/1.1 POST https://127.0.0.1:40461/api/v1/management/purchasing/purchase-orders/a2d28fe4-6142-4bfc-a11a-9feea9386d1e/receipts?terminalId=ac9b245d-0f62-407c-96b7-dbe40d5d82d3 - 401 - application/json;+charset=utf-8 0.4667ms
info: Microsoft.AspNetCore.Hosting.Diagnostics[1]
      Request starting HTTP/1.1 GET http://127.0.0.1:40461/api/v1/management/purchasing/purchase-orders/392df38c-0b2f-4561-a17b-f0496e531b02/receipts?terminalId=c6e73315-e302-4716-aec1-4fcc6f5f8e97 - - -
info: Microsoft.AspNetCore.Routing.EndpointMiddleware[0]
      Executing endpoint 'HTTP: GET /api/v1/management/purchasing/purchase-orders/{orderId:guid}/receipts'
info: Microsoft.AspNetCore.Http.Result.JsonResult[1]
      Setting HTTP status code 401.
info: Microsoft.AspNetCore.Http.Result.JsonResult[3]
      Writing value of type 'PurchasingApiErrorEnvelopeV1' as Json.
info: Microsoft.AspNetCore.Routing.EndpointMiddleware[1]
      Executed endpoint 'HTTP: GET /api/v1/management/purchasing/purchase-orders/{orderId:guid}/receipts'
info: Microsoft.AspNetCore.Hosting.Diagnostics[2]
      Request finished HTTP/1.1 GET https://127.0.0.1:40461/api/v1/management/purchasing/purchase-orders/392df38c-0b2f-4561-a17b-f0496e531b02/receipts?terminalId=c6e73315-e302-4716-aec1-4fcc6f5f8e97 - 401 - application/json;+charset=utf-8 0.1957ms
info: Microsoft.AspNetCore.Hosting.Diagnostics[1]
      Request starting HTTP/1.1 POST http://127.0.0.1:40461/api/v1/management/purchasing/purchase-orders/2c57e1fd-eeef-41a1-8fb7-aeb4ef032b8a/submit?terminalId=d8455e5e-de73-4ddc-8d0d-cf16d5d56f89 - application/json;+charset=utf-8 2
info: Microsoft.AspNetCore.Routing.EndpointMiddleware[0]
      Executing endpoint 'HTTP: POST /api/v1/management/purchasing/purchase-orders/{orderId:guid}/submit'
info: Microsoft.AspNetCore.Http.Result.JsonResult[1]
      Setting HTTP status code 401.
info: Microsoft.AspNetCore.Http.Result.JsonResult[3]
      Writing value of type 'PurchasingApiErrorEnvelopeV1' as Json.
info: Microsoft.AspNetCore.Routing.EndpointMiddleware[1]
      Executed endpoint 'HTTP: POST /api/v1/management/purchasing/purchase-orders/{orderId:guid}/submit'
info: Microsoft.AspNetCore.Hosting.Diagnostics[2]
      Request finished HTTP/1.1 POST https://127.0.0.1:40461/api/v1/management/purchasing/purchase-orders/2c57e1fd-eeef-41a1-8fb7-aeb4ef032b8a/submit?terminalId=d8455e5e-de73-4ddc-8d0d-cf16d5d56f89 - 401 - application/json;+charset=utf-8 0.2644ms
info: Microsoft.AspNetCore.Hosting.Diagnostics[1]
      Request starting HTTP/1.1 GET http://127.0.0.1:40461/api/v1/management/purchasing/receipts/9a97a1eb-03fb-47b8-8b96-8b6b83c99f83?terminalId=49c2dc45-537e-43fe-b75b-1b3e2e2622a8 - - -
info: Microsoft.AspNetCore.Routing.EndpointMiddleware[0]
      Executing endpoint 'HTTP: GET /api/v1/management/purchasing/receipts/{receiptId:guid}'
info: Microsoft.AspNetCore.Http.Result.JsonResult[1]
      Setting HTTP status code 401.
info: Microsoft.AspNetCore.Http.Result.JsonResult[3]
      Writing value of type 'PurchasingApiErrorEnvelopeV1' as Json.
info: Microsoft.AspNetCore.Routing.EndpointMiddleware[1]
      Executed endpoint 'HTTP: GET /api/v1/management/purchasing/receipts/{receiptId:guid}'
info: Microsoft.AspNetCore.Hosting.Diagnostics[2]
      Request finished HTTP/1.1 GET https://127.0.0.1:40461/api/v1/management/purchasing/receipts/9a97a1eb-03fb-47b8-8b96-8b6b83c99f83?terminalId=49c2dc45-537e-43fe-b75b-1b3e2e2622a8 - 401 - application/json;+charset=utf-8 0.1771ms
info: Microsoft.AspNetCore.Hosting.Diagnostics[1]
      Request starting HTTP/1.1 GET http://127.0.0.1:40461/api/v1/management/purchasing/suppliers?terminalId=22779086-a4b0-42a0-b52b-bda3ae3b63fd - - -
info: Microsoft.AspNetCore.Routing.EndpointMiddleware[0]
      Executing endpoint 'HTTP: GET /api/v1/management/purchasing/suppliers'
info: Microsoft.AspNetCore.Http.Result.JsonResult[1]
      Setting HTTP status code 401.
info: Microsoft.AspNetCore.Http.Result.JsonResult[3]
      Writing value of type 'PurchasingApiErrorEnvelopeV1' as Json.
info: Microsoft.AspNetCore.Routing.EndpointMiddleware[1]
      Executed endpoint 'HTTP: GET /api/v1/management/purchasing/suppliers'
info: Microsoft.AspNetCore.Hosting.Diagnostics[2]
      Request finished HTTP/1.1 GET https://127.0.0.1:40461/api/v1/management/purchasing/suppliers?terminalId=22779086-a4b0-42a0-b52b-bda3ae3b63fd - 401 - application/json;+charset=utf-8 0.6786ms
info: Microsoft.AspNetCore.Hosting.Diagnostics[1]
      Request starting HTTP/1.1 POST http://127.0.0.1:40461/api/v1/management/purchasing/suppliers?terminalId=3a34f7b5-925b-4d5b-9e91-f2aa3a75b5fa - application/json;+charset=utf-8 2
info: Microsoft.AspNetCore.Routing.EndpointMiddleware[0]
      Executing endpoint 'HTTP: POST /api/v1/management/purchasing/suppliers'
info: Microsoft.AspNetCore.Http.Result.JsonResult[1]
      Setting HTTP status code 401.
info: Microsoft.AspNetCore.Http.Result.JsonResult[3]
      Writing value of type 'PurchasingApiErrorEnvelopeV1' as Json.
info: Microsoft.AspNetCore.Routing.EndpointMiddleware[1]
      Executed endpoint 'HTTP: POST /api/v1/management/purchasing/suppliers'
info: Microsoft.AspNetCore.Hosting.Diagnostics[2]
      Request finished HTTP/1.1 POST https://127.0.0.1:40461/api/v1/management/purchasing/suppliers?terminalId=3a34f7b5-925b-4d5b-9e91-f2aa3a75b5fa - 401 - application/json;+charset=utf-8 1.4566ms
info: Microsoft.AspNetCore.Hosting.Diagnostics[1]
      Request starting HTTP/1.1 GET http://127.0.0.1:40461/api/v1/management/purchasing/suppliers/b6cf8a86-e820-43f0-83c1-aaaddb57cc5a?terminalId=3c202ecf-a2b2-4032-863f-5348f64d5174 - - -
info: Microsoft.AspNetCore.Routing.EndpointMiddleware[0]
      Executing endpoint 'HTTP: GET /api/v1/management/purchasing/suppliers/{supplierId:guid}'
info: Microsoft.AspNetCore.Http.Result.JsonResult[1]
      Setting HTTP status code 401.
info: Microsoft.AspNetCore.Http.Result.JsonResult[3]
      Writing value of type 'PurchasingApiErrorEnvelopeV1' as Json.
info: Microsoft.AspNetCore.Routing.EndpointMiddleware[1]
      Executed endpoint 'HTTP: GET /api/v1/management/purchasing/suppliers/{supplierId:guid}'
info: Microsoft.AspNetCore.Hosting.Diagnostics[2]
      Request finished HTTP/1.1 GET https://127.0.0.1:40461/api/v1/management/purchasing/suppliers/b6cf8a86-e820-43f0-83c1-aaaddb57cc5a?terminalId=3c202ecf-a2b2-4032-863f-5348f64d5174 - 401 - application/json;+charset=utf-8 0.5271ms
info: Microsoft.AspNetCore.Hosting.Diagnostics[1]
      Request starting HTTP/1.1 PUT http://127.0.0.1:40461/api/v1/management/purchasing/suppliers/1b5e5634-4873-4678-a753-ff02ea262c6b?terminalId=ee5ad2f6-df00-4764-942e-c09509ddd28f - application/json;+charset=utf-8 2
info: Microsoft.AspNetCore.Routing.EndpointMiddleware[0]
      Executing endpoint 'HTTP: PUT /api/v1/management/purchasing/suppliers/{supplierId:guid}'
info: Microsoft.AspNetCore.Http.Result.JsonResult[1]
      Setting HTTP status code 401.
info: Microsoft.AspNetCore.Http.Result.JsonResult[3]
      Writing value of type 'PurchasingApiErrorEnvelopeV1' as Json.
info: Microsoft.AspNetCore.Routing.EndpointMiddleware[1]
      Executed endpoint 'HTTP: PUT /api/v1/management/purchasing/suppliers/{supplierId:guid}'
info: Microsoft.AspNetCore.Hosting.Diagnostics[2]
      Request finished HTTP/1.1 PUT https://127.0.0.1:40461/api/v1/management/purchasing/suppliers/1b5e5634-4873-4678-a753-ff02ea262c6b?terminalId=ee5ad2f6-df00-4764-942e-c09509ddd28f - 401 - application/json;+charset=utf-8 0.9549ms
info: Microsoft.AspNetCore.Hosting.Diagnostics[1]
      Request starting HTTP/1.1 POST http://127.0.0.1:40461/api/v1/management/purchasing/suppliers/e58dad27-f24c-4cdb-8028-a012cf0a773d/activate?terminalId=eb1f7f81-0386-4194-8bd0-4f2237d5831d - application/json;+charset=utf-8 2
info: Microsoft.AspNetCore.Routing.EndpointMiddleware[0]
      Executing endpoint 'HTTP: POST /api/v1/management/purchasing/suppliers/{supplierId:guid}/activate'
info: Microsoft.AspNetCore.Http.Result.JsonResult[1]
      Setting HTTP status code 401.
info: Microsoft.AspNetCore.Http.Result.JsonResult[3]
      Writing value of type 'PurchasingApiErrorEnvelopeV1' as Json.
info: Microsoft.AspNetCore.Routing.EndpointMiddleware[1]
      Executed endpoint 'HTTP: POST /api/v1/management/purchasing/suppliers/{supplierId:guid}/activate'
info: Microsoft.AspNetCore.Hosting.Diagnostics[2]
      Request finished HTTP/1.1 POST https://127.0.0.1:40461/api/v1/management/purchasing/suppliers/e58dad27-f24c-4cdb-8028-a012cf0a773d/activate?terminalId=eb1f7f81-0386-4194-8bd0-4f2237d5831d - 401 - application/json;+charset=utf-8 0.5658ms
info: Microsoft.AspNetCore.Hosting.Diagnostics[1]
      Request starting HTTP/1.1 POST http://127.0.0.1:40461/api/v1/management/purchasing/suppliers/c14b4ba8-4d09-4d16-a411-50e91bd13678/deactivate?terminalId=ad07fde6-b83c-48a0-97df-59f454d7b347 - application/json;+charset=utf-8 2
info: Microsoft.AspNetCore.Routing.EndpointMiddleware[0]
      Executing endpoint 'HTTP: POST /api/v1/management/purchasing/suppliers/{supplierId:guid}/deactivate'
info: Microsoft.AspNetCore.Http.Result.JsonResult[1]
      Setting HTTP status code 401.
info: Microsoft.AspNetCore.Http.Result.JsonResult[3]
      Writing value of type 'PurchasingApiErrorEnvelopeV1' as Json.
info: Microsoft.AspNetCore.Routing.EndpointMiddleware[1]
      Executed endpoint 'HTTP: POST /api/v1/management/purchasing/suppliers/{supplierId:guid}/deactivate'
info: Microsoft.AspNetCore.Hosting.Diagnostics[2]
      Request finished HTTP/1.1 POST https://127.0.0.1:40461/api/v1/management/purchasing/suppliers/c14b4ba8-4d09-4d16-a411-50e91bd13678/deactivate?terminalId=ad07fde6-b83c-48a0-97df-59f454d7b347 - 401 - application/json;+charset=utf-8 0.5787ms
info: Microsoft.AspNetCore.Hosting.Diagnostics[1]
      Request starting HTTP/1.1 GET http://127.0.0.1:40461/api/v1/management/recipes/?terminalId=7bc84a74-0b64-4927-a475-4f51e99c5948 - - -
info: Microsoft.AspNetCore.Routing.EndpointMiddleware[0]
      Executing endpoint 'HTTP: GET /api/v1/management/recipes/'
info: Microsoft.AspNetCore.Http.Result.JsonResult[1]
      Setting HTTP status code 401.
info: Microsoft.AspNetCore.Http.Result.JsonResult[3]
      Writing value of type '<>f__AnonymousType5`1' as Json.
info: Microsoft.AspNetCore.Routing.EndpointMiddleware[1]
      Executed endpoint 'HTTP: GET /api/v1/management/recipes/'
info: Microsoft.AspNetCore.Hosting.Diagnostics[2]
      Request finished HTTP/1.1 GET https://127.0.0.1:40461/api/v1/management/recipes/?terminalId=7bc84a74-0b64-4927-a475-4f51e99c5948 - 401 - application/json;+charset=utf-8 0.6819ms
info: Microsoft.AspNetCore.Hosting.Diagnostics[1]
      Request starting HTTP/1.1 POST http://127.0.0.1:40461/api/v1/management/recipes/?terminalId=09333e95-f146-4d02-b9fd-1daf94cc36ad - application/json;+charset=utf-8 2
info: Microsoft.AspNetCore.Routing.EndpointMiddleware[0]
      Executing endpoint 'HTTP: POST /api/v1/management/recipes/'
info: Microsoft.AspNetCore.Http.Result.JsonResult[1]
      Setting HTTP status code 401.
info: Microsoft.AspNetCore.Http.Result.JsonResult[3]
      Writing value of type '<>f__AnonymousType5`1' as Json.
info: Microsoft.AspNetCore.Routing.EndpointMiddleware[1]
      Executed endpoint 'HTTP: POST /api/v1/management/recipes/'
info: Microsoft.AspNetCore.Hosting.Diagnostics[2]
      Request finished HTTP/1.1 POST https://127.0.0.1:40461/api/v1/management/recipes/?terminalId=09333e95-f146-4d02-b9fd-1daf94cc36ad - 401 - application/json;+charset=utf-8 0.4756ms
info: Microsoft.AspNetCore.Hosting.Diagnostics[1]
      Request starting HTTP/1.1 POST http://127.0.0.1:40461/api/v1/management/recipes/products/529280f6-4879-4210-8fcc-fb07f3bbec06/mapping?terminalId=fbe1cd38-6841-47b2-962e-649c4a10edef - application/json;+charset=utf-8 2
info: Microsoft.AspNetCore.Routing.EndpointMiddleware[0]
      Executing endpoint 'HTTP: POST /api/v1/management/recipes/products/{productId:guid}/mapping'
info: Microsoft.AspNetCore.Http.Result.JsonResult[1]
      Setting HTTP status code 401.
info: Microsoft.AspNetCore.Http.Result.JsonResult[3]
      Writing value of type '<>f__AnonymousType5`1' as Json.
info: Microsoft.AspNetCore.Routing.EndpointMiddleware[1]
      Executed endpoint 'HTTP: POST /api/v1/management/recipes/products/{productId:guid}/mapping'
info: Microsoft.AspNetCore.Hosting.Diagnostics[2]
      Request finished HTTP/1.1 POST https://127.0.0.1:40461/api/v1/management/recipes/products/529280f6-4879-4210-8fcc-fb07f3bbec06/mapping?terminalId=fbe1cd38-6841-47b2-962e-649c4a10edef - 401 - application/json;+charset=utf-8 1.0102ms
info: Microsoft.AspNetCore.Hosting.Diagnostics[1]
      Request starting HTTP/1.1 GET http://127.0.0.1:40461/api/v1/management/recipes/products/192a07de-1043-42b6-bf6f-58fb1d1429bf/mapping?terminalId=ee309a46-4639-4c30-a447-2fe283266550 - - -
info: Microsoft.AspNetCore.Routing.EndpointMiddleware[0]
      Executing endpoint 'HTTP: GET /api/v1/management/recipes/products/{productId:guid}/mapping'
info: Microsoft.AspNetCore.Http.Result.JsonResult[1]
      Setting HTTP status code 401.
info: Microsoft.AspNetCore.Http.Result.JsonResult[3]
      Writing value of type '<>f__AnonymousType5`1' as Json.
info: Microsoft.AspNetCore.Routing.EndpointMiddleware[1]
      Executed endpoint 'HTTP: GET /api/v1/management/recipes/products/{productId:guid}/mapping'
info: Microsoft.AspNetCore.Hosting.Diagnostics[2]
      Request finished HTTP/1.1 GET https://127.0.0.1:40461/api/v1/management/recipes/products/192a07de-1043-42b6-bf6f-58fb1d1429bf/mapping?terminalId=ee309a46-4639-4c30-a447-2fe283266550 - 401 - application/json;+charset=utf-8 0.6734ms
info: Microsoft.AspNetCore.Hosting.Diagnostics[1]
      Request starting HTTP/1.1 DELETE http://127.0.0.1:40461/api/v1/management/recipes/products/2e2e5c74-094f-4168-a49f-01162ad5e9a1/mapping?terminalId=7e6e9844-6983-482a-bffb-1b81dfc3acb7 - application/json;+charset=utf-8 2
info: Microsoft.AspNetCore.Routing.EndpointMiddleware[0]
      Executing endpoint 'HTTP: DELETE /api/v1/management/recipes/products/{productId:guid}/mapping'
info: Microsoft.AspNetCore.Http.Result.JsonResult[1]
      Setting HTTP status code 401.
info: Microsoft.AspNetCore.Http.Result.JsonResult[3]
      Writing value of type '<>f__AnonymousType5`1' as Json.
info: Microsoft.AspNetCore.Routing.EndpointMiddleware[1]
      Executed endpoint 'HTTP: DELETE /api/v1/management/recipes/products/{productId:guid}/mapping'
info: Microsoft.AspNetCore.Hosting.Diagnostics[2]
      Request finished HTTP/1.1 DELETE https://127.0.0.1:40461/api/v1/management/recipes/products/2e2e5c74-094f-4168-a49f-01162ad5e9a1/mapping?terminalId=7e6e9844-6983-482a-bffb-1b81dfc3acb7 - 401 - application/json;+charset=utf-8 0.5594ms
info: Microsoft.AspNetCore.Hosting.Diagnostics[1]
      Request starting HTTP/1.1 GET http://127.0.0.1:40461/api/v1/management/recipes/unit-conversions?terminalId=cd479220-cf81-4b60-9d35-94ddb93ccdbc - - -
info: Microsoft.AspNetCore.Routing.EndpointMiddleware[0]
      Executing endpoint 'HTTP: GET /api/v1/management/recipes/unit-conversions'
info: Microsoft.AspNetCore.Http.Result.JsonResult[1]
      Setting HTTP status code 401.
info: Microsoft.AspNetCore.Http.Result.JsonResult[3]
      Writing value of type '<>f__AnonymousType5`1' as Json.
info: Microsoft.AspNetCore.Routing.EndpointMiddleware[1]
      Executed endpoint 'HTTP: GET /api/v1/management/recipes/unit-conversions'
info: Microsoft.AspNetCore.Hosting.Diagnostics[2]
      Request finished HTTP/1.1 GET https://127.0.0.1:40461/api/v1/management/recipes/unit-conversions?terminalId=cd479220-cf81-4b60-9d35-94ddb93ccdbc - 401 - application/json;+charset=utf-8 0.3573ms
info: Microsoft.AspNetCore.Hosting.Diagnostics[1]
      Request starting HTTP/1.1 POST http://127.0.0.1:40461/api/v1/management/recipes/unit-conversions?terminalId=55f03610-086e-492f-9111-a2d419eb35e3 - application/json;+charset=utf-8 2
info: Microsoft.AspNetCore.Routing.EndpointMiddleware[0]
      Executing endpoint 'HTTP: POST /api/v1/management/recipes/unit-conversions'
info: Microsoft.AspNetCore.Http.Result.JsonResult[1]
      Setting HTTP status code 401.
info: Microsoft.AspNetCore.Http.Result.JsonResult[3]
      Writing value of type '<>f__AnonymousType5`1' as Json.
info: Microsoft.AspNetCore.Routing.EndpointMiddleware[1]
      Executed endpoint 'HTTP: POST /api/v1/management/recipes/unit-conversions'
info: Microsoft.AspNetCore.Hosting.Diagnostics[2]
      Request finished HTTP/1.1 POST https://127.0.0.1:40461/api/v1/management/recipes/unit-conversions?terminalId=55f03610-086e-492f-9111-a2d419eb35e3 - 401 - application/json;+charset=utf-8 0.7217ms
info: Microsoft.AspNetCore.Hosting.Diagnostics[1]
      Request starting HTTP/1.1 POST http://127.0.0.1:40461/api/v1/management/recipes/versions/bcf0f134-1e16-4d61-aaea-b7aa825e53c1/ingredients?terminalId=11921c04-d9ad-4cc4-9f54-346fb2dbfa1e - application/json;+charset=utf-8 2
info: Microsoft.AspNetCore.Routing.EndpointMiddleware[0]
      Executing endpoint 'HTTP: POST /api/v1/management/recipes/versions/{versionId:guid}/ingredients'
info: Microsoft.AspNetCore.Http.Result.JsonResult[1]
      Setting HTTP status code 401.
info: Microsoft.AspNetCore.Http.Result.JsonResult[3]
      Writing value of type '<>f__AnonymousType5`1' as Json.
info: Microsoft.AspNetCore.Routing.EndpointMiddleware[1]
      Executed endpoint 'HTTP: POST /api/v1/management/recipes/versions/{versionId:guid}/ingredients'
info: Microsoft.AspNetCore.Hosting.Diagnostics[2]
      Request finished HTTP/1.1 POST https://127.0.0.1:40461/api/v1/management/recipes/versions/bcf0f134-1e16-4d61-aaea-b7aa825e53c1/ingredients?terminalId=11921c04-d9ad-4cc4-9f54-346fb2dbfa1e - 401 - application/json;+charset=utf-8 0.4280ms
info: Microsoft.AspNetCore.Hosting.Diagnostics[1]
      Request starting HTTP/1.1 DELETE http://127.0.0.1:40461/api/v1/management/recipes/versions/e028df09-8f6b-4d61-81ef-adc74705dc6e/ingredients/ec4dbddc-ebba-4df5-b2c9-3615080172d7?terminalId=786b21ed-5468-4570-9bdd-c65cba0186ce - application/json;+charset=utf-8 2
info: Microsoft.AspNetCore.Routing.EndpointMiddleware[0]
      Executing endpoint 'HTTP: DELETE /api/v1/management/recipes/versions/{versionId:guid}/ingredients/{ingredientItemId:guid}'
info: Microsoft.AspNetCore.Http.Result.JsonResult[1]
      Setting HTTP status code 401.
info: Microsoft.AspNetCore.Http.Result.JsonResult[3]
      Writing value of type '<>f__AnonymousType5`1' as Json.
info: Microsoft.AspNetCore.Routing.EndpointMiddleware[1]
      Executed endpoint 'HTTP: DELETE /api/v1/management/recipes/versions/{versionId:guid}/ingredients/{ingredientItemId:guid}'
info: Microsoft.AspNetCore.Hosting.Diagnostics[2]
      Request finished HTTP/1.1 DELETE https://127.0.0.1:40461/api/v1/management/recipes/versions/e028df09-8f6b-4d61-81ef-adc74705dc6e/ingredients/ec4dbddc-ebba-4df5-b2c9-3615080172d7?terminalId=786b21ed-5468-4570-9bdd-c65cba0186ce - 401 - application/json;+charset=utf-8 0.2168ms
info: Microsoft.AspNetCore.Hosting.Diagnostics[1]
      Request starting HTTP/1.1 POST http://127.0.0.1:40461/api/v1/management/recipes/versions/7b220d05-83e3-496b-af1a-1cd6b9fb4326/lock?terminalId=4355fc15-d692-4578-8da6-10fa5683e6ef - application/json;+charset=utf-8 2
info: Microsoft.AspNetCore.Routing.EndpointMiddleware[0]
      Executing endpoint 'HTTP: POST /api/v1/management/recipes/versions/{versionId:guid}/lock'
info: Microsoft.AspNetCore.Http.Result.JsonResult[1]
      Setting HTTP status code 401.
info: Microsoft.AspNetCore.Http.Result.JsonResult[3]
      Writing value of type '<>f__AnonymousType5`1' as Json.
info: Microsoft.AspNetCore.Routing.EndpointMiddleware[1]
      Executed endpoint 'HTTP: POST /api/v1/management/recipes/versions/{versionId:guid}/lock'
info: Microsoft.AspNetCore.Hosting.Diagnostics[2]
      Request finished HTTP/1.1 POST https://127.0.0.1:40461/api/v1/management/recipes/versions/7b220d05-83e3-496b-af1a-1cd6b9fb4326/lock?terminalId=4355fc15-d692-4578-8da6-10fa5683e6ef - 401 - application/json;+charset=utf-8 0.2418ms
info: Microsoft.AspNetCore.Hosting.Diagnostics[1]
      Request starting HTTP/1.1 GET http://127.0.0.1:40461/api/v1/management/recipes/feb4fdca-0d5e-4f45-b5bf-6c596fbb208e/versions?terminalId=6dc9ba28-5056-4d6c-88ed-1cdda6d241f0 - - -
info: Microsoft.AspNetCore.Routing.EndpointMiddleware[0]
      Executing endpoint 'HTTP: GET /api/v1/management/recipes/{recipeId:guid}/versions'
info: Microsoft.AspNetCore.Http.Result.JsonResult[1]
      Setting HTTP status code 401.
info: Microsoft.AspNetCore.Http.Result.JsonResult[3]
      Writing value of type '<>f__AnonymousType5`1' as Json.
info: Microsoft.AspNetCore.Routing.EndpointMiddleware[1]
      Executed endpoint 'HTTP: GET /api/v1/management/recipes/{recipeId:guid}/versions'
info: Microsoft.AspNetCore.Hosting.Diagnostics[2]
      Request finished HTTP/1.1 GET https://127.0.0.1:40461/api/v1/management/recipes/feb4fdca-0d5e-4f45-b5bf-6c596fbb208e/versions?terminalId=6dc9ba28-5056-4d6c-88ed-1cdda6d241f0 - 401 - application/json;+charset=utf-8 0.7468ms
info: Microsoft.AspNetCore.Hosting.Diagnostics[1]
      Request starting HTTP/1.1 POST http://127.0.0.1:40461/api/v1/management/recipes/7657376a-3fea-45f2-9501-5b41bc616741/versions?terminalId=a5161b1b-ee95-4a32-9cf5-c1a8a17a6d87 - application/json;+charset=utf-8 2
info: Microsoft.AspNetCore.Routing.EndpointMiddleware[0]
      Executing endpoint 'HTTP: POST /api/v1/management/recipes/{recipeId:guid}/versions'
info: Microsoft.AspNetCore.Http.Result.JsonResult[1]
      Setting HTTP status code 401.
info: Microsoft.AspNetCore.Http.Result.JsonResult[3]
      Writing value of type '<>f__AnonymousType5`1' as Json.
info: Microsoft.AspNetCore.Routing.EndpointMiddleware[1]
      Executed endpoint 'HTTP: POST /api/v1/management/recipes/{recipeId:guid}/versions'
info: Microsoft.AspNetCore.Hosting.Diagnostics[2]
      Request finished HTTP/1.1 POST https://127.0.0.1:40461/api/v1/management/recipes/7657376a-3fea-45f2-9501-5b41bc616741/versions?terminalId=a5161b1b-ee95-4a32-9cf5-c1a8a17a6d87 - 401 - application/json;+charset=utf-8 0.7290ms
info: Microsoft.AspNetCore.Hosting.Diagnostics[1]
      Request starting HTTP/1.1 POST http://127.0.0.1:40461/api/v1/management/recipes/046de032-a1ff-42f1-bfbf-207d54ac25c2/versions/next?terminalId=9b5bcaf1-9c41-4c38-a134-29a906ba81b9 - application/json;+charset=utf-8 2
info: Microsoft.AspNetCore.Routing.EndpointMiddleware[0]
      Executing endpoint 'HTTP: POST /api/v1/management/recipes/{recipeId:guid}/versions/next'
info: Microsoft.AspNetCore.Http.Result.JsonResult[1]
      Setting HTTP status code 401.
info: Microsoft.AspNetCore.Http.Result.JsonResult[3]
      Writing value of type '<>f__AnonymousType5`1' as Json.
info: Microsoft.AspNetCore.Routing.EndpointMiddleware[1]
      Executed endpoint 'HTTP: POST /api/v1/management/recipes/{recipeId:guid}/versions/next'
info: Microsoft.AspNetCore.Hosting.Diagnostics[2]
      Request finished HTTP/1.1 POST https://127.0.0.1:40461/api/v1/management/recipes/046de032-a1ff-42f1-bfbf-207d54ac25c2/versions/next?terminalId=9b5bcaf1-9c41-4c38-a134-29a906ba81b9 - 401 - application/json;+charset=utf-8 0.4566ms
info: Microsoft.AspNetCore.Hosting.Diagnostics[1]
      Request starting HTTP/1.1 POST http://127.0.0.1:40461/api/v1/management/recipes/694b58a2-705f-48ec-bbca-a140d9d91d88/versions/1/activate?terminalId=debff6a2-c623-4796-ab1d-606de448d79a - application/json;+charset=utf-8 2
info: Microsoft.AspNetCore.Routing.EndpointMiddleware[0]
      Executing endpoint 'HTTP: POST /api/v1/management/recipes/{recipeId:guid}/versions/{versionNumber:int}/activate'
info: Microsoft.AspNetCore.Http.Result.JsonResult[1]
      Setting HTTP status code 401.
info: Microsoft.AspNetCore.Http.Result.JsonResult[3]
      Writing value of type '<>f__AnonymousType5`1' as Json.
info: Microsoft.AspNetCore.Routing.EndpointMiddleware[1]
      Executed endpoint 'HTTP: POST /api/v1/management/recipes/{recipeId:guid}/versions/{versionNumber:int}/activate'
info: Microsoft.AspNetCore.Hosting.Diagnostics[2]
      Request finished HTTP/1.1 POST https://127.0.0.1:40461/api/v1/management/recipes/694b58a2-705f-48ec-bbca-a140d9d91d88/versions/1/activate?terminalId=debff6a2-c623-4796-ab1d-606de448d79a - 401 - application/json;+charset=utf-8 0.6923ms
info: Microsoft.AspNetCore.Hosting.Diagnostics[1]
      Request starting HTTP/1.1 POST http://127.0.0.1:40461/api/v1/management/recipes/cf5f27d4-4b74-45e4-b66d-5d50033bb7b5/cost-snapshots/?terminalId=1e524a2a-cdcf-49c2-8854-341efae11a6c - application/json;+charset=utf-8 2
info: Microsoft.AspNetCore.Routing.EndpointMiddleware[0]
      Executing endpoint 'HTTP: POST /api/v1/management/recipes/{recipeVersionId:guid}/cost-snapshots/'
info: Microsoft.AspNetCore.Http.Result.JsonResult[1]
      Setting HTTP status code 401.
info: Microsoft.AspNetCore.Http.Result.JsonResult[3]
      Writing value of type 'RecipeCostSnapshotApiErrorEnvelopeV1' as Json.
info: Microsoft.AspNetCore.Routing.EndpointMiddleware[1]
      Executed endpoint 'HTTP: POST /api/v1/management/recipes/{recipeVersionId:guid}/cost-snapshots/'
info: Microsoft.AspNetCore.Hosting.Diagnostics[2]
      Request finished HTTP/1.1 POST https://127.0.0.1:40461/api/v1/management/recipes/cf5f27d4-4b74-45e4-b66d-5d50033bb7b5/cost-snapshots/?terminalId=1e524a2a-cdcf-49c2-8854-341efae11a6c - 401 - application/json;+charset=utf-8 1.4780ms
info: Microsoft.AspNetCore.Hosting.Diagnostics[1]
      Request starting HTTP/1.1 GET http://127.0.0.1:40461/api/v1/management/recipes/c94fce1c-1dec-4014-8e78-63d03c9c9f25/cost-snapshots/effective?terminalId=f912ea75-f4cf-43b4-a7cb-a2167dcb6875 - - -
info: Microsoft.AspNetCore.Routing.EndpointMiddleware[0]
      Executing endpoint 'HTTP: GET /api/v1/management/recipes/{recipeVersionId:guid}/cost-snapshots/effective'
info: Microsoft.AspNetCore.Http.Result.JsonResult[1]
      Setting HTTP status code 401.
info: Microsoft.AspNetCore.Http.Result.JsonResult[3]
      Writing value of type 'RecipeCostSnapshotApiErrorEnvelopeV1' as Json.
info: Microsoft.AspNetCore.Routing.EndpointMiddleware[1]
      Executed endpoint 'HTTP: GET /api/v1/management/recipes/{recipeVersionId:guid}/cost-snapshots/effective'
info: Microsoft.AspNetCore.Hosting.Diagnostics[2]
      Request finished HTTP/1.1 GET https://127.0.0.1:40461/api/v1/management/recipes/c94fce1c-1dec-4014-8e78-63d03c9c9f25/cost-snapshots/effective?terminalId=f912ea75-f4cf-43b4-a7cb-a2167dcb6875 - 401 - application/json;+charset=utf-8 1.4245ms
info: Microsoft.AspNetCore.Hosting.Diagnostics[1]
      Request starting HTTP/1.1 POST http://127.0.0.1:40461/api/v1/management/reconciliation/cases/?terminalId=bc864d00-a0ed-43d0-9a4c-2b01d7320ada - application/json;+charset=utf-8 2
info: Microsoft.AspNetCore.Routing.EndpointMiddleware[0]
      Executing endpoint 'HTTP: POST /api/v1/management/reconciliation/cases/'
info: Microsoft.AspNetCore.Http.Result.JsonResult[1]
      Setting HTTP status code 401.
info: Microsoft.AspNetCore.Http.Result.JsonResult[3]
      Writing value of type 'ReconciliationCaseApiErrorEnvelopeV1' as Json.
info: Microsoft.AspNetCore.Routing.EndpointMiddleware[1]
      Executed endpoint 'HTTP: POST /api/v1/management/reconciliation/cases/'
info: Microsoft.AspNetCore.Hosting.Diagnostics[2]
      Request finished HTTP/1.1 POST https://127.0.0.1:40461/api/v1/management/reconciliation/cases/?terminalId=bc864d00-a0ed-43d0-9a4c-2b01d7320ada - 401 - application/json;+charset=utf-8 0.2794ms
info: Microsoft.AspNetCore.Hosting.Diagnostics[1]
      Request starting HTTP/1.1 GET http://127.0.0.1:40461/api/v1/management/reconciliation/cases/?terminalId=b5f96e4b-63c2-44d5-935c-797db559f472 - - -
info: Microsoft.AspNetCore.Routing.EndpointMiddleware[0]
      Executing endpoint 'HTTP: GET /api/v1/management/reconciliation/cases/'
info: Microsoft.AspNetCore.Http.Result.JsonResult[1]
      Setting HTTP status code 401.
info: Microsoft.AspNetCore.Http.Result.JsonResult[3]
      Writing value of type 'ReconciliationCaseApiErrorEnvelopeV1' as Json.
info: Microsoft.AspNetCore.Routing.EndpointMiddleware[1]
      Executed endpoint 'HTTP: GET /api/v1/management/reconciliation/cases/'
info: Microsoft.AspNetCore.Hosting.Diagnostics[2]
      Request finished HTTP/1.1 GET https://127.0.0.1:40461/api/v1/management/reconciliation/cases/?terminalId=b5f96e4b-63c2-44d5-935c-797db559f472 - 401 - application/json;+charset=utf-8 1.0762ms
info: Microsoft.AspNetCore.Hosting.Diagnostics[1]
      Request starting HTTP/1.1 GET http://127.0.0.1:40461/api/v1/management/reconciliation/cases/011aeeb5-fe93-4c52-a507-b6c2901b3e1c?terminalId=caafd1bc-fa51-4147-a125-102fc1bec3b0 - - -
info: Microsoft.AspNetCore.Routing.EndpointMiddleware[0]
      Executing endpoint 'HTTP: GET /api/v1/management/reconciliation/cases/{caseId:guid}'
info: Microsoft.AspNetCore.Http.Result.JsonResult[1]
      Setting HTTP status code 401.
info: Microsoft.AspNetCore.Http.Result.JsonResult[3]
      Writing value of type 'ReconciliationCaseApiErrorEnvelopeV1' as Json.
info: Microsoft.AspNetCore.Routing.EndpointMiddleware[1]
      Executed endpoint 'HTTP: GET /api/v1/management/reconciliation/cases/{caseId:guid}'
info: Microsoft.AspNetCore.Hosting.Diagnostics[2]
      Request finished HTTP/1.1 GET https://127.0.0.1:40461/api/v1/management/reconciliation/cases/011aeeb5-fe93-4c52-a507-b6c2901b3e1c?terminalId=caafd1bc-fa51-4147-a125-102fc1bec3b0 - 401 - application/json;+charset=utf-8 0.1828ms
info: Microsoft.AspNetCore.Hosting.Diagnostics[1]
      Request starting HTTP/1.1 GET http://127.0.0.1:40461/api/v1/management/reconciliation/cases/e85ca5f4-4dda-47f8-8c1a-769d3831423c/actions?terminalId=aa36ecf9-7470-4cfc-b21f-72f6ff131f3c - - -
info: Microsoft.AspNetCore.Routing.EndpointMiddleware[0]
      Executing endpoint 'HTTP: GET /api/v1/management/reconciliation/cases/{caseId:guid}/actions'
info: Microsoft.AspNetCore.Http.Result.JsonResult[1]
      Setting HTTP status code 401.
info: Microsoft.AspNetCore.Http.Result.JsonResult[3]
      Writing value of type 'ReconciliationCaseApiErrorEnvelopeV1' as Json.
info: Microsoft.AspNetCore.Routing.EndpointMiddleware[1]
      Executed endpoint 'HTTP: GET /api/v1/management/reconciliation/cases/{caseId:guid}/actions'
info: Microsoft.AspNetCore.Hosting.Diagnostics[2]
      Request finished HTTP/1.1 GET https://127.0.0.1:40461/api/v1/management/reconciliation/cases/e85ca5f4-4dda-47f8-8c1a-769d3831423c/actions?terminalId=aa36ecf9-7470-4cfc-b21f-72f6ff131f3c - 401 - application/json;+charset=utf-8 0.2440ms
info: Microsoft.AspNetCore.Hosting.Diagnostics[1]
      Request starting HTTP/1.1 POST http://127.0.0.1:40461/api/v1/management/reconciliation/cases/8c06ac41-097b-4900-ad88-5675787c755e/notes?terminalId=f6bd6c76-e51a-41fc-a9fe-33d46820b4ef - application/json;+charset=utf-8 2
info: Microsoft.AspNetCore.Routing.EndpointMiddleware[0]
      Executing endpoint 'HTTP: POST /api/v1/management/reconciliation/cases/{caseId:guid}/notes'
info: Microsoft.AspNetCore.Http.Result.JsonResult[1]
      Setting HTTP status code 401.
info: Microsoft.AspNetCore.Http.Result.JsonResult[3]
      Writing value of type 'ReconciliationCaseApiErrorEnvelopeV1' as Json.
info: Microsoft.AspNetCore.Routing.EndpointMiddleware[1]
      Executed endpoint 'HTTP: POST /api/v1/management/reconciliation/cases/{caseId:guid}/notes'
info: Microsoft.AspNetCore.Hosting.Diagnostics[2]
      Request finished HTTP/1.1 POST https://127.0.0.1:40461/api/v1/management/reconciliation/cases/8c06ac41-097b-4900-ad88-5675787c755e/notes?terminalId=f6bd6c76-e51a-41fc-a9fe-33d46820b4ef - 401 - application/json;+charset=utf-8 0.2436ms
info: Microsoft.AspNetCore.Hosting.Diagnostics[1]
      Request starting HTTP/1.1 POST http://127.0.0.1:40461/api/v1/management/reconciliation/cases/7244d105-5255-4a1b-af33-afd7eb2880d1/transition?terminalId=c0ba7f30-d0d7-4f9f-806d-79efea1e8b77 - application/json;+charset=utf-8 2
info: Microsoft.AspNetCore.Routing.EndpointMiddleware[0]
      Executing endpoint 'HTTP: POST /api/v1/management/reconciliation/cases/{caseId:guid}/transition'
info: Microsoft.AspNetCore.Http.Result.JsonResult[1]
      Setting HTTP status code 401.
info: Microsoft.AspNetCore.Http.Result.JsonResult[3]
      Writing value of type 'ReconciliationCaseApiErrorEnvelopeV1' as Json.
info: Microsoft.AspNetCore.Routing.EndpointMiddleware[1]
      Executed endpoint 'HTTP: POST /api/v1/management/reconciliation/cases/{caseId:guid}/transition'
info: Microsoft.AspNetCore.Hosting.Diagnostics[2]
      Request finished HTTP/1.1 POST https://127.0.0.1:40461/api/v1/management/reconciliation/cases/7244d105-5255-4a1b-af33-afd7eb2880d1/transition?terminalId=c0ba7f30-d0d7-4f9f-806d-79efea1e8b77 - 401 - application/json;+charset=utf-8 0.2445ms
info: Microsoft.AspNetCore.Hosting.Diagnostics[1]
      Request starting HTTP/1.1 POST http://127.0.0.1:40461/api/v1/management/reconciliation/online-orders/cases/1a0020ac-6b22-4a0f-8ca5-e305b3b5e8f9/resolve?terminalId=5843e2d7-9cb7-4ee1-ac2a-fbeaa318e70d - application/json;+charset=utf-8 2
info: Microsoft.AspNetCore.Routing.EndpointMiddleware[0]
      Executing endpoint 'HTTP: POST /api/v1/management/reconciliation/online-orders/cases/{caseId:guid}/resolve'
info: Microsoft.AspNetCore.Http.Result.JsonResult[1]
      Setting HTTP status code 401.
info: Microsoft.AspNetCore.Http.Result.JsonResult[3]
      Writing value of type 'ReconciliationCaseApiErrorEnvelopeV1' as Json.
info: Microsoft.AspNetCore.Routing.EndpointMiddleware[1]
      Executed endpoint 'HTTP: POST /api/v1/management/reconciliation/online-orders/cases/{caseId:guid}/resolve'
info: Microsoft.AspNetCore.Hosting.Diagnostics[2]
      Request finished HTTP/1.1 POST https://127.0.0.1:40461/api/v1/management/reconciliation/online-orders/cases/1a0020ac-6b22-4a0f-8ca5-e305b3b5e8f9/resolve?terminalId=5843e2d7-9cb7-4ee1-ac2a-fbeaa318e70d - 401 - application/json;+charset=utf-8 0.2192ms
info: Microsoft.AspNetCore.Hosting.Diagnostics[1]
      Request starting HTTP/1.1 POST http://127.0.0.1:40461/api/v1/management/reconciliation/online-orders/cases/21c745c2-aadc-4b9c-9724-f53494253368/retry?terminalId=77f53d53-ac03-48aa-a8f3-be5717649e63 - application/json;+charset=utf-8 2
info: Microsoft.AspNetCore.Routing.EndpointMiddleware[0]
      Executing endpoint 'HTTP: POST /api/v1/management/reconciliation/online-orders/cases/{caseId:guid}/retry'
info: Microsoft.AspNetCore.Http.Result.JsonResult[1]
      Setting HTTP status code 401.
info: Microsoft.AspNetCore.Http.Result.JsonResult[3]
      Writing value of type 'ReconciliationCaseApiErrorEnvelopeV1' as Json.
info: Microsoft.AspNetCore.Routing.EndpointMiddleware[1]
      Executed endpoint 'HTTP: POST /api/v1/management/reconciliation/online-orders/cases/{caseId:guid}/retry'
info: Microsoft.AspNetCore.Hosting.Diagnostics[2]
      Request finished HTTP/1.1 POST https://127.0.0.1:40461/api/v1/management/reconciliation/online-orders/cases/21c745c2-aadc-4b9c-9724-f53494253368/retry?terminalId=77f53d53-ac03-48aa-a8f3-be5717649e63 - 401 - application/json;+charset=utf-8 0.1699ms
info: Microsoft.AspNetCore.Hosting.Diagnostics[1]
      Request starting HTTP/1.1 POST http://127.0.0.1:40461/api/v1/management/reconciliation/online-orders/scan?terminalId=a55b939d-994d-4d22-bb54-a4188cb1b836 - application/json;+charset=utf-8 2
info: Microsoft.AspNetCore.Routing.EndpointMiddleware[0]
      Executing endpoint 'HTTP: POST /api/v1/management/reconciliation/online-orders/scan'
info: Microsoft.AspNetCore.Http.Result.JsonResult[1]
      Setting HTTP status code 401.
info: Microsoft.AspNetCore.Http.Result.JsonResult[3]
      Writing value of type 'ReconciliationCaseApiErrorEnvelopeV1' as Json.
info: Microsoft.AspNetCore.Routing.EndpointMiddleware[1]
      Executed endpoint 'HTTP: POST /api/v1/management/reconciliation/online-orders/scan'
info: Microsoft.AspNetCore.Hosting.Diagnostics[2]
      Request finished HTTP/1.1 POST https://127.0.0.1:40461/api/v1/management/reconciliation/online-orders/scan?terminalId=a55b939d-994d-4d22-bb54-a4188cb1b836 - 401 - application/json;+charset=utf-8 0.1600ms
info: Microsoft.AspNetCore.Hosting.Diagnostics[1]
      Request starting HTTP/1.1 POST http://127.0.0.1:40461/api/v1/management/reporting/business-day/open?terminalId=0fb3fc12-a58b-441f-9b30-373e11d6cfe4 - application/json;+charset=utf-8 2
info: Microsoft.AspNetCore.Routing.EndpointMiddleware[0]
      Executing endpoint 'HTTP: POST /api/v1/management/reporting/business-day/open'
info: Microsoft.AspNetCore.Http.Result.JsonResult[1]
      Setting HTTP status code 401.
info: Microsoft.AspNetCore.Http.Result.JsonResult[3]
      Writing value of type 'EndOfDayApiErrorEnvelopeV1' as Json.
info: Microsoft.AspNetCore.Routing.EndpointMiddleware[1]
      Executed endpoint 'HTTP: POST /api/v1/management/reporting/business-day/open'
info: Microsoft.AspNetCore.Hosting.Diagnostics[2]
      Request finished HTTP/1.1 POST https://127.0.0.1:40461/api/v1/management/reporting/business-day/open?terminalId=0fb3fc12-a58b-441f-9b30-373e11d6cfe4 - 401 - application/json;+charset=utf-8 1.5258ms
info: Microsoft.AspNetCore.Hosting.Diagnostics[1]
      Request starting HTTP/1.1 GET http://127.0.0.1:40461/api/v1/management/reporting/business-day/2026-09-28?terminalId=8b2d5260-e626-4b31-8a8a-0130fc38d34b - - -
info: Microsoft.AspNetCore.Routing.EndpointMiddleware[0]
      Executing endpoint 'HTTP: GET /api/v1/management/reporting/business-day/{businessDate}'
info: Microsoft.AspNetCore.Http.Result.JsonResult[1]
      Setting HTTP status code 401.
info: Microsoft.AspNetCore.Http.Result.JsonResult[3]
      Writing value of type 'EndOfDayApiErrorEnvelopeV1' as Json.
info: Microsoft.AspNetCore.Routing.EndpointMiddleware[1]
      Executed endpoint 'HTTP: GET /api/v1/management/reporting/business-day/{businessDate}'
info: Microsoft.AspNetCore.Hosting.Diagnostics[2]
      Request finished HTTP/1.1 GET https://127.0.0.1:40461/api/v1/management/reporting/business-day/2026-09-28?terminalId=8b2d5260-e626-4b31-8a8a-0130fc38d34b - 401 - application/json;+charset=utf-8 0.2928ms
info: Microsoft.AspNetCore.Hosting.Diagnostics[1]
      Request starting HTTP/1.1 POST http://127.0.0.1:40461/api/v1/management/reporting/business-day/2026-09-28/close?terminalId=2fa4c7d1-8fb8-4c12-9c7f-8c961a85dcc9 - application/json;+charset=utf-8 2
info: Microsoft.AspNetCore.Routing.EndpointMiddleware[0]
      Executing endpoint 'HTTP: POST /api/v1/management/reporting/business-day/{businessDate}/close'
info: Microsoft.AspNetCore.Http.Result.JsonResult[1]
      Setting HTTP status code 401.
info: Microsoft.AspNetCore.Http.Result.JsonResult[3]
      Writing value of type 'EndOfDayApiErrorEnvelopeV1' as Json.
info: Microsoft.AspNetCore.Routing.EndpointMiddleware[1]
      Executed endpoint 'HTTP: POST /api/v1/management/reporting/business-day/{businessDate}/close'
info: Microsoft.AspNetCore.Hosting.Diagnostics[2]
      Request finished HTTP/1.1 POST https://127.0.0.1:40461/api/v1/management/reporting/business-day/2026-09-28/close?terminalId=2fa4c7d1-8fb8-4c12-9c7f-8c961a85dcc9 - 401 - application/json;+charset=utf-8 3.5220ms
info: Microsoft.AspNetCore.Hosting.Diagnostics[1]
      Request starting HTTP/1.1 GET http://127.0.0.1:40461/api/v1/management/reporting/business-day/2026-09-28/full-report?terminalId=502fc079-cadf-4f0d-955c-ae6827cf2164 - - -
info: Microsoft.AspNetCore.Routing.EndpointMiddleware[0]
      Executing endpoint 'HTTP: GET /api/v1/management/reporting/business-day/{businessDate}/full-report'
info: Microsoft.AspNetCore.Http.Result.JsonResult[1]
      Setting HTTP status code 401.
info: Microsoft.AspNetCore.Http.Result.JsonResult[3]
      Writing value of type 'EndOfDayApiErrorEnvelopeV1' as Json.
info: Microsoft.AspNetCore.Routing.EndpointMiddleware[1]
      Executed endpoint 'HTTP: GET /api/v1/management/reporting/business-day/{businessDate}/full-report'
info: Microsoft.AspNetCore.Hosting.Diagnostics[2]
      Request finished HTTP/1.1 GET https://127.0.0.1:40461/api/v1/management/reporting/business-day/2026-09-28/full-report?terminalId=502fc079-cadf-4f0d-955c-ae6827cf2164 - 401 - application/json;+charset=utf-8 0.4230ms
info: Microsoft.AspNetCore.Hosting.Diagnostics[1]
      Request starting HTTP/1.1 GET http://127.0.0.1:40461/api/v1/management/reports/channels/?terminalId=a98d51bc-c579-4a9c-aba0-eb52e4e8b70e - - -
info: Microsoft.AspNetCore.Routing.EndpointMiddleware[0]
      Executing endpoint 'HTTP: GET /api/v1/management/reports/channels/'
info: Microsoft.AspNetCore.Http.Result.JsonResult[1]
      Setting HTTP status code 401.
info: Microsoft.AspNetCore.Http.Result.JsonResult[3]
      Writing value of type 'ReconciliationCaseApiErrorEnvelopeV1' as Json.
info: Microsoft.AspNetCore.Routing.EndpointMiddleware[1]
      Executed endpoint 'HTTP: GET /api/v1/management/reports/channels/'
info: Microsoft.AspNetCore.Hosting.Diagnostics[2]
      Request finished HTTP/1.1 GET https://127.0.0.1:40461/api/v1/management/reports/channels/?terminalId=a98d51bc-c579-4a9c-aba0-eb52e4e8b70e - 401 - application/json;+charset=utf-8 1.9358ms
info: Microsoft.AspNetCore.Hosting.Diagnostics[1]
      Request starting HTTP/1.1 POST http://127.0.0.1:40461/api/v1/management/roles/permissions?terminalId=aeb2b2e1-c9e5-440f-9f65-42a8c79835e8 - application/json;+charset=utf-8 2
info: Microsoft.AspNetCore.Routing.EndpointMiddleware[0]
      Executing endpoint 'HTTP: POST /api/v1/management/roles/permissions'
info: Microsoft.AspNetCore.Http.Result.JsonResult[1]
      Setting HTTP status code 401.
info: Microsoft.AspNetCore.Http.Result.JsonResult[3]
      Writing value of type 'RoleManagementErrorEnvelopeV1' as Json.
info: Microsoft.AspNetCore.Routing.EndpointMiddleware[1]
      Executed endpoint 'HTTP: POST /api/v1/management/roles/permissions'
info: Microsoft.AspNetCore.Hosting.Diagnostics[2]
      Request finished HTTP/1.1 POST https://127.0.0.1:40461/api/v1/management/roles/permissions?terminalId=aeb2b2e1-c9e5-440f-9f65-42a8c79835e8 - 401 - application/json;+charset=utf-8 2.1651ms
info: Microsoft.AspNetCore.Hosting.Diagnostics[1]
      Request starting HTTP/1.1 POST http://127.0.0.1:40461/api/v1/management/roles/roles?terminalId=11fc0ae0-5757-4eab-b451-43e092c9565a - application/json;+charset=utf-8 2
info: Microsoft.AspNetCore.Routing.EndpointMiddleware[0]
      Executing endpoint 'HTTP: POST /api/v1/management/roles/roles'
info: Microsoft.AspNetCore.Http.Result.JsonResult[1]
      Setting HTTP status code 401.
info: Microsoft.AspNetCore.Http.Result.JsonResult[3]
      Writing value of type 'RoleManagementErrorEnvelopeV1' as Json.
info: Microsoft.AspNetCore.Routing.EndpointMiddleware[1]
      Executed endpoint 'HTTP: POST /api/v1/management/roles/roles'
info: Microsoft.AspNetCore.Hosting.Diagnostics[2]
      Request finished HTTP/1.1 POST https://127.0.0.1:40461/api/v1/management/roles/roles?terminalId=11fc0ae0-5757-4eab-b451-43e092c9565a - 401 - application/json;+charset=utf-8 1.8058ms
info: Microsoft.AspNetCore.Hosting.Diagnostics[1]
      Request starting HTTP/1.1 POST http://127.0.0.1:40461/api/v1/management/roles/roles/5b58b86f-dd69-4243-9ec5-3c3ca21c4c09/permissions?terminalId=1ff8dc12-581d-4d39-8ce6-bb665bd255da - application/json;+charset=utf-8 2
info: Microsoft.AspNetCore.Routing.EndpointMiddleware[0]
      Executing endpoint 'HTTP: POST /api/v1/management/roles/roles/{roleId:guid}/permissions'
info: Microsoft.AspNetCore.Http.Result.JsonResult[1]
      Setting HTTP status code 401.
info: Microsoft.AspNetCore.Http.Result.JsonResult[3]
      Writing value of type 'RoleManagementErrorEnvelopeV1' as Json.
info: Microsoft.AspNetCore.Routing.EndpointMiddleware[1]
      Executed endpoint 'HTTP: POST /api/v1/management/roles/roles/{roleId:guid}/permissions'
info: Microsoft.AspNetCore.Hosting.Diagnostics[2]
      Request finished HTTP/1.1 POST https://127.0.0.1:40461/api/v1/management/roles/roles/5b58b86f-dd69-4243-9ec5-3c3ca21c4c09/permissions?terminalId=1ff8dc12-581d-4d39-8ce6-bb665bd255da - 401 - application/json;+charset=utf-8 2.1994ms
info: Microsoft.AspNetCore.Hosting.Diagnostics[1]
      Request starting HTTP/1.1 DELETE http://127.0.0.1:40461/api/v1/management/roles/roles/cfa3ae25-b5c1-43b8-a1c4-c726187dd8bf/permissions/probe?terminalId=01856fa5-7e02-419f-b318-c569088dada3 - application/json;+charset=utf-8 2
info: Microsoft.AspNetCore.Routing.EndpointMiddleware[0]
      Executing endpoint 'HTTP: DELETE /api/v1/management/roles/roles/{roleId:guid}/permissions/{permissionCode}'
info: Microsoft.AspNetCore.Http.Result.JsonResult[1]
      Setting HTTP status code 401.
info: Microsoft.AspNetCore.Http.Result.JsonResult[3]
      Writing value of type 'RoleManagementErrorEnvelopeV1' as Json.
info: Microsoft.AspNetCore.Routing.EndpointMiddleware[1]
      Executed endpoint 'HTTP: DELETE /api/v1/management/roles/roles/{roleId:guid}/permissions/{permissionCode}'
info: Microsoft.AspNetCore.Hosting.Diagnostics[2]
      Request finished HTTP/1.1 DELETE https://127.0.0.1:40461/api/v1/management/roles/roles/cfa3ae25-b5c1-43b8-a1c4-c726187dd8bf/permissions/probe?terminalId=01856fa5-7e02-419f-b318-c569088dada3 - 401 - application/json;+charset=utf-8 0.3844ms
info: Microsoft.AspNetCore.Hosting.Diagnostics[1]
      Request starting HTTP/1.1 POST http://127.0.0.1:40461/api/v1/management/roles/roles/c52401e4-6afd-43d6-a1d1-4fd04fd991d3/users/3b850786-7c46-4736-8aa3-3988e8727b39?terminalId=2fc5b31d-ea06-436c-a19e-a789f3134ebf - application/json;+charset=utf-8 2
info: Microsoft.AspNetCore.Routing.EndpointMiddleware[0]
      Executing endpoint 'HTTP: POST /api/v1/management/roles/roles/{roleId:guid}/users/{userId:guid}'
info: Microsoft.AspNetCore.Http.Result.JsonResult[1]
      Setting HTTP status code 401.
info: Microsoft.AspNetCore.Http.Result.JsonResult[3]
      Writing value of type 'RoleManagementErrorEnvelopeV1' as Json.
info: Microsoft.AspNetCore.Routing.EndpointMiddleware[1]
      Executed endpoint 'HTTP: POST /api/v1/management/roles/roles/{roleId:guid}/users/{userId:guid}'
info: Microsoft.AspNetCore.Hosting.Diagnostics[2]
      Request finished HTTP/1.1 POST https://127.0.0.1:40461/api/v1/management/roles/roles/c52401e4-6afd-43d6-a1d1-4fd04fd991d3/users/3b850786-7c46-4736-8aa3-3988e8727b39?terminalId=2fc5b31d-ea06-436c-a19e-a789f3134ebf - 401 - application/json;+charset=utf-8 0.4926ms
info: Microsoft.AspNetCore.Hosting.Diagnostics[1]
      Request starting HTTP/1.1 DELETE http://127.0.0.1:40461/api/v1/management/roles/roles/515bc8bb-84c6-44e5-933b-4ecae289f649/users/bbe5a6ac-0bf8-4d5c-938c-8b38f930e776?terminalId=e9cdaddb-9ce1-4663-9338-a7e2e6af2392 - application/json;+charset=utf-8 2
info: Microsoft.AspNetCore.Routing.EndpointMiddleware[0]
      Executing endpoint 'HTTP: DELETE /api/v1/management/roles/roles/{roleId:guid}/users/{userId:guid}'
info: Microsoft.AspNetCore.Http.Result.JsonResult[1]
      Setting HTTP status code 401.
info: Microsoft.AspNetCore.Http.Result.JsonResult[3]
      Writing value of type 'RoleManagementErrorEnvelopeV1' as Json.
info: Microsoft.AspNetCore.Routing.EndpointMiddleware[1]
      Executed endpoint 'HTTP: DELETE /api/v1/management/roles/roles/{roleId:guid}/users/{userId:guid}'
info: Microsoft.AspNetCore.Hosting.Diagnostics[2]
      Request finished HTTP/1.1 DELETE https://127.0.0.1:40461/api/v1/management/roles/roles/515bc8bb-84c6-44e5-933b-4ecae289f649/users/bbe5a6ac-0bf8-4d5c-938c-8b38f930e776?terminalId=e9cdaddb-9ce1-4663-9338-a7e2e6af2392 - 401 - application/json;+charset=utf-8 0.2504ms
info: Microsoft.AspNetCore.Hosting.Diagnostics[1]
      Request starting HTTP/1.1 GET http://127.0.0.1:40461/api/v1/management/security/backup/restore-attempts?terminalId=36a833cb-6cbb-4464-80b5-2f58644ef342 - - -
info: Microsoft.AspNetCore.Routing.EndpointMiddleware[0]
      Executing endpoint 'HTTP: GET /api/v1/management/security/backup/restore-attempts'
info: Microsoft.AspNetCore.Http.Result.JsonResult[1]
      Setting HTTP status code 401.
info: Microsoft.AspNetCore.Http.Result.JsonResult[3]
      Writing value of type 'SecurityAdministrationApiErrorEnvelopeV1' as Json.
info: Microsoft.AspNetCore.Routing.EndpointMiddleware[1]
      Executed endpoint 'HTTP: GET /api/v1/management/security/backup/restore-attempts'
info: Microsoft.AspNetCore.Hosting.Diagnostics[2]
      Request finished HTTP/1.1 GET https://127.0.0.1:40461/api/v1/management/security/backup/restore-attempts?terminalId=36a833cb-6cbb-4464-80b5-2f58644ef342 - 401 - application/json;+charset=utf-8 0.7998ms
info: Microsoft.AspNetCore.Hosting.Diagnostics[1]
      Request starting HTTP/1.1 GET http://127.0.0.1:40461/api/v1/management/security/backup/rpo?terminalId=7886bf43-2b98-41ac-bfcf-8bee5d2e8c14 - - -
info: Microsoft.AspNetCore.Routing.EndpointMiddleware[0]
      Executing endpoint 'HTTP: GET /api/v1/management/security/backup/rpo'
info: Microsoft.AspNetCore.Http.Result.JsonResult[1]
      Setting HTTP status code 401.
info: Microsoft.AspNetCore.Http.Result.JsonResult[3]
      Writing value of type 'SecurityAdministrationApiErrorEnvelopeV1' as Json.
info: Microsoft.AspNetCore.Routing.EndpointMiddleware[1]
      Executed endpoint 'HTTP: GET /api/v1/management/security/backup/rpo'
info: Microsoft.AspNetCore.Hosting.Diagnostics[2]
      Request finished HTTP/1.1 GET https://127.0.0.1:40461/api/v1/management/security/backup/rpo?terminalId=7886bf43-2b98-41ac-bfcf-8bee5d2e8c14 - 401 - application/json;+charset=utf-8 1.1449ms
info: Microsoft.AspNetCore.Hosting.Diagnostics[1]
      Request starting HTTP/1.1 POST http://127.0.0.1:40461/api/v1/management/security/diagnostic-bundle?terminalId=6690f315-9465-4033-85cd-3df5089d974a - application/json;+charset=utf-8 2
info: Microsoft.AspNetCore.Routing.EndpointMiddleware[0]
      Executing endpoint 'HTTP: POST /api/v1/management/security/diagnostic-bundle'
info: Microsoft.AspNetCore.Http.Result.JsonResult[1]
      Setting HTTP status code 401.
info: Microsoft.AspNetCore.Http.Result.JsonResult[3]
      Writing value of type 'SecurityAdministrationApiErrorEnvelopeV1' as Json.
info: Microsoft.AspNetCore.Routing.EndpointMiddleware[1]
      Executed endpoint 'HTTP: POST /api/v1/management/security/diagnostic-bundle'
info: Microsoft.AspNetCore.Hosting.Diagnostics[2]
      Request finished HTTP/1.1 POST https://127.0.0.1:40461/api/v1/management/security/diagnostic-bundle?terminalId=6690f315-9465-4033-85cd-3df5089d974a - 401 - application/json;+charset=utf-8 1.6576ms
info: Microsoft.AspNetCore.Hosting.Diagnostics[1]
      Request starting HTTP/1.1 GET http://127.0.0.1:40461/api/v1/management/security/maintenance/jobs?terminalId=e755091e-a990-4a50-bdb6-1e5c6a4420aa - - -
info: Microsoft.AspNetCore.Routing.EndpointMiddleware[0]
      Executing endpoint 'HTTP: GET /api/v1/management/security/maintenance/jobs'
info: Microsoft.AspNetCore.Http.Result.JsonResult[1]
      Setting HTTP status code 401.
info: Microsoft.AspNetCore.Http.Result.JsonResult[3]
      Writing value of type 'SecurityAdministrationApiErrorEnvelopeV1' as Json.
info: Microsoft.AspNetCore.Routing.EndpointMiddleware[1]
      Executed endpoint 'HTTP: GET /api/v1/management/security/maintenance/jobs'
info: Microsoft.AspNetCore.Hosting.Diagnostics[2]
      Request finished HTTP/1.1 GET https://127.0.0.1:40461/api/v1/management/security/maintenance/jobs?terminalId=e755091e-a990-4a50-bdb6-1e5c6a4420aa - 401 - application/json;+charset=utf-8 1.2719ms
info: Microsoft.AspNetCore.Hosting.Diagnostics[1]
      Request starting HTTP/1.1 POST http://127.0.0.1:40461/api/v1/management/security/maintenance/jobs/probe/run?terminalId=a184c229-8816-4244-9371-2d7a3d618263 - application/json;+charset=utf-8 2
info: Microsoft.AspNetCore.Routing.EndpointMiddleware[0]
      Executing endpoint 'HTTP: POST /api/v1/management/security/maintenance/jobs/{name}/run'
info: Microsoft.AspNetCore.Http.Result.JsonResult[1]
      Setting HTTP status code 401.
info: Microsoft.AspNetCore.Http.Result.JsonResult[3]
      Writing value of type 'SecurityAdministrationApiErrorEnvelopeV1' as Json.
info: Microsoft.AspNetCore.Routing.EndpointMiddleware[1]
      Executed endpoint 'HTTP: POST /api/v1/management/security/maintenance/jobs/{name}/run'
info: Microsoft.AspNetCore.Hosting.Diagnostics[2]
      Request finished HTTP/1.1 POST https://127.0.0.1:40461/api/v1/management/security/maintenance/jobs/probe/run?terminalId=a184c229-8816-4244-9371-2d7a3d618263 - 401 - application/json;+charset=utf-8 1.0231ms
info: Microsoft.AspNetCore.Hosting.Diagnostics[1]
      Request starting HTTP/1.1 GET http://127.0.0.1:40461/api/v1/management/security/orders/backlog?terminalId=eb1e0bdd-22d1-46c3-aa14-c8b2b4746090 - - -
info: Microsoft.AspNetCore.Routing.EndpointMiddleware[0]
      Executing endpoint 'HTTP: GET /api/v1/management/security/orders/backlog'
info: Microsoft.AspNetCore.Http.Result.JsonResult[1]
      Setting HTTP status code 401.
info: Microsoft.AspNetCore.Http.Result.JsonResult[3]
      Writing value of type 'SecurityAdministrationApiErrorEnvelopeV1' as Json.
info: Microsoft.AspNetCore.Routing.EndpointMiddleware[1]
      Executed endpoint 'HTTP: GET /api/v1/management/security/orders/backlog'
info: Microsoft.AspNetCore.Hosting.Diagnostics[2]
      Request finished HTTP/1.1 GET https://127.0.0.1:40461/api/v1/management/security/orders/backlog?terminalId=eb1e0bdd-22d1-46c3-aa14-c8b2b4746090 - 401 - application/json;+charset=utf-8 2.3089ms
info: Microsoft.AspNetCore.Hosting.Diagnostics[1]
      Request starting HTTP/1.1 POST http://127.0.0.1:40461/api/v1/management/security/orders/close-settled?terminalId=f48485ee-dbd8-482d-bb2e-412678410f9f - application/json;+charset=utf-8 2
info: Microsoft.AspNetCore.Routing.EndpointMiddleware[0]
      Executing endpoint 'HTTP: POST /api/v1/management/security/orders/close-settled'
info: Microsoft.AspNetCore.Http.Result.JsonResult[1]
      Setting HTTP status code 401.
info: Microsoft.AspNetCore.Http.Result.JsonResult[3]
      Writing value of type 'SecurityAdministrationApiErrorEnvelopeV1' as Json.
info: Microsoft.AspNetCore.Routing.EndpointMiddleware[1]
      Executed endpoint 'HTTP: POST /api/v1/management/security/orders/close-settled'
info: Microsoft.AspNetCore.Hosting.Diagnostics[2]
      Request finished HTTP/1.1 POST https://127.0.0.1:40461/api/v1/management/security/orders/close-settled?terminalId=f48485ee-dbd8-482d-bb2e-412678410f9f - 401 - application/json;+charset=utf-8 1.1831ms
info: Microsoft.AspNetCore.Hosting.Diagnostics[1]
      Request starting HTTP/1.1 GET http://127.0.0.1:40461/api/v1/management/security/outbox/dead-letters?terminalId=b4a8ec25-7cde-48d3-ab29-217caafbade1 - - -
info: Microsoft.AspNetCore.Routing.EndpointMiddleware[0]
      Executing endpoint 'HTTP: GET /api/v1/management/security/outbox/dead-letters'
info: Microsoft.AspNetCore.Http.Result.JsonResult[1]
      Setting HTTP status code 401.
info: Microsoft.AspNetCore.Http.Result.JsonResult[3]
      Writing value of type 'SecurityAdministrationApiErrorEnvelopeV1' as Json.
info: Microsoft.AspNetCore.Routing.EndpointMiddleware[1]
      Executed endpoint 'HTTP: GET /api/v1/management/security/outbox/dead-letters'
info: Microsoft.AspNetCore.Hosting.Diagnostics[2]
      Request finished HTTP/1.1 GET https://127.0.0.1:40461/api/v1/management/security/outbox/dead-letters?terminalId=b4a8ec25-7cde-48d3-ab29-217caafbade1 - 401 - application/json;+charset=utf-8 0.5596ms
info: Microsoft.AspNetCore.Hosting.Diagnostics[1]
      Request starting HTTP/1.1 POST http://127.0.0.1:40461/api/v1/management/security/outbox/dead-letters/fc297070-0ec7-4306-9a34-c594163f9252/requeue?terminalId=86b3fc29-d6ba-4784-8ee6-4f4c4d111e38 - application/json;+charset=utf-8 2
info: Microsoft.AspNetCore.Routing.EndpointMiddleware[0]
      Executing endpoint 'HTTP: POST /api/v1/management/security/outbox/dead-letters/{id:guid}/requeue'
info: Microsoft.AspNetCore.Http.Result.JsonResult[1]
      Setting HTTP status code 401.
info: Microsoft.AspNetCore.Http.Result.JsonResult[3]
      Writing value of type 'SecurityAdministrationApiErrorEnvelopeV1' as Json.
info: Microsoft.AspNetCore.Routing.EndpointMiddleware[1]
      Executed endpoint 'HTTP: POST /api/v1/management/security/outbox/dead-letters/{id:guid}/requeue'
info: Microsoft.AspNetCore.Hosting.Diagnostics[2]
      Request finished HTTP/1.1 POST https://127.0.0.1:40461/api/v1/management/security/outbox/dead-letters/fc297070-0ec7-4306-9a34-c594163f9252/requeue?terminalId=86b3fc29-d6ba-4784-8ee6-4f4c4d111e38 - 401 - application/json;+charset=utf-8 0.4127ms
info: Microsoft.AspNetCore.Hosting.Diagnostics[1]
      Request starting HTTP/1.1 GET http://127.0.0.1:40461/api/v1/management/security/secrets?terminalId=ad2d7738-d05a-4ce9-b52b-6a9a6cb19049 - - -
info: Microsoft.AspNetCore.Routing.EndpointMiddleware[0]
      Executing endpoint 'HTTP: GET /api/v1/management/security/secrets'
info: Microsoft.AspNetCore.Http.Result.JsonResult[1]
      Setting HTTP status code 401.
info: Microsoft.AspNetCore.Http.Result.JsonResult[3]
      Writing value of type 'SecurityAdministrationApiErrorEnvelopeV1' as Json.
info: Microsoft.AspNetCore.Routing.EndpointMiddleware[1]
      Executed endpoint 'HTTP: GET /api/v1/management/security/secrets'
info: Microsoft.AspNetCore.Hosting.Diagnostics[2]
      Request finished HTTP/1.1 GET https://127.0.0.1:40461/api/v1/management/security/secrets?terminalId=ad2d7738-d05a-4ce9-b52b-6a9a6cb19049 - 401 - application/json;+charset=utf-8 0.3574ms
info: Microsoft.AspNetCore.Hosting.Diagnostics[1]
      Request starting HTTP/1.1 GET http://127.0.0.1:40461/api/v1/management/security/secrets/probe/rotation?terminalId=69735468-f392-4f0d-8bc1-af9130a4ef98 - - -
info: Microsoft.AspNetCore.Routing.EndpointMiddleware[0]
      Executing endpoint 'HTTP: GET /api/v1/management/security/secrets/{name}/rotation'
info: Microsoft.AspNetCore.Http.Result.JsonResult[1]
      Setting HTTP status code 401.
info: Microsoft.AspNetCore.Http.Result.JsonResult[3]
      Writing value of type 'SecurityAdministrationApiErrorEnvelopeV1' as Json.
info: Microsoft.AspNetCore.Routing.EndpointMiddleware[1]
      Executed endpoint 'HTTP: GET /api/v1/management/security/secrets/{name}/rotation'
info: Microsoft.AspNetCore.Hosting.Diagnostics[2]
      Request finished HTTP/1.1 GET https://127.0.0.1:40461/api/v1/management/security/secrets/probe/rotation?terminalId=69735468-f392-4f0d-8bc1-af9130a4ef98 - 401 - application/json;+charset=utf-8 0.3473ms
info: Microsoft.AspNetCore.Hosting.Diagnostics[1]
      Request starting HTTP/1.1 POST http://127.0.0.1:40461/api/v1/management/security/secrets/probe/rotation/initialize?terminalId=00f6be6f-fd66-478f-ac1d-8b7d31eb498c - application/json;+charset=utf-8 2
info: Microsoft.AspNetCore.Routing.EndpointMiddleware[0]
      Executing endpoint 'HTTP: POST /api/v1/management/security/secrets/{name}/rotation/initialize'
info: Microsoft.AspNetCore.Http.Result.JsonResult[1]
      Setting HTTP status code 401.
info: Microsoft.AspNetCore.Http.Result.JsonResult[3]
      Writing value of type 'SecurityAdministrationApiErrorEnvelopeV1' as Json.
info: Microsoft.AspNetCore.Routing.EndpointMiddleware[1]
      Executed endpoint 'HTTP: POST /api/v1/management/security/secrets/{name}/rotation/initialize'
info: Microsoft.AspNetCore.Hosting.Diagnostics[2]
      Request finished HTTP/1.1 POST https://127.0.0.1:40461/api/v1/management/security/secrets/probe/rotation/initialize?terminalId=00f6be6f-fd66-478f-ac1d-8b7d31eb498c - 401 - application/json;+charset=utf-8 0.2165ms
info: Microsoft.AspNetCore.Hosting.Diagnostics[1]
      Request starting HTTP/1.1 POST http://127.0.0.1:40461/api/v1/management/security/secrets/probe/rotation/revoke?terminalId=ab8ae643-f615-428e-ba89-f64f080dafa4 - application/json;+charset=utf-8 2
info: Microsoft.AspNetCore.Routing.EndpointMiddleware[0]
      Executing endpoint 'HTTP: POST /api/v1/management/security/secrets/{name}/rotation/revoke'
info: Microsoft.AspNetCore.Http.Result.JsonResult[1]
      Setting HTTP status code 401.
info: Microsoft.AspNetCore.Http.Result.JsonResult[3]
      Writing value of type 'SecurityAdministrationApiErrorEnvelopeV1' as Json.
info: Microsoft.AspNetCore.Routing.EndpointMiddleware[1]
      Executed endpoint 'HTTP: POST /api/v1/management/security/secrets/{name}/rotation/revoke'
info: Microsoft.AspNetCore.Hosting.Diagnostics[2]
      Request finished HTTP/1.1 POST https://127.0.0.1:40461/api/v1/management/security/secrets/probe/rotation/revoke?terminalId=ab8ae643-f615-428e-ba89-f64f080dafa4 - 401 - application/json;+charset=utf-8 0.2894ms
info: Microsoft.AspNetCore.Hosting.Diagnostics[1]
      Request starting HTTP/1.1 POST http://127.0.0.1:40461/api/v1/management/security/secrets/probe/rotation/rollback?terminalId=e9284abb-b9ef-479b-8d97-e9f7fac914b1 - application/json;+charset=utf-8 2
info: Microsoft.AspNetCore.Routing.EndpointMiddleware[0]
      Executing endpoint 'HTTP: POST /api/v1/management/security/secrets/{name}/rotation/rollback'
info: Microsoft.AspNetCore.Http.Result.JsonResult[1]
      Setting HTTP status code 401.
info: Microsoft.AspNetCore.Http.Result.JsonResult[3]
      Writing value of type 'SecurityAdministrationApiErrorEnvelopeV1' as Json.
info: Microsoft.AspNetCore.Routing.EndpointMiddleware[1]
      Executed endpoint 'HTTP: POST /api/v1/management/security/secrets/{name}/rotation/rollback'
info: Microsoft.AspNetCore.Hosting.Diagnostics[2]
      Request finished HTTP/1.1 POST https://127.0.0.1:40461/api/v1/management/security/secrets/probe/rotation/rollback?terminalId=e9284abb-b9ef-479b-8d97-e9f7fac914b1 - 401 - application/json;+charset=utf-8 0.3371ms
info: Microsoft.AspNetCore.Hosting.Diagnostics[1]
      Request starting HTTP/1.1 POST http://127.0.0.1:40461/api/v1/management/security/secrets/probe/rotation/rotate?terminalId=bf98bf74-276f-4fee-a3f7-f0a3af115ecb - application/json;+charset=utf-8 2
info: Microsoft.AspNetCore.Routing.EndpointMiddleware[0]
      Executing endpoint 'HTTP: POST /api/v1/management/security/secrets/{name}/rotation/rotate'
info: Microsoft.AspNetCore.Http.Result.JsonResult[1]
      Setting HTTP status code 401.
info: Microsoft.AspNetCore.Http.Result.JsonResult[3]
      Writing value of type 'SecurityAdministrationApiErrorEnvelopeV1' as Json.
info: Microsoft.AspNetCore.Routing.EndpointMiddleware[1]
      Executed endpoint 'HTTP: POST /api/v1/management/security/secrets/{name}/rotation/rotate'
info: Microsoft.AspNetCore.Hosting.Diagnostics[2]
      Request finished HTTP/1.1 POST https://127.0.0.1:40461/api/v1/management/security/secrets/probe/rotation/rotate?terminalId=bf98bf74-276f-4fee-a3f7-f0a3af115ecb - 401 - application/json;+charset=utf-8 0.2576ms
info: Microsoft.AspNetCore.Hosting.Diagnostics[1]
      Request starting HTTP/1.1 GET http://127.0.0.1:40461/api/v1/management/security/users/lookup?terminalId=9c2f8996-2064-4d4d-b6f7-20ebec1910b5 - - -
info: Microsoft.AspNetCore.Routing.EndpointMiddleware[0]
      Executing endpoint 'HTTP: GET /api/v1/management/security/users/lookup'
info: Microsoft.AspNetCore.Http.Result.JsonResult[1]
      Setting HTTP status code 401.
info: Microsoft.AspNetCore.Http.Result.JsonResult[3]
      Writing value of type 'SecurityAdministrationApiErrorEnvelopeV1' as Json.
info: Microsoft.AspNetCore.Routing.EndpointMiddleware[1]
      Executed endpoint 'HTTP: GET /api/v1/management/security/users/lookup'
info: Microsoft.AspNetCore.Hosting.Diagnostics[2]
      Request finished HTTP/1.1 GET https://127.0.0.1:40461/api/v1/management/security/users/lookup?terminalId=9c2f8996-2064-4d4d-b6f7-20ebec1910b5 - 401 - application/json;+charset=utf-8 0.2382ms
info: Microsoft.AspNetCore.Hosting.Diagnostics[1]
      Request starting HTTP/1.1 POST http://127.0.0.1:40461/api/v1/management/security/users/226a454d-29b8-4b60-b54d-0ac230ca7704/force-unlock?terminalId=3a2687af-5b3c-4604-806a-62e1e624ff18 - application/json;+charset=utf-8 2
info: Microsoft.AspNetCore.Routing.EndpointMiddleware[0]
      Executing endpoint 'HTTP: POST /api/v1/management/security/users/{userId:guid}/force-unlock'
info: Microsoft.AspNetCore.Http.Result.JsonResult[1]
      Setting HTTP status code 401.
info: Microsoft.AspNetCore.Http.Result.JsonResult[3]
      Writing value of type 'SecurityAdministrationApiErrorEnvelopeV1' as Json.
info: Microsoft.AspNetCore.Routing.EndpointMiddleware[1]
      Executed endpoint 'HTTP: POST /api/v1/management/security/users/{userId:guid}/force-unlock'
info: Microsoft.AspNetCore.Hosting.Diagnostics[2]
      Request finished HTTP/1.1 POST https://127.0.0.1:40461/api/v1/management/security/users/226a454d-29b8-4b60-b54d-0ac230ca7704/force-unlock?terminalId=3a2687af-5b3c-4604-806a-62e1e624ff18 - 401 - application/json;+charset=utf-8 0.1813ms
info: Microsoft.AspNetCore.Hosting.Diagnostics[1]
      Request starting HTTP/1.1 POST http://127.0.0.1:40461/api/v1/management/security/users/6c944359-ce4a-474f-92ef-1c293b358589/revoke-sessions?terminalId=8055c689-226c-4e6b-828d-dcec0688bb0f - application/json;+charset=utf-8 2
info: Microsoft.AspNetCore.Routing.EndpointMiddleware[0]
      Executing endpoint 'HTTP: POST /api/v1/management/security/users/{userId:guid}/revoke-sessions'
info: Microsoft.AspNetCore.Http.Result.JsonResult[1]
      Setting HTTP status code 401.
info: Microsoft.AspNetCore.Http.Result.JsonResult[3]
      Writing value of type 'SecurityAdministrationApiErrorEnvelopeV1' as Json.
info: Microsoft.AspNetCore.Routing.EndpointMiddleware[1]
      Executed endpoint 'HTTP: POST /api/v1/management/security/users/{userId:guid}/revoke-sessions'
info: Microsoft.AspNetCore.Hosting.Diagnostics[2]
      Request finished HTTP/1.1 POST https://127.0.0.1:40461/api/v1/management/security/users/6c944359-ce4a-474f-92ef-1c293b358589/revoke-sessions?terminalId=8055c689-226c-4e6b-828d-dcec0688bb0f - 401 - application/json;+charset=utf-8 0.1646ms
info: Microsoft.AspNetCore.Hosting.Diagnostics[1]
      Request starting HTTP/1.1 GET http://127.0.0.1:40461/api/v1/management/settings/?terminalId=2170b8b3-e2b0-448b-95d4-17843abe184b - - -
info: Microsoft.AspNetCore.Routing.EndpointMiddleware[0]
      Executing endpoint 'HTTP: GET /api/v1/management/settings/'
info: Microsoft.AspNetCore.Http.Result.JsonResult[1]
      Setting HTTP status code 401.
info: Microsoft.AspNetCore.Http.Result.JsonResult[3]
      Writing value of type 'SettingsApiErrorEnvelopeV1' as Json.
info: Microsoft.AspNetCore.Routing.EndpointMiddleware[1]
      Executed endpoint 'HTTP: GET /api/v1/management/settings/'
info: Microsoft.AspNetCore.Hosting.Diagnostics[2]
      Request finished HTTP/1.1 GET https://127.0.0.1:40461/api/v1/management/settings/?terminalId=2170b8b3-e2b0-448b-95d4-17843abe184b - 401 - application/json;+charset=utf-8 0.2008ms
info: Microsoft.AspNetCore.Hosting.Diagnostics[1]
      Request starting HTTP/1.1 GET http://127.0.0.1:40461/api/v1/management/settings/probe?terminalId=fb36aee2-599e-4aec-8ce9-e5e71f54f4dd - - -
info: Microsoft.AspNetCore.Routing.EndpointMiddleware[0]
      Executing endpoint 'HTTP: GET /api/v1/management/settings/{key}'
info: Microsoft.AspNetCore.Http.Result.JsonResult[1]
      Setting HTTP status code 401.
info: Microsoft.AspNetCore.Http.Result.JsonResult[3]
      Writing value of type 'SettingsApiErrorEnvelopeV1' as Json.
info: Microsoft.AspNetCore.Routing.EndpointMiddleware[1]
      Executed endpoint 'HTTP: GET /api/v1/management/settings/{key}'
info: Microsoft.AspNetCore.Hosting.Diagnostics[2]
      Request finished HTTP/1.1 GET https://127.0.0.1:40461/api/v1/management/settings/probe?terminalId=fb36aee2-599e-4aec-8ce9-e5e71f54f4dd - 401 - application/json;+charset=utf-8 0.2004ms
info: Microsoft.AspNetCore.Hosting.Diagnostics[1]
      Request starting HTTP/1.1 PUT http://127.0.0.1:40461/api/v1/management/settings/probe?terminalId=c438e3b1-2b9c-43ff-93a7-14a80c9a77bf - application/json;+charset=utf-8 2
info: Microsoft.AspNetCore.Routing.EndpointMiddleware[0]
      Executing endpoint 'HTTP: PUT /api/v1/management/settings/{key}'
info: Microsoft.AspNetCore.Http.Result.JsonResult[1]
      Setting HTTP status code 401.
info: Microsoft.AspNetCore.Http.Result.JsonResult[3]
      Writing value of type 'SettingsApiErrorEnvelopeV1' as Json.
info: Microsoft.AspNetCore.Routing.EndpointMiddleware[1]
      Executed endpoint 'HTTP: PUT /api/v1/management/settings/{key}'
info: Microsoft.AspNetCore.Hosting.Diagnostics[2]
      Request finished HTTP/1.1 PUT https://127.0.0.1:40461/api/v1/management/settings/probe?terminalId=c438e3b1-2b9c-43ff-93a7-14a80c9a77bf - 401 - application/json;+charset=utf-8 0.2260ms
info: Microsoft.AspNetCore.Hosting.Diagnostics[1]
      Request starting HTTP/1.1 DELETE http://127.0.0.1:40461/api/v1/management/settings/probe?terminalId=3887b662-3336-46df-9867-901f9df42494 - application/json;+charset=utf-8 2
info: Microsoft.AspNetCore.Routing.EndpointMiddleware[0]
      Executing endpoint 'HTTP: DELETE /api/v1/management/settings/{key}'
info: Microsoft.AspNetCore.Http.Result.JsonResult[1]
      Setting HTTP status code 401.
info: Microsoft.AspNetCore.Http.Result.JsonResult[3]
      Writing value of type 'SettingsApiErrorEnvelopeV1' as Json.
info: Microsoft.AspNetCore.Routing.EndpointMiddleware[1]
      Executed endpoint 'HTTP: DELETE /api/v1/management/settings/{key}'
info: Microsoft.AspNetCore.Hosting.Diagnostics[2]
      Request finished HTTP/1.1 DELETE https://127.0.0.1:40461/api/v1/management/settings/probe?terminalId=3887b662-3336-46df-9867-901f9df42494 - 401 - application/json;+charset=utf-8 0.6248ms
info: Microsoft.AspNetCore.Hosting.Diagnostics[1]
      Request starting HTTP/1.1 GET http://127.0.0.1:40461/api/v1/management/settings/probe/history?terminalId=c5f4fdbe-6a54-4904-9b33-2802e13ccf47 - - -
info: Microsoft.AspNetCore.Routing.EndpointMiddleware[0]
      Executing endpoint 'HTTP: GET /api/v1/management/settings/{key}/history'
info: Microsoft.AspNetCore.Http.Result.JsonResult[1]
      Setting HTTP status code 401.
info: Microsoft.AspNetCore.Http.Result.JsonResult[3]
      Writing value of type 'SettingsApiErrorEnvelopeV1' as Json.
info: Microsoft.AspNetCore.Routing.EndpointMiddleware[1]
      Executed endpoint 'HTTP: GET /api/v1/management/settings/{key}/history'
info: Microsoft.AspNetCore.Hosting.Diagnostics[2]
      Request finished HTTP/1.1 GET https://127.0.0.1:40461/api/v1/management/settings/probe/history?terminalId=c5f4fdbe-6a54-4904-9b33-2802e13ccf47 - 401 - application/json;+charset=utf-8 0.3664ms
info: Microsoft.AspNetCore.Hosting.Diagnostics[1]
      Request starting HTTP/1.1 POST http://127.0.0.1:40461/api/v1/management/users/?terminalId=a21674af-c724-46b7-947e-54464ff69409 - application/json;+charset=utf-8 2
info: Microsoft.AspNetCore.Routing.EndpointMiddleware[0]
      Executing endpoint 'HTTP: POST /api/v1/management/users/'
info: Microsoft.AspNetCore.Http.Result.JsonResult[1]
      Setting HTTP status code 401.
info: Microsoft.AspNetCore.Http.Result.JsonResult[3]
      Writing value of type 'RoleManagementErrorEnvelopeV1' as Json.
info: Microsoft.AspNetCore.Routing.EndpointMiddleware[1]
      Executed endpoint 'HTTP: POST /api/v1/management/users/'
info: Microsoft.AspNetCore.Hosting.Diagnostics[2]
      Request finished HTTP/1.1 POST https://127.0.0.1:40461/api/v1/management/users/?terminalId=a21674af-c724-46b7-947e-54464ff69409 - 401 - application/json;+charset=utf-8 0.4371ms
info: Microsoft.AspNetCore.Hosting.Diagnostics[1]
      Request starting HTTP/1.1 GET http://127.0.0.1:40461/api/v1/nfc/tables/ecc7192c-7b8a-4301-8795-1c03f87effa2/catalog?terminalId=d4c01e51-5b36-46de-8272-c2fa0d8ed3f6 - - -
info: Microsoft.AspNetCore.Routing.EndpointMiddleware[0]
      Executing endpoint 'HTTP: GET /api/v1/nfc/tables/{tableId:guid}/catalog'
info: Microsoft.AspNetCore.Http.Result.OkObjectResult[1]
      Setting HTTP status code 200.
info: Microsoft.AspNetCore.Http.Result.OkObjectResult[3]
      Writing value of type 'CatalogProductDto[]' as Json.
info: Microsoft.AspNetCore.Routing.EndpointMiddleware[1]
      Executed endpoint 'HTTP: GET /api/v1/nfc/tables/{tableId:guid}/catalog'
info: Microsoft.AspNetCore.Hosting.Diagnostics[2]
      Request finished HTTP/1.1 GET https://127.0.0.1:40461/api/v1/nfc/tables/ecc7192c-7b8a-4301-8795-1c03f87effa2/catalog?terminalId=d4c01e51-5b36-46de-8272-c2fa0d8ed3f6 - 200 - application/json;+charset=utf-8 34.7254ms
info: Microsoft.AspNetCore.Hosting.Diagnostics[1]
      Request starting HTTP/1.1 POST http://127.0.0.1:40461/api/v1/nfc/tables/8d2898ab-5232-4a6a-9df9-6fb04a6a39c5/orders?terminalId=df2f2bce-b419-465a-906c-ade28f707323 - application/json;+charset=utf-8 2
info: Microsoft.AspNetCore.Routing.EndpointMiddleware[0]
      Executing endpoint 'HTTP: POST /api/v1/nfc/tables/{tableId:guid}/orders'
info: Microsoft.AspNetCore.Http.Result.BadRequestObjectResult[1]
      Setting HTTP status code 400.
info: Microsoft.AspNetCore.Http.Result.BadRequestObjectResult[3]
      Writing value of type '<>f__AnonymousType5`1' as Json.
info: Microsoft.AspNetCore.Routing.EndpointMiddleware[1]
      Executed endpoint 'HTTP: POST /api/v1/nfc/tables/{tableId:guid}/orders'
info: Microsoft.AspNetCore.Hosting.Diagnostics[2]
      Request finished HTTP/1.1 POST https://127.0.0.1:40461/api/v1/nfc/tables/8d2898ab-5232-4a6a-9df9-6fb04a6a39c5/orders?terminalId=df2f2bce-b419-465a-906c-ade28f707323 - 400 - application/json;+charset=utf-8 4.2392ms
info: Microsoft.AspNetCore.Hosting.Diagnostics[1]
      Request starting HTTP/1.1 GET http://127.0.0.1:40461/api/v1/qr/bill?terminalId=c5476d65-4493-4387-a68f-e45b97b88a7c - - -
info: Microsoft.AspNetCore.Routing.EndpointMiddleware[0]
      Executing endpoint 'HTTP: GET /api/v1/qr/bill'
info: Microsoft.AspNetCore.Http.Result.JsonResult[1]
      Setting HTTP status code 401.
info: Microsoft.AspNetCore.Http.Result.JsonResult[3]
      Writing value of type '<>f__AnonymousType5`1' as Json.
info: Microsoft.AspNetCore.Routing.EndpointMiddleware[1]
      Executed endpoint 'HTTP: GET /api/v1/qr/bill'
info: Microsoft.AspNetCore.Hosting.Diagnostics[2]
      Request finished HTTP/1.1 GET https://127.0.0.1:40461/api/v1/qr/bill?terminalId=c5476d65-4493-4387-a68f-e45b97b88a7c - 401 - application/json;+charset=utf-8 6.5356ms
info: Microsoft.AspNetCore.Hosting.Diagnostics[1]
      Request starting HTTP/1.1 GET http://127.0.0.1:40461/api/v1/qr/branding?terminalId=4d0cd35e-9199-4dd9-bdfb-c3ccccdff7f4 - - -
info: Microsoft.AspNetCore.Routing.EndpointMiddleware[0]
      Executing endpoint 'HTTP: GET /api/v1/qr/branding'
info: Microsoft.AspNetCore.Http.Result.OkObjectResult[1]
      Setting HTTP status code 200.
info: Microsoft.AspNetCore.Http.Result.OkObjectResult[3]
      Writing value of type 'QrBrandingResponse' as Json.
info: Microsoft.AspNetCore.Routing.EndpointMiddleware[1]
      Executed endpoint 'HTTP: GET /api/v1/qr/branding'
info: Microsoft.AspNetCore.Hosting.Diagnostics[2]
      Request finished HTTP/1.1 GET https://127.0.0.1:40461/api/v1/qr/branding?terminalId=4d0cd35e-9199-4dd9-bdfb-c3ccccdff7f4 - 200 - application/json;+charset=utf-8 23.6686ms
info: Microsoft.AspNetCore.Hosting.Diagnostics[1]
      Request starting HTTP/1.1 GET http://127.0.0.1:40461/api/v1/qr/logo?terminalId=f7dd49d5-da39-4295-9c36-8a6033425659 - - -
info: Microsoft.AspNetCore.Routing.EndpointMiddleware[0]
      Executing endpoint 'HTTP: GET /api/v1/qr/logo'
info: Microsoft.AspNetCore.Http.Result.JsonResult[1]
      Setting HTTP status code 404.
info: Microsoft.AspNetCore.Http.Result.JsonResult[3]
      Writing value of type '<>f__AnonymousType5`1' as Json.
info: Microsoft.AspNetCore.Routing.EndpointMiddleware[1]
      Executed endpoint 'HTTP: GET /api/v1/qr/logo'
info: Microsoft.AspNetCore.Hosting.Diagnostics[2]
      Request finished HTTP/1.1 GET https://127.0.0.1:40461/api/v1/qr/logo?terminalId=f7dd49d5-da39-4295-9c36-8a6033425659 - 404 - application/json;+charset=utf-8 3.9683ms
info: Microsoft.AspNetCore.Hosting.Diagnostics[1]
      Request starting HTTP/1.1 GET http://127.0.0.1:40461/api/v1/qr/menu?terminalId=2d855f6f-3499-49ec-b6ae-1c72efc1f8a4 - - -
info: Microsoft.AspNetCore.Routing.EndpointMiddleware[0]
      Executing endpoint 'HTTP: GET /api/v1/qr/menu'
info: Microsoft.AspNetCore.Http.Result.JsonResult[1]
      Setting HTTP status code 401.
info: Microsoft.AspNetCore.Http.Result.JsonResult[3]
      Writing value of type '<>f__AnonymousType5`1' as Json.
info: Microsoft.AspNetCore.Routing.EndpointMiddleware[1]
      Executed endpoint 'HTTP: GET /api/v1/qr/menu'
info: Microsoft.AspNetCore.Hosting.Diagnostics[2]
      Request finished HTTP/1.1 GET https://127.0.0.1:40461/api/v1/qr/menu?terminalId=2d855f6f-3499-49ec-b6ae-1c72efc1f8a4 - 401 - application/json;+charset=utf-8 3.6783ms
info: Microsoft.AspNetCore.Hosting.Diagnostics[1]
      Request starting HTTP/1.1 POST http://127.0.0.1:40461/api/v1/qr/orders?terminalId=3b678ec5-22a6-41e1-8c22-c161cd47010a - application/json;+charset=utf-8 2
info: Microsoft.AspNetCore.Routing.EndpointMiddleware[0]
      Executing endpoint 'HTTP: POST /api/v1/qr/orders'
info: Microsoft.AspNetCore.Http.Result.BadRequestObjectResult[1]
      Setting HTTP status code 400.
info: Microsoft.AspNetCore.Http.Result.BadRequestObjectResult[3]
      Writing value of type '<>f__AnonymousType5`1' as Json.
info: Microsoft.AspNetCore.Routing.EndpointMiddleware[1]
      Executed endpoint 'HTTP: POST /api/v1/qr/orders'
info: Microsoft.AspNetCore.Hosting.Diagnostics[2]
      Request finished HTTP/1.1 POST https://127.0.0.1:40461/api/v1/qr/orders?terminalId=3b678ec5-22a6-41e1-8c22-c161cd47010a - 400 - application/json;+charset=utf-8 3.1665ms
info: Microsoft.AspNetCore.Hosting.Diagnostics[1]
      Request starting HTTP/1.1 GET http://127.0.0.1:40461/api/v1/qr/orders/38fa16fa-daf3-48bd-9364-d5391a3281f9?terminalId=3ffe2c07-a95e-47f2-b83b-cb619bde1ee4 - - -
info: Microsoft.AspNetCore.Routing.EndpointMiddleware[0]
      Executing endpoint 'HTTP: GET /api/v1/qr/orders/{submissionId:guid}'
info: Microsoft.AspNetCore.Http.Result.JsonResult[1]
      Setting HTTP status code 401.
info: Microsoft.AspNetCore.Http.Result.JsonResult[3]
      Writing value of type '<>f__AnonymousType5`1' as Json.
info: Microsoft.AspNetCore.Routing.EndpointMiddleware[1]
      Executed endpoint 'HTTP: GET /api/v1/qr/orders/{submissionId:guid}'
info: Microsoft.AspNetCore.Hosting.Diagnostics[2]
      Request finished HTTP/1.1 GET https://127.0.0.1:40461/api/v1/qr/orders/38fa16fa-daf3-48bd-9364-d5391a3281f9?terminalId=3ffe2c07-a95e-47f2-b83b-cb619bde1ee4 - 401 - application/json;+charset=utf-8 3.0075ms
info: Microsoft.AspNetCore.Hosting.Diagnostics[1]
      Request starting HTTP/1.1 POST http://127.0.0.1:40461/api/v1/qr/sessions?terminalId=21be2e37-183f-4a4f-8dbd-1d1f52ce6375 - application/json;+charset=utf-8 2
info: Microsoft.AspNetCore.Routing.EndpointMiddleware[0]
      Executing endpoint 'HTTP: POST /api/v1/qr/sessions'
info: Microsoft.AspNetCore.Http.Result.BadRequestObjectResult[1]
      Setting HTTP status code 400.
info: Microsoft.AspNetCore.Http.Result.BadRequestObjectResult[3]
      Writing value of type '<>f__AnonymousType5`1' as Json.
info: Microsoft.AspNetCore.Routing.EndpointMiddleware[1]
      Executed endpoint 'HTTP: POST /api/v1/qr/sessions'
info: Microsoft.AspNetCore.Hosting.Diagnostics[2]
      Request finished HTTP/1.1 POST https://127.0.0.1:40461/api/v1/qr/sessions?terminalId=21be2e37-183f-4a4f-8dbd-1d1f52ce6375 - 400 - application/json;+charset=utf-8 3.8193ms
info: Microsoft.AspNetCore.Hosting.Diagnostics[1]
      Request starting HTTP/1.1 POST http://127.0.0.1:40461/api/v1/terminals/28b611fa-2292-4228-922d-70320ce4c4be/billing/bills/from-order/27bb5a0b-3885-4f39-a316-df097dd9454a?terminalId=28b611fa-2292-4228-922d-70320ce4c4be - application/json;+charset=utf-8 2
info: Microsoft.AspNetCore.Routing.EndpointMiddleware[0]
      Executing endpoint 'HTTP: POST /api/v1/terminals/{terminalId:guid}/billing/bills/from-order/{orderId:guid}'
info: Microsoft.AspNetCore.Http.Result.JsonResult[1]
      Setting HTTP status code 401.
info: Microsoft.AspNetCore.Http.Result.JsonResult[3]
      Writing value of type 'BillingSplitErrorEnvelope' as Json.
info: Microsoft.AspNetCore.Routing.EndpointMiddleware[1]
      Executed endpoint 'HTTP: POST /api/v1/terminals/{terminalId:guid}/billing/bills/from-order/{orderId:guid}'
info: Microsoft.AspNetCore.Hosting.Diagnostics[2]
      Request finished HTTP/1.1 POST https://127.0.0.1:40461/api/v1/terminals/28b611fa-2292-4228-922d-70320ce4c4be/billing/bills/from-order/27bb5a0b-3885-4f39-a316-df097dd9454a?terminalId=28b611fa-2292-4228-922d-70320ce4c4be - 401 - application/json;+charset=utf-8 1.2365ms
info: Microsoft.AspNetCore.Hosting.Diagnostics[1]
      Request starting HTTP/1.1 GET http://127.0.0.1:40461/api/v1/terminals/98d0f18e-9227-4580-bc2c-d0407aebb2e6/billing/bills/43b7bb4c-e786-43bd-a677-f00f05de7e15/adjustments?terminalId=98d0f18e-9227-4580-bc2c-d0407aebb2e6 - - -
info: Microsoft.AspNetCore.Routing.EndpointMiddleware[0]
      Executing endpoint 'HTTP: GET /api/v1/terminals/{terminalId:guid}/billing/bills/{billId:guid}/adjustments'
info: Microsoft.AspNetCore.Http.Result.JsonResult[1]
      Setting HTTP status code 401.
info: Microsoft.AspNetCore.Http.Result.JsonResult[3]
      Writing value of type 'BillingSplitErrorEnvelope' as Json.
info: Microsoft.AspNetCore.Routing.EndpointMiddleware[1]
      Executed endpoint 'HTTP: GET /api/v1/terminals/{terminalId:guid}/billing/bills/{billId:guid}/adjustments'
info: Microsoft.AspNetCore.Hosting.Diagnostics[2]
      Request finished HTTP/1.1 GET https://127.0.0.1:40461/api/v1/terminals/98d0f18e-9227-4580-bc2c-d0407aebb2e6/billing/bills/43b7bb4c-e786-43bd-a677-f00f05de7e15/adjustments?terminalId=98d0f18e-9227-4580-bc2c-d0407aebb2e6 - 401 - application/json;+charset=utf-8 2.6930ms
info: Microsoft.AspNetCore.Hosting.Diagnostics[1]
      Request starting HTTP/1.1 POST http://127.0.0.1:40461/api/v1/terminals/9c8dd64e-039e-4907-bf83-116c2a25d24e/billing/bills/a6a84b2c-4549-46d6-b0c7-bd8a6c463f37/discount?terminalId=9c8dd64e-039e-4907-bf83-116c2a25d24e - application/json;+charset=utf-8 2
info: Microsoft.AspNetCore.Routing.EndpointMiddleware[0]
      Executing endpoint 'HTTP: POST /api/v1/terminals/{terminalId:guid}/billing/bills/{billId:guid}/discount'
info: Microsoft.AspNetCore.Http.Result.JsonResult[1]
      Setting HTTP status code 401.
info: Microsoft.AspNetCore.Http.Result.JsonResult[3]
      Writing value of type 'BillingSplitErrorEnvelope' as Json.
info: Microsoft.AspNetCore.Routing.EndpointMiddleware[1]
      Executed endpoint 'HTTP: POST /api/v1/terminals/{terminalId:guid}/billing/bills/{billId:guid}/discount'
info: Microsoft.AspNetCore.Hosting.Diagnostics[2]
      Request finished HTTP/1.1 POST https://127.0.0.1:40461/api/v1/terminals/9c8dd64e-039e-4907-bf83-116c2a25d24e/billing/bills/a6a84b2c-4549-46d6-b0c7-bd8a6c463f37/discount?terminalId=9c8dd64e-039e-4907-bf83-116c2a25d24e - 401 - application/json;+charset=utf-8 0.6355ms
info: Microsoft.AspNetCore.Hosting.Diagnostics[1]
      Request starting HTTP/1.1 GET http://127.0.0.1:40461/api/v1/terminals/0c4a2583-09e1-4caf-b0f6-1aca4e53a4af/billing/bills/50c298d6-4ec0-4692-92ee-65ae5dcaf7f0/split-design/?terminalId=0c4a2583-09e1-4caf-b0f6-1aca4e53a4af - - -
info: Microsoft.AspNetCore.Routing.EndpointMiddleware[0]
      Executing endpoint 'HTTP: GET /api/v1/terminals/{terminalId:guid}/billing/bills/{billId:guid}/split-design/'
info: Microsoft.AspNetCore.Http.Result.JsonResult[1]
      Setting HTTP status code 401.
info: Microsoft.AspNetCore.Http.Result.JsonResult[3]
      Writing value of type 'BillingSplitErrorEnvelope' as Json.
info: Microsoft.AspNetCore.Routing.EndpointMiddleware[1]
      Executed endpoint 'HTTP: GET /api/v1/terminals/{terminalId:guid}/billing/bills/{billId:guid}/split-design/'
info: Microsoft.AspNetCore.Hosting.Diagnostics[2]
      Request finished HTTP/1.1 GET https://127.0.0.1:40461/api/v1/terminals/0c4a2583-09e1-4caf-b0f6-1aca4e53a4af/billing/bills/50c298d6-4ec0-4692-92ee-65ae5dcaf7f0/split-design/?terminalId=0c4a2583-09e1-4caf-b0f6-1aca4e53a4af - 401 - application/json;+charset=utf-8 1.3824ms
info: Microsoft.AspNetCore.Hosting.Diagnostics[1]
      Request starting HTTP/1.1 PUT http://127.0.0.1:40461/api/v1/terminals/4fe66a23-4a73-4e86-8ea6-6b178fe3b8e9/billing/bills/5e9c599d-d709-4640-8ffd-4fe1edad0d38/split-design/amounts?terminalId=4fe66a23-4a73-4e86-8ea6-6b178fe3b8e9 - application/json;+charset=utf-8 2
info: Microsoft.AspNetCore.Routing.EndpointMiddleware[0]
      Executing endpoint 'HTTP: PUT /api/v1/terminals/{terminalId:guid}/billing/bills/{billId:guid}/split-design/amounts'
info: Microsoft.AspNetCore.Http.Result.JsonResult[1]
      Setting HTTP status code 401.
info: Microsoft.AspNetCore.Http.Result.JsonResult[3]
      Writing value of type 'BillingSplitErrorEnvelope' as Json.
info: Microsoft.AspNetCore.Routing.EndpointMiddleware[1]
      Executed endpoint 'HTTP: PUT /api/v1/terminals/{terminalId:guid}/billing/bills/{billId:guid}/split-design/amounts'
info: Microsoft.AspNetCore.Hosting.Diagnostics[2]
      Request finished HTTP/1.1 PUT https://127.0.0.1:40461/api/v1/terminals/4fe66a23-4a73-4e86-8ea6-6b178fe3b8e9/billing/bills/5e9c599d-d709-4640-8ffd-4fe1edad0d38/split-design/amounts?terminalId=4fe66a23-4a73-4e86-8ea6-6b178fe3b8e9 - 401 - application/json;+charset=utf-8 0.4401ms
info: Microsoft.AspNetCore.Hosting.Diagnostics[1]
      Request starting HTTP/1.1 POST http://127.0.0.1:40461/api/v1/terminals/0d40c99c-78b9-4f83-ba8c-bee6d43651a6/billing/bills/824550ca-472a-4cf9-84f7-778b797176d2/split-design/clear?terminalId=0d40c99c-78b9-4f83-ba8c-bee6d43651a6 - application/json;+charset=utf-8 2
info: Microsoft.AspNetCore.Routing.EndpointMiddleware[0]
      Executing endpoint 'HTTP: POST /api/v1/terminals/{terminalId:guid}/billing/bills/{billId:guid}/split-design/clear'
info: Microsoft.AspNetCore.Http.Result.JsonResult[1]
      Setting HTTP status code 401.
info: Microsoft.AspNetCore.Http.Result.JsonResult[3]
      Writing value of type 'BillingSplitErrorEnvelope' as Json.
info: Microsoft.AspNetCore.Routing.EndpointMiddleware[1]
      Executed endpoint 'HTTP: POST /api/v1/terminals/{terminalId:guid}/billing/bills/{billId:guid}/split-design/clear'
info: Microsoft.AspNetCore.Hosting.Diagnostics[2]
      Request finished HTTP/1.1 POST https://127.0.0.1:40461/api/v1/terminals/0d40c99c-78b9-4f83-ba8c-bee6d43651a6/billing/bills/824550ca-472a-4cf9-84f7-778b797176d2/split-design/clear?terminalId=0d40c99c-78b9-4f83-ba8c-bee6d43651a6 - 401 - application/json;+charset=utf-8 1.1837ms
info: Microsoft.AspNetCore.Hosting.Diagnostics[1]
      Request starting HTTP/1.1 PUT http://127.0.0.1:40461/api/v1/terminals/30e636e1-2532-4b7b-95ce-1a0e7ee6d6f2/billing/bills/e010d563-e057-43c7-8a8d-b3953f1159fb/split-design/custom?terminalId=30e636e1-2532-4b7b-95ce-1a0e7ee6d6f2 - application/json;+charset=utf-8 2
info: Microsoft.AspNetCore.Routing.EndpointMiddleware[0]
      Executing endpoint 'HTTP: PUT /api/v1/terminals/{terminalId:guid}/billing/bills/{billId:guid}/split-design/custom'
info: Microsoft.AspNetCore.Http.Result.JsonResult[1]
      Setting HTTP status code 401.
info: Microsoft.AspNetCore.Http.Result.JsonResult[3]
      Writing value of type 'BillingSplitErrorEnvelope' as Json.
info: Microsoft.AspNetCore.Routing.EndpointMiddleware[1]
      Executed endpoint 'HTTP: PUT /api/v1/terminals/{terminalId:guid}/billing/bills/{billId:guid}/split-design/custom'
info: Microsoft.AspNetCore.Hosting.Diagnostics[2]
      Request finished HTTP/1.1 PUT https://127.0.0.1:40461/api/v1/terminals/30e636e1-2532-4b7b-95ce-1a0e7ee6d6f2/billing/bills/e010d563-e057-43c7-8a8d-b3953f1159fb/split-design/custom?terminalId=30e636e1-2532-4b7b-95ce-1a0e7ee6d6f2 - 401 - application/json;+charset=utf-8 0.4440ms
info: Microsoft.AspNetCore.Hosting.Diagnostics[1]
      Request starting HTTP/1.1 PUT http://127.0.0.1:40461/api/v1/terminals/9b76d487-4db6-4f64-95a0-8c2522077e84/billing/bills/d18d25b1-6bfc-4a25-b6e6-fd102bcf9099/split-design/equal?terminalId=9b76d487-4db6-4f64-95a0-8c2522077e84 - application/json;+charset=utf-8 2
info: Microsoft.AspNetCore.Routing.EndpointMiddleware[0]
      Executing endpoint 'HTTP: PUT /api/v1/terminals/{terminalId:guid}/billing/bills/{billId:guid}/split-design/equal'
info: Microsoft.AspNetCore.Http.Result.JsonResult[1]
      Setting HTTP status code 401.
info: Microsoft.AspNetCore.Http.Result.JsonResult[3]
      Writing value of type 'BillingSplitErrorEnvelope' as Json.
info: Microsoft.AspNetCore.Routing.EndpointMiddleware[1]
      Executed endpoint 'HTTP: PUT /api/v1/terminals/{terminalId:guid}/billing/bills/{billId:guid}/split-design/equal'
info: Microsoft.AspNetCore.Hosting.Diagnostics[2]
      Request finished HTTP/1.1 PUT https://127.0.0.1:40461/api/v1/terminals/9b76d487-4db6-4f64-95a0-8c2522077e84/billing/bills/d18d25b1-6bfc-4a25-b6e6-fd102bcf9099/split-design/equal?terminalId=9b76d487-4db6-4f64-95a0-8c2522077e84 - 401 - application/json;+charset=utf-8 0.5600ms
info: Microsoft.AspNetCore.Hosting.Diagnostics[1]
      Request starting HTTP/1.1 PUT http://127.0.0.1:40461/api/v1/terminals/3b6e4c48-882c-49c6-ac84-9d1340909b49/billing/bills/f6069c33-2119-431d-9177-f499ed9c5959/split-design/items?terminalId=3b6e4c48-882c-49c6-ac84-9d1340909b49 - application/json;+charset=utf-8 2
info: Microsoft.AspNetCore.Routing.EndpointMiddleware[0]
      Executing endpoint 'HTTP: PUT /api/v1/terminals/{terminalId:guid}/billing/bills/{billId:guid}/split-design/items'
info: Microsoft.AspNetCore.Http.Result.JsonResult[1]
      Setting HTTP status code 401.
info: Microsoft.AspNetCore.Http.Result.JsonResult[3]
      Writing value of type 'BillingSplitErrorEnvelope' as Json.
info: Microsoft.AspNetCore.Routing.EndpointMiddleware[1]
      Executed endpoint 'HTTP: PUT /api/v1/terminals/{terminalId:guid}/billing/bills/{billId:guid}/split-design/items'
info: Microsoft.AspNetCore.Hosting.Diagnostics[2]
      Request finished HTTP/1.1 PUT https://127.0.0.1:40461/api/v1/terminals/3b6e4c48-882c-49c6-ac84-9d1340909b49/billing/bills/f6069c33-2119-431d-9177-f499ed9c5959/split-design/items?terminalId=3b6e4c48-882c-49c6-ac84-9d1340909b49 - 401 - application/json;+charset=utf-8 0.3799ms
info: Microsoft.AspNetCore.Hosting.Diagnostics[1]
      Request starting HTTP/1.1 GET http://127.0.0.1:40461/api/v1/terminals/e493a471-f8e0-4f80-bc2b-7647b1f6364e/billing/bills/3ae3ce57-7591-45c1-a7a5-2dcc21158222/split-design/owners?terminalId=e493a471-f8e0-4f80-bc2b-7647b1f6364e - - -
info: Microsoft.AspNetCore.Routing.EndpointMiddleware[0]
      Executing endpoint 'HTTP: GET /api/v1/terminals/{terminalId:guid}/billing/bills/{billId:guid}/split-design/owners'
info: Microsoft.AspNetCore.Http.Result.JsonResult[1]
      Setting HTTP status code 401.
info: Microsoft.AspNetCore.Http.Result.JsonResult[3]
      Writing value of type 'BillingSplitErrorEnvelope' as Json.
info: Microsoft.AspNetCore.Routing.EndpointMiddleware[1]
      Executed endpoint 'HTTP: GET /api/v1/terminals/{terminalId:guid}/billing/bills/{billId:guid}/split-design/owners'
info: Microsoft.AspNetCore.Hosting.Diagnostics[2]
      Request finished HTTP/1.1 GET https://127.0.0.1:40461/api/v1/terminals/e493a471-f8e0-4f80-bc2b-7647b1f6364e/billing/bills/3ae3ce57-7591-45c1-a7a5-2dcc21158222/split-design/owners?terminalId=e493a471-f8e0-4f80-bc2b-7647b1f6364e - 401 - application/json;+charset=utf-8 1.6179ms
info: Microsoft.AspNetCore.Hosting.Diagnostics[1]
      Request starting HTTP/1.1 GET http://127.0.0.1:40461/api/v1/terminals/7a1a51f8-1755-4602-a682-9530fa5b7e1f/billing/bills/caf21b84-7350-461a-a15b-e548cb627ef6/tenders/?terminalId=7a1a51f8-1755-4602-a682-9530fa5b7e1f - - -
info: Microsoft.AspNetCore.Routing.EndpointMiddleware[0]
      Executing endpoint 'HTTP: GET /api/v1/terminals/{terminalId:guid}/billing/bills/{billId:guid}/tenders/'
info: Microsoft.AspNetCore.Routing.EndpointMiddleware[1]
      Executed endpoint 'HTTP: GET /api/v1/terminals/{terminalId:guid}/billing/bills/{billId:guid}/tenders/'
info: Microsoft.AspNetCore.Hosting.Diagnostics[2]
      Request finished HTTP/1.1 GET https://127.0.0.1:40461/api/v1/terminals/7a1a51f8-1755-4602-a682-9530fa5b7e1f/billing/bills/caf21b84-7350-461a-a15b-e548cb627ef6/tenders/?terminalId=7a1a51f8-1755-4602-a682-9530fa5b7e1f - 401 - application/json;+charset=utf-8 5.3168ms
info: Microsoft.AspNetCore.Hosting.Diagnostics[1]
      Request starting HTTP/1.1 POST http://127.0.0.1:40461/api/v1/terminals/8cbd6e41-73a4-4b0c-be17-4d0238f66d00/billing/bills/7565c800-78b3-439f-bf6f-f64701db9af1/tenders/?terminalId=8cbd6e41-73a4-4b0c-be17-4d0238f66d00 - application/json;+charset=utf-8 2
info: Microsoft.AspNetCore.Routing.EndpointMiddleware[0]
      Executing endpoint 'HTTP: POST /api/v1/terminals/{terminalId:guid}/billing/bills/{billId:guid}/tenders/'
info: Microsoft.AspNetCore.Routing.EndpointMiddleware[1]
      Executed endpoint 'HTTP: POST /api/v1/terminals/{terminalId:guid}/billing/bills/{billId:guid}/tenders/'
info: Microsoft.AspNetCore.Hosting.Diagnostics[2]
      Request finished HTTP/1.1 POST https://127.0.0.1:40461/api/v1/terminals/8cbd6e41-73a4-4b0c-be17-4d0238f66d00/billing/bills/7565c800-78b3-439f-bf6f-f64701db9af1/tenders/?terminalId=8cbd6e41-73a4-4b0c-be17-4d0238f66d00 - 401 - application/json;+charset=utf-8 1.0196ms
info: Microsoft.AspNetCore.Hosting.Diagnostics[1]
      Request starting HTTP/1.1 POST http://127.0.0.1:40461/api/v1/terminals/f5b4540c-faef-4393-87a1-913dc56e7ed8/billing/bills/0f98a543-bf15-4bfa-aac3-746115a35bcc/tenders/confirmations/83d7b26b-184e-4b9d-a858-9e5f5553561f/approve?terminalId=f5b4540c-faef-4393-87a1-913dc56e7ed8 - application/json;+charset=utf-8 2
info: Microsoft.AspNetCore.Routing.EndpointMiddleware[0]
      Executing endpoint 'HTTP: POST /api/v1/terminals/{terminalId:guid}/billing/bills/{billId:guid}/tenders/confirmations/{confirmationId:guid}/approve'
info: Microsoft.AspNetCore.Routing.EndpointMiddleware[1]
      Executed endpoint 'HTTP: POST /api/v1/terminals/{terminalId:guid}/billing/bills/{billId:guid}/tenders/confirmations/{confirmationId:guid}/approve'
info: Microsoft.AspNetCore.Hosting.Diagnostics[2]
      Request finished HTTP/1.1 POST https://127.0.0.1:40461/api/v1/terminals/f5b4540c-faef-4393-87a1-913dc56e7ed8/billing/bills/0f98a543-bf15-4bfa-aac3-746115a35bcc/tenders/confirmations/83d7b26b-184e-4b9d-a858-9e5f5553561f/approve?terminalId=f5b4540c-faef-4393-87a1-913dc56e7ed8 - 401 - application/json;+charset=utf-8 0.8247ms
info: Microsoft.AspNetCore.Hosting.Diagnostics[1]
      Request starting HTTP/1.1 POST http://127.0.0.1:40461/api/v1/terminals/0e89d504-a1d8-4236-a016-2fd193bf9eae/billing/bills/9ef5b34b-ec65-4887-973c-acff019cb9ed/tenders/confirmations/95332c03-1215-4154-8aca-58f737ea909b/reject?terminalId=0e89d504-a1d8-4236-a016-2fd193bf9eae - application/json;+charset=utf-8 2
info: Microsoft.AspNetCore.Routing.EndpointMiddleware[0]
      Executing endpoint 'HTTP: POST /api/v1/terminals/{terminalId:guid}/billing/bills/{billId:guid}/tenders/confirmations/{confirmationId:guid}/reject'
info: Microsoft.AspNetCore.Routing.EndpointMiddleware[1]
      Executed endpoint 'HTTP: POST /api/v1/terminals/{terminalId:guid}/billing/bills/{billId:guid}/tenders/confirmations/{confirmationId:guid}/reject'
info: Microsoft.AspNetCore.Hosting.Diagnostics[2]
      Request finished HTTP/1.1 POST https://127.0.0.1:40461/api/v1/terminals/0e89d504-a1d8-4236-a016-2fd193bf9eae/billing/bills/9ef5b34b-ec65-4887-973c-acff019cb9ed/tenders/confirmations/95332c03-1215-4154-8aca-58f737ea909b/reject?terminalId=0e89d504-a1d8-4236-a016-2fd193bf9eae - 401 - application/json;+charset=utf-8 0.4661ms
info: Microsoft.AspNetCore.Hosting.Diagnostics[1]
      Request starting HTTP/1.1 POST http://127.0.0.1:40461/api/v1/terminals/cb8d94e6-6c75-4706-a35f-d98662cb7667/billing/bills/e9dbc665-4f9e-46e4-a599-9b49f50a1662/tenders/unsettled/4a1738d4-b32e-4333-9e5b-0745ea722fb9/card-charged?terminalId=cb8d94e6-6c75-4706-a35f-d98662cb7667 - application/json;+charset=utf-8 2
info: Microsoft.AspNetCore.Routing.EndpointMiddleware[0]
      Executing endpoint 'HTTP: POST /api/v1/terminals/{terminalId:guid}/billing/bills/{billId:guid}/tenders/unsettled/{paymentId:guid}/card-charged'
info: Microsoft.AspNetCore.Routing.EndpointMiddleware[1]
      Executed endpoint 'HTTP: POST /api/v1/terminals/{terminalId:guid}/billing/bills/{billId:guid}/tenders/unsettled/{paymentId:guid}/card-charged'
info: Microsoft.AspNetCore.Hosting.Diagnostics[2]
      Request finished HTTP/1.1 POST https://127.0.0.1:40461/api/v1/terminals/cb8d94e6-6c75-4706-a35f-d98662cb7667/billing/bills/e9dbc665-4f9e-46e4-a599-9b49f50a1662/tenders/unsettled/4a1738d4-b32e-4333-9e5b-0745ea722fb9/card-charged?terminalId=cb8d94e6-6c75-4706-a35f-d98662cb7667 - 401 - application/json;+charset=utf-8 0.4773ms
info: Microsoft.AspNetCore.Hosting.Diagnostics[1]
      Request starting HTTP/1.1 POST http://127.0.0.1:40461/api/v1/terminals/0b657ce3-a798-4e46-9ce5-14c84c6850e4/billing/bills/e06ae54b-4d45-4c2b-98e8-581ed4bdfe57/tenders/unsettled/77032d90-481a-42ef-8684-dbb62bebffbf/not-charged?terminalId=0b657ce3-a798-4e46-9ce5-14c84c6850e4 - application/json;+charset=utf-8 2
info: Microsoft.AspNetCore.Routing.EndpointMiddleware[0]
      Executing endpoint 'HTTP: POST /api/v1/terminals/{terminalId:guid}/billing/bills/{billId:guid}/tenders/unsettled/{paymentId:guid}/not-charged'
info: Microsoft.AspNetCore.Routing.EndpointMiddleware[1]
      Executed endpoint 'HTTP: POST /api/v1/terminals/{terminalId:guid}/billing/bills/{billId:guid}/tenders/unsettled/{paymentId:guid}/not-charged'
info: Microsoft.AspNetCore.Hosting.Diagnostics[2]
      Request finished HTTP/1.1 POST https://127.0.0.1:40461/api/v1/terminals/0b657ce3-a798-4e46-9ce5-14c84c6850e4/billing/bills/e06ae54b-4d45-4c2b-98e8-581ed4bdfe57/tenders/unsettled/77032d90-481a-42ef-8684-dbb62bebffbf/not-charged?terminalId=0b657ce3-a798-4e46-9ce5-14c84c6850e4 - 401 - application/json;+charset=utf-8 0.7396ms
info: Microsoft.AspNetCore.Hosting.Diagnostics[1]
      Request starting HTTP/1.1 POST http://127.0.0.1:40461/api/v1/terminals/b59ac380-eec0-47df-ae8a-c812aeb67028/billing/bills/8c5af2ab-a964-48da-bf54-a9a8857f8105/tip?terminalId=b59ac380-eec0-47df-ae8a-c812aeb67028 - application/json;+charset=utf-8 2
info: Microsoft.AspNetCore.Routing.EndpointMiddleware[0]
      Executing endpoint 'HTTP: POST /api/v1/terminals/{terminalId:guid}/billing/bills/{billId:guid}/tip'
info: Microsoft.AspNetCore.Http.Result.JsonResult[1]
      Setting HTTP status code 401.
info: Microsoft.AspNetCore.Http.Result.JsonResult[3]
      Writing value of type 'BillingSplitErrorEnvelope' as Json.
info: Microsoft.AspNetCore.Routing.EndpointMiddleware[1]
      Executed endpoint 'HTTP: POST /api/v1/terminals/{terminalId:guid}/billing/bills/{billId:guid}/tip'
info: Microsoft.AspNetCore.Hosting.Diagnostics[2]
      Request finished HTTP/1.1 POST https://127.0.0.1:40461/api/v1/terminals/b59ac380-eec0-47df-ae8a-c812aeb67028/billing/bills/8c5af2ab-a964-48da-bf54-a9a8857f8105/tip?terminalId=b59ac380-eec0-47df-ae8a-c812aeb67028 - 401 - application/json;+charset=utf-8 0.6146ms
info: Microsoft.AspNetCore.Hosting.Diagnostics[1]
      Request starting HTTP/1.1 POST http://127.0.0.1:40461/api/v1/terminals/eb60eb1d-b06e-47d3-bb33-1fa4f9a5c32e/cash-sessions/?terminalId=eb60eb1d-b06e-47d3-bb33-1fa4f9a5c32e - application/json;+charset=utf-8 2
info: Microsoft.AspNetCore.Routing.EndpointMiddleware[0]
      Executing endpoint 'HTTP: POST /api/v1/terminals/{terminalId:guid}/cash-sessions/'
info: Microsoft.AspNetCore.Routing.EndpointMiddleware[1]
      Executed endpoint 'HTTP: POST /api/v1/terminals/{terminalId:guid}/cash-sessions/'
info: Microsoft.AspNetCore.Hosting.Diagnostics[2]
      Request finished HTTP/1.1 POST https://127.0.0.1:40461/api/v1/terminals/eb60eb1d-b06e-47d3-bb33-1fa4f9a5c32e/cash-sessions/?terminalId=eb60eb1d-b06e-47d3-bb33-1fa4f9a5c32e - 401 - application/json;+charset=utf-8 0.5012ms
info: Microsoft.AspNetCore.Hosting.Diagnostics[1]
      Request starting HTTP/1.1 GET http://127.0.0.1:40461/api/v1/terminals/c5d08989-a8e2-41a6-bcc7-fc8b4f5d8512/cash-sessions/active?terminalId=c5d08989-a8e2-41a6-bcc7-fc8b4f5d8512 - - -
info: Microsoft.AspNetCore.Routing.EndpointMiddleware[0]
      Executing endpoint 'HTTP: GET /api/v1/terminals/{terminalId:guid}/cash-sessions/active'
info: Microsoft.AspNetCore.Routing.EndpointMiddleware[1]
      Executed endpoint 'HTTP: GET /api/v1/terminals/{terminalId:guid}/cash-sessions/active'
info: Microsoft.AspNetCore.Hosting.Diagnostics[2]
      Request finished HTTP/1.1 GET https://127.0.0.1:40461/api/v1/terminals/c5d08989-a8e2-41a6-bcc7-fc8b4f5d8512/cash-sessions/active?terminalId=c5d08989-a8e2-41a6-bcc7-fc8b4f5d8512 - 401 - application/json;+charset=utf-8 2.2375ms
info: Microsoft.AspNetCore.Hosting.Diagnostics[1]
      Request starting HTTP/1.1 GET http://127.0.0.1:40461/api/v1/terminals/9af6f618-5a4e-4bbe-b2ab-94b892279875/cash-sessions/suggested-opening-balance?terminalId=9af6f618-5a4e-4bbe-b2ab-94b892279875 - - -
info: Microsoft.AspNetCore.Routing.EndpointMiddleware[0]
      Executing endpoint 'HTTP: GET /api/v1/terminals/{terminalId:guid}/cash-sessions/suggested-opening-balance'
info: Microsoft.AspNetCore.Routing.EndpointMiddleware[1]
      Executed endpoint 'HTTP: GET /api/v1/terminals/{terminalId:guid}/cash-sessions/suggested-opening-balance'
info: Microsoft.AspNetCore.Hosting.Diagnostics[2]
      Request finished HTTP/1.1 GET https://127.0.0.1:40461/api/v1/terminals/9af6f618-5a4e-4bbe-b2ab-94b892279875/cash-sessions/suggested-opening-balance?terminalId=9af6f618-5a4e-4bbe-b2ab-94b892279875 - 401 - application/json;+charset=utf-8 1.8564ms
info: Microsoft.AspNetCore.Hosting.Diagnostics[1]
      Request starting HTTP/1.1 POST http://127.0.0.1:40461/api/v1/terminals/4b0c175f-7bb2-428d-8172-51c27228b1a5/cash-sessions/2724a67d-483d-488d-8256-b04e8d3a10e9/cash-movements?terminalId=4b0c175f-7bb2-428d-8172-51c27228b1a5 - application/json;+charset=utf-8 2
info: Microsoft.AspNetCore.Routing.EndpointMiddleware[0]
      Executing endpoint 'HTTP: POST /api/v1/terminals/{terminalId:guid}/cash-sessions/{cashSessionId:guid}/cash-movements'
info: Microsoft.AspNetCore.Routing.EndpointMiddleware[1]
      Executed endpoint 'HTTP: POST /api/v1/terminals/{terminalId:guid}/cash-sessions/{cashSessionId:guid}/cash-movements'
info: Microsoft.AspNetCore.Hosting.Diagnostics[2]
      Request finished HTTP/1.1 POST https://127.0.0.1:40461/api/v1/terminals/4b0c175f-7bb2-428d-8172-51c27228b1a5/cash-sessions/2724a67d-483d-488d-8256-b04e8d3a10e9/cash-movements?terminalId=4b0c175f-7bb2-428d-8172-51c27228b1a5 - 401 - application/json;+charset=utf-8 0.7862ms
info: Microsoft.AspNetCore.Hosting.Diagnostics[1]
      Request starting HTTP/1.1 POST http://127.0.0.1:40461/api/v1/terminals/c75aa113-2e56-49b3-a831-b2fc0522d88e/cash-sessions/37a24331-a89a-4720-9fb1-3e6f51d16337/cash-tender?terminalId=c75aa113-2e56-49b3-a831-b2fc0522d88e - application/json;+charset=utf-8 2
info: Microsoft.AspNetCore.Routing.EndpointMiddleware[0]
      Executing endpoint 'HTTP: POST /api/v1/terminals/{terminalId:guid}/cash-sessions/{cashSessionId:guid}/cash-tender'
info: Microsoft.AspNetCore.Routing.EndpointMiddleware[1]
      Executed endpoint 'HTTP: POST /api/v1/terminals/{terminalId:guid}/cash-sessions/{cashSessionId:guid}/cash-tender'
info: Microsoft.AspNetCore.Hosting.Diagnostics[2]
      Request finished HTTP/1.1 POST https://127.0.0.1:40461/api/v1/terminals/c75aa113-2e56-49b3-a831-b2fc0522d88e/cash-sessions/37a24331-a89a-4720-9fb1-3e6f51d16337/cash-tender?terminalId=c75aa113-2e56-49b3-a831-b2fc0522d88e - 401 - application/json;+charset=utf-8 1.3627ms
info: Microsoft.AspNetCore.Hosting.Diagnostics[1]
      Request starting HTTP/1.1 POST http://127.0.0.1:40461/api/v1/terminals/38aa39f2-ee5f-49ba-965f-6cfb54815ce7/cash-sessions/73b5e39e-d1b5-439a-9643-8345942d5d04/close?terminalId=38aa39f2-ee5f-49ba-965f-6cfb54815ce7 - application/json;+charset=utf-8 2
info: Microsoft.AspNetCore.Routing.EndpointMiddleware[0]
      Executing endpoint 'HTTP: POST /api/v1/terminals/{terminalId:guid}/cash-sessions/{cashSessionId:guid}/close'
info: Microsoft.AspNetCore.Routing.EndpointMiddleware[1]
      Executed endpoint 'HTTP: POST /api/v1/terminals/{terminalId:guid}/cash-sessions/{cashSessionId:guid}/close'
info: Microsoft.AspNetCore.Hosting.Diagnostics[2]
      Request finished HTTP/1.1 POST https://127.0.0.1:40461/api/v1/terminals/38aa39f2-ee5f-49ba-965f-6cfb54815ce7/cash-sessions/73b5e39e-d1b5-439a-9643-8345942d5d04/close?terminalId=38aa39f2-ee5f-49ba-965f-6cfb54815ce7 - 401 - application/json;+charset=utf-8 0.4744ms
info: Microsoft.AspNetCore.Hosting.Diagnostics[1]
      Request starting HTTP/1.1 POST http://127.0.0.1:40461/api/v1/terminals/14073102-03d7-4272-b467-6bf9c9270111/cash-sessions/8ad043bb-c18a-43ae-8f9e-8fc35a9dfe7e/counts?terminalId=14073102-03d7-4272-b467-6bf9c9270111 - application/json;+charset=utf-8 2
info: Microsoft.AspNetCore.Routing.EndpointMiddleware[0]
      Executing endpoint 'HTTP: POST /api/v1/terminals/{terminalId:guid}/cash-sessions/{cashSessionId:guid}/counts'
info: Microsoft.AspNetCore.Routing.EndpointMiddleware[1]
      Executed endpoint 'HTTP: POST /api/v1/terminals/{terminalId:guid}/cash-sessions/{cashSessionId:guid}/counts'
info: Microsoft.AspNetCore.Hosting.Diagnostics[2]
      Request finished HTTP/1.1 POST https://127.0.0.1:40461/api/v1/terminals/14073102-03d7-4272-b467-6bf9c9270111/cash-sessions/8ad043bb-c18a-43ae-8f9e-8fc35a9dfe7e/counts?terminalId=14073102-03d7-4272-b467-6bf9c9270111 - 401 - application/json;+charset=utf-8 1.0979ms
info: Microsoft.AspNetCore.Hosting.Diagnostics[1]
      Request starting HTTP/1.1 GET http://127.0.0.1:40461/api/v1/terminals/b3c53756-36bd-4fff-9659-7ed9daea97ea/cash-sessions/7a6c96f4-3aaa-4da6-a44b-d3345ea9319b/expected-cash?terminalId=b3c53756-36bd-4fff-9659-7ed9daea97ea - - -
info: Microsoft.AspNetCore.Routing.EndpointMiddleware[0]
      Executing endpoint 'HTTP: GET /api/v1/terminals/{terminalId:guid}/cash-sessions/{cashSessionId:guid}/expected-cash'
info: Microsoft.AspNetCore.Routing.EndpointMiddleware[1]
      Executed endpoint 'HTTP: GET /api/v1/terminals/{terminalId:guid}/cash-sessions/{cashSessionId:guid}/expected-cash'
info: Microsoft.AspNetCore.Hosting.Diagnostics[2]
      Request finished HTTP/1.1 GET https://127.0.0.1:40461/api/v1/terminals/b3c53756-36bd-4fff-9659-7ed9daea97ea/cash-sessions/7a6c96f4-3aaa-4da6-a44b-d3345ea9319b/expected-cash?terminalId=b3c53756-36bd-4fff-9659-7ed9daea97ea - 401 - application/json;+charset=utf-8 1.6090ms
info: Microsoft.AspNetCore.Hosting.Diagnostics[1]
      Request starting HTTP/1.1 POST http://127.0.0.1:40461/api/v1/terminals/bb3813d1-fda1-4941-b96e-01a50f210cde/cash-sessions/ab317e73-5d8b-4c44-8164-2c49d725e758/reconcile?terminalId=bb3813d1-fda1-4941-b96e-01a50f210cde - application/json;+charset=utf-8 2
info: Microsoft.AspNetCore.Routing.EndpointMiddleware[0]
      Executing endpoint 'HTTP: POST /api/v1/terminals/{terminalId:guid}/cash-sessions/{cashSessionId:guid}/reconcile'
info: Microsoft.AspNetCore.Routing.EndpointMiddleware[1]
      Executed endpoint 'HTTP: POST /api/v1/terminals/{terminalId:guid}/cash-sessions/{cashSessionId:guid}/reconcile'
info: Microsoft.AspNetCore.Hosting.Diagnostics[2]
      Request finished HTTP/1.1 POST https://127.0.0.1:40461/api/v1/terminals/bb3813d1-fda1-4941-b96e-01a50f210cde/cash-sessions/ab317e73-5d8b-4c44-8164-2c49d725e758/reconcile?terminalId=bb3813d1-fda1-4941-b96e-01a50f210cde - 401 - application/json;+charset=utf-8 0.7638ms
info: Microsoft.AspNetCore.Hosting.Diagnostics[1]
      Request starting HTTP/1.1 POST http://127.0.0.1:40461/api/v1/terminals/808b9a70-b25b-49b3-8597-ceb0d5baec1c/cash-sessions/84c44dca-0728-4476-8b0b-65420f6a6598/start-count?terminalId=808b9a70-b25b-49b3-8597-ceb0d5baec1c - application/json;+charset=utf-8 2
info: Microsoft.AspNetCore.Routing.EndpointMiddleware[0]
      Executing endpoint 'HTTP: POST /api/v1/terminals/{terminalId:guid}/cash-sessions/{cashSessionId:guid}/start-count'
info: Microsoft.AspNetCore.Routing.EndpointMiddleware[1]
      Executed endpoint 'HTTP: POST /api/v1/terminals/{terminalId:guid}/cash-sessions/{cashSessionId:guid}/start-count'
info: Microsoft.AspNetCore.Hosting.Diagnostics[2]
      Request finished HTTP/1.1 POST https://127.0.0.1:40461/api/v1/terminals/808b9a70-b25b-49b3-8597-ceb0d5baec1c/cash-sessions/84c44dca-0728-4476-8b0b-65420f6a6598/start-count?terminalId=808b9a70-b25b-49b3-8597-ceb0d5baec1c - 401 - application/json;+charset=utf-8 0.5733ms
info: Microsoft.AspNetCore.Hosting.Diagnostics[1]
      Request starting HTTP/1.1 GET http://127.0.0.1:40461/api/v1/terminals/7702e626-2291-404a-9072-89fd9412f6cb/catalog?terminalId=7702e626-2291-404a-9072-89fd9412f6cb - - -
info: Microsoft.AspNetCore.Routing.EndpointMiddleware[0]
      Executing endpoint 'HTTP: GET /api/v1/terminals/{terminalId:guid}/catalog'
info: Microsoft.AspNetCore.Routing.EndpointMiddleware[1]
      Executed endpoint 'HTTP: GET /api/v1/terminals/{terminalId:guid}/catalog'
info: Microsoft.AspNetCore.Hosting.Diagnostics[2]
      Request finished HTTP/1.1 GET https://127.0.0.1:40461/api/v1/terminals/7702e626-2291-404a-9072-89fd9412f6cb/catalog?terminalId=7702e626-2291-404a-9072-89fd9412f6cb - 401 - application/json;+charset=utf-8 1.5728ms
info: Microsoft.AspNetCore.Hosting.Diagnostics[1]
      Request starting HTTP/1.1 POST http://127.0.0.1:40461/api/v1/terminals/05f08c03-3af3-4d81-940b-059aa8e535d0/display-sessions/revoke?terminalId=05f08c03-3af3-4d81-940b-059aa8e535d0 - application/json;+charset=utf-8 2
info: Microsoft.AspNetCore.Routing.EndpointMiddleware[0]
      Executing endpoint 'HTTP: POST /api/v1/terminals/{terminalId:guid}/display-sessions/revoke'
info: Microsoft.AspNetCore.Routing.EndpointMiddleware[1]
      Executed endpoint 'HTTP: POST /api/v1/terminals/{terminalId:guid}/display-sessions/revoke'
info: Microsoft.AspNetCore.Hosting.Diagnostics[2]
      Request finished HTTP/1.1 POST https://127.0.0.1:40461/api/v1/terminals/05f08c03-3af3-4d81-940b-059aa8e535d0/display-sessions/revoke?terminalId=05f08c03-3af3-4d81-940b-059aa8e535d0 - 401 - application/json;+charset=utf-8 1.0208ms
info: Microsoft.AspNetCore.Hosting.Diagnostics[1]
      Request starting HTTP/1.1 POST http://127.0.0.1:40461/api/v1/terminals/b6a82b54-ff6f-4ace-aa57-e591679a1b4e/help-requests/?terminalId=b6a82b54-ff6f-4ace-aa57-e591679a1b4e - application/json;+charset=utf-8 2
info: Microsoft.AspNetCore.Routing.EndpointMiddleware[0]
      Executing endpoint 'HTTP: POST /api/v1/terminals/{terminalId:guid}/help-requests/'
info: Microsoft.AspNetCore.Http.Result.JsonResult[1]
      Setting HTTP status code 401.
info: Microsoft.AspNetCore.Http.Result.JsonResult[3]
      Writing value of type '<>f__AnonymousType5`1' as Json.
info: Microsoft.AspNetCore.Routing.EndpointMiddleware[1]
      Executed endpoint 'HTTP: POST /api/v1/terminals/{terminalId:guid}/help-requests/'
info: Microsoft.AspNetCore.Hosting.Diagnostics[2]
      Request finished HTTP/1.1 POST https://127.0.0.1:40461/api/v1/terminals/b6a82b54-ff6f-4ace-aa57-e591679a1b4e/help-requests/?terminalId=b6a82b54-ff6f-4ace-aa57-e591679a1b4e - 401 - application/json;+charset=utf-8 0.6468ms
info: Microsoft.AspNetCore.Hosting.Diagnostics[1]
      Request starting HTTP/1.1 GET http://127.0.0.1:40461/api/v1/terminals/cf60e09c-a406-4999-b23f-d0d0d2804ce8/kitchen-operations/audit/aggregate/probe/0bd2b935-64a5-442c-9e13-210c77583796?terminalId=cf60e09c-a406-4999-b23f-d0d0d2804ce8 - - -
info: Microsoft.AspNetCore.Routing.EndpointMiddleware[0]
      Executing endpoint 'HTTP: GET /api/v1/terminals/{terminalId:guid}/kitchen-operations/audit/aggregate/{aggregateType}/{aggregateId:guid}'
info: Microsoft.AspNetCore.Http.Result.JsonResult[1]
      Setting HTTP status code 401.
info: Microsoft.AspNetCore.Http.Result.JsonResult[3]
      Writing value of type 'KitchenOperationsErrorEnvelopeV1' as Json.
info: Microsoft.AspNetCore.Routing.EndpointMiddleware[1]
      Executed endpoint 'HTTP: GET /api/v1/terminals/{terminalId:guid}/kitchen-operations/audit/aggregate/{aggregateType}/{aggregateId:guid}'
info: Microsoft.AspNetCore.Hosting.Diagnostics[2]
      Request finished HTTP/1.1 GET https://127.0.0.1:40461/api/v1/terminals/cf60e09c-a406-4999-b23f-d0d0d2804ce8/kitchen-operations/audit/aggregate/probe/0bd2b935-64a5-442c-9e13-210c77583796?terminalId=cf60e09c-a406-4999-b23f-d0d0d2804ce8 - 401 - application/json;+charset=utf-8 3.9846ms
info: Microsoft.AspNetCore.Hosting.Diagnostics[1]
      Request starting HTTP/1.1 GET http://127.0.0.1:40461/api/v1/terminals/782cffdb-82e4-400d-8811-a0be1b111c6d/kitchen-operations/audit/correlation/probe?terminalId=782cffdb-82e4-400d-8811-a0be1b111c6d - - -
info: Microsoft.AspNetCore.Routing.EndpointMiddleware[0]
      Executing endpoint 'HTTP: GET /api/v1/terminals/{terminalId:guid}/kitchen-operations/audit/correlation/{correlationId}'
info: Microsoft.AspNetCore.Http.Result.JsonResult[1]
      Setting HTTP status code 401.
info: Microsoft.AspNetCore.Http.Result.JsonResult[3]
      Writing value of type 'KitchenOperationsErrorEnvelopeV1' as Json.
info: Microsoft.AspNetCore.Routing.EndpointMiddleware[1]
      Executed endpoint 'HTTP: GET /api/v1/terminals/{terminalId:guid}/kitchen-operations/audit/correlation/{correlationId}'
info: Microsoft.AspNetCore.Hosting.Diagnostics[2]
      Request finished HTTP/1.1 GET https://127.0.0.1:40461/api/v1/terminals/782cffdb-82e4-400d-8811-a0be1b111c6d/kitchen-operations/audit/correlation/probe?terminalId=782cffdb-82e4-400d-8811-a0be1b111c6d - 401 - application/json;+charset=utf-8 3.3157ms
info: Microsoft.AspNetCore.Hosting.Diagnostics[1]
      Request starting HTTP/1.1 GET http://127.0.0.1:40461/api/v1/terminals/bbde91f8-ee0c-4351-af02-135c6cd36466/kitchen-operations/categories?terminalId=bbde91f8-ee0c-4351-af02-135c6cd36466 - - -
info: Microsoft.AspNetCore.Routing.EndpointMiddleware[0]
      Executing endpoint 'HTTP: GET /api/v1/terminals/{terminalId:guid}/kitchen-operations/categories'
info: Microsoft.AspNetCore.Http.Result.JsonResult[1]
      Setting HTTP status code 401.
info: Microsoft.AspNetCore.Http.Result.JsonResult[3]
      Writing value of type 'KitchenOperationsErrorEnvelopeV1' as Json.
info: Microsoft.AspNetCore.Routing.EndpointMiddleware[1]
      Executed endpoint 'HTTP: GET /api/v1/terminals/{terminalId:guid}/kitchen-operations/categories'
info: Microsoft.AspNetCore.Hosting.Diagnostics[2]
      Request finished HTTP/1.1 GET https://127.0.0.1:40461/api/v1/terminals/bbde91f8-ee0c-4351-af02-135c6cd36466/kitchen-operations/categories?terminalId=bbde91f8-ee0c-4351-af02-135c6cd36466 - 401 - application/json;+charset=utf-8 2.2911ms
info: Microsoft.AspNetCore.Hosting.Diagnostics[1]
      Request starting HTTP/1.1 GET http://127.0.0.1:40461/api/v1/terminals/a138162f-99ea-4802-8e6a-ce2850a96996/kitchen-operations/deliveries/unknown?terminalId=a138162f-99ea-4802-8e6a-ce2850a96996 - - -
info: Microsoft.AspNetCore.Routing.EndpointMiddleware[0]
      Executing endpoint 'HTTP: GET /api/v1/terminals/{terminalId:guid}/kitchen-operations/deliveries/unknown'
info: Microsoft.AspNetCore.Http.Result.JsonResult[1]
      Setting HTTP status code 401.
info: Microsoft.AspNetCore.Http.Result.JsonResult[3]
      Writing value of type 'KitchenOperationsErrorEnvelopeV1' as Json.
info: Microsoft.AspNetCore.Routing.EndpointMiddleware[1]
      Executed endpoint 'HTTP: GET /api/v1/terminals/{terminalId:guid}/kitchen-operations/deliveries/unknown'
info: Microsoft.AspNetCore.Hosting.Diagnostics[2]
      Request finished HTTP/1.1 GET https://127.0.0.1:40461/api/v1/terminals/a138162f-99ea-4802-8e6a-ce2850a96996/kitchen-operations/deliveries/unknown?terminalId=a138162f-99ea-4802-8e6a-ce2850a96996 - 401 - application/json;+charset=utf-8 1.4856ms
info: Microsoft.AspNetCore.Hosting.Diagnostics[1]
      Request starting HTTP/1.1 GET http://127.0.0.1:40461/api/v1/terminals/0769c069-c349-43ee-ba20-a15c5d25d7f6/kitchen-operations/deliveries/a0deb7f8-b7f7-4d6d-8ab6-d2b9403b336f?terminalId=0769c069-c349-43ee-ba20-a15c5d25d7f6 - - -
info: Microsoft.AspNetCore.Routing.EndpointMiddleware[0]
      Executing endpoint 'HTTP: GET /api/v1/terminals/{terminalId:guid}/kitchen-operations/deliveries/{deliveryId:guid}'
info: Microsoft.AspNetCore.Http.Result.JsonResult[1]
      Setting HTTP status code 401.
info: Microsoft.AspNetCore.Http.Result.JsonResult[3]
      Writing value of type 'KitchenOperationsErrorEnvelopeV1' as Json.
info: Microsoft.AspNetCore.Routing.EndpointMiddleware[1]
      Executed endpoint 'HTTP: GET /api/v1/terminals/{terminalId:guid}/kitchen-operations/deliveries/{deliveryId:guid}'
info: Microsoft.AspNetCore.Hosting.Diagnostics[2]
      Request finished HTTP/1.1 GET https://127.0.0.1:40461/api/v1/terminals/0769c069-c349-43ee-ba20-a15c5d25d7f6/kitchen-operations/deliveries/a0deb7f8-b7f7-4d6d-8ab6-d2b9403b336f?terminalId=0769c069-c349-43ee-ba20-a15c5d25d7f6 - 401 - application/json;+charset=utf-8 1.4917ms
info: Microsoft.AspNetCore.Hosting.Diagnostics[1]
      Request starting HTTP/1.1 POST http://127.0.0.1:40461/api/v1/terminals/7b88c7c9-cf09-4aec-be65-1f0cf68fa4bb/kitchen-operations/deliveries/68dfc53e-c998-472f-880d-af79b0013514/reprint-approval?terminalId=7b88c7c9-cf09-4aec-be65-1f0cf68fa4bb - application/json;+charset=utf-8 2
info: Microsoft.AspNetCore.Routing.EndpointMiddleware[0]
      Executing endpoint 'HTTP: POST /api/v1/terminals/{terminalId:guid}/kitchen-operations/deliveries/{deliveryId:guid}/reprint-approval'
info: Microsoft.AspNetCore.Http.Result.JsonResult[1]
      Setting HTTP status code 401.
info: Microsoft.AspNetCore.Http.Result.JsonResult[3]
      Writing value of type 'KitchenOperationsErrorEnvelopeV1' as Json.
info: Microsoft.AspNetCore.Routing.EndpointMiddleware[1]
      Executed endpoint 'HTTP: POST /api/v1/terminals/{terminalId:guid}/kitchen-operations/deliveries/{deliveryId:guid}/reprint-approval'
info: Microsoft.AspNetCore.Hosting.Diagnostics[2]
      Request finished HTTP/1.1 POST https://127.0.0.1:40461/api/v1/terminals/7b88c7c9-cf09-4aec-be65-1f0cf68fa4bb/kitchen-operations/deliveries/68dfc53e-c998-472f-880d-af79b0013514/reprint-approval?terminalId=7b88c7c9-cf09-4aec-be65-1f0cf68fa4bb - 401 - application/json;+charset=utf-8 0.9382ms
info: Microsoft.AspNetCore.Hosting.Diagnostics[1]
      Request starting HTTP/1.1 POST http://127.0.0.1:40461/api/v1/terminals/2dd47396-b343-4d62-bceb-b5003b36acc3/kitchen-operations/deliveries/d59f0e67-1c08-4f5b-b577-73e2ad1d5d59/reprint-rejection?terminalId=2dd47396-b343-4d62-bceb-b5003b36acc3 - application/json;+charset=utf-8 2
info: Microsoft.AspNetCore.Routing.EndpointMiddleware[0]
      Executing endpoint 'HTTP: POST /api/v1/terminals/{terminalId:guid}/kitchen-operations/deliveries/{deliveryId:guid}/reprint-rejection'
info: Microsoft.AspNetCore.Http.Result.JsonResult[1]
      Setting HTTP status code 401.
info: Microsoft.AspNetCore.Http.Result.JsonResult[3]
      Writing value of type 'KitchenOperationsErrorEnvelopeV1' as Json.
info: Microsoft.AspNetCore.Routing.EndpointMiddleware[1]
      Executed endpoint 'HTTP: POST /api/v1/terminals/{terminalId:guid}/kitchen-operations/deliveries/{deliveryId:guid}/reprint-rejection'
info: Microsoft.AspNetCore.Hosting.Diagnostics[2]
      Request finished HTTP/1.1 POST https://127.0.0.1:40461/api/v1/terminals/2dd47396-b343-4d62-bceb-b5003b36acc3/kitchen-operations/deliveries/d59f0e67-1c08-4f5b-b577-73e2ad1d5d59/reprint-rejection?terminalId=2dd47396-b343-4d62-bceb-b5003b36acc3 - 401 - application/json;+charset=utf-8 0.4659ms
info: Microsoft.AspNetCore.Hosting.Diagnostics[1]
      Request starting HTTP/1.1 POST http://127.0.0.1:40461/api/v1/terminals/e8329f3a-bf5c-493b-9f73-58ebe03a4629/kitchen-operations/operations/backups?terminalId=e8329f3a-bf5c-493b-9f73-58ebe03a4629 - application/json;+charset=utf-8 2
info: Microsoft.AspNetCore.Routing.EndpointMiddleware[0]
      Executing endpoint 'HTTP: POST /api/v1/terminals/{terminalId:guid}/kitchen-operations/operations/backups'
info: Microsoft.AspNetCore.Http.Result.JsonResult[1]
      Setting HTTP status code 401.
info: Microsoft.AspNetCore.Http.Result.JsonResult[3]
      Writing value of type 'KitchenOperationsErrorEnvelopeV1' as Json.
info: Microsoft.AspNetCore.Routing.EndpointMiddleware[1]
      Executed endpoint 'HTTP: POST /api/v1/terminals/{terminalId:guid}/kitchen-operations/operations/backups'
info: Microsoft.AspNetCore.Hosting.Diagnostics[2]
      Request finished HTTP/1.1 POST https://127.0.0.1:40461/api/v1/terminals/e8329f3a-bf5c-493b-9f73-58ebe03a4629/kitchen-operations/operations/backups?terminalId=e8329f3a-bf5c-493b-9f73-58ebe03a4629 - 401 - application/json;+charset=utf-8 2.3535ms
info: Microsoft.AspNetCore.Hosting.Diagnostics[1]
      Request starting HTTP/1.1 GET http://127.0.0.1:40461/api/v1/terminals/80834343-5612-48f4-bfbc-e71d68279b27/kitchen-operations/operations/backups/recent?terminalId=80834343-5612-48f4-bfbc-e71d68279b27 - - -
info: Microsoft.AspNetCore.Routing.EndpointMiddleware[0]
      Executing endpoint 'HTTP: GET /api/v1/terminals/{terminalId:guid}/kitchen-operations/operations/backups/recent'
info: Microsoft.AspNetCore.Http.Result.JsonResult[1]
      Setting HTTP status code 401.
info: Microsoft.AspNetCore.Http.Result.JsonResult[3]
      Writing value of type 'KitchenOperationsErrorEnvelopeV1' as Json.
info: Microsoft.AspNetCore.Routing.EndpointMiddleware[1]
      Executed endpoint 'HTTP: GET /api/v1/terminals/{terminalId:guid}/kitchen-operations/operations/backups/recent'
info: Microsoft.AspNetCore.Hosting.Diagnostics[2]
      Request finished HTTP/1.1 GET https://127.0.0.1:40461/api/v1/terminals/80834343-5612-48f4-bfbc-e71d68279b27/kitchen-operations/operations/backups/recent?terminalId=80834343-5612-48f4-bfbc-e71d68279b27 - 401 - application/json;+charset=utf-8 10.4206ms
info: Microsoft.AspNetCore.Hosting.Diagnostics[1]
      Request starting HTTP/1.1 GET http://127.0.0.1:40461/api/v1/terminals/9c585c05-6254-4758-af5a-ed827799fca0/kitchen-operations/operations/health/latest?terminalId=9c585c05-6254-4758-af5a-ed827799fca0 - - -
info: Microsoft.AspNetCore.Routing.EndpointMiddleware[0]
      Executing endpoint 'HTTP: GET /api/v1/terminals/{terminalId:guid}/kitchen-operations/operations/health/latest'
info: Microsoft.AspNetCore.Http.Result.JsonResult[1]
      Setting HTTP status code 401.
info: Microsoft.AspNetCore.Http.Result.JsonResult[3]
      Writing value of type 'KitchenOperationsErrorEnvelopeV1' as Json.
info: Microsoft.AspNetCore.Routing.EndpointMiddleware[1]
      Executed endpoint 'HTTP: GET /api/v1/terminals/{terminalId:guid}/kitchen-operations/operations/health/latest'
info: Microsoft.AspNetCore.Hosting.Diagnostics[2]
      Request finished HTTP/1.1 GET https://127.0.0.1:40461/api/v1/terminals/9c585c05-6254-4758-af5a-ed827799fca0/kitchen-operations/operations/health/latest?terminalId=9c585c05-6254-4758-af5a-ed827799fca0 - 401 - application/json;+charset=utf-8 2.2282ms
info: Microsoft.AspNetCore.Hosting.Diagnostics[1]
      Request starting HTTP/1.1 GET http://127.0.0.1:40461/api/v1/terminals/0d047b4e-31b6-4d5c-a10e-4563c8994189/kitchen-operations/operations/live-sync?terminalId=0d047b4e-31b6-4d5c-a10e-4563c8994189 - - -
info: Microsoft.AspNetCore.Routing.EndpointMiddleware[0]
      Executing endpoint 'HTTP: GET /api/v1/terminals/{terminalId:guid}/kitchen-operations/operations/live-sync'
info: Microsoft.AspNetCore.Http.Result.JsonResult[1]
      Setting HTTP status code 401.
info: Microsoft.AspNetCore.Http.Result.JsonResult[3]
      Writing value of type 'KitchenOperationsErrorEnvelopeV1' as Json.
info: Microsoft.AspNetCore.Routing.EndpointMiddleware[1]
      Executed endpoint 'HTTP: GET /api/v1/terminals/{terminalId:guid}/kitchen-operations/operations/live-sync'
info: Microsoft.AspNetCore.Hosting.Diagnostics[2]
      Request finished HTTP/1.1 GET https://127.0.0.1:40461/api/v1/terminals/0d047b4e-31b6-4d5c-a10e-4563c8994189/kitchen-operations/operations/live-sync?terminalId=0d047b4e-31b6-4d5c-a10e-4563c8994189 - 401 - application/json;+charset=utf-8 1.4446ms
info: Microsoft.AspNetCore.Hosting.Diagnostics[1]
      Request starting HTTP/1.1 GET http://127.0.0.1:40461/api/v1/terminals/ac677cf5-073e-4955-a7ed-10e4e04c0037/kitchen-operations/operations/performance-report?terminalId=ac677cf5-073e-4955-a7ed-10e4e04c0037 - - -
info: Microsoft.AspNetCore.Routing.EndpointMiddleware[0]
      Executing endpoint 'HTTP: GET /api/v1/terminals/{terminalId:guid}/kitchen-operations/operations/performance-report'
info: Microsoft.AspNetCore.Http.Result.JsonResult[1]
      Setting HTTP status code 401.
info: Microsoft.AspNetCore.Http.Result.JsonResult[3]
      Writing value of type 'KitchenOperationsErrorEnvelopeV1' as Json.
info: Microsoft.AspNetCore.Routing.EndpointMiddleware[1]
      Executed endpoint 'HTTP: GET /api/v1/terminals/{terminalId:guid}/kitchen-operations/operations/performance-report'
info: Microsoft.AspNetCore.Hosting.Diagnostics[2]
      Request finished HTTP/1.1 GET https://127.0.0.1:40461/api/v1/terminals/ac677cf5-073e-4955-a7ed-10e4e04c0037/kitchen-operations/operations/performance-report?terminalId=ac677cf5-073e-4955-a7ed-10e4e04c0037 - 401 - application/json;+charset=utf-8 2.4088ms
info: Microsoft.AspNetCore.Hosting.Diagnostics[1]
      Request starting HTTP/1.1 GET http://127.0.0.1:40461/api/v1/terminals/6be760e9-6c55-4f38-aa7a-be0cd507b11b/kitchen-operations/print-jobs?terminalId=6be760e9-6c55-4f38-aa7a-be0cd507b11b - - -
info: Microsoft.AspNetCore.Routing.EndpointMiddleware[0]
      Executing endpoint 'HTTP: GET /api/v1/terminals/{terminalId:guid}/kitchen-operations/print-jobs'
info: Microsoft.AspNetCore.Http.Result.JsonResult[1]
      Setting HTTP status code 401.
info: Microsoft.AspNetCore.Http.Result.JsonResult[3]
      Writing value of type 'KitchenOperationsErrorEnvelopeV1' as Json.
info: Microsoft.AspNetCore.Routing.EndpointMiddleware[1]
      Executed endpoint 'HTTP: GET /api/v1/terminals/{terminalId:guid}/kitchen-operations/print-jobs'
info: Microsoft.AspNetCore.Hosting.Diagnostics[2]
      Request finished HTTP/1.1 GET https://127.0.0.1:40461/api/v1/terminals/6be760e9-6c55-4f38-aa7a-be0cd507b11b/kitchen-operations/print-jobs?terminalId=6be760e9-6c55-4f38-aa7a-be0cd507b11b - 401 - application/json;+charset=utf-8 3.2042ms
info: Microsoft.AspNetCore.Hosting.Diagnostics[1]
      Request starting HTTP/1.1 GET http://127.0.0.1:40461/api/v1/terminals/42148752-403d-4c98-9f1a-6e0d032c9dce/kitchen-operations/print-jobs/8f779f2b-ce1b-40d4-9cab-7841319017e5?terminalId=42148752-403d-4c98-9f1a-6e0d032c9dce - - -
info: Microsoft.AspNetCore.Routing.EndpointMiddleware[0]
      Executing endpoint 'HTTP: GET /api/v1/terminals/{terminalId:guid}/kitchen-operations/print-jobs/{jobId:guid}'
info: Microsoft.AspNetCore.Http.Result.JsonResult[1]
      Setting HTTP status code 401.
info: Microsoft.AspNetCore.Http.Result.JsonResult[3]
      Writing value of type 'KitchenOperationsErrorEnvelopeV1' as Json.
info: Microsoft.AspNetCore.Routing.EndpointMiddleware[1]
      Executed endpoint 'HTTP: GET /api/v1/terminals/{terminalId:guid}/kitchen-operations/print-jobs/{jobId:guid}'
info: Microsoft.AspNetCore.Hosting.Diagnostics[2]
      Request finished HTTP/1.1 GET https://127.0.0.1:40461/api/v1/terminals/42148752-403d-4c98-9f1a-6e0d032c9dce/kitchen-operations/print-jobs/8f779f2b-ce1b-40d4-9cab-7841319017e5?terminalId=42148752-403d-4c98-9f1a-6e0d032c9dce - 401 - application/json;+charset=utf-8 1.2936ms
info: Microsoft.AspNetCore.Hosting.Diagnostics[1]
      Request starting HTTP/1.1 GET http://127.0.0.1:40461/api/v1/terminals/5f6e1b81-753c-400c-baa1-d85811c8cf05/kitchen-operations/printers?terminalId=5f6e1b81-753c-400c-baa1-d85811c8cf05 - - -
info: Microsoft.AspNetCore.Routing.EndpointMiddleware[0]
      Executing endpoint 'HTTP: GET /api/v1/terminals/{terminalId:guid}/kitchen-operations/printers'
info: Microsoft.AspNetCore.Http.Result.JsonResult[1]
      Setting HTTP status code 401.
info: Microsoft.AspNetCore.Http.Result.JsonResult[3]
      Writing value of type 'KitchenOperationsErrorEnvelopeV1' as Json.
info: Microsoft.AspNetCore.Routing.EndpointMiddleware[1]
      Executed endpoint 'HTTP: GET /api/v1/terminals/{terminalId:guid}/kitchen-operations/printers'
info: Microsoft.AspNetCore.Hosting.Diagnostics[2]
      Request finished HTTP/1.1 GET https://127.0.0.1:40461/api/v1/terminals/5f6e1b81-753c-400c-baa1-d85811c8cf05/kitchen-operations/printers?terminalId=5f6e1b81-753c-400c-baa1-d85811c8cf05 - 401 - application/json;+charset=utf-8 1.4079ms
info: Microsoft.AspNetCore.Hosting.Diagnostics[1]
      Request starting HTTP/1.1 PUT http://127.0.0.1:40461/api/v1/terminals/1ee34b9b-ec3f-4d82-8bc6-6544cd608079/kitchen-operations/printers/7fea6ba9-dd09-4868-8919-3c753da54880?terminalId=1ee34b9b-ec3f-4d82-8bc6-6544cd608079 - application/json;+charset=utf-8 2
info: Microsoft.AspNetCore.Routing.EndpointMiddleware[0]
      Executing endpoint 'HTTP: PUT /api/v1/terminals/{terminalId:guid}/kitchen-operations/printers/{printerId:guid}'
info: Microsoft.AspNetCore.Http.Result.JsonResult[1]
      Setting HTTP status code 401.
info: Microsoft.AspNetCore.Http.Result.JsonResult[3]
      Writing value of type 'KitchenOperationsErrorEnvelopeV1' as Json.
info: Microsoft.AspNetCore.Routing.EndpointMiddleware[1]
      Executed endpoint 'HTTP: PUT /api/v1/terminals/{terminalId:guid}/kitchen-operations/printers/{printerId:guid}'
info: Microsoft.AspNetCore.Hosting.Diagnostics[2]
      Request finished HTTP/1.1 PUT https://127.0.0.1:40461/api/v1/terminals/1ee34b9b-ec3f-4d82-8bc6-6544cd608079/kitchen-operations/printers/7fea6ba9-dd09-4868-8919-3c753da54880?terminalId=1ee34b9b-ec3f-4d82-8bc6-6544cd608079 - 401 - application/json;+charset=utf-8 1.0933ms
info: Microsoft.AspNetCore.Hosting.Diagnostics[1]
      Request starting HTTP/1.1 POST http://127.0.0.1:40461/api/v1/terminals/c505d263-0c84-416c-8a4e-954a728ee052/kitchen-operations/products/306579d7-798d-40b3-918c-7bad9ffc6698/suspend?terminalId=c505d263-0c84-416c-8a4e-954a728ee052 - application/json;+charset=utf-8 2
info: Microsoft.AspNetCore.Routing.EndpointMiddleware[0]
      Executing endpoint 'HTTP: POST /api/v1/terminals/{terminalId:guid}/kitchen-operations/products/{productId:guid}/suspend'
info: Microsoft.AspNetCore.Http.Result.JsonResult[1]
      Setting HTTP status code 401.
info: Microsoft.AspNetCore.Http.Result.JsonResult[3]
      Writing value of type 'KitchenOperationsErrorEnvelopeV1' as Json.
info: Microsoft.AspNetCore.Routing.EndpointMiddleware[1]
      Executed endpoint 'HTTP: POST /api/v1/terminals/{terminalId:guid}/kitchen-operations/products/{productId:guid}/suspend'
info: Microsoft.AspNetCore.Hosting.Diagnostics[2]
      Request finished HTTP/1.1 POST https://127.0.0.1:40461/api/v1/terminals/c505d263-0c84-416c-8a4e-954a728ee052/kitchen-operations/products/306579d7-798d-40b3-918c-7bad9ffc6698/suspend?terminalId=c505d263-0c84-416c-8a4e-954a728ee052 - 401 - application/json;+charset=utf-8 1.0029ms
info: Microsoft.AspNetCore.Hosting.Diagnostics[1]
      Request starting HTTP/1.1 GET http://127.0.0.1:40461/api/v1/terminals/0b491154-10d4-422d-a14e-f870aeb014f8/kitchen-operations/routes?terminalId=0b491154-10d4-422d-a14e-f870aeb014f8 - - -
info: Microsoft.AspNetCore.Routing.EndpointMiddleware[0]
      Executing endpoint 'HTTP: GET /api/v1/terminals/{terminalId:guid}/kitchen-operations/routes'
info: Microsoft.AspNetCore.Http.Result.JsonResult[1]
      Setting HTTP status code 401.
info: Microsoft.AspNetCore.Http.Result.JsonResult[3]
      Writing value of type 'KitchenOperationsErrorEnvelopeV1' as Json.
info: Microsoft.AspNetCore.Routing.EndpointMiddleware[1]
      Executed endpoint 'HTTP: GET /api/v1/terminals/{terminalId:guid}/kitchen-operations/routes'
info: Microsoft.AspNetCore.Hosting.Diagnostics[2]
      Request finished HTTP/1.1 GET https://127.0.0.1:40461/api/v1/terminals/0b491154-10d4-422d-a14e-f870aeb014f8/kitchen-operations/routes?terminalId=0b491154-10d4-422d-a14e-f870aeb014f8 - 401 - application/json;+charset=utf-8 1.4204ms
info: Microsoft.AspNetCore.Hosting.Diagnostics[1]
      Request starting HTTP/1.1 POST http://127.0.0.1:40461/api/v1/terminals/05f3b5d3-98db-4a79-87e1-3ef555695fb6/kitchen-operations/routes/9681deb7-3b31-4722-b563-ff061a9cb629?terminalId=05f3b5d3-98db-4a79-87e1-3ef555695fb6 - application/json;+charset=utf-8 2
info: Microsoft.AspNetCore.Routing.EndpointMiddleware[0]
      Executing endpoint 'HTTP: POST /api/v1/terminals/{terminalId:guid}/kitchen-operations/routes/{routeId:guid}'
info: Microsoft.AspNetCore.Http.Result.JsonResult[1]
      Setting HTTP status code 401.
info: Microsoft.AspNetCore.Http.Result.JsonResult[3]
      Writing value of type 'KitchenOperationsErrorEnvelopeV1' as Json.
info: Microsoft.AspNetCore.Routing.EndpointMiddleware[1]
      Executed endpoint 'HTTP: POST /api/v1/terminals/{terminalId:guid}/kitchen-operations/routes/{routeId:guid}'
info: Microsoft.AspNetCore.Hosting.Diagnostics[2]
      Request finished HTTP/1.1 POST https://127.0.0.1:40461/api/v1/terminals/05f3b5d3-98db-4a79-87e1-3ef555695fb6/kitchen-operations/routes/9681deb7-3b31-4722-b563-ff061a9cb629?terminalId=05f3b5d3-98db-4a79-87e1-3ef555695fb6 - 401 - application/json;+charset=utf-8 1.8749ms
info: Microsoft.AspNetCore.Hosting.Diagnostics[1]
      Request starting HTTP/1.1 PUT http://127.0.0.1:40461/api/v1/terminals/381ec237-a6b7-424e-9a83-e503076ca872/kitchen-operations/routes/474b0e71-9ebc-48ba-9404-3dc7e473cdfc?terminalId=381ec237-a6b7-424e-9a83-e503076ca872 - application/json;+charset=utf-8 2
info: Microsoft.AspNetCore.Routing.EndpointMiddleware[0]
      Executing endpoint 'HTTP: PUT /api/v1/terminals/{terminalId:guid}/kitchen-operations/routes/{routeId:guid}'
info: Microsoft.AspNetCore.Http.Result.JsonResult[1]
      Setting HTTP status code 401.
info: Microsoft.AspNetCore.Http.Result.JsonResult[3]
      Writing value of type 'KitchenOperationsErrorEnvelopeV1' as Json.
info: Microsoft.AspNetCore.Routing.EndpointMiddleware[1]
      Executed endpoint 'HTTP: PUT /api/v1/terminals/{terminalId:guid}/kitchen-operations/routes/{routeId:guid}'
info: Microsoft.AspNetCore.Hosting.Diagnostics[2]
      Request finished HTTP/1.1 PUT https://127.0.0.1:40461/api/v1/terminals/381ec237-a6b7-424e-9a83-e503076ca872/kitchen-operations/routes/474b0e71-9ebc-48ba-9404-3dc7e473cdfc?terminalId=381ec237-a6b7-424e-9a83-e503076ca872 - 401 - application/json;+charset=utf-8 1.3314ms
info: Microsoft.AspNetCore.Hosting.Diagnostics[1]
      Request starting HTTP/1.1 GET http://127.0.0.1:40461/api/v1/terminals/cd75f67c-4356-4d6b-a6d1-9d5f44dd6200/kitchen-operations/tickets?terminalId=cd75f67c-4356-4d6b-a6d1-9d5f44dd6200 - - -
info: Microsoft.AspNetCore.Routing.EndpointMiddleware[0]
      Executing endpoint 'HTTP: GET /api/v1/terminals/{terminalId:guid}/kitchen-operations/tickets'
info: Microsoft.AspNetCore.Http.Result.JsonResult[1]
      Setting HTTP status code 401.
info: Microsoft.AspNetCore.Http.Result.JsonResult[3]
      Writing value of type 'KitchenOperationsErrorEnvelopeV1' as Json.
info: Microsoft.AspNetCore.Routing.EndpointMiddleware[1]
      Executed endpoint 'HTTP: GET /api/v1/terminals/{terminalId:guid}/kitchen-operations/tickets'
info: Microsoft.AspNetCore.Hosting.Diagnostics[2]
      Request finished HTTP/1.1 GET https://127.0.0.1:40461/api/v1/terminals/cd75f67c-4356-4d6b-a6d1-9d5f44dd6200/kitchen-operations/tickets?terminalId=cd75f67c-4356-4d6b-a6d1-9d5f44dd6200 - 401 - application/json;+charset=utf-8 1.4924ms
info: Microsoft.AspNetCore.Hosting.Diagnostics[1]
      Request starting HTTP/1.1 GET http://127.0.0.1:40461/api/v1/terminals/146220aa-069a-40bf-985d-b55812249be0/kitchen-operations/tickets/53ceebb5-2da2-414c-9528-705dfc9fee00?terminalId=146220aa-069a-40bf-985d-b55812249be0 - - -
info: Microsoft.AspNetCore.Routing.EndpointMiddleware[0]
      Executing endpoint 'HTTP: GET /api/v1/terminals/{terminalId:guid}/kitchen-operations/tickets/{ticketId:guid}'
info: Microsoft.AspNetCore.Http.Result.JsonResult[1]
      Setting HTTP status code 401.
info: Microsoft.AspNetCore.Http.Result.JsonResult[3]
      Writing value of type 'KitchenOperationsErrorEnvelopeV1' as Json.
info: Microsoft.AspNetCore.Routing.EndpointMiddleware[1]
      Executed endpoint 'HTTP: GET /api/v1/terminals/{terminalId:guid}/kitchen-operations/tickets/{ticketId:guid}'
info: Microsoft.AspNetCore.Hosting.Diagnostics[2]
      Request finished HTTP/1.1 GET https://127.0.0.1:40461/api/v1/terminals/146220aa-069a-40bf-985d-b55812249be0/kitchen-operations/tickets/53ceebb5-2da2-414c-9528-705dfc9fee00?terminalId=146220aa-069a-40bf-985d-b55812249be0 - 401 - application/json;+charset=utf-8 1.8633ms
info: Microsoft.AspNetCore.Hosting.Diagnostics[1]
      Request starting HTTP/1.1 POST http://127.0.0.1:40461/api/v1/terminals/ef0bacfd-f5c9-4b1f-abbc-8f9e88c0e142/kitchen-operations/tickets/c4f679c7-a13f-45cd-a941-70e84f793697/items/145b2773-06b2-4cc7-9875-9ed8e1f79663/transition?terminalId=ef0bacfd-f5c9-4b1f-abbc-8f9e88c0e142 - application/json;+charset=utf-8 2
info: Microsoft.AspNetCore.Routing.EndpointMiddleware[0]
      Executing endpoint 'HTTP: POST /api/v1/terminals/{terminalId:guid}/kitchen-operations/tickets/{ticketId:guid}/items/{itemId:guid}/transition'
info: Microsoft.AspNetCore.Http.Result.JsonResult[1]
      Setting HTTP status code 401.
info: Microsoft.AspNetCore.Http.Result.JsonResult[3]
      Writing value of type 'KitchenOperationsErrorEnvelopeV1' as Json.
info: Microsoft.AspNetCore.Routing.EndpointMiddleware[1]
      Executed endpoint 'HTTP: POST /api/v1/terminals/{terminalId:guid}/kitchen-operations/tickets/{ticketId:guid}/items/{itemId:guid}/transition'
info: Microsoft.AspNetCore.Hosting.Diagnostics[2]
      Request finished HTTP/1.1 POST https://127.0.0.1:40461/api/v1/terminals/ef0bacfd-f5c9-4b1f-abbc-8f9e88c0e142/kitchen-operations/tickets/c4f679c7-a13f-45cd-a941-70e84f793697/items/145b2773-06b2-4cc7-9875-9ed8e1f79663/transition?terminalId=ef0bacfd-f5c9-4b1f-abbc-8f9e88c0e142 - 401 - application/json;+charset=utf-8 0.6416ms
info: Microsoft.AspNetCore.Hosting.Diagnostics[1]
      Request starting HTTP/1.1 POST http://127.0.0.1:40461/api/v1/terminals/73796c06-140e-40be-8db1-f39b4b743146/kitchen-operations/tickets/de6a8497-8317-4559-9ed2-82e2e69c7c9f/items/b666dc49-e6b4-4222-8446-77c760ce3afb/undo?terminalId=73796c06-140e-40be-8db1-f39b4b743146 - application/json;+charset=utf-8 2
info: Microsoft.AspNetCore.Routing.EndpointMiddleware[0]
      Executing endpoint 'HTTP: POST /api/v1/terminals/{terminalId:guid}/kitchen-operations/tickets/{ticketId:guid}/items/{itemId:guid}/undo'
info: Microsoft.AspNetCore.Http.Result.JsonResult[1]
      Setting HTTP status code 401.
info: Microsoft.AspNetCore.Http.Result.JsonResult[3]
      Writing value of type 'KitchenOperationsErrorEnvelopeV1' as Json.
info: Microsoft.AspNetCore.Routing.EndpointMiddleware[1]
      Executed endpoint 'HTTP: POST /api/v1/terminals/{terminalId:guid}/kitchen-operations/tickets/{ticketId:guid}/items/{itemId:guid}/undo'
info: Microsoft.AspNetCore.Hosting.Diagnostics[2]
      Request finished HTTP/1.1 POST https://127.0.0.1:40461/api/v1/terminals/73796c06-140e-40be-8db1-f39b4b743146/kitchen-operations/tickets/de6a8497-8317-4559-9ed2-82e2e69c7c9f/items/b666dc49-e6b4-4222-8446-77c760ce3afb/undo?terminalId=73796c06-140e-40be-8db1-f39b4b743146 - 401 - application/json;+charset=utf-8 0.8648ms
info: Microsoft.AspNetCore.Hosting.Diagnostics[1]
      Request starting HTTP/1.1 POST http://127.0.0.1:40461/api/v1/terminals/3214829b-cf9a-4dd6-8c75-e070805b9e8f/kitchen-operations/tickets/feaafdc3-b0db-4890-bbf8-0eb1c4544022/transition?terminalId=3214829b-cf9a-4dd6-8c75-e070805b9e8f - application/json;+charset=utf-8 2
info: Microsoft.AspNetCore.Routing.EndpointMiddleware[0]
      Executing endpoint 'HTTP: POST /api/v1/terminals/{terminalId:guid}/kitchen-operations/tickets/{ticketId:guid}/transition'
info: Microsoft.AspNetCore.Http.Result.JsonResult[1]
      Setting HTTP status code 401.
info: Microsoft.AspNetCore.Http.Result.JsonResult[3]
      Writing value of type 'KitchenOperationsErrorEnvelopeV1' as Json.
info: Microsoft.AspNetCore.Routing.EndpointMiddleware[1]
      Executed endpoint 'HTTP: POST /api/v1/terminals/{terminalId:guid}/kitchen-operations/tickets/{ticketId:guid}/transition'
info: Microsoft.AspNetCore.Hosting.Diagnostics[2]
      Request finished HTTP/1.1 POST https://127.0.0.1:40461/api/v1/terminals/3214829b-cf9a-4dd6-8c75-e070805b9e8f/kitchen-operations/tickets/feaafdc3-b0db-4890-bbf8-0eb1c4544022/transition?terminalId=3214829b-cf9a-4dd6-8c75-e070805b9e8f - 401 - application/json;+charset=utf-8 0.4817ms
info: Microsoft.AspNetCore.Hosting.Diagnostics[1]
      Request starting HTTP/1.1 POST http://127.0.0.1:40461/api/v1/terminals/6d1a699d-d959-4de8-9696-e5c2631ef4bc/offline-reconciliation/?terminalId=6d1a699d-d959-4de8-9696-e5c2631ef4bc - application/json;+charset=utf-8 2
info: Microsoft.AspNetCore.Routing.EndpointMiddleware[0]
      Executing endpoint 'HTTP: POST /api/v1/terminals/{terminalId:guid}/offline-reconciliation/'
info: Microsoft.AspNetCore.Http.Result.JsonResult[1]
      Setting HTTP status code 401.
info: Microsoft.AspNetCore.Http.Result.JsonResult[3]
      Writing value of type 'OfflineReconciliationErrorV1' as Json.
info: Microsoft.AspNetCore.Routing.EndpointMiddleware[1]
      Executed endpoint 'HTTP: POST /api/v1/terminals/{terminalId:guid}/offline-reconciliation/'
info: Microsoft.AspNetCore.Hosting.Diagnostics[2]
      Request finished HTTP/1.1 POST https://127.0.0.1:40461/api/v1/terminals/6d1a699d-d959-4de8-9696-e5c2631ef4bc/offline-reconciliation/?terminalId=6d1a699d-d959-4de8-9696-e5c2631ef4bc - 401 - application/json;+charset=utf-8 0.5639ms
info: Microsoft.AspNetCore.Hosting.Diagnostics[1]
      Request starting HTTP/1.1 GET http://127.0.0.1:40461/api/v1/terminals/90133343-04f3-4d3c-9828-8ce1d5ce94c0/online-channels?terminalId=90133343-04f3-4d3c-9828-8ce1d5ce94c0 - - -
info: Microsoft.AspNetCore.Routing.EndpointMiddleware[0]
      Executing endpoint 'HTTP: GET /api/v1/terminals/{terminalId:guid}/online-channels'
info: Microsoft.AspNetCore.Http.Result.JsonResult[1]
      Setting HTTP status code 401.
info: Microsoft.AspNetCore.Http.Result.JsonResult[3]
      Writing value of type '<>f__AnonymousType5`1' as Json.
info: Microsoft.AspNetCore.Routing.EndpointMiddleware[1]
      Executed endpoint 'HTTP: GET /api/v1/terminals/{terminalId:guid}/online-channels'
info: Microsoft.AspNetCore.Hosting.Diagnostics[2]
      Request finished HTTP/1.1 GET https://127.0.0.1:40461/api/v1/terminals/90133343-04f3-4d3c-9828-8ce1d5ce94c0/online-channels?terminalId=90133343-04f3-4d3c-9828-8ce1d5ce94c0 - 401 - application/json;+charset=utf-8 3.6254ms
info: Microsoft.AspNetCore.Hosting.Diagnostics[1]
      Request starting HTTP/1.1 GET http://127.0.0.1:40461/api/v1/terminals/1d375392-9303-4176-8502-bb44ba22445c/online-menu/probe?terminalId=1d375392-9303-4176-8502-bb44ba22445c - - -
info: Microsoft.AspNetCore.Routing.EndpointMiddleware[0]
      Executing endpoint 'HTTP: GET /api/v1/terminals/{terminalId:guid}/online-menu/{provider}'
info: Microsoft.AspNetCore.Http.Result.JsonResult[1]
      Setting HTTP status code 401.
info: Microsoft.AspNetCore.Http.Result.JsonResult[3]
      Writing value of type '<>f__AnonymousType5`1' as Json.
info: Microsoft.AspNetCore.Routing.EndpointMiddleware[1]
      Executed endpoint 'HTTP: GET /api/v1/terminals/{terminalId:guid}/online-menu/{provider}'
info: Microsoft.AspNetCore.Hosting.Diagnostics[2]
      Request finished HTTP/1.1 GET https://127.0.0.1:40461/api/v1/terminals/1d375392-9303-4176-8502-bb44ba22445c/online-menu/probe?terminalId=1d375392-9303-4176-8502-bb44ba22445c - 401 - application/json;+charset=utf-8 3.5429ms
info: Microsoft.AspNetCore.Hosting.Diagnostics[1]
      Request starting HTTP/1.1 PUT http://127.0.0.1:40461/api/v1/terminals/4126a663-7bc5-4892-8cc3-ebe4aee9f522/online-menu/probe/mappings/420180e4-3625-4135-b2da-4edcbc209d5b?terminalId=4126a663-7bc5-4892-8cc3-ebe4aee9f522 - application/json;+charset=utf-8 2
info: Microsoft.AspNetCore.Routing.EndpointMiddleware[0]
      Executing endpoint 'HTTP: PUT /api/v1/terminals/{terminalId:guid}/online-menu/{provider}/mappings/{productId:guid}'
info: Microsoft.AspNetCore.Http.Result.JsonResult[1]
      Setting HTTP status code 401.
info: Microsoft.AspNetCore.Http.Result.JsonResult[3]
      Writing value of type '<>f__AnonymousType5`1' as Json.
info: Microsoft.AspNetCore.Routing.EndpointMiddleware[1]
      Executed endpoint 'HTTP: PUT /api/v1/terminals/{terminalId:guid}/online-menu/{provider}/mappings/{productId:guid}'
info: Microsoft.AspNetCore.Hosting.Diagnostics[2]
      Request finished HTTP/1.1 PUT https://127.0.0.1:40461/api/v1/terminals/4126a663-7bc5-4892-8cc3-ebe4aee9f522/online-menu/probe/mappings/420180e4-3625-4135-b2da-4edcbc209d5b?terminalId=4126a663-7bc5-4892-8cc3-ebe4aee9f522 - 401 - application/json;+charset=utf-8 0.7274ms
info: Microsoft.AspNetCore.Hosting.Diagnostics[1]
      Request starting HTTP/1.1 DELETE http://127.0.0.1:40461/api/v1/terminals/492a416b-84d1-492d-b7e6-5e1e629ac909/online-menu/probe/mappings/549ec28d-08b4-4302-8852-68e4a0ec669e?terminalId=492a416b-84d1-492d-b7e6-5e1e629ac909 - application/json;+charset=utf-8 2
info: Microsoft.AspNetCore.Routing.EndpointMiddleware[0]
      Executing endpoint 'HTTP: DELETE /api/v1/terminals/{terminalId:guid}/online-menu/{provider}/mappings/{productId:guid}'
info: Microsoft.AspNetCore.Http.Result.JsonResult[1]
      Setting HTTP status code 401.
info: Microsoft.AspNetCore.Http.Result.JsonResult[3]
      Writing value of type '<>f__AnonymousType5`1' as Json.
info: Microsoft.AspNetCore.Routing.EndpointMiddleware[1]
      Executed endpoint 'HTTP: DELETE /api/v1/terminals/{terminalId:guid}/online-menu/{provider}/mappings/{productId:guid}'
info: Microsoft.AspNetCore.Hosting.Diagnostics[2]
      Request finished HTTP/1.1 DELETE https://127.0.0.1:40461/api/v1/terminals/492a416b-84d1-492d-b7e6-5e1e629ac909/online-menu/probe/mappings/549ec28d-08b4-4302-8852-68e4a0ec669e?terminalId=492a416b-84d1-492d-b7e6-5e1e629ac909 - 401 - application/json;+charset=utf-8 0.5211ms
info: Microsoft.AspNetCore.Hosting.Diagnostics[1]
      Request starting HTTP/1.1 GET http://127.0.0.1:40461/api/v1/terminals/f7e97789-a158-47fa-ac37-85585e25ee0a/online-operations/?terminalId=f7e97789-a158-47fa-ac37-85585e25ee0a - - -
info: Microsoft.AspNetCore.Routing.EndpointMiddleware[0]
      Executing endpoint 'HTTP: GET /api/v1/terminals/{terminalId:guid}/online-operations/'
info: Microsoft.AspNetCore.Http.Result.JsonResult[1]
      Setting HTTP status code 401.
info: Microsoft.AspNetCore.Http.Result.JsonResult[3]
      Writing value of type '<>f__AnonymousType5`1' as Json.
info: Microsoft.AspNetCore.Routing.EndpointMiddleware[1]
      Executed endpoint 'HTTP: GET /api/v1/terminals/{terminalId:guid}/online-operations/'
info: Microsoft.AspNetCore.Hosting.Diagnostics[2]
      Request finished HTTP/1.1 GET https://127.0.0.1:40461/api/v1/terminals/f7e97789-a158-47fa-ac37-85585e25ee0a/online-operations/?terminalId=f7e97789-a158-47fa-ac37-85585e25ee0a - 401 - application/json;+charset=utf-8 2.5228ms
info: Microsoft.AspNetCore.Hosting.Diagnostics[1]
      Request starting HTTP/1.1 POST http://127.0.0.1:40461/api/v1/terminals/6e3bca84-fb6d-490e-bf16-cd7688c86983/online-operations/orders/33f37311-79ea-4d28-accb-8f5b4f522acd/cancel?terminalId=6e3bca84-fb6d-490e-bf16-cd7688c86983 - application/json;+charset=utf-8 2
info: Microsoft.AspNetCore.Routing.EndpointMiddleware[0]
      Executing endpoint 'HTTP: POST /api/v1/terminals/{terminalId:guid}/online-operations/orders/{orderId:guid}/cancel'
info: Microsoft.AspNetCore.Http.Result.JsonResult[1]
      Setting HTTP status code 401.
info: Microsoft.AspNetCore.Http.Result.JsonResult[3]
      Writing value of type '<>f__AnonymousType5`1' as Json.
info: Microsoft.AspNetCore.Routing.EndpointMiddleware[1]
      Executed endpoint 'HTTP: POST /api/v1/terminals/{terminalId:guid}/online-operations/orders/{orderId:guid}/cancel'
info: Microsoft.AspNetCore.Hosting.Diagnostics[2]
      Request finished HTTP/1.1 POST https://127.0.0.1:40461/api/v1/terminals/6e3bca84-fb6d-490e-bf16-cd7688c86983/online-operations/orders/33f37311-79ea-4d28-accb-8f5b4f522acd/cancel?terminalId=6e3bca84-fb6d-490e-bf16-cd7688c86983 - 401 - application/json;+charset=utf-8 2.1383ms
info: Microsoft.AspNetCore.Hosting.Diagnostics[1]
      Request starting HTTP/1.1 GET http://127.0.0.1:40461/api/v1/terminals/9774e6b3-a459-4672-a5f2-7b6b48b497a6/online-operations/orders/8075e621-17f5-4fe1-81f1-8d81aa9b2c8a/customer-note?terminalId=9774e6b3-a459-4672-a5f2-7b6b48b497a6 - - -
info: Microsoft.AspNetCore.Routing.EndpointMiddleware[0]
      Executing endpoint 'HTTP: GET /api/v1/terminals/{terminalId:guid}/online-operations/orders/{orderId:guid}/customer-note'
info: Microsoft.AspNetCore.Http.Result.JsonResult[1]
      Setting HTTP status code 401.
info: Microsoft.AspNetCore.Http.Result.JsonResult[3]
      Writing value of type '<>f__AnonymousType5`1' as Json.
info: Microsoft.AspNetCore.Routing.EndpointMiddleware[1]
      Executed endpoint 'HTTP: GET /api/v1/terminals/{terminalId:guid}/online-operations/orders/{orderId:guid}/customer-note'
info: Microsoft.AspNetCore.Hosting.Diagnostics[2]
      Request finished HTTP/1.1 GET https://127.0.0.1:40461/api/v1/terminals/9774e6b3-a459-4672-a5f2-7b6b48b497a6/online-operations/orders/8075e621-17f5-4fe1-81f1-8d81aa9b2c8a/customer-note?terminalId=9774e6b3-a459-4672-a5f2-7b6b48b497a6 - 401 - application/json;+charset=utf-8 1.9200ms
info: Microsoft.AspNetCore.Hosting.Diagnostics[1]
      Request starting HTTP/1.1 POST http://127.0.0.1:40461/api/v1/terminals/f9db6f64-0988-4248-94db-5eafa164da8c/online-operations/orders/6d46f6a6-7963-4d0c-aec3-217f35195c88/hand-over?terminalId=f9db6f64-0988-4248-94db-5eafa164da8c - application/json;+charset=utf-8 2
info: Microsoft.AspNetCore.Routing.EndpointMiddleware[0]
      Executing endpoint 'HTTP: POST /api/v1/terminals/{terminalId:guid}/online-operations/orders/{orderId:guid}/hand-over'
info: Microsoft.AspNetCore.Http.Result.JsonResult[1]
      Setting HTTP status code 401.
info: Microsoft.AspNetCore.Http.Result.JsonResult[3]
      Writing value of type '<>f__AnonymousType5`1' as Json.
info: Microsoft.AspNetCore.Routing.EndpointMiddleware[1]
      Executed endpoint 'HTTP: POST /api/v1/terminals/{terminalId:guid}/online-operations/orders/{orderId:guid}/hand-over'
info: Microsoft.AspNetCore.Hosting.Diagnostics[2]
      Request finished HTTP/1.1 POST https://127.0.0.1:40461/api/v1/terminals/f9db6f64-0988-4248-94db-5eafa164da8c/online-operations/orders/6d46f6a6-7963-4d0c-aec3-217f35195c88/hand-over?terminalId=f9db6f64-0988-4248-94db-5eafa164da8c - 401 - application/json;+charset=utf-8 0.6363ms
info: Microsoft.AspNetCore.Hosting.Diagnostics[1]
      Request starting HTTP/1.1 POST http://127.0.0.1:40461/api/v1/terminals/49f2bfcb-6fbc-45f7-940f-541326c369f7/online-ordering/catalog-publications/?terminalId=49f2bfcb-6fbc-45f7-940f-541326c369f7 - application/json;+charset=utf-8 2
info: Microsoft.AspNetCore.Routing.EndpointMiddleware[0]
      Executing endpoint 'HTTP: POST /api/v1/terminals/{terminalId:guid}/online-ordering/catalog-publications/'
info: Microsoft.AspNetCore.Http.Result.JsonResult[1]
      Setting HTTP status code 401.
info: Microsoft.AspNetCore.Http.Result.JsonResult[3]
      Writing value of type '<>f__AnonymousType5`1' as Json.
info: Microsoft.AspNetCore.Routing.EndpointMiddleware[1]
      Executed endpoint 'HTTP: POST /api/v1/terminals/{terminalId:guid}/online-ordering/catalog-publications/'
info: Microsoft.AspNetCore.Hosting.Diagnostics[2]
      Request finished HTTP/1.1 POST https://127.0.0.1:40461/api/v1/terminals/49f2bfcb-6fbc-45f7-940f-541326c369f7/online-ordering/catalog-publications/?terminalId=49f2bfcb-6fbc-45f7-940f-541326c369f7 - 401 - application/json;+charset=utf-8 0.6516ms
info: Microsoft.AspNetCore.Hosting.Diagnostics[1]
      Request starting HTTP/1.1 GET http://127.0.0.1:40461/api/v1/terminals/da3b1e42-5ebc-40ad-be80-adc480369cdf/online-platform-credentials/?terminalId=da3b1e42-5ebc-40ad-be80-adc480369cdf - - -
info: Microsoft.AspNetCore.Routing.EndpointMiddleware[0]
      Executing endpoint 'HTTP: GET /api/v1/terminals/{terminalId:guid}/online-platform-credentials/'
info: Microsoft.AspNetCore.Http.Result.JsonResult[1]
      Setting HTTP status code 401.
info: Microsoft.AspNetCore.Http.Result.JsonResult[3]
      Writing value of type '<>f__AnonymousType5`1' as Json.
info: Microsoft.AspNetCore.Routing.EndpointMiddleware[1]
      Executed endpoint 'HTTP: GET /api/v1/terminals/{terminalId:guid}/online-platform-credentials/'
info: Microsoft.AspNetCore.Hosting.Diagnostics[2]
      Request finished HTTP/1.1 GET https://127.0.0.1:40461/api/v1/terminals/da3b1e42-5ebc-40ad-be80-adc480369cdf/online-platform-credentials/?terminalId=da3b1e42-5ebc-40ad-be80-adc480369cdf - 401 - application/json;+charset=utf-8 1.9601ms
info: Microsoft.AspNetCore.Hosting.Diagnostics[1]
      Request starting HTTP/1.1 PUT http://127.0.0.1:40461/api/v1/terminals/61ce0493-43f3-4d73-bd27-b81b9d2afe57/online-platform-credentials/probe?terminalId=61ce0493-43f3-4d73-bd27-b81b9d2afe57 - application/json;+charset=utf-8 2
info: Microsoft.AspNetCore.Routing.EndpointMiddleware[0]
      Executing endpoint 'HTTP: PUT /api/v1/terminals/{terminalId:guid}/online-platform-credentials/{provider}'
info: Microsoft.AspNetCore.Http.Result.JsonResult[1]
      Setting HTTP status code 401.
info: Microsoft.AspNetCore.Http.Result.JsonResult[3]
      Writing value of type '<>f__AnonymousType5`1' as Json.
info: Microsoft.AspNetCore.Routing.EndpointMiddleware[1]
      Executed endpoint 'HTTP: PUT /api/v1/terminals/{terminalId:guid}/online-platform-credentials/{provider}'
info: Microsoft.AspNetCore.Hosting.Diagnostics[2]
      Request finished HTTP/1.1 PUT https://127.0.0.1:40461/api/v1/terminals/61ce0493-43f3-4d73-bd27-b81b9d2afe57/online-platform-credentials/probe?terminalId=61ce0493-43f3-4d73-bd27-b81b9d2afe57 - 401 - application/json;+charset=utf-8 0.7668ms
info: Microsoft.AspNetCore.Hosting.Diagnostics[1]
      Request starting HTTP/1.1 GET http://127.0.0.1:40461/api/v1/terminals/fd3694cc-9e00-4e4b-b384-1131eb7421f9/online-problems/?terminalId=fd3694cc-9e00-4e4b-b384-1131eb7421f9 - - -
info: Microsoft.AspNetCore.Routing.EndpointMiddleware[0]
      Executing endpoint 'HTTP: GET /api/v1/terminals/{terminalId:guid}/online-problems/'
info: Microsoft.AspNetCore.Http.Result.JsonResult[1]
      Setting HTTP status code 401.
info: Microsoft.AspNetCore.Http.Result.JsonResult[3]
      Writing value of type '<>f__AnonymousType5`1' as Json.
info: Microsoft.AspNetCore.Routing.EndpointMiddleware[1]
      Executed endpoint 'HTTP: GET /api/v1/terminals/{terminalId:guid}/online-problems/'
info: Microsoft.AspNetCore.Hosting.Diagnostics[2]
      Request finished HTTP/1.1 GET https://127.0.0.1:40461/api/v1/terminals/fd3694cc-9e00-4e4b-b384-1131eb7421f9/online-problems/?terminalId=fd3694cc-9e00-4e4b-b384-1131eb7421f9 - 401 - application/json;+charset=utf-8 5.0762ms
info: Microsoft.AspNetCore.Hosting.Diagnostics[1]
      Request starting HTTP/1.1 POST http://127.0.0.1:40461/api/v1/terminals/2d8fe039-8e71-47a2-ab51-c15a5f19b895/online-problems/81c18a0f-1fd9-4efd-8993-c8d55930dea6/resolve?terminalId=2d8fe039-8e71-47a2-ab51-c15a5f19b895 - application/json;+charset=utf-8 2
info: Microsoft.AspNetCore.Routing.EndpointMiddleware[0]
      Executing endpoint 'HTTP: POST /api/v1/terminals/{terminalId:guid}/online-problems/{caseId:guid}/resolve'
info: Microsoft.AspNetCore.Http.Result.JsonResult[1]
      Setting HTTP status code 401.
info: Microsoft.AspNetCore.Http.Result.JsonResult[3]
      Writing value of type '<>f__AnonymousType5`1' as Json.
info: Microsoft.AspNetCore.Routing.EndpointMiddleware[1]
      Executed endpoint 'HTTP: POST /api/v1/terminals/{terminalId:guid}/online-problems/{caseId:guid}/resolve'
info: Microsoft.AspNetCore.Hosting.Diagnostics[2]
      Request finished HTTP/1.1 POST https://127.0.0.1:40461/api/v1/terminals/2d8fe039-8e71-47a2-ab51-c15a5f19b895/online-problems/81c18a0f-1fd9-4efd-8993-c8d55930dea6/resolve?terminalId=2d8fe039-8e71-47a2-ab51-c15a5f19b895 - 401 - application/json;+charset=utf-8 0.5572ms
info: Microsoft.AspNetCore.Hosting.Diagnostics[1]
      Request starting HTTP/1.1 POST http://127.0.0.1:40461/api/v1/terminals/70e4c66c-3913-4c53-98b5-2acecb746189/online-problems/d2ec2cc0-f107-41d4-b794-433b69f14e07/retry?terminalId=70e4c66c-3913-4c53-98b5-2acecb746189 - application/json;+charset=utf-8 2
info: Microsoft.AspNetCore.Routing.EndpointMiddleware[0]
      Executing endpoint 'HTTP: POST /api/v1/terminals/{terminalId:guid}/online-problems/{caseId:guid}/retry'
info: Microsoft.AspNetCore.Http.Result.JsonResult[1]
      Setting HTTP status code 401.
info: Microsoft.AspNetCore.Http.Result.JsonResult[3]
      Writing value of type '<>f__AnonymousType5`1' as Json.
info: Microsoft.AspNetCore.Routing.EndpointMiddleware[1]
      Executed endpoint 'HTTP: POST /api/v1/terminals/{terminalId:guid}/online-problems/{caseId:guid}/retry'
info: Microsoft.AspNetCore.Hosting.Diagnostics[2]
      Request finished HTTP/1.1 POST https://127.0.0.1:40461/api/v1/terminals/70e4c66c-3913-4c53-98b5-2acecb746189/online-problems/d2ec2cc0-f107-41d4-b794-433b69f14e07/retry?terminalId=70e4c66c-3913-4c53-98b5-2acecb746189 - 401 - application/json;+charset=utf-8 0.2555ms
info: Microsoft.AspNetCore.Hosting.Diagnostics[1]
      Request starting HTTP/1.1 GET http://127.0.0.1:40461/api/v1/terminals/abc300a9-b489-4a7c-9b9c-1b4c6408fbec/online-store-status/?terminalId=abc300a9-b489-4a7c-9b9c-1b4c6408fbec - - -
info: Microsoft.AspNetCore.Routing.EndpointMiddleware[0]
      Executing endpoint 'HTTP: GET /api/v1/terminals/{terminalId:guid}/online-store-status/'
info: Microsoft.AspNetCore.Http.Result.JsonResult[1]
      Setting HTTP status code 401.
info: Microsoft.AspNetCore.Http.Result.JsonResult[3]
      Writing value of type '<>f__AnonymousType5`1' as Json.
info: Microsoft.AspNetCore.Routing.EndpointMiddleware[1]
      Executed endpoint 'HTTP: GET /api/v1/terminals/{terminalId:guid}/online-store-status/'
info: Microsoft.AspNetCore.Hosting.Diagnostics[2]
      Request finished HTTP/1.1 GET https://127.0.0.1:40461/api/v1/terminals/abc300a9-b489-4a7c-9b9c-1b4c6408fbec/online-store-status/?terminalId=abc300a9-b489-4a7c-9b9c-1b4c6408fbec - 401 - application/json;+charset=utf-8 2.1475ms
info: Microsoft.AspNetCore.Hosting.Diagnostics[1]
      Request starting HTTP/1.1 PUT http://127.0.0.1:40461/api/v1/terminals/a1b47446-69a1-4456-908b-0c84eb2adb10/online-store-status/probe?terminalId=a1b47446-69a1-4456-908b-0c84eb2adb10 - application/json;+charset=utf-8 2
info: Microsoft.AspNetCore.Routing.EndpointMiddleware[0]
      Executing endpoint 'HTTP: PUT /api/v1/terminals/{terminalId:guid}/online-store-status/{provider}'
info: Microsoft.AspNetCore.Http.Result.JsonResult[1]
      Setting HTTP status code 401.
info: Microsoft.AspNetCore.Http.Result.JsonResult[3]
      Writing value of type '<>f__AnonymousType5`1' as Json.
info: Microsoft.AspNetCore.Routing.EndpointMiddleware[1]
      Executed endpoint 'HTTP: PUT /api/v1/terminals/{terminalId:guid}/online-store-status/{provider}'
info: Microsoft.AspNetCore.Hosting.Diagnostics[2]
      Request finished HTTP/1.1 PUT https://127.0.0.1:40461/api/v1/terminals/a1b47446-69a1-4456-908b-0c84eb2adb10/online-store-status/probe?terminalId=a1b47446-69a1-4456-908b-0c84eb2adb10 - 401 - application/json;+charset=utf-8 0.4249ms
info: Microsoft.AspNetCore.Hosting.Diagnostics[1]
      Request starting HTTP/1.1 POST http://127.0.0.1:40461/api/v1/terminals/103ab0c4-e614-4020-af8a-6260e695f83c/orders?terminalId=103ab0c4-e614-4020-af8a-6260e695f83c - application/json;+charset=utf-8 2
info: Microsoft.AspNetCore.Routing.EndpointMiddleware[0]
      Executing endpoint 'HTTP: POST /api/v1/terminals/{terminalId:guid}/orders'
info: Microsoft.AspNetCore.Routing.EndpointMiddleware[1]
      Executed endpoint 'HTTP: POST /api/v1/terminals/{terminalId:guid}/orders'
info: Microsoft.AspNetCore.Hosting.Diagnostics[2]
      Request finished HTTP/1.1 POST https://127.0.0.1:40461/api/v1/terminals/103ab0c4-e614-4020-af8a-6260e695f83c/orders?terminalId=103ab0c4-e614-4020-af8a-6260e695f83c - 401 - application/json;+charset=utf-8 0.3382ms
info: Microsoft.AspNetCore.Hosting.Diagnostics[1]
      Request starting HTTP/1.1 GET http://127.0.0.1:40461/api/v1/terminals/1023f13e-3554-4f92-89cd-42de5c30cef1/orders/active?terminalId=1023f13e-3554-4f92-89cd-42de5c30cef1 - - -
info: Microsoft.AspNetCore.Routing.EndpointMiddleware[0]
      Executing endpoint 'HTTP: GET /api/v1/terminals/{terminalId:guid}/orders/active'
info: Microsoft.AspNetCore.Routing.EndpointMiddleware[1]
      Executed endpoint 'HTTP: GET /api/v1/terminals/{terminalId:guid}/orders/active'
info: Microsoft.AspNetCore.Hosting.Diagnostics[2]
      Request finished HTTP/1.1 GET https://127.0.0.1:40461/api/v1/terminals/1023f13e-3554-4f92-89cd-42de5c30cef1/orders/active?terminalId=1023f13e-3554-4f92-89cd-42de5c30cef1 - 401 - application/json;+charset=utf-8 1.2473ms
info: Microsoft.AspNetCore.Hosting.Diagnostics[1]
      Request starting HTTP/1.1 GET http://127.0.0.1:40461/api/v1/terminals/b707695d-6647-4bd0-9659-a19e67d2a232/orders/awaiting-payment?terminalId=b707695d-6647-4bd0-9659-a19e67d2a232 - - -
info: Microsoft.AspNetCore.Routing.EndpointMiddleware[0]
      Executing endpoint 'HTTP: GET /api/v1/terminals/{terminalId:guid}/orders/awaiting-payment'
info: Microsoft.AspNetCore.Http.Result.JsonResult[1]
      Setting HTTP status code 401.
info: Microsoft.AspNetCore.Http.Result.JsonResult[3]
      Writing value of type '<>f__AnonymousType5`1' as Json.
info: Microsoft.AspNetCore.Routing.EndpointMiddleware[1]
      Executed endpoint 'HTTP: GET /api/v1/terminals/{terminalId:guid}/orders/awaiting-payment'
info: Microsoft.AspNetCore.Hosting.Diagnostics[2]
      Request finished HTTP/1.1 GET https://127.0.0.1:40461/api/v1/terminals/b707695d-6647-4bd0-9659-a19e67d2a232/orders/awaiting-payment?terminalId=b707695d-6647-4bd0-9659-a19e67d2a232 - 401 - application/json;+charset=utf-8 1.2739ms
info: Microsoft.AspNetCore.Hosting.Diagnostics[1]
      Request starting HTTP/1.1 POST http://127.0.0.1:40461/api/v1/terminals/7ea08142-c468-4f70-a14f-cdc53895404b/orders/handoff-note/pop?terminalId=7ea08142-c468-4f70-a14f-cdc53895404b - application/json;+charset=utf-8 2
info: Microsoft.AspNetCore.Routing.EndpointMiddleware[0]
      Executing endpoint 'HTTP: POST /api/v1/terminals/{terminalId:guid}/orders/handoff-note/pop'
info: Microsoft.AspNetCore.Http.Result.JsonResult[1]
      Setting HTTP status code 401.
info: Microsoft.AspNetCore.Http.Result.JsonResult[3]
      Writing value of type '<>f__AnonymousType5`1' as Json.
info: Microsoft.AspNetCore.Routing.EndpointMiddleware[1]
      Executed endpoint 'HTTP: POST /api/v1/terminals/{terminalId:guid}/orders/handoff-note/pop'
info: Microsoft.AspNetCore.Hosting.Diagnostics[2]
      Request finished HTTP/1.1 POST https://127.0.0.1:40461/api/v1/terminals/7ea08142-c468-4f70-a14f-cdc53895404b/orders/handoff-note/pop?terminalId=7ea08142-c468-4f70-a14f-cdc53895404b - 401 - application/json;+charset=utf-8 0.3560ms
info: Microsoft.AspNetCore.Hosting.Diagnostics[1]
      Request starting HTTP/1.1 GET http://127.0.0.1:40461/api/v1/terminals/d379401c-82aa-4419-88c1-c5597895882c/orders/my-shift-summary?terminalId=d379401c-82aa-4419-88c1-c5597895882c - - -
info: Microsoft.AspNetCore.Routing.EndpointMiddleware[0]
      Executing endpoint 'HTTP: GET /api/v1/terminals/{terminalId:guid}/orders/my-shift-summary'
info: Microsoft.AspNetCore.Http.Result.JsonResult[1]
      Setting HTTP status code 401.
info: Microsoft.AspNetCore.Http.Result.JsonResult[3]
      Writing value of type '<>f__AnonymousType5`1' as Json.
info: Microsoft.AspNetCore.Routing.EndpointMiddleware[1]
      Executed endpoint 'HTTP: GET /api/v1/terminals/{terminalId:guid}/orders/my-shift-summary'
info: Microsoft.AspNetCore.Hosting.Diagnostics[2]
      Request finished HTTP/1.1 GET https://127.0.0.1:40461/api/v1/terminals/d379401c-82aa-4419-88c1-c5597895882c/orders/my-shift-summary?terminalId=d379401c-82aa-4419-88c1-c5597895882c - 401 - application/json;+charset=utf-8 1.7401ms
info: Microsoft.AspNetCore.Hosting.Diagnostics[1]
      Request starting HTTP/1.1 GET http://127.0.0.1:40461/api/v1/terminals/27463c3c-d2ca-464e-a8b5-eca2f03f1fda/orders/pending?terminalId=27463c3c-d2ca-464e-a8b5-eca2f03f1fda - - -
info: Microsoft.AspNetCore.Routing.EndpointMiddleware[0]
      Executing endpoint 'HTTP: GET /api/v1/terminals/{terminalId:guid}/orders/pending'
info: Microsoft.AspNetCore.Http.Result.JsonResult[1]
      Setting HTTP status code 401.
info: Microsoft.AspNetCore.Http.Result.JsonResult[3]
      Writing value of type '<>f__AnonymousType5`1' as Json.
info: Microsoft.AspNetCore.Routing.EndpointMiddleware[1]
      Executed endpoint 'HTTP: GET /api/v1/terminals/{terminalId:guid}/orders/pending'
info: Microsoft.AspNetCore.Hosting.Diagnostics[2]
      Request finished HTTP/1.1 GET https://127.0.0.1:40461/api/v1/terminals/27463c3c-d2ca-464e-a8b5-eca2f03f1fda/orders/pending?terminalId=27463c3c-d2ca-464e-a8b5-eca2f03f1fda - 401 - application/json;+charset=utf-8 1.3725ms
info: Microsoft.AspNetCore.Hosting.Diagnostics[1]
      Request starting HTTP/1.1 GET http://127.0.0.1:40461/api/v1/terminals/cb60fc58-8731-4dc7-8297-1f55bfe8fa8b/orders/staff?terminalId=cb60fc58-8731-4dc7-8297-1f55bfe8fa8b - - -
info: Microsoft.AspNetCore.Routing.EndpointMiddleware[0]
      Executing endpoint 'HTTP: GET /api/v1/terminals/{terminalId:guid}/orders/staff'
info: Microsoft.AspNetCore.Http.Result.JsonResult[1]
      Setting HTTP status code 401.
info: Microsoft.AspNetCore.Http.Result.JsonResult[3]
      Writing value of type '<>f__AnonymousType5`1' as Json.
info: Microsoft.AspNetCore.Routing.EndpointMiddleware[1]
      Executed endpoint 'HTTP: GET /api/v1/terminals/{terminalId:guid}/orders/staff'
info: Microsoft.AspNetCore.Hosting.Diagnostics[2]
      Request finished HTTP/1.1 GET https://127.0.0.1:40461/api/v1/terminals/cb60fc58-8731-4dc7-8297-1f55bfe8fa8b/orders/staff?terminalId=cb60fc58-8731-4dc7-8297-1f55bfe8fa8b - 401 - application/json;+charset=utf-8 1.6312ms
info: Microsoft.AspNetCore.Hosting.Diagnostics[1]
      Request starting HTTP/1.1 GET http://127.0.0.1:40461/api/v1/terminals/aae834be-8746-4ced-bb67-67c70f478e41/orders/suggested-waiter?terminalId=aae834be-8746-4ced-bb67-67c70f478e41 - - -
info: Microsoft.AspNetCore.Routing.EndpointMiddleware[0]
      Executing endpoint 'HTTP: GET /api/v1/terminals/{terminalId:guid}/orders/suggested-waiter'
info: Microsoft.AspNetCore.Http.Result.JsonResult[1]
      Setting HTTP status code 401.
info: Microsoft.AspNetCore.Http.Result.JsonResult[3]
      Writing value of type '<>f__AnonymousType5`1' as Json.
info: Microsoft.AspNetCore.Routing.EndpointMiddleware[1]
      Executed endpoint 'HTTP: GET /api/v1/terminals/{terminalId:guid}/orders/suggested-waiter'
info: Microsoft.AspNetCore.Hosting.Diagnostics[2]
      Request finished HTTP/1.1 GET https://127.0.0.1:40461/api/v1/terminals/aae834be-8746-4ced-bb67-67c70f478e41/orders/suggested-waiter?terminalId=aae834be-8746-4ced-bb67-67c70f478e41 - 401 - application/json;+charset=utf-8 1.1279ms
info: Microsoft.AspNetCore.Hosting.Diagnostics[1]
      Request starting HTTP/1.1 POST http://127.0.0.1:40461/api/v1/terminals/f94f6cc8-849d-4d7f-ac88-06c6637bfb2a/orders/table?terminalId=f94f6cc8-849d-4d7f-ac88-06c6637bfb2a - application/json;+charset=utf-8 2
info: Microsoft.AspNetCore.Routing.EndpointMiddleware[0]
      Executing endpoint 'HTTP: POST /api/v1/terminals/{terminalId:guid}/orders/table'
info: Microsoft.AspNetCore.Routing.EndpointMiddleware[1]
      Executed endpoint 'HTTP: POST /api/v1/terminals/{terminalId:guid}/orders/table'
info: Microsoft.AspNetCore.Hosting.Diagnostics[2]
      Request finished HTTP/1.1 POST https://127.0.0.1:40461/api/v1/terminals/f94f6cc8-849d-4d7f-ac88-06c6637bfb2a/orders/table?terminalId=f94f6cc8-849d-4d7f-ac88-06c6637bfb2a - 401 - application/json;+charset=utf-8 0.8168ms
info: Microsoft.AspNetCore.Hosting.Diagnostics[1]
      Request starting HTTP/1.1 POST http://127.0.0.1:40461/api/v1/terminals/fab517c4-b487-4a26-8676-07ecfa42437e/orders/table-draft?terminalId=fab517c4-b487-4a26-8676-07ecfa42437e - application/json;+charset=utf-8 2
info: Microsoft.AspNetCore.Routing.EndpointMiddleware[0]
      Executing endpoint 'HTTP: POST /api/v1/terminals/{terminalId:guid}/orders/table-draft'
info: Microsoft.AspNetCore.Http.Result.JsonResult[1]
      Setting HTTP status code 401.
info: Microsoft.AspNetCore.Http.Result.JsonResult[3]
      Writing value of type '<>f__AnonymousType5`1' as Json.
info: Microsoft.AspNetCore.Routing.EndpointMiddleware[1]
      Executed endpoint 'HTTP: POST /api/v1/terminals/{terminalId:guid}/orders/table-draft'
info: Microsoft.AspNetCore.Hosting.Diagnostics[2]
      Request finished HTTP/1.1 POST https://127.0.0.1:40461/api/v1/terminals/fab517c4-b487-4a26-8676-07ecfa42437e/orders/table-draft?terminalId=fab517c4-b487-4a26-8676-07ecfa42437e - 401 - application/json;+charset=utf-8 0.3848ms
info: Microsoft.AspNetCore.Hosting.Diagnostics[1]
      Request starting HTTP/1.1 GET http://127.0.0.1:40461/api/v1/terminals/b9efd5a6-320d-42c5-b285-447391e1db84/orders/table/4b908172-9b83-42b5-bb88-9077fab4e45e?terminalId=b9efd5a6-320d-42c5-b285-447391e1db84 - - -
info: Microsoft.AspNetCore.Routing.EndpointMiddleware[0]
      Executing endpoint 'HTTP: GET /api/v1/terminals/{terminalId:guid}/orders/table/{tableId:guid}'
info: Microsoft.AspNetCore.Http.Result.JsonResult[1]
      Setting HTTP status code 401.
info: Microsoft.AspNetCore.Http.Result.JsonResult[3]
      Writing value of type '<>f__AnonymousType5`1' as Json.
info: Microsoft.AspNetCore.Routing.EndpointMiddleware[1]
      Executed endpoint 'HTTP: GET /api/v1/terminals/{terminalId:guid}/orders/table/{tableId:guid}'
info: Microsoft.AspNetCore.Hosting.Diagnostics[2]
      Request finished HTTP/1.1 GET https://127.0.0.1:40461/api/v1/terminals/b9efd5a6-320d-42c5-b285-447391e1db84/orders/table/4b908172-9b83-42b5-bb88-9077fab4e45e?terminalId=b9efd5a6-320d-42c5-b285-447391e1db84 - 401 - application/json;+charset=utf-8 1.4698ms
info: Microsoft.AspNetCore.Hosting.Diagnostics[1]
      Request starting HTTP/1.1 POST http://127.0.0.1:40461/api/v1/terminals/e5ecb4aa-3d8c-4048-bb22-738b8db6054c/orders/transfer-server?terminalId=e5ecb4aa-3d8c-4048-bb22-738b8db6054c - application/json;+charset=utf-8 2
info: Microsoft.AspNetCore.Routing.EndpointMiddleware[0]
      Executing endpoint 'HTTP: POST /api/v1/terminals/{terminalId:guid}/orders/transfer-server'
info: Microsoft.AspNetCore.Http.Result.JsonResult[1]
      Setting HTTP status code 401.
info: Microsoft.AspNetCore.Http.Result.JsonResult[3]
      Writing value of type '<>f__AnonymousType5`1' as Json.
info: Microsoft.AspNetCore.Routing.EndpointMiddleware[1]
      Executed endpoint 'HTTP: POST /api/v1/terminals/{terminalId:guid}/orders/transfer-server'
info: Microsoft.AspNetCore.Hosting.Diagnostics[2]
      Request finished HTTP/1.1 POST https://127.0.0.1:40461/api/v1/terminals/e5ecb4aa-3d8c-4048-bb22-738b8db6054c/orders/transfer-server?terminalId=e5ecb4aa-3d8c-4048-bb22-738b8db6054c - 401 - application/json;+charset=utf-8 0.6116ms
info: Microsoft.AspNetCore.Hosting.Diagnostics[1]
      Request starting HTTP/1.1 GET http://127.0.0.1:40461/api/v1/terminals/ccde47e0-05a2-4410-b160-8d6abc28e0d8/orders/waiter-load?terminalId=ccde47e0-05a2-4410-b160-8d6abc28e0d8 - - -
info: Microsoft.AspNetCore.Routing.EndpointMiddleware[0]
      Executing endpoint 'HTTP: GET /api/v1/terminals/{terminalId:guid}/orders/waiter-load'
info: Microsoft.AspNetCore.Http.Result.JsonResult[1]
      Setting HTTP status code 401.
info: Microsoft.AspNetCore.Http.Result.JsonResult[3]
      Writing value of type '<>f__AnonymousType5`1' as Json.
info: Microsoft.AspNetCore.Routing.EndpointMiddleware[1]
      Executed endpoint 'HTTP: GET /api/v1/terminals/{terminalId:guid}/orders/waiter-load'
info: Microsoft.AspNetCore.Hosting.Diagnostics[2]
      Request finished HTTP/1.1 GET https://127.0.0.1:40461/api/v1/terminals/ccde47e0-05a2-4410-b160-8d6abc28e0d8/orders/waiter-load?terminalId=ccde47e0-05a2-4410-b160-8d6abc28e0d8 - 401 - application/json;+charset=utf-8 0.8974ms
info: Microsoft.AspNetCore.Hosting.Diagnostics[1]
      Request starting HTTP/1.1 GET http://127.0.0.1:40461/api/v1/terminals/9303621e-111e-45a5-94f3-7806e7132a30/orders/8b71087a-53a1-499e-96ca-a33005ed7473?terminalId=9303621e-111e-45a5-94f3-7806e7132a30 - - -
info: Microsoft.AspNetCore.Routing.EndpointMiddleware[0]
      Executing endpoint 'HTTP: GET /api/v1/terminals/{terminalId:guid}/orders/{orderId:guid}'
info: Microsoft.AspNetCore.Http.Result.JsonResult[1]
      Setting HTTP status code 401.
info: Microsoft.AspNetCore.Http.Result.JsonResult[3]
      Writing value of type '<>f__AnonymousType5`1' as Json.
info: Microsoft.AspNetCore.Routing.EndpointMiddleware[1]
      Executed endpoint 'HTTP: GET /api/v1/terminals/{terminalId:guid}/orders/{orderId:guid}'
info: Microsoft.AspNetCore.Hosting.Diagnostics[2]
      Request finished HTTP/1.1 GET https://127.0.0.1:40461/api/v1/terminals/9303621e-111e-45a5-94f3-7806e7132a30/orders/8b71087a-53a1-499e-96ca-a33005ed7473?terminalId=9303621e-111e-45a5-94f3-7806e7132a30 - 401 - application/json;+charset=utf-8 1.6334ms
info: Microsoft.AspNetCore.Hosting.Diagnostics[1]
      Request starting HTTP/1.1 POST http://127.0.0.1:40461/api/v1/terminals/9e450f8b-804d-4624-96e2-17a2608e0c6d/orders/6b522cb0-b424-4d3c-a17f-c162df32d6ff/accept?terminalId=9e450f8b-804d-4624-96e2-17a2608e0c6d - application/json;+charset=utf-8 2
info: Microsoft.AspNetCore.Routing.EndpointMiddleware[0]
      Executing endpoint 'HTTP: POST /api/v1/terminals/{terminalId:guid}/orders/{orderId:guid}/accept'
info: Microsoft.AspNetCore.Http.Result.JsonResult[1]
      Setting HTTP status code 401.
info: Microsoft.AspNetCore.Http.Result.JsonResult[3]
      Writing value of type '<>f__AnonymousType5`1' as Json.
info: Microsoft.AspNetCore.Routing.EndpointMiddleware[1]
      Executed endpoint 'HTTP: POST /api/v1/terminals/{terminalId:guid}/orders/{orderId:guid}/accept'
info: Microsoft.AspNetCore.Hosting.Diagnostics[2]
      Request finished HTTP/1.1 POST https://127.0.0.1:40461/api/v1/terminals/9e450f8b-804d-4624-96e2-17a2608e0c6d/orders/6b522cb0-b424-4d3c-a17f-c162df32d6ff/accept?terminalId=9e450f8b-804d-4624-96e2-17a2608e0c6d - 401 - application/json;+charset=utf-8 0.7111ms
info: Microsoft.AspNetCore.Hosting.Diagnostics[1]
      Request starting HTTP/1.1 POST http://127.0.0.1:40461/api/v1/terminals/8894a322-28c2-4a04-9809-48a21372d776/orders/ab85c897-aa44-4653-9bc5-39de8e0af533/fire-course?terminalId=8894a322-28c2-4a04-9809-48a21372d776 - application/json;+charset=utf-8 2
info: Microsoft.AspNetCore.Routing.EndpointMiddleware[0]
      Executing endpoint 'HTTP: POST /api/v1/terminals/{terminalId:guid}/orders/{orderId:guid}/fire-course'
info: Microsoft.AspNetCore.Http.Result.JsonResult[1]
      Setting HTTP status code 401.
info: Microsoft.AspNetCore.Http.Result.JsonResult[3]
      Writing value of type '<>f__AnonymousType5`1' as Json.
info: Microsoft.AspNetCore.Routing.EndpointMiddleware[1]
      Executed endpoint 'HTTP: POST /api/v1/terminals/{terminalId:guid}/orders/{orderId:guid}/fire-course'
info: Microsoft.AspNetCore.Hosting.Diagnostics[2]
      Request finished HTTP/1.1 POST https://127.0.0.1:40461/api/v1/terminals/8894a322-28c2-4a04-9809-48a21372d776/orders/ab85c897-aa44-4653-9bc5-39de8e0af533/fire-course?terminalId=8894a322-28c2-4a04-9809-48a21372d776 - 401 - application/json;+charset=utf-8 0.3723ms
info: Microsoft.AspNetCore.Hosting.Diagnostics[1]
      Request starting HTTP/1.1 POST http://127.0.0.1:40461/api/v1/terminals/8933a0ff-413d-40cf-8050-7ca9a7208aee/orders/df56bf3f-851b-4c1a-baf8-1d2bbbfc1eff/items?terminalId=8933a0ff-413d-40cf-8050-7ca9a7208aee - application/json;+charset=utf-8 2
info: Microsoft.AspNetCore.Routing.EndpointMiddleware[0]
      Executing endpoint 'HTTP: POST /api/v1/terminals/{terminalId:guid}/orders/{orderId:guid}/items'
info: Microsoft.AspNetCore.Routing.EndpointMiddleware[1]
      Executed endpoint 'HTTP: POST /api/v1/terminals/{terminalId:guid}/orders/{orderId:guid}/items'
info: Microsoft.AspNetCore.Hosting.Diagnostics[2]
      Request finished HTTP/1.1 POST https://127.0.0.1:40461/api/v1/terminals/8933a0ff-413d-40cf-8050-7ca9a7208aee/orders/df56bf3f-851b-4c1a-baf8-1d2bbbfc1eff/items?terminalId=8933a0ff-413d-40cf-8050-7ca9a7208aee - 401 - application/json;+charset=utf-8 0.4927ms
info: Microsoft.AspNetCore.Hosting.Diagnostics[1]
      Request starting HTTP/1.1 PATCH http://127.0.0.1:40461/api/v1/terminals/e94f93a5-b194-4919-8175-73a99e829bb6/orders/3c98b4c4-ffd7-4566-80e6-0cbd97313245/items/efec1cc7-f985-417a-90eb-983cc4876503?terminalId=e94f93a5-b194-4919-8175-73a99e829bb6 - application/json;+charset=utf-8 2
info: Microsoft.AspNetCore.Routing.EndpointMiddleware[0]
      Executing endpoint 'HTTP: PATCH /api/v1/terminals/{terminalId:guid}/orders/{orderId:guid}/items/{itemId:guid}'
info: Microsoft.AspNetCore.Routing.EndpointMiddleware[1]
      Executed endpoint 'HTTP: PATCH /api/v1/terminals/{terminalId:guid}/orders/{orderId:guid}/items/{itemId:guid}'
info: Microsoft.AspNetCore.Hosting.Diagnostics[2]
      Request finished HTTP/1.1 PATCH https://127.0.0.1:40461/api/v1/terminals/e94f93a5-b194-4919-8175-73a99e829bb6/orders/3c98b4c4-ffd7-4566-80e6-0cbd97313245/items/efec1cc7-f985-417a-90eb-983cc4876503?terminalId=e94f93a5-b194-4919-8175-73a99e829bb6 - 401 - application/json;+charset=utf-8 0.5133ms
info: Microsoft.AspNetCore.Hosting.Diagnostics[1]
      Request starting HTTP/1.1 DELETE http://127.0.0.1:40461/api/v1/terminals/e76a6c2d-ef3c-4456-90f8-7e3d68ef6649/orders/377ccc16-393c-4085-9a9e-da49034e4a7f/items/5b137fd0-6079-42dc-98a1-333ba3a766a2?terminalId=e76a6c2d-ef3c-4456-90f8-7e3d68ef6649 - application/json;+charset=utf-8 2
info: Microsoft.AspNetCore.Routing.EndpointMiddleware[0]
      Executing endpoint 'HTTP: DELETE /api/v1/terminals/{terminalId:guid}/orders/{orderId:guid}/items/{itemId:guid}'
info: Microsoft.AspNetCore.Routing.EndpointMiddleware[1]
      Executed endpoint 'HTTP: DELETE /api/v1/terminals/{terminalId:guid}/orders/{orderId:guid}/items/{itemId:guid}'
info: Microsoft.AspNetCore.Hosting.Diagnostics[2]
      Request finished HTTP/1.1 DELETE https://127.0.0.1:40461/api/v1/terminals/e76a6c2d-ef3c-4456-90f8-7e3d68ef6649/orders/377ccc16-393c-4085-9a9e-da49034e4a7f/items/5b137fd0-6079-42dc-98a1-333ba3a766a2?terminalId=e76a6c2d-ef3c-4456-90f8-7e3d68ef6649 - 400 0 - 0.1603ms
info: Microsoft.AspNetCore.Hosting.Diagnostics[1]
      Request starting HTTP/1.1 POST http://127.0.0.1:40461/api/v1/terminals/b80710ee-54bc-414d-9c13-980771c4ea7e/orders/d2ddba90-7cbb-4945-a67d-99028fbe1b10/items/d6d6a1c7-adfe-4875-9a8b-824014e88577/comp?terminalId=b80710ee-54bc-414d-9c13-980771c4ea7e - application/json;+charset=utf-8 2
info: Microsoft.AspNetCore.Routing.EndpointMiddleware[0]
      Executing endpoint 'HTTP: POST /api/v1/terminals/{terminalId:guid}/orders/{orderId:guid}/items/{itemId:guid}/comp'
info: Microsoft.AspNetCore.Http.Result.JsonResult[1]
      Setting HTTP status code 401.
info: Microsoft.AspNetCore.Http.Result.JsonResult[3]
      Writing value of type '<>f__AnonymousType5`1' as Json.
info: Microsoft.AspNetCore.Routing.EndpointMiddleware[1]
      Executed endpoint 'HTTP: POST /api/v1/terminals/{terminalId:guid}/orders/{orderId:guid}/items/{itemId:guid}/comp'
info: Microsoft.AspNetCore.Hosting.Diagnostics[2]
      Request finished HTTP/1.1 POST https://127.0.0.1:40461/api/v1/terminals/b80710ee-54bc-414d-9c13-980771c4ea7e/orders/d2ddba90-7cbb-4945-a67d-99028fbe1b10/items/d6d6a1c7-adfe-4875-9a8b-824014e88577/comp?terminalId=b80710ee-54bc-414d-9c13-980771c4ea7e - 401 - application/json;+charset=utf-8 0.4043ms
info: Microsoft.AspNetCore.Hosting.Diagnostics[1]
      Request starting HTTP/1.1 POST http://127.0.0.1:40461/api/v1/terminals/dbc0afc2-bcc1-4b38-b6e1-a974850c62bb/orders/e1f09057-8716-4d2e-9dbc-fdd483400632/items/e40bee83-7334-4b58-b12c-0b63101307d9/void?terminalId=dbc0afc2-bcc1-4b38-b6e1-a974850c62bb - application/json;+charset=utf-8 2
info: Microsoft.AspNetCore.Routing.EndpointMiddleware[0]
      Executing endpoint 'HTTP: POST /api/v1/terminals/{terminalId:guid}/orders/{orderId:guid}/items/{itemId:guid}/void'
info: Microsoft.AspNetCore.Http.Result.JsonResult[1]
      Setting HTTP status code 401.
info: Microsoft.AspNetCore.Http.Result.JsonResult[3]
      Writing value of type '<>f__AnonymousType5`1' as Json.
info: Microsoft.AspNetCore.Routing.EndpointMiddleware[1]
      Executed endpoint 'HTTP: POST /api/v1/terminals/{terminalId:guid}/orders/{orderId:guid}/items/{itemId:guid}/void'
info: Microsoft.AspNetCore.Hosting.Diagnostics[2]
      Request finished HTTP/1.1 POST https://127.0.0.1:40461/api/v1/terminals/dbc0afc2-bcc1-4b38-b6e1-a974850c62bb/orders/e1f09057-8716-4d2e-9dbc-fdd483400632/items/e40bee83-7334-4b58-b12c-0b63101307d9/void?terminalId=dbc0afc2-bcc1-4b38-b6e1-a974850c62bb - 401 - application/json;+charset=utf-8 0.3049ms
info: Microsoft.AspNetCore.Hosting.Diagnostics[1]
      Request starting HTTP/1.1 POST http://127.0.0.1:40461/api/v1/terminals/371bdaaa-888d-4a8b-9deb-d177abaf627c/orders/d7ad1a73-3cbe-4da8-8a2d-1f07d73ba1ae/items/7bcda153-155c-49ef-8540-8fd4a7dd9c4a/void-sent?terminalId=371bdaaa-888d-4a8b-9deb-d177abaf627c - application/json;+charset=utf-8 2
info: Microsoft.AspNetCore.Routing.EndpointMiddleware[0]
      Executing endpoint 'HTTP: POST /api/v1/terminals/{terminalId:guid}/orders/{orderId:guid}/items/{itemId:guid}/void-sent'
info: Microsoft.AspNetCore.Http.Result.JsonResult[1]
      Setting HTTP status code 401.
info: Microsoft.AspNetCore.Http.Result.JsonResult[3]
      Writing value of type '<>f__AnonymousType5`1' as Json.
info: Microsoft.AspNetCore.Routing.EndpointMiddleware[1]
      Executed endpoint 'HTTP: POST /api/v1/terminals/{terminalId:guid}/orders/{orderId:guid}/items/{itemId:guid}/void-sent'
info: Microsoft.AspNetCore.Hosting.Diagnostics[2]
      Request finished HTTP/1.1 POST https://127.0.0.1:40461/api/v1/terminals/371bdaaa-888d-4a8b-9deb-d177abaf627c/orders/d7ad1a73-3cbe-4da8-8a2d-1f07d73ba1ae/items/7bcda153-155c-49ef-8540-8fd4a7dd9c4a/void-sent?terminalId=371bdaaa-888d-4a8b-9deb-d177abaf627c - 401 - application/json;+charset=utf-8 0.7058ms
info: Microsoft.AspNetCore.Hosting.Diagnostics[1]
      Request starting HTTP/1.1 POST http://127.0.0.1:40461/api/v1/terminals/f1f44d89-ac37-416d-9d11-a9dcb8a8b9d9/orders/2db2088a-6afd-4519-ac19-a43b9a24648c/recall-from-cashier?terminalId=f1f44d89-ac37-416d-9d11-a9dcb8a8b9d9 - application/json;+charset=utf-8 2
info: Microsoft.AspNetCore.Routing.EndpointMiddleware[0]
      Executing endpoint 'HTTP: POST /api/v1/terminals/{terminalId:guid}/orders/{orderId:guid}/recall-from-cashier'
info: Microsoft.AspNetCore.Http.Result.JsonResult[1]
      Setting HTTP status code 401.
info: Microsoft.AspNetCore.Http.Result.JsonResult[3]
      Writing value of type '<>f__AnonymousType5`1' as Json.
info: Microsoft.AspNetCore.Routing.EndpointMiddleware[1]
      Executed endpoint 'HTTP: POST /api/v1/terminals/{terminalId:guid}/orders/{orderId:guid}/recall-from-cashier'
info: Microsoft.AspNetCore.Hosting.Diagnostics[2]
      Request finished HTTP/1.1 POST https://127.0.0.1:40461/api/v1/terminals/f1f44d89-ac37-416d-9d11-a9dcb8a8b9d9/orders/2db2088a-6afd-4519-ac19-a43b9a24648c/recall-from-cashier?terminalId=f1f44d89-ac37-416d-9d11-a9dcb8a8b9d9 - 401 - application/json;+charset=utf-8 0.6661ms
info: Microsoft.AspNetCore.Hosting.Diagnostics[1]
      Request starting HTTP/1.1 POST http://127.0.0.1:40461/api/v1/terminals/cb158c56-fdfb-474a-bb10-a7108f0987db/orders/1b9435c3-694f-4382-ae74-5c9c529c88fc/reject?terminalId=cb158c56-fdfb-474a-bb10-a7108f0987db - application/json;+charset=utf-8 2
info: Microsoft.AspNetCore.Routing.EndpointMiddleware[0]
      Executing endpoint 'HTTP: POST /api/v1/terminals/{terminalId:guid}/orders/{orderId:guid}/reject'
info: Microsoft.AspNetCore.Http.Result.JsonResult[1]
      Setting HTTP status code 401.
info: Microsoft.AspNetCore.Http.Result.JsonResult[3]
      Writing value of type '<>f__AnonymousType5`1' as Json.
info: Microsoft.AspNetCore.Routing.EndpointMiddleware[1]
      Executed endpoint 'HTTP: POST /api/v1/terminals/{terminalId:guid}/orders/{orderId:guid}/reject'
info: Microsoft.AspNetCore.Hosting.Diagnostics[2]
      Request finished HTTP/1.1 POST https://127.0.0.1:40461/api/v1/terminals/cb158c56-fdfb-474a-bb10-a7108f0987db/orders/1b9435c3-694f-4382-ae74-5c9c529c88fc/reject?terminalId=cb158c56-fdfb-474a-bb10-a7108f0987db - 401 - application/json;+charset=utf-8 0.4677ms
info: Microsoft.AspNetCore.Hosting.Diagnostics[1]
      Request starting HTTP/1.1 POST http://127.0.0.1:40461/api/v1/terminals/fd0c7d3e-0b42-44a5-8bf9-0b0c31124b33/orders/2f41865c-fa8b-4992-a26e-bd3ac500888d/send-to-cashier?terminalId=fd0c7d3e-0b42-44a5-8bf9-0b0c31124b33 - application/json;+charset=utf-8 2
info: Microsoft.AspNetCore.Routing.EndpointMiddleware[0]
      Executing endpoint 'HTTP: POST /api/v1/terminals/{terminalId:guid}/orders/{orderId:guid}/send-to-cashier'
info: Microsoft.AspNetCore.Http.Result.JsonResult[1]
      Setting HTTP status code 401.
info: Microsoft.AspNetCore.Http.Result.JsonResult[3]
      Writing value of type '<>f__AnonymousType5`1' as Json.
info: Microsoft.AspNetCore.Routing.EndpointMiddleware[1]
      Executed endpoint 'HTTP: POST /api/v1/terminals/{terminalId:guid}/orders/{orderId:guid}/send-to-cashier'
info: Microsoft.AspNetCore.Hosting.Diagnostics[2]
      Request finished HTTP/1.1 POST https://127.0.0.1:40461/api/v1/terminals/fd0c7d3e-0b42-44a5-8bf9-0b0c31124b33/orders/2f41865c-fa8b-4992-a26e-bd3ac500888d/send-to-cashier?terminalId=fd0c7d3e-0b42-44a5-8bf9-0b0c31124b33 - 401 - application/json;+charset=utf-8 0.3460ms
info: Microsoft.AspNetCore.Hosting.Diagnostics[1]
      Request starting HTTP/1.1 POST http://127.0.0.1:40461/api/v1/terminals/47b7f432-5703-4b8e-8999-338373b47109/orders/713635b0-01c7-4239-a93e-ac7e7fb0bd8b/submit?terminalId=47b7f432-5703-4b8e-8999-338373b47109 - application/json;+charset=utf-8 2
info: Microsoft.AspNetCore.Routing.EndpointMiddleware[0]
      Executing endpoint 'HTTP: POST /api/v1/terminals/{terminalId:guid}/orders/{orderId:guid}/submit'
info: Microsoft.AspNetCore.Routing.EndpointMiddleware[1]
      Executed endpoint 'HTTP: POST /api/v1/terminals/{terminalId:guid}/orders/{orderId:guid}/submit'
info: Microsoft.AspNetCore.Hosting.Diagnostics[2]
      Request finished HTTP/1.1 POST https://127.0.0.1:40461/api/v1/terminals/47b7f432-5703-4b8e-8999-338373b47109/orders/713635b0-01c7-4239-a93e-ac7e7fb0bd8b/submit?terminalId=47b7f432-5703-4b8e-8999-338373b47109 - 401 - application/json;+charset=utf-8 0.5995ms
info: Microsoft.AspNetCore.Hosting.Diagnostics[1]
      Request starting HTTP/1.1 POST http://127.0.0.1:40461/api/v1/terminals/2ef37122-49f6-4c31-8be4-90e9184d1a41/orders/34c3ab36-8783-48a9-ae92-5d964434e59b/submit-draft?terminalId=2ef37122-49f6-4c31-8be4-90e9184d1a41 - application/json;+charset=utf-8 2
info: Microsoft.AspNetCore.Routing.EndpointMiddleware[0]
      Executing endpoint 'HTTP: POST /api/v1/terminals/{terminalId:guid}/orders/{orderId:guid}/submit-draft'
info: Microsoft.AspNetCore.Http.Result.JsonResult[1]
      Setting HTTP status code 401.
info: Microsoft.AspNetCore.Http.Result.JsonResult[3]
      Writing value of type '<>f__AnonymousType5`1' as Json.
info: Microsoft.AspNetCore.Routing.EndpointMiddleware[1]
      Executed endpoint 'HTTP: POST /api/v1/terminals/{terminalId:guid}/orders/{orderId:guid}/submit-draft'
info: Microsoft.AspNetCore.Hosting.Diagnostics[2]
      Request finished HTTP/1.1 POST https://127.0.0.1:40461/api/v1/terminals/2ef37122-49f6-4c31-8be4-90e9184d1a41/orders/34c3ab36-8783-48a9-ae92-5d964434e59b/submit-draft?terminalId=2ef37122-49f6-4c31-8be4-90e9184d1a41 - 401 - application/json;+charset=utf-8 0.4104ms
info: Microsoft.AspNetCore.Hosting.Diagnostics[1]
      Request starting HTTP/1.1 POST http://127.0.0.1:40461/api/v1/terminals/a987bcb7-17e6-4e8b-b2b7-64c1d319e02b/pairings/approve?terminalId=a987bcb7-17e6-4e8b-b2b7-64c1d319e02b - application/json;+charset=utf-8 2
info: Microsoft.AspNetCore.Routing.EndpointMiddleware[0]
      Executing endpoint 'HTTP: POST /api/v1/terminals/{terminalId:guid}/pairings/approve'
info: Microsoft.AspNetCore.Routing.EndpointMiddleware[1]
      Executed endpoint 'HTTP: POST /api/v1/terminals/{terminalId:guid}/pairings/approve'
info: Microsoft.AspNetCore.Hosting.Diagnostics[2]
      Request finished HTTP/1.1 POST https://127.0.0.1:40461/api/v1/terminals/a987bcb7-17e6-4e8b-b2b7-64c1d319e02b/pairings/approve?terminalId=a987bcb7-17e6-4e8b-b2b7-64c1d319e02b - 401 - application/json;+charset=utf-8 0.7675ms
info: Microsoft.AspNetCore.Hosting.Diagnostics[1]
      Request starting HTTP/1.1 GET http://127.0.0.1:40461/api/v1/terminals/0bd02386-cbdb-4603-abe3-ae0ede3f1921/push/public-key?terminalId=0bd02386-cbdb-4603-abe3-ae0ede3f1921 - - -
info: Microsoft.AspNetCore.Routing.EndpointMiddleware[0]
      Executing endpoint 'HTTP: GET /api/v1/terminals/{terminalId:guid}/push/public-key'
info: Microsoft.AspNetCore.Routing.EndpointMiddleware[1]
      Executed endpoint 'HTTP: GET /api/v1/terminals/{terminalId:guid}/push/public-key'
info: Microsoft.AspNetCore.Hosting.Diagnostics[2]
      Request finished HTTP/1.1 GET https://127.0.0.1:40461/api/v1/terminals/0bd02386-cbdb-4603-abe3-ae0ede3f1921/push/public-key?terminalId=0bd02386-cbdb-4603-abe3-ae0ede3f1921 - 401 - application/json;+charset=utf-8 3.7214ms
info: Microsoft.AspNetCore.Hosting.Diagnostics[1]
      Request starting HTTP/1.1 POST http://127.0.0.1:40461/api/v1/terminals/95c9d2ba-e1b5-4221-80a4-ea4b2273cb1c/push/subscriptions?terminalId=95c9d2ba-e1b5-4221-80a4-ea4b2273cb1c - application/json;+charset=utf-8 2
info: Microsoft.AspNetCore.Routing.EndpointMiddleware[0]
      Executing endpoint 'HTTP: POST /api/v1/terminals/{terminalId:guid}/push/subscriptions'
info: Microsoft.AspNetCore.Routing.EndpointMiddleware[1]
      Executed endpoint 'HTTP: POST /api/v1/terminals/{terminalId:guid}/push/subscriptions'
info: Microsoft.AspNetCore.Hosting.Diagnostics[2]
      Request finished HTTP/1.1 POST https://127.0.0.1:40461/api/v1/terminals/95c9d2ba-e1b5-4221-80a4-ea4b2273cb1c/push/subscriptions?terminalId=95c9d2ba-e1b5-4221-80a4-ea4b2273cb1c - 401 - application/json;+charset=utf-8 0.5388ms
info: Microsoft.AspNetCore.Hosting.Diagnostics[1]
      Request starting HTTP/1.1 DELETE http://127.0.0.1:40461/api/v1/terminals/753bf3b4-28da-4ede-8bcd-fa7bb0ab9955/push/subscriptions?terminalId=753bf3b4-28da-4ede-8bcd-fa7bb0ab9955 - application/json;+charset=utf-8 2
info: Microsoft.AspNetCore.Routing.EndpointMiddleware[0]
      Executing endpoint 'HTTP: DELETE /api/v1/terminals/{terminalId:guid}/push/subscriptions'
info: Microsoft.AspNetCore.Routing.EndpointMiddleware[1]
      Executed endpoint 'HTTP: DELETE /api/v1/terminals/{terminalId:guid}/push/subscriptions'
info: Microsoft.AspNetCore.Hosting.Diagnostics[2]
      Request finished HTTP/1.1 DELETE https://127.0.0.1:40461/api/v1/terminals/753bf3b4-28da-4ede-8bcd-fa7bb0ab9955/push/subscriptions?terminalId=753bf3b4-28da-4ede-8bcd-fa7bb0ab9955 - 400 0 - 0.2117ms
info: Microsoft.AspNetCore.Hosting.Diagnostics[1]
      Request starting HTTP/1.1 POST http://127.0.0.1:40461/api/v1/terminals/3a2dfd68-b8e2-41af-b50b-93fc4ee84bcd/qnb-credential/?terminalId=3a2dfd68-b8e2-41af-b50b-93fc4ee84bcd - application/json;+charset=utf-8 2
info: Microsoft.AspNetCore.Routing.EndpointMiddleware[0]
      Executing endpoint 'HTTP: POST /api/v1/terminals/{terminalId:guid}/qnb-credential/'
info: Microsoft.AspNetCore.Http.Result.JsonResult[1]
      Setting HTTP status code 401.
info: Microsoft.AspNetCore.Http.Result.JsonResult[3]
      Writing value of type '<>f__AnonymousType5`1' as Json.
info: Microsoft.AspNetCore.Routing.EndpointMiddleware[1]
      Executed endpoint 'HTTP: POST /api/v1/terminals/{terminalId:guid}/qnb-credential/'
info: Microsoft.AspNetCore.Hosting.Diagnostics[2]
      Request finished HTTP/1.1 POST https://127.0.0.1:40461/api/v1/terminals/3a2dfd68-b8e2-41af-b50b-93fc4ee84bcd/qnb-credential/?terminalId=3a2dfd68-b8e2-41af-b50b-93fc4ee84bcd - 401 - application/json;+charset=utf-8 0.4696ms
info: Microsoft.AspNetCore.Hosting.Diagnostics[1]
      Request starting HTTP/1.1 GET http://127.0.0.1:40461/api/v1/terminals/484b2d4c-ceb2-4ecf-8222-6f76b41048c3/qnb-credential/status?terminalId=484b2d4c-ceb2-4ecf-8222-6f76b41048c3 - - -
info: Microsoft.AspNetCore.Routing.EndpointMiddleware[0]
      Executing endpoint 'HTTP: GET /api/v1/terminals/{terminalId:guid}/qnb-credential/status'
info: Microsoft.AspNetCore.Http.Result.JsonResult[1]
      Setting HTTP status code 401.
info: Microsoft.AspNetCore.Http.Result.JsonResult[3]
      Writing value of type '<>f__AnonymousType5`1' as Json.
info: Microsoft.AspNetCore.Routing.EndpointMiddleware[1]
      Executed endpoint 'HTTP: GET /api/v1/terminals/{terminalId:guid}/qnb-credential/status'
info: Microsoft.AspNetCore.Hosting.Diagnostics[2]
      Request finished HTTP/1.1 GET https://127.0.0.1:40461/api/v1/terminals/484b2d4c-ceb2-4ecf-8222-6f76b41048c3/qnb-credential/status?terminalId=484b2d4c-ceb2-4ecf-8222-6f76b41048c3 - 401 - application/json;+charset=utf-8 2.0561ms
info: Microsoft.AspNetCore.Hosting.Diagnostics[1]
      Request starting HTTP/1.1 POST http://127.0.0.1:40461/api/v1/terminals/863c84dd-7349-4152-9ec6-8baece91b8f0/qnb-credential/test-connection?terminalId=863c84dd-7349-4152-9ec6-8baece91b8f0 - application/json;+charset=utf-8 2
info: Microsoft.AspNetCore.Routing.EndpointMiddleware[0]
      Executing endpoint 'HTTP: POST /api/v1/terminals/{terminalId:guid}/qnb-credential/test-connection'
info: Microsoft.AspNetCore.Http.Result.JsonResult[1]
      Setting HTTP status code 401.
info: Microsoft.AspNetCore.Http.Result.JsonResult[3]
      Writing value of type '<>f__AnonymousType5`1' as Json.
info: Microsoft.AspNetCore.Routing.EndpointMiddleware[1]
      Executed endpoint 'HTTP: POST /api/v1/terminals/{terminalId:guid}/qnb-credential/test-connection'
info: Microsoft.AspNetCore.Hosting.Diagnostics[2]
      Request finished HTTP/1.1 POST https://127.0.0.1:40461/api/v1/terminals/863c84dd-7349-4152-9ec6-8baece91b8f0/qnb-credential/test-connection?terminalId=863c84dd-7349-4152-9ec6-8baece91b8f0 - 401 - application/json;+charset=utf-8 0.3870ms
info: Microsoft.AspNetCore.Hosting.Diagnostics[1]
      Request starting HTTP/1.1 POST http://127.0.0.1:40461/api/v1/terminals/51f7f971-97d6-4c63-b653-ab7f93628768/relay-credential/?terminalId=51f7f971-97d6-4c63-b653-ab7f93628768 - application/json;+charset=utf-8 2
info: Microsoft.AspNetCore.Routing.EndpointMiddleware[0]
      Executing endpoint 'HTTP: POST /api/v1/terminals/{terminalId:guid}/relay-credential/'
info: Microsoft.AspNetCore.Http.Result.JsonResult[1]
      Setting HTTP status code 401.
info: Microsoft.AspNetCore.Http.Result.JsonResult[3]
      Writing value of type '<>f__AnonymousType5`1' as Json.
info: Microsoft.AspNetCore.Routing.EndpointMiddleware[1]
      Executed endpoint 'HTTP: POST /api/v1/terminals/{terminalId:guid}/relay-credential/'
info: Microsoft.AspNetCore.Hosting.Diagnostics[2]
      Request finished HTTP/1.1 POST https://127.0.0.1:40461/api/v1/terminals/51f7f971-97d6-4c63-b653-ab7f93628768/relay-credential/?terminalId=51f7f971-97d6-4c63-b653-ab7f93628768 - 401 - application/json;+charset=utf-8 0.5810ms
info: Microsoft.AspNetCore.Hosting.Diagnostics[1]
      Request starting HTTP/1.1 POST http://127.0.0.1:40461/api/v1/terminals/44b740a1-de50-4563-9a05-d06050b68175/relay-credential/provision?terminalId=44b740a1-de50-4563-9a05-d06050b68175 - application/json;+charset=utf-8 2
info: Microsoft.AspNetCore.Routing.EndpointMiddleware[0]
      Executing endpoint 'HTTP: POST /api/v1/terminals/{terminalId:guid}/relay-credential/provision'
info: Microsoft.AspNetCore.Http.Result.JsonResult[1]
      Setting HTTP status code 401.
info: Microsoft.AspNetCore.Http.Result.JsonResult[3]
      Writing value of type '<>f__AnonymousType5`1' as Json.
info: Microsoft.AspNetCore.Routing.EndpointMiddleware[1]
      Executed endpoint 'HTTP: POST /api/v1/terminals/{terminalId:guid}/relay-credential/provision'
info: Microsoft.AspNetCore.Hosting.Diagnostics[2]
      Request finished HTTP/1.1 POST https://127.0.0.1:40461/api/v1/terminals/44b740a1-de50-4563-9a05-d06050b68175/relay-credential/provision?terminalId=44b740a1-de50-4563-9a05-d06050b68175 - 401 - application/json;+charset=utf-8 1.9286ms
info: Microsoft.AspNetCore.Hosting.Diagnostics[1]
      Request starting HTTP/1.1 GET http://127.0.0.1:40461/api/v1/terminals/2deebc20-75e9-41ee-8f85-70d43f38f088/relay-credential/status?terminalId=2deebc20-75e9-41ee-8f85-70d43f38f088 - - -
info: Microsoft.AspNetCore.Routing.EndpointMiddleware[0]
      Executing endpoint 'HTTP: GET /api/v1/terminals/{terminalId:guid}/relay-credential/status'
info: Microsoft.AspNetCore.Http.Result.JsonResult[1]
      Setting HTTP status code 401.
info: Microsoft.AspNetCore.Http.Result.JsonResult[3]
      Writing value of type '<>f__AnonymousType5`1' as Json.
info: Microsoft.AspNetCore.Routing.EndpointMiddleware[1]
      Executed endpoint 'HTTP: GET /api/v1/terminals/{terminalId:guid}/relay-credential/status'
info: Microsoft.AspNetCore.Hosting.Diagnostics[2]
      Request finished HTTP/1.1 GET https://127.0.0.1:40461/api/v1/terminals/2deebc20-75e9-41ee-8f85-70d43f38f088/relay-credential/status?terminalId=2deebc20-75e9-41ee-8f85-70d43f38f088 - 401 - application/json;+charset=utf-8 3.6184ms
info: Microsoft.AspNetCore.Hosting.Diagnostics[1]
      Request starting HTTP/1.1 GET http://127.0.0.1:40461/api/v1/terminals/f59471c4-bb7a-4816-9085-17c2683a92df/runtime-configuration?terminalId=f59471c4-bb7a-4816-9085-17c2683a92df - - -
info: Microsoft.AspNetCore.Routing.EndpointMiddleware[0]
      Executing endpoint 'HTTP: GET /api/v1/terminals/{terminalId:guid}/runtime-configuration'
info: Microsoft.AspNetCore.Routing.EndpointMiddleware[1]
      Executed endpoint 'HTTP: GET /api/v1/terminals/{terminalId:guid}/runtime-configuration'
info: Microsoft.AspNetCore.Hosting.Diagnostics[2]
      Request finished HTTP/1.1 GET https://127.0.0.1:40461/api/v1/terminals/f59471c4-bb7a-4816-9085-17c2683a92df/runtime-configuration?terminalId=f59471c4-bb7a-4816-9085-17c2683a92df - 401 - application/json;+charset=utf-8 2.3059ms
info: Microsoft.AspNetCore.Hosting.Diagnostics[1]
      Request starting HTTP/1.1 GET http://127.0.0.1:40461/api/v1/terminals/cb624431-13cf-40fe-a41b-6eca598580fd/table-management/floor-plans/da9d0f43-7f3a-4a3a-906b-7791861a3bda?terminalId=cb624431-13cf-40fe-a41b-6eca598580fd - - -
info: Microsoft.AspNetCore.Routing.EndpointMiddleware[0]
      Executing endpoint 'HTTP: GET /api/v1/terminals/{terminalId:guid}/table-management/floor-plans/{zoneId:guid}'
info: Microsoft.AspNetCore.Http.Result.JsonResult[1]
      Setting HTTP status code 401.
info: Microsoft.AspNetCore.Http.Result.JsonResult[3]
      Writing value of type 'TableManagementErrorEnvelope' as Json.
info: Microsoft.AspNetCore.Routing.EndpointMiddleware[1]
      Executed endpoint 'HTTP: GET /api/v1/terminals/{terminalId:guid}/table-management/floor-plans/{zoneId:guid}'
info: Microsoft.AspNetCore.Hosting.Diagnostics[2]
      Request finished HTTP/1.1 GET https://127.0.0.1:40461/api/v1/terminals/cb624431-13cf-40fe-a41b-6eca598580fd/table-management/floor-plans/da9d0f43-7f3a-4a3a-906b-7791861a3bda?terminalId=cb624431-13cf-40fe-a41b-6eca598580fd - 401 - application/json;+charset=utf-8 3.1046ms
info: Microsoft.AspNetCore.Hosting.Diagnostics[1]
      Request starting HTTP/1.1 PUT http://127.0.0.1:40461/api/v1/terminals/86f34fd9-0e89-4673-af35-8dedec9deec9/table-management/floor-plans/f86face9-eee9-446d-9cab-2be2c79f31f3?terminalId=86f34fd9-0e89-4673-af35-8dedec9deec9 - application/json;+charset=utf-8 2
info: Microsoft.AspNetCore.Routing.EndpointMiddleware[0]
      Executing endpoint 'HTTP: PUT /api/v1/terminals/{terminalId:guid}/table-management/floor-plans/{zoneId:guid}'
info: Microsoft.AspNetCore.Http.Result.JsonResult[1]
      Setting HTTP status code 401.
info: Microsoft.AspNetCore.Http.Result.JsonResult[3]
      Writing value of type 'TableManagementErrorEnvelope' as Json.
info: Microsoft.AspNetCore.Routing.EndpointMiddleware[1]
      Executed endpoint 'HTTP: PUT /api/v1/terminals/{terminalId:guid}/table-management/floor-plans/{zoneId:guid}'
info: Microsoft.AspNetCore.Hosting.Diagnostics[2]
      Request finished HTTP/1.1 PUT https://127.0.0.1:40461/api/v1/terminals/86f34fd9-0e89-4673-af35-8dedec9deec9/table-management/floor-plans/f86face9-eee9-446d-9cab-2be2c79f31f3?terminalId=86f34fd9-0e89-4673-af35-8dedec9deec9 - 401 - application/json;+charset=utf-8 1.1374ms
info: Microsoft.AspNetCore.Hosting.Diagnostics[1]
      Request starting HTTP/1.1 POST http://127.0.0.1:40461/api/v1/terminals/435e0ecf-391c-4fd9-bbda-dc9a54346a01/table-management/merges?terminalId=435e0ecf-391c-4fd9-bbda-dc9a54346a01 - application/json;+charset=utf-8 2
info: Microsoft.AspNetCore.Routing.EndpointMiddleware[0]
      Executing endpoint 'HTTP: POST /api/v1/terminals/{terminalId:guid}/table-management/merges'
info: Microsoft.AspNetCore.Http.Result.JsonResult[1]
      Setting HTTP status code 401.
info: Microsoft.AspNetCore.Http.Result.JsonResult[3]
      Writing value of type 'TableManagementErrorEnvelope' as Json.
info: Microsoft.AspNetCore.Routing.EndpointMiddleware[1]
      Executed endpoint 'HTTP: POST /api/v1/terminals/{terminalId:guid}/table-management/merges'
info: Microsoft.AspNetCore.Hosting.Diagnostics[2]
      Request finished HTTP/1.1 POST https://127.0.0.1:40461/api/v1/terminals/435e0ecf-391c-4fd9-bbda-dc9a54346a01/table-management/merges?terminalId=435e0ecf-391c-4fd9-bbda-dc9a54346a01 - 401 - application/json;+charset=utf-8 0.7776ms
info: Microsoft.AspNetCore.Hosting.Diagnostics[1]
      Request starting HTTP/1.1 POST http://127.0.0.1:40461/api/v1/terminals/82d9fdaf-ccbb-4788-8761-9116788a85c3/table-management/merges/e969b5d9-71a0-4bf2-8b17-c2b0d2f57e18/unmerge?terminalId=82d9fdaf-ccbb-4788-8761-9116788a85c3 - application/json;+charset=utf-8 2
info: Microsoft.AspNetCore.Routing.EndpointMiddleware[0]
      Executing endpoint 'HTTP: POST /api/v1/terminals/{terminalId:guid}/table-management/merges/{mergeGroupId:guid}/unmerge'
info: Microsoft.AspNetCore.Http.Result.JsonResult[1]
      Setting HTTP status code 401.
info: Microsoft.AspNetCore.Http.Result.JsonResult[3]
      Writing value of type 'TableManagementErrorEnvelope' as Json.
info: Microsoft.AspNetCore.Routing.EndpointMiddleware[1]
      Executed endpoint 'HTTP: POST /api/v1/terminals/{terminalId:guid}/table-management/merges/{mergeGroupId:guid}/unmerge'
info: Microsoft.AspNetCore.Hosting.Diagnostics[2]
      Request finished HTTP/1.1 POST https://127.0.0.1:40461/api/v1/terminals/82d9fdaf-ccbb-4788-8761-9116788a85c3/table-management/merges/e969b5d9-71a0-4bf2-8b17-c2b0d2f57e18/unmerge?terminalId=82d9fdaf-ccbb-4788-8761-9116788a85c3 - 401 - application/json;+charset=utf-8 0.7085ms
info: Microsoft.AspNetCore.Hosting.Diagnostics[1]
      Request starting HTTP/1.1 POST http://127.0.0.1:40461/api/v1/terminals/b512201e-44e7-4279-bc93-5edbd35891b5/table-management/reservations?terminalId=b512201e-44e7-4279-bc93-5edbd35891b5 - application/json;+charset=utf-8 2
info: Microsoft.AspNetCore.Routing.EndpointMiddleware[0]
      Executing endpoint 'HTTP: POST /api/v1/terminals/{terminalId:guid}/table-management/reservations'
info: Microsoft.AspNetCore.Http.Result.JsonResult[1]
      Setting HTTP status code 401.
info: Microsoft.AspNetCore.Http.Result.JsonResult[3]
      Writing value of type 'TableManagementErrorEnvelope' as Json.
info: Microsoft.AspNetCore.Routing.EndpointMiddleware[1]
      Executed endpoint 'HTTP: POST /api/v1/terminals/{terminalId:guid}/table-management/reservations'
info: Microsoft.AspNetCore.Hosting.Diagnostics[2]
      Request finished HTTP/1.1 POST https://127.0.0.1:40461/api/v1/terminals/b512201e-44e7-4279-bc93-5edbd35891b5/table-management/reservations?terminalId=b512201e-44e7-4279-bc93-5edbd35891b5 - 401 - application/json;+charset=utf-8 0.4546ms
info: Microsoft.AspNetCore.Hosting.Diagnostics[1]
      Request starting HTTP/1.1 GET http://127.0.0.1:40461/api/v1/terminals/5d08f9df-4043-495a-9b57-b9dc5f76017f/table-management/reservations/608e7cde-6309-48ed-9e18-ff34498158f2?terminalId=5d08f9df-4043-495a-9b57-b9dc5f76017f - - -
info: Microsoft.AspNetCore.Routing.EndpointMiddleware[0]
      Executing endpoint 'HTTP: GET /api/v1/terminals/{terminalId:guid}/table-management/reservations/{reservationId:guid}'
info: Microsoft.AspNetCore.Http.Result.JsonResult[1]
      Setting HTTP status code 401.
info: Microsoft.AspNetCore.Http.Result.JsonResult[3]
      Writing value of type 'TableManagementErrorEnvelope' as Json.
info: Microsoft.AspNetCore.Routing.EndpointMiddleware[1]
      Executed endpoint 'HTTP: GET /api/v1/terminals/{terminalId:guid}/table-management/reservations/{reservationId:guid}'
info: Microsoft.AspNetCore.Hosting.Diagnostics[2]
      Request finished HTTP/1.1 GET https://127.0.0.1:40461/api/v1/terminals/5d08f9df-4043-495a-9b57-b9dc5f76017f/table-management/reservations/608e7cde-6309-48ed-9e18-ff34498158f2?terminalId=5d08f9df-4043-495a-9b57-b9dc5f76017f - 401 - application/json;+charset=utf-8 3.0641ms
info: Microsoft.AspNetCore.Hosting.Diagnostics[1]
      Request starting HTTP/1.1 POST http://127.0.0.1:40461/api/v1/terminals/42835f19-6d0b-4d7f-aedf-934f0025e5ae/table-management/reservations/55629469-0dc4-48d3-9083-bd979b2d6bcc/cancel?terminalId=42835f19-6d0b-4d7f-aedf-934f0025e5ae - application/json;+charset=utf-8 2
info: Microsoft.AspNetCore.Routing.EndpointMiddleware[0]
      Executing endpoint 'HTTP: POST /api/v1/terminals/{terminalId:guid}/table-management/reservations/{reservationId:guid}/cancel'
info: Microsoft.AspNetCore.Http.Result.JsonResult[1]
      Setting HTTP status code 401.
info: Microsoft.AspNetCore.Http.Result.JsonResult[3]
      Writing value of type 'TableManagementErrorEnvelope' as Json.
info: Microsoft.AspNetCore.Routing.EndpointMiddleware[1]
      Executed endpoint 'HTTP: POST /api/v1/terminals/{terminalId:guid}/table-management/reservations/{reservationId:guid}/cancel'
info: Microsoft.AspNetCore.Hosting.Diagnostics[2]
      Request finished HTTP/1.1 POST https://127.0.0.1:40461/api/v1/terminals/42835f19-6d0b-4d7f-aedf-934f0025e5ae/table-management/reservations/55629469-0dc4-48d3-9083-bd979b2d6bcc/cancel?terminalId=42835f19-6d0b-4d7f-aedf-934f0025e5ae - 401 - application/json;+charset=utf-8 0.9304ms
info: Microsoft.AspNetCore.Hosting.Diagnostics[1]
      Request starting HTTP/1.1 POST http://127.0.0.1:40461/api/v1/terminals/be732dbf-1e6d-446e-b82a-929ce31ff573/table-management/reservations/3f2ffc8d-90c3-4dcd-b960-717c45273733/claim?terminalId=be732dbf-1e6d-446e-b82a-929ce31ff573 - application/json;+charset=utf-8 2
info: Microsoft.AspNetCore.Routing.EndpointMiddleware[0]
      Executing endpoint 'HTTP: POST /api/v1/terminals/{terminalId:guid}/table-management/reservations/{reservationId:guid}/claim'
info: Microsoft.AspNetCore.Http.Result.JsonResult[1]
      Setting HTTP status code 401.
info: Microsoft.AspNetCore.Http.Result.JsonResult[3]
      Writing value of type 'TableManagementErrorEnvelope' as Json.
info: Microsoft.AspNetCore.Routing.EndpointMiddleware[1]
      Executed endpoint 'HTTP: POST /api/v1/terminals/{terminalId:guid}/table-management/reservations/{reservationId:guid}/claim'
info: Microsoft.AspNetCore.Hosting.Diagnostics[2]
      Request finished HTTP/1.1 POST https://127.0.0.1:40461/api/v1/terminals/be732dbf-1e6d-446e-b82a-929ce31ff573/table-management/reservations/3f2ffc8d-90c3-4dcd-b960-717c45273733/claim?terminalId=be732dbf-1e6d-446e-b82a-929ce31ff573 - 401 - application/json;+charset=utf-8 0.5402ms
info: Microsoft.AspNetCore.Hosting.Diagnostics[1]
      Request starting HTTP/1.1 POST http://127.0.0.1:40461/api/v1/terminals/ced3bc40-7dc2-4886-a8f0-feb2508103f1/table-management/reservations/82efb5ea-700c-416b-943d-c4a42cf1a804/expire?terminalId=ced3bc40-7dc2-4886-a8f0-feb2508103f1 - application/json;+charset=utf-8 2
info: Microsoft.AspNetCore.Routing.EndpointMiddleware[0]
      Executing endpoint 'HTTP: POST /api/v1/terminals/{terminalId:guid}/table-management/reservations/{reservationId:guid}/expire'
info: Microsoft.AspNetCore.Http.Result.JsonResult[1]
      Setting HTTP status code 401.
info: Microsoft.AspNetCore.Http.Result.JsonResult[3]
      Writing value of type 'TableManagementErrorEnvelope' as Json.
info: Microsoft.AspNetCore.Routing.EndpointMiddleware[1]
      Executed endpoint 'HTTP: POST /api/v1/terminals/{terminalId:guid}/table-management/reservations/{reservationId:guid}/expire'
info: Microsoft.AspNetCore.Hosting.Diagnostics[2]
      Request finished HTTP/1.1 POST https://127.0.0.1:40461/api/v1/terminals/ced3bc40-7dc2-4886-a8f0-feb2508103f1/table-management/reservations/82efb5ea-700c-416b-943d-c4a42cf1a804/expire?terminalId=ced3bc40-7dc2-4886-a8f0-feb2508103f1 - 401 - application/json;+charset=utf-8 1.0011ms
info: Microsoft.AspNetCore.Hosting.Diagnostics[1]
      Request starting HTTP/1.1 GET http://127.0.0.1:40461/api/v1/terminals/3da091f7-a550-41d0-b152-6bbc513a12ff/table-management/tables?terminalId=3da091f7-a550-41d0-b152-6bbc513a12ff - - -
info: Microsoft.AspNetCore.Routing.EndpointMiddleware[0]
      Executing endpoint 'HTTP: GET /api/v1/terminals/{terminalId:guid}/table-management/tables'
info: Microsoft.AspNetCore.Http.Result.JsonResult[1]
      Setting HTTP status code 401.
info: Microsoft.AspNetCore.Http.Result.JsonResult[3]
      Writing value of type 'TableManagementErrorEnvelope' as Json.
info: Microsoft.AspNetCore.Routing.EndpointMiddleware[1]
      Executed endpoint 'HTTP: GET /api/v1/terminals/{terminalId:guid}/table-management/tables'
info: Microsoft.AspNetCore.Hosting.Diagnostics[2]
      Request finished HTTP/1.1 GET https://127.0.0.1:40461/api/v1/terminals/3da091f7-a550-41d0-b152-6bbc513a12ff/table-management/tables?terminalId=3da091f7-a550-41d0-b152-6bbc513a12ff - 401 - application/json;+charset=utf-8 5.4293ms
info: Microsoft.AspNetCore.Hosting.Diagnostics[1]
      Request starting HTTP/1.1 POST http://127.0.0.1:40461/api/v1/terminals/39c90009-a565-4822-aaa3-51cea4cae858/table-management/tables?terminalId=39c90009-a565-4822-aaa3-51cea4cae858 - application/json;+charset=utf-8 2
info: Microsoft.AspNetCore.Routing.EndpointMiddleware[0]
      Executing endpoint 'HTTP: POST /api/v1/terminals/{terminalId:guid}/table-management/tables'
info: Microsoft.AspNetCore.Http.Result.JsonResult[1]
      Setting HTTP status code 401.
info: Microsoft.AspNetCore.Http.Result.JsonResult[3]
      Writing value of type 'TableManagementErrorEnvelope' as Json.
info: Microsoft.AspNetCore.Routing.EndpointMiddleware[1]
      Executed endpoint 'HTTP: POST /api/v1/terminals/{terminalId:guid}/table-management/tables'
info: Microsoft.AspNetCore.Hosting.Diagnostics[2]
      Request finished HTTP/1.1 POST https://127.0.0.1:40461/api/v1/terminals/39c90009-a565-4822-aaa3-51cea4cae858/table-management/tables?terminalId=39c90009-a565-4822-aaa3-51cea4cae858 - 401 - application/json;+charset=utf-8 1.0634ms
info: Microsoft.AspNetCore.Hosting.Diagnostics[1]
      Request starting HTTP/1.1 GET http://127.0.0.1:40461/api/v1/terminals/0bcea90a-1ffb-4c38-b395-8fd1b1454be4/table-management/tables/4ebbbaf6-ae53-4c05-ae35-842af10a682c?terminalId=0bcea90a-1ffb-4c38-b395-8fd1b1454be4 - - -
info: Microsoft.AspNetCore.Routing.EndpointMiddleware[0]
      Executing endpoint 'HTTP: GET /api/v1/terminals/{terminalId:guid}/table-management/tables/{tableId:guid}'
info: Microsoft.AspNetCore.Http.Result.JsonResult[1]
      Setting HTTP status code 401.
info: Microsoft.AspNetCore.Http.Result.JsonResult[3]
      Writing value of type 'TableManagementErrorEnvelope' as Json.
info: Microsoft.AspNetCore.Routing.EndpointMiddleware[1]
      Executed endpoint 'HTTP: GET /api/v1/terminals/{terminalId:guid}/table-management/tables/{tableId:guid}'
info: Microsoft.AspNetCore.Hosting.Diagnostics[2]
      Request finished HTTP/1.1 GET https://127.0.0.1:40461/api/v1/terminals/0bcea90a-1ffb-4c38-b395-8fd1b1454be4/table-management/tables/4ebbbaf6-ae53-4c05-ae35-842af10a682c?terminalId=0bcea90a-1ffb-4c38-b395-8fd1b1454be4 - 401 - application/json;+charset=utf-8 3.4947ms
info: Microsoft.AspNetCore.Hosting.Diagnostics[1]
      Request starting HTTP/1.1 PUT http://127.0.0.1:40461/api/v1/terminals/10139c44-6f1a-4635-9922-38ce9dc20241/table-management/tables/d0674584-dc40-41f8-b1b6-859c58442b06?terminalId=10139c44-6f1a-4635-9922-38ce9dc20241 - application/json;+charset=utf-8 2
info: Microsoft.AspNetCore.Routing.EndpointMiddleware[0]
      Executing endpoint 'HTTP: PUT /api/v1/terminals/{terminalId:guid}/table-management/tables/{tableId:guid}'
info: Microsoft.AspNetCore.Http.Result.JsonResult[1]
      Setting HTTP status code 401.
info: Microsoft.AspNetCore.Http.Result.JsonResult[3]
      Writing value of type 'TableManagementErrorEnvelope' as Json.
info: Microsoft.AspNetCore.Routing.EndpointMiddleware[1]
      Executed endpoint 'HTTP: PUT /api/v1/terminals/{terminalId:guid}/table-management/tables/{tableId:guid}'
info: Microsoft.AspNetCore.Hosting.Diagnostics[2]
      Request finished HTTP/1.1 PUT https://127.0.0.1:40461/api/v1/terminals/10139c44-6f1a-4635-9922-38ce9dc20241/table-management/tables/d0674584-dc40-41f8-b1b6-859c58442b06?terminalId=10139c44-6f1a-4635-9922-38ce9dc20241 - 401 - application/json;+charset=utf-8 1.0954ms
info: Microsoft.AspNetCore.Hosting.Diagnostics[1]
      Request starting HTTP/1.1 GET http://127.0.0.1:40461/api/v1/terminals/a0747a6d-7ab0-468d-ac2c-56f9da35b890/table-management/tables/6d9eea2b-c965-4a37-9fb7-6e35e36c16a0/current-pointer?terminalId=a0747a6d-7ab0-468d-ac2c-56f9da35b890 - - -
info: Microsoft.AspNetCore.Routing.EndpointMiddleware[0]
      Executing endpoint 'HTTP: GET /api/v1/terminals/{terminalId:guid}/table-management/tables/{tableId:guid}/current-pointer'
info: Microsoft.AspNetCore.Http.Result.JsonResult[1]
      Setting HTTP status code 401.
info: Microsoft.AspNetCore.Http.Result.JsonResult[3]
      Writing value of type 'TableManagementErrorEnvelope' as Json.
info: Microsoft.AspNetCore.Routing.EndpointMiddleware[1]
      Executed endpoint 'HTTP: GET /api/v1/terminals/{terminalId:guid}/table-management/tables/{tableId:guid}/current-pointer'
info: Microsoft.AspNetCore.Hosting.Diagnostics[2]
      Request finished HTTP/1.1 GET https://127.0.0.1:40461/api/v1/terminals/a0747a6d-7ab0-468d-ac2c-56f9da35b890/table-management/tables/6d9eea2b-c965-4a37-9fb7-6e35e36c16a0/current-pointer?terminalId=a0747a6d-7ab0-468d-ac2c-56f9da35b890 - 401 - application/json;+charset=utf-8 4.0805ms
info: Microsoft.AspNetCore.Hosting.Diagnostics[1]
      Request starting HTTP/1.1 POST http://127.0.0.1:40461/api/v1/terminals/c0acc485-cff8-4ad3-af1e-fc872ceb6520/table-management/tables/314cf280-651b-4f7e-9c75-de63cf343bf2/status?terminalId=c0acc485-cff8-4ad3-af1e-fc872ceb6520 - application/json;+charset=utf-8 2
info: Microsoft.AspNetCore.Routing.EndpointMiddleware[0]
      Executing endpoint 'HTTP: POST /api/v1/terminals/{terminalId:guid}/table-management/tables/{tableId:guid}/status'
info: Microsoft.AspNetCore.Http.Result.JsonResult[1]
      Setting HTTP status code 401.
info: Microsoft.AspNetCore.Http.Result.JsonResult[3]
      Writing value of type 'TableManagementErrorEnvelope' as Json.
info: Microsoft.AspNetCore.Routing.EndpointMiddleware[1]
      Executed endpoint 'HTTP: POST /api/v1/terminals/{terminalId:guid}/table-management/tables/{tableId:guid}/status'
info: Microsoft.AspNetCore.Hosting.Diagnostics[2]
      Request finished HTTP/1.1 POST https://127.0.0.1:40461/api/v1/terminals/c0acc485-cff8-4ad3-af1e-fc872ceb6520/table-management/tables/314cf280-651b-4f7e-9c75-de63cf343bf2/status?terminalId=c0acc485-cff8-4ad3-af1e-fc872ceb6520 - 401 - application/json;+charset=utf-8 1.1570ms
info: Microsoft.AspNetCore.Hosting.Diagnostics[1]
      Request starting HTTP/1.1 POST http://127.0.0.1:40461/api/v1/terminals/8754b943-9e00-40f6-8aa4-6d7892d3ef14/table-management/transfers?terminalId=8754b943-9e00-40f6-8aa4-6d7892d3ef14 - application/json;+charset=utf-8 2
info: Microsoft.AspNetCore.Routing.EndpointMiddleware[0]
      Executing endpoint 'HTTP: POST /api/v1/terminals/{terminalId:guid}/table-management/transfers'
info: Microsoft.AspNetCore.Http.Result.JsonResult[1]
      Setting HTTP status code 401.
info: Microsoft.AspNetCore.Http.Result.JsonResult[3]
      Writing value of type 'TableManagementErrorEnvelope' as Json.
info: Microsoft.AspNetCore.Routing.EndpointMiddleware[1]
      Executed endpoint 'HTTP: POST /api/v1/terminals/{terminalId:guid}/table-management/transfers'
info: Microsoft.AspNetCore.Hosting.Diagnostics[2]
      Request finished HTTP/1.1 POST https://127.0.0.1:40461/api/v1/terminals/8754b943-9e00-40f6-8aa4-6d7892d3ef14/table-management/transfers?terminalId=8754b943-9e00-40f6-8aa4-6d7892d3ef14 - 401 - application/json;+charset=utf-8 1.3844ms
info: Microsoft.AspNetCore.Hosting.Diagnostics[1]
      Request starting HTTP/1.1 GET http://127.0.0.1:40461/api/v1/terminals/03a85574-9da5-49c4-aa67-88a7ce2557e5/table-management/zones?terminalId=03a85574-9da5-49c4-aa67-88a7ce2557e5 - - -
info: Microsoft.AspNetCore.Routing.EndpointMiddleware[0]
      Executing endpoint 'HTTP: GET /api/v1/terminals/{terminalId:guid}/table-management/zones'
info: Microsoft.AspNetCore.Http.Result.JsonResult[1]
      Setting HTTP status code 401.
info: Microsoft.AspNetCore.Http.Result.JsonResult[3]
      Writing value of type 'TableManagementErrorEnvelope' as Json.
info: Microsoft.AspNetCore.Routing.EndpointMiddleware[1]
      Executed endpoint 'HTTP: GET /api/v1/terminals/{terminalId:guid}/table-management/zones'
info: Microsoft.AspNetCore.Hosting.Diagnostics[2]
      Request finished HTTP/1.1 GET https://127.0.0.1:40461/api/v1/terminals/03a85574-9da5-49c4-aa67-88a7ce2557e5/table-management/zones?terminalId=03a85574-9da5-49c4-aa67-88a7ce2557e5 - 401 - application/json;+charset=utf-8 1.9127ms
info: Microsoft.AspNetCore.Hosting.Diagnostics[1]
      Request starting HTTP/1.1 POST http://127.0.0.1:40461/api/v1/terminals/79d279b3-ecc2-45b3-bedc-b376e4b01700/table-management/zones?terminalId=79d279b3-ecc2-45b3-bedc-b376e4b01700 - application/json;+charset=utf-8 2
info: Microsoft.AspNetCore.Routing.EndpointMiddleware[0]
      Executing endpoint 'HTTP: POST /api/v1/terminals/{terminalId:guid}/table-management/zones'
info: Microsoft.AspNetCore.Http.Result.JsonResult[1]
      Setting HTTP status code 401.
info: Microsoft.AspNetCore.Http.Result.JsonResult[3]
      Writing value of type 'TableManagementErrorEnvelope' as Json.
info: Microsoft.AspNetCore.Routing.EndpointMiddleware[1]
      Executed endpoint 'HTTP: POST /api/v1/terminals/{terminalId:guid}/table-management/zones'
info: Microsoft.AspNetCore.Hosting.Diagnostics[2]
      Request finished HTTP/1.1 POST https://127.0.0.1:40461/api/v1/terminals/79d279b3-ecc2-45b3-bedc-b376e4b01700/table-management/zones?terminalId=79d279b3-ecc2-45b3-bedc-b376e4b01700 - 401 - application/json;+charset=utf-8 1.0381ms
info: Microsoft.AspNetCore.Hosting.Diagnostics[1]
      Request starting HTTP/1.1 PUT http://127.0.0.1:40461/api/v1/terminals/b03d25ad-d1fc-4fac-b679-269fec9b3695/table-management/zones/0d612ba9-171d-4fd9-abbf-25f854545a43?terminalId=b03d25ad-d1fc-4fac-b679-269fec9b3695 - application/json;+charset=utf-8 2
info: Microsoft.AspNetCore.Routing.EndpointMiddleware[0]
      Executing endpoint 'HTTP: PUT /api/v1/terminals/{terminalId:guid}/table-management/zones/{zoneId:guid}'
info: Microsoft.AspNetCore.Http.Result.JsonResult[1]
      Setting HTTP status code 401.
info: Microsoft.AspNetCore.Http.Result.JsonResult[3]
      Writing value of type 'TableManagementErrorEnvelope' as Json.
info: Microsoft.AspNetCore.Routing.EndpointMiddleware[1]
      Executed endpoint 'HTTP: PUT /api/v1/terminals/{terminalId:guid}/table-management/zones/{zoneId:guid}'
info: Microsoft.AspNetCore.Hosting.Diagnostics[2]
      Request finished HTTP/1.1 PUT https://127.0.0.1:40461/api/v1/terminals/b03d25ad-d1fc-4fac-b679-269fec9b3695/table-management/zones/0d612ba9-171d-4fd9-abbf-25f854545a43?terminalId=b03d25ad-d1fc-4fac-b679-269fec9b3695 - 401 - application/json;+charset=utf-8 0.6583ms
info: Microsoft.AspNetCore.Hosting.Diagnostics[1]
      Request starting HTTP/1.1 DELETE http://127.0.0.1:40461/api/v1/terminals/ce37723c-6b5c-4868-b656-3087ea53443d/table-management/zones/27777bb6-912d-41c0-b04a-fafaa6fedeeb?terminalId=ce37723c-6b5c-4868-b656-3087ea53443d - application/json;+charset=utf-8 2
info: Microsoft.AspNetCore.Routing.EndpointMiddleware[0]
      Executing endpoint 'HTTP: DELETE /api/v1/terminals/{terminalId:guid}/table-management/zones/{zoneId:guid}'
info: Microsoft.AspNetCore.Http.Result.JsonResult[1]
      Setting HTTP status code 401.
info: Microsoft.AspNetCore.Http.Result.JsonResult[3]
      Writing value of type 'TableManagementErrorEnvelope' as Json.
info: Microsoft.AspNetCore.Routing.EndpointMiddleware[1]
      Executed endpoint 'HTTP: DELETE /api/v1/terminals/{terminalId:guid}/table-management/zones/{zoneId:guid}'
info: Microsoft.AspNetCore.Hosting.Diagnostics[2]
      Request finished HTTP/1.1 DELETE https://127.0.0.1:40461/api/v1/terminals/ce37723c-6b5c-4868-b656-3087ea53443d/table-management/zones/27777bb6-912d-41c0-b04a-fafaa6fedeeb?terminalId=ce37723c-6b5c-4868-b656-3087ea53443d - 401 - application/json;+charset=utf-8 0.4867ms
info: Microsoft.AspNetCore.Hosting.Diagnostics[1]
      Request starting HTTP/1.1 POST http://127.0.0.1:40461/api/v1/terminals/22a7031e-52aa-4343-ab68-d1e8085a557d/token-credential/?terminalId=22a7031e-52aa-4343-ab68-d1e8085a557d - application/json;+charset=utf-8 2
info: Microsoft.AspNetCore.Routing.EndpointMiddleware[0]
      Executing endpoint 'HTTP: POST /api/v1/terminals/{terminalId:guid}/token-credential/'
info: Microsoft.AspNetCore.Http.Result.JsonResult[1]
      Setting HTTP status code 401.
info: Microsoft.AspNetCore.Http.Result.JsonResult[3]
      Writing value of type '<>f__AnonymousType5`1' as Json.
info: Microsoft.AspNetCore.Routing.EndpointMiddleware[1]
      Executed endpoint 'HTTP: POST /api/v1/terminals/{terminalId:guid}/token-credential/'
info: Microsoft.AspNetCore.Hosting.Diagnostics[2]
      Request finished HTTP/1.1 POST https://127.0.0.1:40461/api/v1/terminals/22a7031e-52aa-4343-ab68-d1e8085a557d/token-credential/?terminalId=22a7031e-52aa-4343-ab68-d1e8085a557d - 401 - application/json;+charset=utf-8 0.9143ms
info: Microsoft.AspNetCore.Hosting.Diagnostics[1]
      Request starting HTTP/1.1 GET http://127.0.0.1:40461/api/v1/terminals/4fe6c05c-c2c0-4df3-af0b-0902d8e89bbb/token-credential/status?terminalId=4fe6c05c-c2c0-4df3-af0b-0902d8e89bbb - - -
info: Microsoft.AspNetCore.Routing.EndpointMiddleware[0]
      Executing endpoint 'HTTP: GET /api/v1/terminals/{terminalId:guid}/token-credential/status'
info: Microsoft.AspNetCore.Http.Result.JsonResult[1]
      Setting HTTP status code 401.
info: Microsoft.AspNetCore.Http.Result.JsonResult[3]
      Writing value of type '<>f__AnonymousType5`1' as Json.
info: Microsoft.AspNetCore.Routing.EndpointMiddleware[1]
      Executed endpoint 'HTTP: GET /api/v1/terminals/{terminalId:guid}/token-credential/status'
info: Microsoft.AspNetCore.Hosting.Diagnostics[2]
      Request finished HTTP/1.1 GET https://127.0.0.1:40461/api/v1/terminals/4fe6c05c-c2c0-4df3-af0b-0902d8e89bbb/token-credential/status?terminalId=4fe6c05c-c2c0-4df3-af0b-0902d8e89bbb - 401 - application/json;+charset=utf-8 2.4186ms
info: Microsoft.AspNetCore.Hosting.Diagnostics[1]
      Request starting HTTP/1.1 GET http://127.0.0.1:40461/api/{**path}?terminalId=48750e89-b4c3-40aa-b0e7-26c2fafec0bf - - -
info: Microsoft.AspNetCore.Routing.EndpointMiddleware[0]
      Executing endpoint 'HTTP: GET, POST, PUT, PATCH, DELETE, OPTIONS /api/{**path}'
info: Microsoft.AspNetCore.Http.Result.JsonResult[1]
      Setting HTTP status code 404.
info: Microsoft.AspNetCore.Http.Result.JsonResult[3]
      Writing value of type 'ApiErrorEnvelope' as Json.
info: Microsoft.AspNetCore.Routing.EndpointMiddleware[1]
      Executed endpoint 'HTTP: GET, POST, PUT, PATCH, DELETE, OPTIONS /api/{**path}'
info: Microsoft.AspNetCore.Hosting.Diagnostics[2]
      Request finished HTTP/1.1 GET https://127.0.0.1:40461/api/{**path}?terminalId=48750e89-b4c3-40aa-b0e7-26c2fafec0bf - 404 - application/json;+charset=utf-8 0.4050ms
info: Microsoft.AspNetCore.Hosting.Diagnostics[1]
      Request starting HTTP/1.1 POST http://127.0.0.1:40461/api/{**path}?terminalId=6252a06e-7e49-427c-92ef-05a024a0d0d2 - application/json;+charset=utf-8 2
info: Microsoft.AspNetCore.Routing.EndpointMiddleware[0]
      Executing endpoint 'HTTP: GET, POST, PUT, PATCH, DELETE, OPTIONS /api/{**path}'
info: Microsoft.AspNetCore.Http.Result.JsonResult[1]
      Setting HTTP status code 404.
info: Microsoft.AspNetCore.Http.Result.JsonResult[3]
      Writing value of type 'ApiErrorEnvelope' as Json.
info: Microsoft.AspNetCore.Routing.EndpointMiddleware[1]
      Executed endpoint 'HTTP: GET, POST, PUT, PATCH, DELETE, OPTIONS /api/{**path}'
info: Microsoft.AspNetCore.Hosting.Diagnostics[2]
      Request finished HTTP/1.1 POST https://127.0.0.1:40461/api/{**path}?terminalId=6252a06e-7e49-427c-92ef-05a024a0d0d2 - 404 - application/json;+charset=utf-8 0.3579ms
info: Microsoft.AspNetCore.Hosting.Diagnostics[1]
      Request starting HTTP/1.1 PUT http://127.0.0.1:40461/api/{**path}?terminalId=98351c2a-e53a-4397-81a5-cc5a96b7c944 - application/json;+charset=utf-8 2
info: Microsoft.AspNetCore.Routing.EndpointMiddleware[0]
      Executing endpoint 'HTTP: GET, POST, PUT, PATCH, DELETE, OPTIONS /api/{**path}'
info: Microsoft.AspNetCore.Http.Result.JsonResult[1]
      Setting HTTP status code 404.
info: Microsoft.AspNetCore.Http.Result.JsonResult[3]
      Writing value of type 'ApiErrorEnvelope' as Json.
info: Microsoft.AspNetCore.Routing.EndpointMiddleware[1]
      Executed endpoint 'HTTP: GET, POST, PUT, PATCH, DELETE, OPTIONS /api/{**path}'
info: Microsoft.AspNetCore.Hosting.Diagnostics[2]
      Request finished HTTP/1.1 PUT https://127.0.0.1:40461/api/{**path}?terminalId=98351c2a-e53a-4397-81a5-cc5a96b7c944 - 404 - application/json;+charset=utf-8 0.1842ms
info: Microsoft.AspNetCore.Hosting.Diagnostics[1]
      Request starting HTTP/1.1 PATCH http://127.0.0.1:40461/api/{**path}?terminalId=23ecf48f-c61a-4ec2-81ab-e0759cd3223c - application/json;+charset=utf-8 2
info: Microsoft.AspNetCore.Routing.EndpointMiddleware[0]
      Executing endpoint 'HTTP: GET, POST, PUT, PATCH, DELETE, OPTIONS /api/{**path}'
info: Microsoft.AspNetCore.Http.Result.JsonResult[1]
      Setting HTTP status code 404.
info: Microsoft.AspNetCore.Http.Result.JsonResult[3]
      Writing value of type 'ApiErrorEnvelope' as Json.
info: Microsoft.AspNetCore.Routing.EndpointMiddleware[1]
      Executed endpoint 'HTTP: GET, POST, PUT, PATCH, DELETE, OPTIONS /api/{**path}'
info: Microsoft.AspNetCore.Hosting.Diagnostics[2]
      Request finished HTTP/1.1 PATCH https://127.0.0.1:40461/api/{**path}?terminalId=23ecf48f-c61a-4ec2-81ab-e0759cd3223c - 404 - application/json;+charset=utf-8 0.2943ms
info: Microsoft.AspNetCore.Hosting.Diagnostics[1]
      Request starting HTTP/1.1 DELETE http://127.0.0.1:40461/api/{**path}?terminalId=4a86b92d-db16-486a-9c30-8a9c12ff35ca - application/json;+charset=utf-8 2
info: Microsoft.AspNetCore.Routing.EndpointMiddleware[0]
      Executing endpoint 'HTTP: GET, POST, PUT, PATCH, DELETE, OPTIONS /api/{**path}'
info: Microsoft.AspNetCore.Http.Result.JsonResult[1]
      Setting HTTP status code 404.
info: Microsoft.AspNetCore.Http.Result.JsonResult[3]
      Writing value of type 'ApiErrorEnvelope' as Json.
info: Microsoft.AspNetCore.Routing.EndpointMiddleware[1]
      Executed endpoint 'HTTP: GET, POST, PUT, PATCH, DELETE, OPTIONS /api/{**path}'
info: Microsoft.AspNetCore.Hosting.Diagnostics[2]
      Request finished HTTP/1.1 DELETE https://127.0.0.1:40461/api/{**path}?terminalId=4a86b92d-db16-486a-9c30-8a9c12ff35ca - 404 - application/json;+charset=utf-8 0.3597ms
info: Microsoft.AspNetCore.Hosting.Diagnostics[1]
      Request starting HTTP/1.1 OPTIONS http://127.0.0.1:40461/api/{**path}?terminalId=ca2e7641-4ac4-458f-9d44-87b5a2f41248 - application/json;+charset=utf-8 2
info: Microsoft.AspNetCore.Routing.EndpointMiddleware[0]
      Executing endpoint 'HTTP: GET, POST, PUT, PATCH, DELETE, OPTIONS /api/{**path}'
info: Microsoft.AspNetCore.Http.Result.JsonResult[1]
      Setting HTTP status code 404.
info: Microsoft.AspNetCore.Http.Result.JsonResult[3]
      Writing value of type 'ApiErrorEnvelope' as Json.
info: Microsoft.AspNetCore.Routing.EndpointMiddleware[1]
      Executed endpoint 'HTTP: GET, POST, PUT, PATCH, DELETE, OPTIONS /api/{**path}'
info: Microsoft.AspNetCore.Hosting.Diagnostics[2]
      Request finished HTTP/1.1 OPTIONS https://127.0.0.1:40461/api/{**path}?terminalId=ca2e7641-4ac4-458f-9d44-87b5a2f41248 - 404 - application/json;+charset=utf-8 0.3677ms
info: Microsoft.AspNetCore.Hosting.Diagnostics[1]
      Request starting HTTP/1.1 GET http://127.0.0.1:40461/health/ready?terminalId=984a4c7c-209a-40b8-bcf3-0050005ad7dc - - -
info: Microsoft.AspNetCore.Routing.EndpointMiddleware[0]
      Executing endpoint 'HTTP: GET /health/ready'
info: Microsoft.AspNetCore.Http.Result.OkObjectResult[1]
      Setting HTTP status code 200.
info: Microsoft.AspNetCore.Http.Result.OkObjectResult[3]
      Writing value of type '<>f__AnonymousType0`1' as Json.
info: Microsoft.AspNetCore.Routing.EndpointMiddleware[1]
      Executed endpoint 'HTTP: GET /health/ready'
info: Microsoft.AspNetCore.Hosting.Diagnostics[2]
      Request finished HTTP/1.1 GET https://127.0.0.1:40461/health/ready?terminalId=984a4c7c-209a-40b8-bcf3-0050005ad7dc - 200 - application/json;+charset=utf-8 9.0337ms
info: Microsoft.AspNetCore.Hosting.Diagnostics[1]
      Request starting HTTP/1.1 POST http://127.0.0.1:40461/api/v1/auth/login - application/json;+charset=utf-8 112
info: Microsoft.AspNetCore.Routing.EndpointMiddleware[0]
      Executing endpoint 'HTTP: POST /api/v1/auth/login'
  Passed ALKAROS.Audit.AuthorizationProbes.AuthorizationProbes.D1EveryNonPublicRouteRejectsAnonymousCaller [1 s]
  Standard Output Messages:
 D1	POST	/api/v1/auth/login	400	public
 D1	POST	/api/v1/auth/logout	401	private
 D1	POST	/api/v1/auth/pin	401	private
 D1	GET	/api/v1/auth/session	401	private
 D1	GET	/api/v1/auth/session/current	401	private
 D1	POST	/api/v1/auth/unlock	401	private
 D1	POST	/api/v1/customer-displays/pairing-requests	400	public
 D1	POST	/api/v1/customer-displays/pairing-requests/{requestId:guid}/complete	404	public
 D1	GET	/api/v1/customer-displays/{displayId:guid}/screensaver	401	private
 D1	GET	/api/v1/customer-displays/{displayId:guid}/snapshot	401	private
 D1	POST	/api/v1/integrations/trendyol-go/orders/webhook/{eventType}	503	public
 D1	POST	/api/v1/integrations/yemeksepeti/orders/webhook	503	public
 D1	GET	/api/v1/management/authorization/behavioural-tightenings	401	private
 D1	POST	/api/v1/management/authorization/behavioural-tightenings/{tighteningId:guid}/clear	401	private
 D1	GET	/api/v1/management/authorization/delegations	401	private
 D1	POST	/api/v1/management/authorization/delegations/{delegationId:guid}/revoke	401	private
 D1	POST	/api/v1/management/authorization/grants/{grantId:guid}/approve	401	private
 D1	POST	/api/v1/management/authorization/grants/{grantId:guid}/deny	401	private
 D1	GET	/api/v1/management/authorization/pending-grants	401	private
 D1	GET	/api/v1/management/business-identity/accent-palette	401	private
 D1	PUT	/api/v1/management/business-identity/logo	404	second-pass
 D1	DELETE	/api/v1/management/business-identity/logo	401	private
 D1	GET	/api/v1/management/catalog/categories	401	private
 D1	POST	/api/v1/management/catalog/categories	401	private
 D1	GET	/api/v1/management/catalog/effective-price	401	private
 D1	GET	/api/v1/management/catalog/modifier-groups	401	private
 D1	POST	/api/v1/management/catalog/modifier-groups	401	private
 D1	GET	/api/v1/management/catalog/modifiers	401	private
 D1	POST	/api/v1/management/catalog/modifiers	401	private
 D1	GET	/api/v1/management/catalog/prices	401	private
 D1	POST	/api/v1/management/catalog/prices	401	private
 D1	GET	/api/v1/management/catalog/product-modifier-assignments	401	private
 D1	POST	/api/v1/management/catalog/product-modifier-assignments	401	private
 D1	GET	/api/v1/management/catalog/products	401	private
 D1	POST	/api/v1/management/catalog/products	401	private
 D1	POST	/api/v1/management/catalog/products/{productId:guid}/availability	401	private
 D1	POST	/api/v1/management/catalog/products/{productId:guid}/prep-time	401	private
 D1	GET	/api/v1/management/catalog/tax-profiles	401	private
 D1	POST	/api/v1/management/catalog/tax-profiles	401	private
 D1	PUT	/api/v1/management/customer-display/screensaver	404	second-pass
 D1	DELETE	/api/v1/management/customer-display/screensaver	401	private
 D1	POST	/api/v1/management/inventory/modifiers/{modifierId:guid}/stock-mappings	401	private
 D1	GET	/api/v1/management/inventory/modifiers/{modifierId:guid}/stock-mappings	401	private
 D1	DELETE	/api/v1/management/inventory/modifiers/{modifierId:guid}/stock-mappings/{stockItemId:guid}	401	private
 D1	POST	/api/v1/management/inventory/products/{productId:guid}/stock-mappings	401	private
 D1	GET	/api/v1/management/inventory/products/{productId:guid}/stock-mappings	401	private
 D1	DELETE	/api/v1/management/inventory/products/{productId:guid}/stock-mappings/{stockItemId:guid}	401	private
 D1	GET	/api/v1/management/inventory/reports/actual-vs-theoretical	401	private
 D1	GET	/api/v1/management/inventory/reports/critical-stock	401	private
 D1	GET	/api/v1/management/inventory/stock-items	401	private
 D1	POST	/api/v1/management/inventory/stock-items	401	private
 D1	POST	/api/v1/management/inventory/stock-items/{stockItemId:guid}/physical-counts	401	private
 D1	PUT	/api/v1/management/inventory/stock-items/{stockItemId:guid}/reorder-point	401	private
 D1	POST	/api/v1/management/inventory/stock-items/{stockItemId:guid}/waste	401	private
 D1	GET	/api/v1/management/inventory/stock-locations	401	private
 D1	POST	/api/v1/management/inventory/stock-locations	401	private
 D1	GET	/api/v1/management/inventory/waste	401	private
 D1	POST	/api/v1/management/menus-and-specials/daily-menus	401	private
 D1	GET	/api/v1/management/menus-and-specials/daily-menus/by-date/{businessDate}	401	private
 D1	PUT	/api/v1/management/menus-and-specials/daily-menus/items/{dailyMenuItemId:guid}/planned-portions	401	private
 D1	PUT	/api/v1/management/menus-and-specials/daily-menus/items/{dailyMenuItemId:guid}/price	401	private
 D1	PUT	/api/v1/management/menus-and-specials/daily-menus/items/{dailyMenuItemId:guid}/status	401	private
 D1	GET	/api/v1/management/menus-and-specials/daily-menus/{dailyMenuId:guid}	401	private
 D1	POST	/api/v1/management/menus-and-specials/daily-menus/{dailyMenuId:guid}/close	401	private
 D1	POST	/api/v1/management/menus-and-specials/daily-menus/{dailyMenuId:guid}/items	401	private
 D1	POST	/api/v1/management/menus-and-specials/daily-menus/{dailyMenuId:guid}/open	401	private
 D1	GET	/api/v1/management/menus-and-specials/menus	401	private
 D1	POST	/api/v1/management/menus-and-specials/menus	401	private
 D1	GET	/api/v1/management/menus-and-specials/menus/{menuId:guid}	401	private
 D1	PUT	/api/v1/management/menus-and-specials/menus/{menuId:guid}	401	private
 D1	POST	/api/v1/management/menus-and-specials/menus/{menuId:guid}/items	401	private
 D1	POST	/api/v1/management/menus-and-specials/menus/{menuId:guid}/items/reorder	401	private
 D1	PUT	/api/v1/management/menus-and-specials/menus/{menuId:guid}/items/{menuItemId:guid}	401	private
 D1	GET	/api/v1/management/observability/alerts/active	401	private
 D1	GET	/api/v1/management/observability/alerts/by-source	401	private
 D1	POST	/api/v1/management/observability/alerts/raise	401	private
 D1	GET	/api/v1/management/observability/alerts/{alertId:guid}	401	private
 D1	POST	/api/v1/management/observability/alerts/{alertId:guid}/acknowledge	401	private
 D1	POST	/api/v1/management/observability/alerts/{alertId:guid}/escalate	401	private
 D1	GET	/api/v1/management/observability/alerts/{alertId:guid}/events	401	private
 D1	POST	/api/v1/management/observability/alerts/{alertId:guid}/resolve	401	private
 D1	POST	/api/v1/management/observability/alerts/{alertId:guid}/suppress	401	private
 D1	POST	/api/v1/management/observability/health-checks	401	private
 D1	GET	/api/v1/management/observability/health-checks/by-target	401	private
 D1	GET	/api/v1/management/observability/health-checks/unhealthy	401	private
 D1	GET	/api/v1/management/observability/health-checks/{healthCheckId:guid}	401	private
 D1	GET	/api/v1/management/payments/manual-confirmations	401	private
 D1	POST	/api/v1/management/payments/reconciliation-scan	401	private
 D1	GET	/api/v1/management/payments/settlement-report	401	private
 D1	GET	/api/v1/management/production/batches	401	private
 D1	POST	/api/v1/management/production/batches	401	private
 D1	GET	/api/v1/management/production/batches/by-number/{batchNumber}	401	private
 D1	GET	/api/v1/management/production/batches/{batchId:guid}	401	private
 D1	POST	/api/v1/management/production/batches/{batchId:guid}/cancel	401	private
 D1	POST	/api/v1/management/production/batches/{batchId:guid}/complete	401	private
 D1	GET	/api/v1/management/production/batches/{batchId:guid}/consumptions	401	private
 D1	GET	/api/v1/management/production/batches/{batchId:guid}/outputs	401	private
 D1	PUT	/api/v1/management/production/batches/{batchId:guid}/recipe-version	401	private
 D1	POST	/api/v1/management/production/batches/{batchId:guid}/start	401	private
 D1	GET	/api/v1/management/purchasing/purchase-orders	401	private
 D1	POST	/api/v1/management/purchasing/purchase-orders	401	private
 D1	GET	/api/v1/management/purchasing/purchase-orders/{orderId:guid}	401	private
 D1	POST	/api/v1/management/purchasing/purchase-orders/{orderId:guid}/cancel	401	private
 D1	POST	/api/v1/management/purchasing/purchase-orders/{orderId:guid}/receipts	401	private
 D1	GET	/api/v1/management/purchasing/purchase-orders/{orderId:guid}/receipts	401	private
 D1	POST	/api/v1/management/purchasing/purchase-orders/{orderId:guid}/submit	401	private
 D1	GET	/api/v1/management/purchasing/receipts/{receiptId:guid}	401	private
 D1	GET	/api/v1/management/purchasing/suppliers	401	private
 D1	POST	/api/v1/management/purchasing/suppliers	401	private
 D1	GET	/api/v1/management/purchasing/suppliers/{supplierId:guid}	401	private
 D1	PUT	/api/v1/management/purchasing/suppliers/{supplierId:guid}	401	private
 D1	POST	/api/v1/management/purchasing/suppliers/{supplierId:guid}/activate	401	private
 D1	POST	/api/v1/management/purchasing/suppliers/{supplierId:guid}/deactivate	401	private
 D1	GET	/api/v1/management/recipes/	401	private
 D1	POST	/api/v1/management/recipes/	401	private
 D1	POST	/api/v1/management/recipes/products/{productId:guid}/mapping	401	private
 D1	GET	/api/v1/management/recipes/products/{productId:guid}/mapping	401	private
 D1	DELETE	/api/v1/management/recipes/products/{productId:guid}/mapping	401	private
 D1	GET	/api/v1/management/recipes/unit-conversions	401	private
 D1	POST	/api/v1/management/recipes/unit-conversions	401	private
 D1	POST	/api/v1/management/recipes/versions/{versionId:guid}/ingredients	401	private
 D1	DELETE	/api/v1/management/recipes/versions/{versionId:guid}/ingredients/{ingredientItemId:guid}	401	private
 D1	POST	/api/v1/management/recipes/versions/{versionId:guid}/lock	401	private
 D1	GET	/api/v1/management/recipes/{recipeId:guid}/versions	401	private
 D1	POST	/api/v1/management/recipes/{recipeId:guid}/versions	401	private
 D1	POST	/api/v1/management/recipes/{recipeId:guid}/versions/next	401	private
 D1	POST	/api/v1/management/recipes/{recipeId:guid}/versions/{versionNumber:int}/activate	401	private
 D1	POST	/api/v1/management/recipes/{recipeVersionId:guid}/cost-snapshots/	401	private
 D1	GET	/api/v1/management/recipes/{recipeVersionId:guid}/cost-snapshots/effective	401	private
 D1	POST	/api/v1/management/reconciliation/cases/	401	private
 D1	GET	/api/v1/management/reconciliation/cases/	401	private
 D1	GET	/api/v1/management/reconciliation/cases/{caseId:guid}	401	private
 D1	GET	/api/v1/management/reconciliation/cases/{caseId:guid}/actions	401	private
 D1	POST	/api/v1/management/reconciliation/cases/{caseId:guid}/notes	401	private
 D1	POST	/api/v1/management/reconciliation/cases/{caseId:guid}/transition	401	private
 D1	POST	/api/v1/management/reconciliation/online-orders/cases/{caseId:guid}/resolve	401	private
 D1	POST	/api/v1/management/reconciliation/online-orders/cases/{caseId:guid}/retry	401	private
 D1	POST	/api/v1/management/reconciliation/online-orders/scan	401	private
 D1	POST	/api/v1/management/reporting/business-day/open	401	private
 D1	GET	/api/v1/management/reporting/business-day/{businessDate}	401	private
 D1	POST	/api/v1/management/reporting/business-day/{businessDate}/close	401	private
 D1	GET	/api/v1/management/reporting/business-day/{businessDate}/full-report	401	private
 D1	GET	/api/v1/management/reports/channels/	401	private
 D1	POST	/api/v1/management/roles/permissions	401	second-pass
 D1	POST	/api/v1/management/roles/roles	401	second-pass
 D1	POST	/api/v1/management/roles/roles/{roleId:guid}/permissions	401	second-pass
 D1	DELETE	/api/v1/management/roles/roles/{roleId:guid}/permissions/{permissionCode}	401	private
 D1	POST	/api/v1/management/roles/roles/{roleId:guid}/users/{userId:guid}	401	private
 D1	DELETE	/api/v1/management/roles/roles/{roleId:guid}/users/{userId:guid}	401	private
 D1	GET	/api/v1/management/security/backup/restore-attempts	401	private
 D1	GET	/api/v1/management/security/backup/rpo	401	private
 D1	POST	/api/v1/management/security/diagnostic-bundle	401	private
 D1	GET	/api/v1/management/security/maintenance/jobs	401	private
 D1	POST	/api/v1/management/security/maintenance/jobs/{name}/run	401	private
 D1	GET	/api/v1/management/security/orders/backlog	401	private
 D1	POST	/api/v1/management/security/orders/close-settled	401	private
 D1	GET	/api/v1/management/security/outbox/dead-letters	401	private
 D1	POST	/api/v1/management/security/outbox/dead-letters/{id:guid}/requeue	401	private
 D1	GET	/api/v1/management/security/secrets	401	private
 D1	GET	/api/v1/management/security/secrets/{name}/rotation	401	private
 D1	POST	/api/v1/management/security/secrets/{name}/rotation/initialize	401	private
 D1	POST	/api/v1/management/security/secrets/{name}/rotation/revoke	401	private
 D1	POST	/api/v1/management/security/secrets/{name}/rotation/rollback	401	private
 D1	POST	/api/v1/management/security/secrets/{name}/rotation/rotate	401	private
 D1	GET	/api/v1/management/security/users/lookup	401	private
 D1	POST	/api/v1/management/security/users/{userId:guid}/force-unlock	401	private
 D1	POST	/api/v1/management/security/users/{userId:guid}/revoke-sessions	401	private
 D1	GET	/api/v1/management/settings/	401	private
 D1	GET	/api/v1/management/settings/{key}	401	private
 D1	PUT	/api/v1/management/settings/{key}	401	private
 D1	DELETE	/api/v1/management/settings/{key}	401	private
 D1	GET	/api/v1/management/settings/{key}/history	401	private
 D1	POST	/api/v1/management/users/	401	second-pass
 D1	GET	/api/v1/nfc/tables/{tableId:guid}/catalog	200	public
 D1	POST	/api/v1/nfc/tables/{tableId:guid}/orders	400	public
 D1	GET	/api/v1/qr/bill	401	public
 D1	GET	/api/v1/qr/branding	200	public
 D1	GET	/api/v1/qr/logo	404	public
 D1	GET	/api/v1/qr/menu	401	public
 D1	POST	/api/v1/qr/orders	400	public
 D1	GET	/api/v1/qr/orders/{submissionId:guid}	401	public
 D1	POST	/api/v1/qr/sessions	400	public
 D1	POST	/api/v1/terminals/{terminalId:guid}/billing/bills/from-order/{orderId:guid}	401	private
 D1	GET	/api/v1/terminals/{terminalId:guid}/billing/bills/{billId:guid}/adjustments	401	private
 D1	POST	/api/v1/terminals/{terminalId:guid}/billing/bills/{billId:guid}/discount	401	private
 D1	GET	/api/v1/terminals/{terminalId:guid}/billing/bills/{billId:guid}/split-design/	401	private
 D1	PUT	/api/v1/terminals/{terminalId:guid}/billing/bills/{billId:guid}/split-design/amounts	401	private
 D1	POST	/api/v1/terminals/{terminalId:guid}/billing/bills/{billId:guid}/split-design/clear	401	private
 D1	PUT	/api/v1/terminals/{terminalId:guid}/billing/bills/{billId:guid}/split-design/custom	401	private
 D1	PUT	/api/v1/terminals/{terminalId:guid}/billing/bills/{billId:guid}/split-design/equal	401	private
 D1	PUT	/api/v1/terminals/{terminalId:guid}/billing/bills/{billId:guid}/split-design/items	401	private
 D1	GET	/api/v1/terminals/{terminalId:guid}/billing/bills/{billId:guid}/split-design/owners	401	private
 D1	GET	/api/v1/terminals/{terminalId:guid}/billing/bills/{billId:guid}/tenders/	401	private
 D1	POST	/api/v1/terminals/{terminalId:guid}/billing/bills/{billId:guid}/tenders/	401	private
 D1	POST	/api/v1/terminals/{terminalId:guid}/billing/bills/{billId:guid}/tenders/confirmations/{confirmationId:guid}/approve	401	private
 D1	POST	/api/v1/terminals/{terminalId:guid}/billing/bills/{billId:guid}/tenders/confirmations/{confirmationId:guid}/reject	401	private
 D1	POST	/api/v1/terminals/{terminalId:guid}/billing/bills/{billId:guid}/tenders/unsettled/{paymentId:guid}/card-charged	401	private
 D1	POST	/api/v1/terminals/{terminalId:guid}/billing/bills/{billId:guid}/tenders/unsettled/{paymentId:guid}/not-charged	401	private
 D1	POST	/api/v1/terminals/{terminalId:guid}/billing/bills/{billId:guid}/tip	401	private
 D1	POST	/api/v1/terminals/{terminalId:guid}/cash-sessions/	401	private
 D1	GET	/api/v1/terminals/{terminalId:guid}/cash-sessions/active	401	private
 D1	GET	/api/v1/terminals/{terminalId:guid}/cash-sessions/suggested-opening-balance	401	private
 D1	POST	/api/v1/terminals/{terminalId:guid}/cash-sessions/{cashSessionId:guid}/cash-movements	401	private
 D1	POST	/api/v1/terminals/{terminalId:guid}/cash-sessions/{cashSessionId:guid}/cash-tender	401	private
 D1	POST	/api/v1/terminals/{terminalId:guid}/cash-sessions/{cashSessionId:guid}/close	401	private
 D1	POST	/api/v1/terminals/{terminalId:guid}/cash-sessions/{cashSessionId:guid}/counts	401	private
 D1	GET	/api/v1/terminals/{terminalId:guid}/cash-sessions/{cashSessionId:guid}/expected-cash	401	private
 D1	POST	/api/v1/terminals/{terminalId:guid}/cash-sessions/{cashSessionId:guid}/reconcile	401	private
 D1	POST	/api/v1/terminals/{terminalId:guid}/cash-sessions/{cashSessionId:guid}/start-count	401	private
 D1	GET	/api/v1/terminals/{terminalId:guid}/catalog	401	private
 D1	POST	/api/v1/terminals/{terminalId:guid}/display-sessions/revoke	401	private
 D1	POST	/api/v1/terminals/{terminalId:guid}/help-requests/	401	private
 D1	GET	/api/v1/terminals/{terminalId:guid}/kitchen-operations/audit/aggregate/{aggregateType}/{aggregateId:guid}	401	private
 D1	GET	/api/v1/terminals/{terminalId:guid}/kitchen-operations/audit/correlation/{correlationId}	401	private
 D1	GET	/api/v1/terminals/{terminalId:guid}/kitchen-operations/categories	401	private
 D1	GET	/api/v1/terminals/{terminalId:guid}/kitchen-operations/deliveries/unknown	401	private
 D1	GET	/api/v1/terminals/{terminalId:guid}/kitchen-operations/deliveries/{deliveryId:guid}	401	private
 D1	POST	/api/v1/terminals/{terminalId:guid}/kitchen-operations/deliveries/{deliveryId:guid}/reprint-approval	401	private
 D1	POST	/api/v1/terminals/{terminalId:guid}/kitchen-operations/deliveries/{deliveryId:guid}/reprint-rejection	401	private
 D1	POST	/api/v1/terminals/{terminalId:guid}/kitchen-operations/operations/backups	401	private
 D1	GET	/api/v1/terminals/{terminalId:guid}/kitchen-operations/operations/backups/recent	401	private
 D1	GET	/api/v1/terminals/{terminalId:guid}/kitchen-operations/operations/health/latest	401	private
 D1	GET	/api/v1/terminals/{terminalId:guid}/kitchen-operations/operations/live-sync	401	private
 D1	GET	/api/v1/terminals/{terminalId:guid}/kitchen-operations/operations/performance-report	401	private
 D1	GET	/api/v1/terminals/{terminalId:guid}/kitchen-operations/print-jobs	401	private
 D1	GET	/api/v1/terminals/{terminalId:guid}/kitchen-operations/print-jobs/{jobId:guid}	401	private
 D1	GET	/api/v1/terminals/{terminalId:guid}/kitchen-operations/printers	401	private
 D1	PUT	/api/v1/terminals/{terminalId:guid}/kitchen-operations/printers/{printerId:guid}	401	private
 D1	POST	/api/v1/terminals/{terminalId:guid}/kitchen-operations/products/{productId:guid}/suspend	401	private
 D1	GET	/api/v1/terminals/{terminalId:guid}/kitchen-operations/routes	401	private
 D1	POST	/api/v1/terminals/{terminalId:guid}/kitchen-operations/routes/{routeId:guid}	401	private
 D1	PUT	/api/v1/terminals/{terminalId:guid}/kitchen-operations/routes/{routeId:guid}	401	private
 D1	GET	/api/v1/terminals/{terminalId:guid}/kitchen-operations/tickets	401	private
 D1	GET	/api/v1/terminals/{terminalId:guid}/kitchen-operations/tickets/{ticketId:guid}	401	private
 D1	POST	/api/v1/terminals/{terminalId:guid}/kitchen-operations/tickets/{ticketId:guid}/items/{itemId:guid}/transition	401	private
 D1	POST	/api/v1/terminals/{terminalId:guid}/kitchen-operations/tickets/{ticketId:guid}/items/{itemId:guid}/undo	401	private
 D1	POST	/api/v1/terminals/{terminalId:guid}/kitchen-operations/tickets/{ticketId:guid}/transition	401	private
 D1	POST	/api/v1/terminals/{terminalId:guid}/offline-reconciliation/	401	private
 D1	GET	/api/v1/terminals/{terminalId:guid}/online-channels	401	private
 D1	GET	/api/v1/terminals/{terminalId:guid}/online-menu/{provider}	401	private
 D1	PUT	/api/v1/terminals/{terminalId:guid}/online-menu/{provider}/mappings/{productId:guid}	401	private
 D1	DELETE	/api/v1/terminals/{terminalId:guid}/online-menu/{provider}/mappings/{productId:guid}	401	private
 D1	GET	/api/v1/terminals/{terminalId:guid}/online-operations/	401	private
 D1	POST	/api/v1/terminals/{terminalId:guid}/online-operations/orders/{orderId:guid}/cancel	401	private
 D1	GET	/api/v1/terminals/{terminalId:guid}/online-operations/orders/{orderId:guid}/customer-note	401	private
 D1	POST	/api/v1/terminals/{terminalId:guid}/online-operations/orders/{orderId:guid}/hand-over	401	private
 D1	POST	/api/v1/terminals/{terminalId:guid}/online-ordering/catalog-publications/	401	private
 D1	GET	/api/v1/terminals/{terminalId:guid}/online-platform-credentials/	401	private
 D1	PUT	/api/v1/terminals/{terminalId:guid}/online-platform-credentials/{provider}	401	private
 D1	GET	/api/v1/terminals/{terminalId:guid}/online-problems/	401	private
 D1	POST	/api/v1/terminals/{terminalId:guid}/online-problems/{caseId:guid}/resolve	401	private
 D1	POST	/api/v1/terminals/{terminalId:guid}/online-problems/{caseId:guid}/retry	401	private
 D1	GET	/api/v1/terminals/{terminalId:guid}/online-store-status/	401	private
 D1	PUT	/api/v1/terminals/{terminalId:guid}/online-store-status/{provider}	401	private
 D1	POST	/api/v1/terminals/{terminalId:guid}/orders	401	private
 D1	GET	/api/v1/terminals/{terminalId:guid}/orders/active	401	private
 D1	GET	/api/v1/terminals/{terminalId:guid}/orders/awaiting-payment	401	private
 D1	POST	/api/v1/terminals/{terminalId:guid}/orders/handoff-note/pop	401	private
 D1	GET	/api/v1/terminals/{terminalId:guid}/orders/my-shift-summary	401	private
 D1	GET	/api/v1/terminals/{terminalId:guid}/orders/pending	401	private
 D1	GET	/api/v1/terminals/{terminalId:guid}/orders/staff	401	private
 D1	GET	/api/v1/terminals/{terminalId:guid}/orders/suggested-waiter	401	private
 D1	POST	/api/v1/terminals/{terminalId:guid}/orders/table	401	private
 D1	POST	/api/v1/terminals/{terminalId:guid}/orders/table-draft	401	private
 D1	GET	/api/v1/terminals/{terminalId:guid}/orders/table/{tableId:guid}	401	private
 D1	POST	/api/v1/terminals/{terminalId:guid}/orders/transfer-server	401	private
 D1	GET	/api/v1/terminals/{terminalId:guid}/orders/waiter-load	401	private
 D1	GET	/api/v1/terminals/{terminalId:guid}/orders/{orderId:guid}	401	private
 D1	POST	/api/v1/terminals/{terminalId:guid}/orders/{orderId:guid}/accept	401	private
 D1	POST	/api/v1/terminals/{terminalId:guid}/orders/{orderId:guid}/fire-course	401	private
 D1	POST	/api/v1/terminals/{terminalId:guid}/orders/{orderId:guid}/items	401	private
 D1	PATCH	/api/v1/terminals/{terminalId:guid}/orders/{orderId:guid}/items/{itemId:guid}	401	private
 D1	DELETE	/api/v1/terminals/{terminalId:guid}/orders/{orderId:guid}/items/{itemId:guid}	400	second-pass
 D1	POST	/api/v1/terminals/{terminalId:guid}/orders/{orderId:guid}/items/{itemId:guid}/comp	401	private
 D1	POST	/api/v1/terminals/{terminalId:guid}/orders/{orderId:guid}/items/{itemId:guid}/void	401	private
 D1	POST	/api/v1/terminals/{terminalId:guid}/orders/{orderId:guid}/items/{itemId:guid}/void-sent	401	private
 D1	POST	/api/v1/terminals/{terminalId:guid}/orders/{orderId:guid}/recall-from-cashier	401	private
 D1	POST	/api/v1/terminals/{terminalId:guid}/orders/{orderId:guid}/reject	401	private
 D1	POST	/api/v1/terminals/{terminalId:guid}/orders/{orderId:guid}/send-to-cashier	401	private
 D1	POST	/api/v1/terminals/{terminalId:guid}/orders/{orderId:guid}/submit	401	private
 D1	POST	/api/v1/terminals/{terminalId:guid}/orders/{orderId:guid}/submit-draft	401	private
 D1	POST	/api/v1/terminals/{terminalId:guid}/pairings/approve	401	private
 D1	GET	/api/v1/terminals/{terminalId:guid}/push/public-key	401	private
 D1	POST	/api/v1/terminals/{terminalId:guid}/push/subscriptions	401	private
 D1	DELETE	/api/v1/terminals/{terminalId:guid}/push/subscriptions	400	second-pass
 D1	POST	/api/v1/terminals/{terminalId:guid}/qnb-credential/	401	private
 D1	GET	/api/v1/terminals/{terminalId:guid}/qnb-credential/status	401	private
 D1	POST	/api/v1/terminals/{terminalId:guid}/qnb-credential/test-connection	401	private
 D1	POST	/api/v1/terminals/{terminalId:guid}/relay-credential/	401	private
 D1	POST	/api/v1/terminals/{terminalId:guid}/relay-credential/provision	401	private
 D1	GET	/api/v1/terminals/{terminalId:guid}/relay-credential/status	401	private
 D1	GET	/api/v1/terminals/{terminalId:guid}/runtime-configuration	401	private
 D1	GET	/api/v1/terminals/{terminalId:guid}/table-management/floor-plans/{zoneId:guid}	401	private
 D1	PUT	/api/v1/terminals/{terminalId:guid}/table-management/floor-plans/{zoneId:guid}	401	private
 D1	POST	/api/v1/terminals/{terminalId:guid}/table-management/merges	401	private
 D1	POST	/api/v1/terminals/{terminalId:guid}/table-management/merges/{mergeGroupId:guid}/unmerge	401	private
 D1	POST	/api/v1/terminals/{terminalId:guid}/table-management/reservations	401	private
 D1	GET	/api/v1/terminals/{terminalId:guid}/table-management/reservations/{reservationId:guid}	401	private
 D1	POST	/api/v1/terminals/{terminalId:guid}/table-management/reservations/{reservationId:guid}/cancel	401	private
 D1	POST	/api/v1/terminals/{terminalId:guid}/table-management/reservations/{reservationId:guid}/claim	401	private
 D1	POST	/api/v1/terminals/{terminalId:guid}/table-management/reservations/{reservationId:guid}/expire	401	private
 D1	GET	/api/v1/terminals/{terminalId:guid}/table-management/tables	401	private
 D1	POST	/api/v1/terminals/{terminalId:guid}/table-management/tables	401	private
 D1	GET	/api/v1/terminals/{terminalId:guid}/table-management/tables/{tableId:guid}	401	private
 D1	PUT	/api/v1/terminals/{terminalId:guid}/table-management/tables/{tableId:guid}	401	private
 D1	GET	/api/v1/terminals/{terminalId:guid}/table-management/tables/{tableId:guid}/current-pointer	401	private
 D1	POST	/api/v1/terminals/{terminalId:guid}/table-management/tables/{tableId:guid}/status	401	private
 D1	POST	/api/v1/terminals/{terminalId:guid}/table-management/transfers	401	private
 D1	GET	/api/v1/terminals/{terminalId:guid}/table-management/zones	401	private
 D1	POST	/api/v1/terminals/{terminalId:guid}/table-management/zones	401	private
 D1	PUT	/api/v1/terminals/{terminalId:guid}/table-management/zones/{zoneId:guid}	401	private
 D1	DELETE	/api/v1/terminals/{terminalId:guid}/table-management/zones/{zoneId:guid}	401	private
 D1	POST	/api/v1/terminals/{terminalId:guid}/token-credential/	401	private
 D1	GET	/api/v1/terminals/{terminalId:guid}/token-credential/status	401	private
 D1	GET	/api/{**path}	404	public
 D1	POST	/api/{**path}	404	public
 D1	PUT	/api/{**path}	404	public
 D1	PATCH	/api/{**path}	404	public
 D1	DELETE	/api/{**path}	404	public
 D1	OPTIONS	/api/{**path}	404	public
 D1	GET	/health/ready	200	public


info: Microsoft.AspNetCore.Http.Result.JsonResult[1]
      Setting HTTP status code 401.
info: Microsoft.AspNetCore.Http.Result.JsonResult[3]
      Writing value of type 'ApiErrorEnvelope' as Json.
info: Microsoft.AspNetCore.Routing.EndpointMiddleware[1]
      Executed endpoint 'HTTP: POST /api/v1/auth/login'
info: Microsoft.AspNetCore.Hosting.Diagnostics[2]
      Request finished HTTP/1.1 POST https://127.0.0.1:40461/api/v1/auth/login - 401 - application/json;+charset=utf-8 546.6496ms
info: Microsoft.AspNetCore.Hosting.Diagnostics[1]
      Request starting HTTP/1.1 POST http://127.0.0.1:40461/api/v1/auth/login - application/json;+charset=utf-8 112
info: Microsoft.AspNetCore.Routing.EndpointMiddleware[0]
      Executing endpoint 'HTTP: POST /api/v1/auth/login'
info: Microsoft.AspNetCore.Http.Result.JsonResult[1]
      Setting HTTP status code 401.
info: Microsoft.AspNetCore.Http.Result.JsonResult[3]
      Writing value of type 'ApiErrorEnvelope' as Json.
info: Microsoft.AspNetCore.Routing.EndpointMiddleware[1]
      Executed endpoint 'HTTP: POST /api/v1/auth/login'
info: Microsoft.AspNetCore.Hosting.Diagnostics[2]
      Request finished HTTP/1.1 POST https://127.0.0.1:40461/api/v1/auth/login - 401 - application/json;+charset=utf-8 508.6997ms
info: Microsoft.AspNetCore.Hosting.Diagnostics[1]
      Request starting HTTP/1.1 POST http://127.0.0.1:40461/api/v1/auth/login - application/json;+charset=utf-8 112
info: Microsoft.AspNetCore.Routing.EndpointMiddleware[0]
      Executing endpoint 'HTTP: POST /api/v1/auth/login'
info: Microsoft.AspNetCore.Http.Result.JsonResult[1]
      Setting HTTP status code 401.
info: Microsoft.AspNetCore.Http.Result.JsonResult[3]
      Writing value of type 'ApiErrorEnvelope' as Json.
info: Microsoft.AspNetCore.Routing.EndpointMiddleware[1]
      Executed endpoint 'HTTP: POST /api/v1/auth/login'
info: Microsoft.AspNetCore.Hosting.Diagnostics[2]
      Request finished HTTP/1.1 POST https://127.0.0.1:40461/api/v1/auth/login - 401 - application/json;+charset=utf-8 465.9310ms
info: Microsoft.AspNetCore.Hosting.Diagnostics[1]
      Request starting HTTP/1.1 POST http://127.0.0.1:40461/api/v1/auth/login - application/json;+charset=utf-8 112
info: Microsoft.AspNetCore.Routing.EndpointMiddleware[0]
      Executing endpoint 'HTTP: POST /api/v1/auth/login'
info: Microsoft.AspNetCore.Http.Result.JsonResult[1]
      Setting HTTP status code 401.
info: Microsoft.AspNetCore.Http.Result.JsonResult[3]
      Writing value of type 'ApiErrorEnvelope' as Json.
info: Microsoft.AspNetCore.Routing.EndpointMiddleware[1]
      Executed endpoint 'HTTP: POST /api/v1/auth/login'
info: Microsoft.AspNetCore.Hosting.Diagnostics[2]
      Request finished HTTP/1.1 POST https://127.0.0.1:40461/api/v1/auth/login - 401 - application/json;+charset=utf-8 554.7666ms
info: Microsoft.AspNetCore.Hosting.Diagnostics[1]
      Request starting HTTP/1.1 POST http://127.0.0.1:40461/api/v1/auth/login - application/json;+charset=utf-8 112
info: Microsoft.AspNetCore.Routing.EndpointMiddleware[0]
      Executing endpoint 'HTTP: POST /api/v1/auth/login'
info: Microsoft.AspNetCore.Http.Result.JsonResult[1]
      Setting HTTP status code 401.
info: Microsoft.AspNetCore.Http.Result.JsonResult[3]
      Writing value of type 'ApiErrorEnvelope' as Json.
info: Microsoft.AspNetCore.Routing.EndpointMiddleware[1]
      Executed endpoint 'HTTP: POST /api/v1/auth/login'
info: Microsoft.AspNetCore.Hosting.Diagnostics[2]
      Request finished HTTP/1.1 POST https://127.0.0.1:40461/api/v1/auth/login - 401 - application/json;+charset=utf-8 446.6960ms
info: Microsoft.AspNetCore.Hosting.Diagnostics[1]
      Request starting HTTP/1.1 POST http://127.0.0.1:40461/api/v1/auth/login - application/json;+charset=utf-8 116
info: Microsoft.AspNetCore.Routing.EndpointMiddleware[0]
      Executing endpoint 'HTTP: POST /api/v1/auth/login'
info: Microsoft.AspNetCore.Http.Result.JsonResult[1]
      Setting HTTP status code 401.
info: Microsoft.AspNetCore.Http.Result.JsonResult[3]
      Writing value of type 'ApiErrorEnvelope' as Json.
info: Microsoft.AspNetCore.Routing.EndpointMiddleware[1]
      Executed endpoint 'HTTP: POST /api/v1/auth/login'
info: Microsoft.AspNetCore.Hosting.Diagnostics[2]
      Request finished HTTP/1.1 POST https://127.0.0.1:40461/api/v1/auth/login - 401 - application/json;+charset=utf-8 74.2459ms
  Passed ALKAROS.Audit.AuthorizationProbes.AuthorizationProbes.A1LoginLocksAccountAfterRepeatedFailures [2 s]
info: Microsoft.AspNetCore.Hosting.Diagnostics[1]
      Request starting HTTP/1.1 POST http://127.0.0.1:40461/api/v1/auth/login - application/json;+charset=utf-8 116
info: Microsoft.AspNetCore.Routing.EndpointMiddleware[0]
      Executing endpoint 'HTTP: POST /api/v1/auth/login'
info: Microsoft.AspNetCore.Http.Result.OkObjectResult[1]
      Setting HTTP status code 200.
info: Microsoft.AspNetCore.Http.Result.OkObjectResult[3]
      Writing value of type '<>f__AnonymousType3`6' as Json.
info: Microsoft.AspNetCore.Routing.EndpointMiddleware[1]
      Executed endpoint 'HTTP: POST /api/v1/auth/login'
info: Microsoft.AspNetCore.Hosting.Diagnostics[2]
      Request finished HTTP/1.1 POST https://127.0.0.1:40461/api/v1/auth/login - 200 - application/json;+charset=utf-8 459.3286ms
info: Microsoft.AspNetCore.Hosting.Diagnostics[1]
      Request starting HTTP/1.1 GET http://127.0.0.1:40461/api/v1/management/authorization/pending-grants - - -
info: Microsoft.AspNetCore.Routing.EndpointMiddleware[0]
      Executing endpoint 'HTTP: GET /api/v1/management/authorization/pending-grants'
info: Microsoft.AspNetCore.Http.Result.JsonResult[1]
      Setting HTTP status code 401.
info: Microsoft.AspNetCore.Http.Result.JsonResult[3]
      Writing value of type 'AuthorizationDecisionErrorEnvelopeV1' as Json.
info: Microsoft.AspNetCore.Routing.EndpointMiddleware[1]
      Executed endpoint 'HTTP: GET /api/v1/management/authorization/pending-grants'
info: Microsoft.AspNetCore.Hosting.Diagnostics[2]
      Request finished HTTP/1.1 GET https://127.0.0.1:40461/api/v1/management/authorization/pending-grants - 401 - application/json;+charset=utf-8 0.7872ms
[xUnit.net 00:00:25.91]     ALKAROS.Audit.AuthorizationProbes.AuthorizationProbes.C6SupervisorLoginReachesDecisionSurface [FAIL]
[xUnit.net 00:00:25.91]       Assert.Equal() Failure: Values differ
[xUnit.net 00:00:25.91]       Expected: OK
[xUnit.net 00:00:25.91]       Actual:   Unauthorized
[xUnit.net 00:00:25.91]       Stack Trace:
[xUnit.net 00:00:25.91]         /fix/evidence/V1-RMD-399/probes/AuthorizationProbes/AuthorizationProbes.cs(277,0): at ALKAROS.Audit.AuthorizationProbes.AuthorizationProbes.C6SupervisorLoginReachesDecisionSurface()
[xUnit.net 00:00:25.91]         --- End of stack trace from previous location ---
[xUnit.net 00:00:25.91]       Output:
[xUnit.net 00:00:25.91]         supervisor (real login) -> pending-grants: 401; cookies set: alkaros.cashier
info: Microsoft.AspNetCore.Hosting.Diagnostics[1]
      Request starting HTTP/1.1 POST http://127.0.0.1:40461/api/v1/management/authorization/grants/81f7cc1d-ce95-4341-988e-1b9bce27d530/approve - application/json;+charset=utf-8 2
info: Microsoft.AspNetCore.Routing.EndpointMiddleware[0]
      Executing endpoint 'HTTP: POST /api/v1/management/authorization/grants/{grantId:guid}/approve'
info: Microsoft.AspNetCore.Http.Result.JsonResult[1]
      Setting HTTP status code 403.
info: Microsoft.AspNetCore.Http.Result.JsonResult[3]
      Writing value of type 'AuthorizationDecisionErrorEnvelopeV1' as Json.
info: Microsoft.AspNetCore.Routing.EndpointMiddleware[1]
      Executed endpoint 'HTTP: POST /api/v1/management/authorization/grants/{grantId:guid}/approve'
info: Microsoft.AspNetCore.Hosting.Diagnostics[2]
      Request finished HTTP/1.1 POST https://127.0.0.1:40461/api/v1/management/authorization/grants/81f7cc1d-ce95-4341-988e-1b9bce27d530/approve - 403 - application/json;+charset=utf-8 10.4645ms
info: Microsoft.AspNetCore.Hosting.Diagnostics[1]
      Request starting HTTP/1.1 POST http://127.0.0.1:40461/api/v1/terminals/812d8c53-a6da-4816-8ada-12b318a0081b/cash-sessions - application/json;+charset=utf-8 22
info: Microsoft.AspNetCore.Routing.EndpointMiddleware[0]
      Executing endpoint 'HTTP: POST /api/v1/terminals/{terminalId:guid}/cash-sessions/'
info: Microsoft.AspNetCore.Routing.EndpointMiddleware[1]
      Executed endpoint 'HTTP: POST /api/v1/terminals/{terminalId:guid}/cash-sessions/'
info: Microsoft.AspNetCore.Hosting.Diagnostics[2]
      Request finished HTTP/1.1 POST https://127.0.0.1:40461/api/v1/terminals/812d8c53-a6da-4816-8ada-12b318a0081b/cash-sessions - 403 - application/json;+charset=utf-8 4.3976ms
info: Microsoft.AspNetCore.Hosting.Diagnostics[1]
      Request starting HTTP/1.1 POST http://127.0.0.1:40461/api/v1/auth/login - application/json;+charset=utf-8 116
info: Microsoft.AspNetCore.Routing.EndpointMiddleware[0]
      Executing endpoint 'HTTP: POST /api/v1/auth/login'
info: Microsoft.AspNetCore.Http.Result.OkObjectResult[1]
      Setting HTTP status code 200.
info: Microsoft.AspNetCore.Http.Result.OkObjectResult[3]
      Writing value of type '<>f__AnonymousType3`6' as Json.
info: Microsoft.AspNetCore.Routing.EndpointMiddleware[1]
      Executed endpoint 'HTTP: POST /api/v1/auth/login'
info: Microsoft.AspNetCore.Hosting.Diagnostics[2]
      Request finished HTTP/1.1 POST https://127.0.0.1:40461/api/v1/auth/login - 200 - application/json;+charset=utf-8 457.5525ms
info: Microsoft.AspNetCore.Hosting.Diagnostics[1]
      Request starting HTTP/1.1 POST http://127.0.0.1:40461/api/v1/terminals/e2719fa0-f07d-42ae-a66e-8127a7ebd99a/orders/d6665c1a-3a74-4b8a-8d97-05c29010c24c/items/77bbbda2-c52b-47ff-bbb1-d4c4f8f27ac8/comp - application/json;+charset=utf-8 119
info: Microsoft.AspNetCore.Routing.EndpointMiddleware[0]
      Executing endpoint 'HTTP: POST /api/v1/terminals/{terminalId:guid}/orders/{orderId:guid}/items/{itemId:guid}/comp'
info: Microsoft.AspNetCore.Http.Result.AcceptedResult[1]
      Setting HTTP status code 202.
info: Microsoft.AspNetCore.Http.Result.AcceptedResult[3]
      Writing value of type 'ApplyComplimentaryResultV1' as Json.
info: Microsoft.AspNetCore.Routing.EndpointMiddleware[1]
      Executed endpoint 'HTTP: POST /api/v1/terminals/{terminalId:guid}/orders/{orderId:guid}/items/{itemId:guid}/comp'
info: Microsoft.AspNetCore.Hosting.Diagnostics[2]
      Request finished HTTP/1.1 POST https://127.0.0.1:40461/api/v1/terminals/e2719fa0-f07d-42ae-a66e-8127a7ebd99a/orders/d6665c1a-3a74-4b8a-8d97-05c29010c24c/items/77bbbda2-c52b-47ff-bbb1-d4c4f8f27ac8/comp - 202 - application/json;+charset=utf-8 105.0836ms
[xUnit.net 00:00:26.53]     ALKAROS.Audit.AuthorizationProbes.AuthorizationProbes.C3WaiterCompOnUnassignedCheckIsNotEscalated [FAIL]
[xUnit.net 00:00:26.53]       Assert.StartsWith() Failure: String start does not match
[xUnit.net 00:00:26.53]       String:         "pending/-"
[xUnit.net 00:00:26.53]       Expected start: "denied/"
[xUnit.net 00:00:26.53]       Stack Trace:
[xUnit.net 00:00:26.53]         /fix/evidence/V1-RMD-399/probes/AuthorizationProbes/AuthorizationProbes.cs(230,0): at ALKAROS.Audit.AuthorizationProbes.AuthorizationProbes.C3WaiterCompOnUnassignedCheckIsNotEscalated()
[xUnit.net 00:00:26.53]         --- End of stack trace from previous location ---
[xUnit.net 00:00:26.53]       Output:
[xUnit.net 00:00:26.53]         waiter comp on an unassigned check: HTTP 202, grant pending/-
info: Microsoft.AspNetCore.Hosting.Diagnostics[1]
      Request starting HTTP/1.1 GET http://127.0.0.1:40461/api/v1/management/authorization/pending-grants - - -
info: Microsoft.AspNetCore.Routing.EndpointMiddleware[0]
      Executing endpoint 'HTTP: GET /api/v1/management/authorization/pending-grants'
info: Microsoft.AspNetCore.Http.Result.OkObjectResult[1]
      Setting HTTP status code 200.
info: Microsoft.AspNetCore.Http.Result.OkObjectResult[3]
      Writing value of type 'PendingGrantV1[]' as Json.
info: Microsoft.AspNetCore.Routing.EndpointMiddleware[1]
      Executed endpoint 'HTTP: GET /api/v1/management/authorization/pending-grants'
info: Microsoft.AspNetCore.Hosting.Diagnostics[2]
      Request finished HTTP/1.1 GET https://127.0.0.1:40461/api/v1/management/authorization/pending-grants - 200 - application/json;+charset=utf-8 19.2108ms
info: Microsoft.AspNetCore.Hosting.Diagnostics[1]
      Request starting HTTP/1.1 GET http://127.0.0.1:40461/api/v1/management/authorization/pending-grants - - -
info: Microsoft.AspNetCore.Routing.EndpointMiddleware[0]
      Executing endpoint 'HTTP: GET /api/v1/management/authorization/pending-grants'
info: Microsoft.AspNetCore.Http.Result.JsonResult[1]
      Setting HTTP status code 403.
info: Microsoft.AspNetCore.Http.Result.JsonResult[3]
      Writing value of type 'AuthorizationDecisionErrorEnvelopeV1' as Json.
info: Microsoft.AspNetCore.Routing.EndpointMiddleware[1]
      Executed endpoint 'HTTP: GET /api/v1/management/authorization/pending-grants'
info: Microsoft.AspNetCore.Hosting.Diagnostics[2]
      Request finished HTTP/1.1 GET https://127.0.0.1:40461/api/v1/management/authorization/pending-grants - 403 - application/json;+charset=utf-8 4.8322ms
info: Microsoft.AspNetCore.Hosting.Diagnostics[1]
      Request starting HTTP/1.1 GET http://127.0.0.1:40461/api/v1/auth/session?terminalId=77ea660a-43bf-44db-8e0c-d5362aef07f8 - - -
info: Microsoft.AspNetCore.Routing.EndpointMiddleware[0]
      Executing endpoint 'HTTP: GET /api/v1/auth/session'
info: Microsoft.AspNetCore.Http.Result.OkObjectResult[1]
      Setting HTTP status code 200.
info: Microsoft.AspNetCore.Http.Result.OkObjectResult[3]
      Writing value of type '<>f__AnonymousType4`5' as Json.
info: Microsoft.AspNetCore.Routing.EndpointMiddleware[1]
      Executed endpoint 'HTTP: GET /api/v1/auth/session'
info: Microsoft.AspNetCore.Hosting.Diagnostics[2]
      Request finished HTTP/1.1 GET https://127.0.0.1:40461/api/v1/auth/session?terminalId=77ea660a-43bf-44db-8e0c-d5362aef07f8 - 200 - application/json;+charset=utf-8 8.0350ms
info: Microsoft.AspNetCore.Hosting.Diagnostics[1]
      Request starting HTTP/1.1 GET http://127.0.0.1:40461/api/v1/auth/session?terminalId=77ea660a-43bf-44db-8e0c-d5362aef07f8 - - -
info: Microsoft.AspNetCore.Routing.EndpointMiddleware[0]
      Executing endpoint 'HTTP: GET /api/v1/auth/session'
info: Microsoft.AspNetCore.Routing.EndpointMiddleware[1]
      Executed endpoint 'HTTP: GET /api/v1/auth/session'
info: Microsoft.AspNetCore.Hosting.Diagnostics[2]
      Request finished HTTP/1.1 GET https://127.0.0.1:40461/api/v1/auth/session?terminalId=77ea660a-43bf-44db-8e0c-d5362aef07f8 - 401 - application/json;+charset=utf-8 2.0892ms
info: Microsoft.AspNetCore.Hosting.Diagnostics[1]
      Request starting HTTP/1.1 GET http://127.0.0.1:40461/api/v1/terminals/19305e21-c5c0-400b-8eb2-f751749088f8/orders/active - - -
info: Microsoft.AspNetCore.Routing.EndpointMiddleware[0]
      Executing endpoint 'HTTP: GET /api/v1/terminals/{terminalId:guid}/orders/active'
info: Microsoft.AspNetCore.Routing.EndpointMiddleware[1]
      Executed endpoint 'HTTP: GET /api/v1/terminals/{terminalId:guid}/orders/active'
info: Microsoft.AspNetCore.Hosting.Diagnostics[2]
      Request finished HTTP/1.1 GET https://127.0.0.1:40461/api/v1/terminals/19305e21-c5c0-400b-8eb2-f751749088f8/orders/active - 401 - application/json;+charset=utf-8 2.7786ms
info: Microsoft.AspNetCore.Hosting.Diagnostics[1]
      Request starting HTTP/1.1 POST http://127.0.0.1:40461/api/v1/terminals/19305e21-c5c0-400b-8eb2-f751749088f8/cash-sessions - application/json;+charset=utf-8 21
info: Microsoft.AspNetCore.Routing.EndpointMiddleware[0]
      Executing endpoint 'HTTP: POST /api/v1/terminals/{terminalId:guid}/cash-sessions/'
info: Microsoft.AspNetCore.Routing.EndpointMiddleware[1]
      Executed endpoint 'HTTP: POST /api/v1/terminals/{terminalId:guid}/cash-sessions/'
info: Microsoft.AspNetCore.Hosting.Diagnostics[2]
      Request finished HTTP/1.1 POST https://127.0.0.1:40461/api/v1/terminals/19305e21-c5c0-400b-8eb2-f751749088f8/cash-sessions - 401 - application/json;+charset=utf-8 2.4672ms
[xUnit.net 00:00:26.79]   Finished:    ALKAROS.Audit.AuthorizationProbes
  Failed ALKAROS.Audit.AuthorizationProbes.AuthorizationProbes.C6SupervisorLoginReachesDecisionSurface [468 ms]
  Error Message:
   Assert.Equal() Failure: Values differ
Expected: OK
Actual:   Unauthorized
  Stack Trace:
     at ALKAROS.Audit.AuthorizationProbes.AuthorizationProbes.C6SupervisorLoginReachesDecisionSurface() in /fix/evidence/V1-RMD-399/probes/AuthorizationProbes/AuthorizationProbes.cs:line 277
--- End of stack trace from previous location ---
  Standard Output Messages:
 supervisor (real login) -> pending-grants: 401; cookies set: alkaros.cashier


  Passed ALKAROS.Audit.AuthorizationProbes.AuthorizationProbes.C1RequesterCannotApproveOwnGrant [25 ms]
  Standard Output Messages:
 self-approve status: 403


  Passed ALKAROS.Audit.AuthorizationProbes.AuthorizationProbes.A4DisplaySessionCannotMutateCashierResources [12 ms]
  Failed ALKAROS.Audit.AuthorizationProbes.AuthorizationProbes.C3WaiterCompOnUnassignedCheckIsNotEscalated [578 ms]
  Error Message:
   Assert.StartsWith() Failure: String start does not match
String:         "pending/-"
Expected start: "denied/"
  Stack Trace:
     at ALKAROS.Audit.AuthorizationProbes.AuthorizationProbes.C3WaiterCompOnUnassignedCheckIsNotEscalated() in /fix/evidence/V1-RMD-399/probes/AuthorizationProbes/AuthorizationProbes.cs:line 230
--- End of stack trace from previous location ---
  Standard Output Messages:
 waiter comp on an unassigned check: HTTP 202, grant pending/-


  Passed ALKAROS.Audit.AuthorizationProbes.AuthorizationProbes.B2RevokedPermissionTakesEffectOnNextRequest [34 ms]
  Passed ALKAROS.Audit.AuthorizationProbes.AuthorizationProbes.A5DeactivatedUserSessionIsRejected [20 ms]
  Passed ALKAROS.Audit.AuthorizationProbes.AuthorizationProbes.E1SessionForTerminalACannotActOnTerminalB [15 ms]

Test Run Failed.
Total tests: 25
     Passed: 18
     Failed: 7
 Total time: 27.5561 Seconds
